Price,Close,High,Low,Open,Volume
Ticker,AAPL,AAPL,AAPL,AAPL,AAPL
Date,,,,,
2010-01-04,6.424606800079346,6.439316596968687,6.37567407954969,6.407195130142836,493729600
2010-01-05,6.435713291168213,6.4720376647979485,6.401790181206212,6.442317868487011,601904800
2010-01-06,6.333344459533691,6.461230281570904,6.326739882515293,6.435712998447995,552160000
2010-01-07,6.321636199951172,6.364265343432451,6.275705569451124,6.356760141972397,477131200
2010-01-08,6.3636651039123535,6.3642659208955,6.27600714858805,6.313231347960155,447610800
2010-01-11,6.307528972625732,6.394286715187771,6.257695225896742,6.388282552735625,462229600
2010-01-12,6.23577880859375,6.297320660021102,6.196752962752996,6.2799081915167845,594459600
2010-01-13,6.323736667633057,6.332142491954052,6.127105630676993,6.2402816461283805,605892000
2010-01-14,6.287112712860107,6.318033738312079,6.274804584770781,6.307526858354621,432894000
2010-01-15,6.182042598724365,6.352256947828559,6.180241350508382,6.332143009416752,594067600
2010-01-19,6.455525875091553,6.460028995749092,6.221369613076615,6.2540910874193125,730007600
2010-01-20,6.356159687042236,6.4708359509256335,6.289214497084316,6.451623037328589,612152800
2010-01-21,6.246284484863281,6.403590273377995,6.220467397992989,6.366665891107009,608154400
2010-01-22,5.936479091644287,6.229175164957366,5.918767615996459,6.207560984148007,881767600
2010-01-25,6.096183776855469,6.145116072819289,6.009725885376165,6.079372531312596,1065699600
2010-01-26,6.182341575622559,6.415597962588801,6.081474100484834,6.182641783598773,1867110000
2010-01-27,6.240583419799805,6.321637203565409,5.98991486179197,6.20966238568723,1722568400
2010-01-28,5.982709884643555,6.169135098442169,5.964998409144711,6.152024039116972,1173502400
2010-01-29,5.765664100646973,6.070068257963605,5.711327644529887,6.0364457570574945,1245952400
2010-02-01,5.8458170890808105,5.883942707215243,5.742848139801959,5.774969597344578,749876400
2010-02-02,5.879739284515381,5.893548852678057,5.805289703697114,5.881240725344817,698342400
2010-02-03,5.980907440185547,6.010027217972776,5.836510585791934,5.859025786989696,615328000
2010-02-04,5.765363693237305,5.955090356591733,5.750953707938886,5.905857041779038,757652000
2010-02-05,5.867731094360352,5.883942326910442,5.729338408158305,5.782774632348042,850306800
2010-02-08,5.827503681182861,5.940379473765587,5.823901185519468,5.874635531155502,478270800
2010-02-09,5.889648914337158,5.928974978832196,5.846419743151544,5.8965533008489555,632886800
2010-02-10,5.8575263023376465,5.901956701289979,5.831709206801137,5.8806415249155215,370361600
2010-02-11,5.9640960693359375,5.996518134753807,5.825703378312862,5.850320035193965,550345600
2010-02-12,6.0154314041137695,6.053256816643416,5.868933082776552,5.94728537946355,655468800
2010-02-16,6.106092929840088,6.114798563441141,6.049655012633335,6.062263351316038,543737600
2010-02-17,6.080575942993164,6.133410961508546,6.0298411785896056,6.129808464570173,436396800
2010-02-18,6.091981887817383,6.120801457022376,6.031641278030102,6.052955245898117,422825200
2010-02-19,6.054156303405762,6.100087327665818,6.037345055528109,6.059860656451437,415469600
2010-02-22,6.016630172729492,6.079072227195227,5.97970579536266,6.074269300553019,390563600
2010-02-23,5.915764331817627,6.043950362897944,5.875237447688649,6.004023494054404,575094800
2010-02-24,6.023836135864258,6.047251557798771,5.939178683897498,5.950886795676495,460566400
2010-02-25,6.0640645027160645,6.08988159583449,5.91066178196193,5.925371576991525,665126000
2010-02-26,6.1427154541015625,6.159226493405462,6.064062961609401,6.0754704648775535,507460800
2010-03-01,6.273904323577881,6.289214130982631,6.167632688499138,6.176638528292245,550093600
2010-03-02,6.2697014808654785,6.329141066270159,6.2363787910694315,6.302122744967484,566546400
2010-03-03,6.284109115600586,6.300320345907853,6.242381811204635,6.2724018064465294,372052800
2010-03-04,6.325538635253906,6.331843004211796,6.263096564201659,6.282610487978367,366041200
2010-03-05,6.572905540466309,6.595420745426017,6.443218456905086,6.452524907290664,899620400
2010-03-08,6.576806545257568,6.607126350756229,6.551889682123633,6.604725087573212,429889600
2010-03-09,6.695087909698486,6.754527510016909,6.541084762311828,6.553693101650299,920259200
2010-03-10,6.749721527099609,6.768934837871144,6.700489021494445,6.719401723473451,596218000
2010-03-11,6.769533634185791,6.769533634185791,6.704090306336973,6.721802575064149,405700400
2010-03-12,6.802557468414307,6.836479768499871,6.7770401903387425,6.825672280971133,416323600
2010-03-15,6.719704627990723,6.769537168742972,6.611931923692374,6.76593547315144,493502800
2010-03-16,6.738016128540039,6.753926756170086,6.679777363528419,6.72991091108904,446908000
2010-03-17,6.728107929229736,6.798054390677824,6.702591050303533,6.751523352110669,450956800
2010-03-18,6.744019508361816,6.754526389265197,6.682778268800121,6.727507664854695,342109600
2010-03-19,6.671970367431641,6.761730559095539,6.641349550973446,6.748221599347028,559445600
2010-03-22,6.747020721435547,6.784546321925031,6.60892824314106,6.618534899474179,456419600
2010-03-23,6.855391979217529,6.8680007137634655,6.727505790836102,6.773737015881131,602431200
2010-03-24,6.885714530944824,6.91063139830884,6.829876635210568,6.833779740676431,597780400
2010-03-25,6.8040595054626465,6.933746977581992,6.792051183519106,6.932245536527236,542284400
2010-03-26,6.931643009185791,6.963163638606303,6.861095349849012,6.873103666746325,640875200
2010-03-29,6.976375102996826,7.02080509374735,6.953260285075467,6.994688195260168,540744400
2010-03-30,7.080245018005371,7.129178532713083,7.032212528321519,7.102760222493937,527310000
2010-03-31,7.054725170135498,7.103058251144562,7.038514741831434,7.069435761066558,430659600
2010-04-01,7.083846569061279,7.166701580633426,6.987181988081985,7.127075723842684,603145200
2010-04-05,7.159496784210205,7.160097200220622,7.047821811143165,7.054126580064301,684507600
2010-04-06,7.1910200119018555,7.2120337758677495,7.1147687628669996,7.150792930825467,447017200
2010-04-07,7.222841739654541,7.2624684071657635,7.164602169973854,7.191320290018138,628502000
2010-04-08,7.203328609466553,7.251060494822566,7.145990064932344,7.218038405521282,572989200
2010-04-09,7.25856351852417,7.261566400405569,7.218637053530341,7.2477568312195375,334182800
2010-04-12,7.2735724449157715,7.296987864555244,7.259162462600155,7.270870172419892,333026400
2010-04-13,7.27777624130249,7.288884339389927,7.238149582375143,7.260665585772697,306210800
2010-04-14,7.375640869140625,7.379243364778642,7.3270087812742295,7.363332743189108,404076400
2010-04-15,7.472606658935547,7.475908546065798,7.370237736792443,7.378342951838323,376784800
2010-04-16,7.426977634429932,7.539253046633068,7.341420339381804,7.462100775838474,750545600
2010-04-19,7.417069911956787,7.441686167658601,7.257962869884636,7.415869079892135,566924400
2010-04-20,7.342621803283691,7.482515568065197,7.293689086581827,7.461201194283442,738326400
2010-04-21,7.781814098358154,7.81273512267001,7.677043506609757,7.76920536189998,982391200
2010-04-22,7.999459266662598,8.007865090517202,7.69115246979517,7.752394099112364,793424800
2010-04-23,8.130345344543457,8.170872214421923,8.015368508032093,8.045087891960296,796955600
2010-04-26,8.090422630310059,8.179281817661359,8.051095772401846,8.161870550538785,479068800
2010-04-27,7.866469860076904,8.040586487385728,7.820839848522507,8.023475032646958,709343600
2010-04-28,7.853261947631836,7.925309464883296,7.697457598348805,7.902795066655445,758402400
2010-04-29,8.06460189819336,8.105428575654393,7.865568438671558,7.8958882388209535,558840800
2010-04-30,7.837953090667725,8.122543117479996,7.835251618934378,8.084717703471192,542463600
2010-05-03,7.995856285095215,8.04178770469933,7.8916861212826035,7.920506087033713,454342000
2010-05-04,7.765603065490723,7.903996156396691,7.707664921954021,7.891988637275043,723819600
2010-05-05,7.684848785400391,7.749392304222933,7.466902582894161,7.595989620539245,883103200
2010-05-06,7.392452716827393,7.752693472584734,5.981506884293817,7.620004752796902,1285860800
2010-05-07,7.080544471740723,7.402060485576299,6.760830507862892,7.316203386521879,1676018400
2010-05-10,7.624809741973877,7.644623474923427,7.460900141146088,7.512535128421218,984306400
2010-05-11,7.70076322555542,7.801930557454104,7.520041943394403,7.560268228680869,848906800
2010-05-12,7.867973804473877,7.899194643964884,7.766206068446397,7.782415701931586,654379600
2010-05-13,7.755997657775879,7.955330983899613,7.697157684354896,7.901894755125582,599712400
2010-05-14,7.6197052001953125,7.699558930168541,7.490018542211385,7.659932273201552,759362800
2010-05-17,7.631714820861816,7.690554801106819,7.436283775728235,7.6461248082582305,762834800
2010-05-18,7.575876235961914,7.761700586357783,7.512833355100291,7.71456913093513,782678400
2010-05-19,7.455195426940918,7.592687497370399,7.350425630775395,7.490018756590615,1025726800
2010-05-20,7.137584209442139,7.320406511728294,7.091052360272803,7.261265923854383,1282915200
2010-05-21,7.27447509765625,7.339918845405901,6.9451537002479515,6.989283078530614,1223891200
2010-05-24,7.4077653884887695,7.532049141331421,7.392755784591544,7.423376210230629,754238800
2010-05-25,7.361532688140869,7.4077631197391876,7.119570636613475,7.185314188601005,1048006400
2010-05-26,7.328209400177002,7.568971401583452,7.3174019123948275,7.507429965259068,850654000
2010-05-27,7.605594635009766,7.621805865535033,7.478309661082847,7.523039446578539,666282400
2010-05-28,7.711568355560303,7.787219184095018,7.605596913512075,7.7869193768442235,815614800
2010-06-01,7.830148220062256,7.983550942268779,7.774010511306094,7.7959253004247,876472800
2010-06-02,7.923807621002197,7.94932409285781,7.8151339525642,7.941518686604217,688548000
2010-06-03,7.898894786834717,7.9718433476119035,7.817539598032888,7.960735247627404,650106800
2010-06-04,7.683948040008545,7.862266773624345,7.644021580379051,7.751492832675865,758304400
2010-06-07,7.5332489013671875,7.779713712758024,7.521540385915679,7.7538966205608935,886942000
2010-06-08,7.484914302825928,7.619104462125852,7.374440172767024,7.602292815506191,1000770400
2010-06-09,7.300891399383545,7.562067563189672,7.279577832713265,7.549158217708319,854630000
2010-06-10,7.520340442657471,7.534449019567039,7.270872746067219,7.350126073609344,776356000
2010-06-11,7.610402584075928,7.620909467582077,7.4260788044439066,7.451895901430176,545759200
2010-06-14,7.6335129737854,7.779710637652968,7.625407759973544,7.683947107597383,602960400
2010-06-15,7.795921802520752,7.8007251296654045,7.670137478601912,7.674340389853483,585074000
2010-06-16,8.022876739501953,8.03788633995598,7.824143024112093,7.838252401253267,783678000
2010-06-17,8.161568641662598,8.192489665317325,8.0904205470245,8.123442625899175,872855200
2010-06-18,8.22761344909668,8.255533199254527,8.148060317922523,8.172977185881878,784621600
2010-06-21,8.1105375289917,8.375915104776228,8.067308359593323,8.336288432963038,776490400
2010-06-22,8.2210111618042,8.284653678265496,8.150464259582611,8.170277193339885,717262000
2010-06-23,8.134551048278809,8.245325813238813,8.042389182178374,8.242924148869836,768457200
2010-06-24,8.075411796569824,8.201495965220374,8.048393073324483,8.135450998910912,714277200
2010-06-25,8.006365776062012,8.113538054612302,7.97964765824011,8.107234085858883,549942400
2010-06-28,8.054396629333496,8.097926390482154,7.940920405093472,8.013268532292999,584948000
2010-06-29,7.690254211425781,7.9370196348396975,7.634116504489281,7.928913616097131,1133344800
2010-06-30,7.550963878631592,7.7442931439013325,7.505333836845297,7.7064677134574255,739452000
2010-07-01,7.45939826965332,7.649125733596777,7.301492856403686,7.634115332326106,1022896000
2010-07-02,7.413165092468262,7.532945244580463,7.300888935777901,7.519735294729324,693842800
2010-07-06,7.463904857635498,7.589088048362455,7.3897546473266935,7.53505218483277,615235600
2010-07-07,7.765304088592529,7.768306971033453,7.4975256943111095,7.519739489111009,654556000
2010-07-08,7.747889518737793,7.892286738809387,7.651825378408146,7.879678004751917,738144400
2010-07-09,7.793824672698975,7.802229697811556,7.6599342659842655,7.711869064455299,433322400
2010-07-12,7.723877906799316,7.860769602055847,7.650929338214806,7.761102911792216,562878400
2010-07-13,7.55906343460083,7.697155892492352,7.3978553641348,7.694755030387323,1190924000
2010-07-14,7.586984634399414,7.679146513107514,7.475009823560484,7.486418532497447,812047600
2010-07-15,7.548557758331299,7.714268573857613,7.4239742382668314,7.45189318274291,824866000
2010-07-16,7.502027988433838,7.654229869910873,7.45729818923473,7.600493828771909,1039858400
2010-07-19,7.372338771820068,7.501425804329748,7.192819201204411,7.501425804329748,1024478000
2010-07-20,7.561766624450684,7.592087235103089,7.205128297562942,7.291886415416383,1074950800
2010-07-21,7.632312774658203,7.959832058766198,7.625108584907907,7.958030810922766,1185671200
2010-07-22,7.775813579559326,7.805233176782093,7.6644383594138334,7.735586488882681,645318800
2010-07-23,7.803430557250977,7.816639713596725,7.693556797973533,7.71787325316178,533388800
2010-07-26,7.783619403839111,7.808235671941991,7.736487923993183,7.805233590267989,420551600
2010-07-27,7.927713394165039,7.949327573168461,7.814237150743818,7.831348609595097,584771600
2010-07-28,7.834048748016357,7.985050572958568,7.812735181516578,7.915403917150163,519985200
2010-07-29,7.7484917640686035,7.884783000755719,7.688151955177171,7.826544247224904,643806800
2010-07-30,7.7226762771606445,7.796225254388873,7.652128579177566,7.68184958059134,448210000
2010-08-02,7.860770225524902,7.882984826385895,7.793825813988298,7.81844207998279,428055600
2010-08-03,7.863170623779297,7.903097097755133,7.787820396415539,7.835552280817675,417653600
2010-08-04,7.894689083099365,7.933714517204696,7.81453555659611,7.89048617138451,420375200
2010-08-05,7.856263160705566,7.900693139487348,7.8217396443105285,7.857163383820983,289097200
2010-08-06,7.8079328536987305,7.849961179303903,7.734082474620317,7.798626003286247,444897600
2010-08-09,7.8577656745910645,7.869773996484619,7.792321923518441,7.849659656501103,303128000
2010-08-10,7.787519454956055,7.818741095327981,7.731681553606899,7.800728610498024,451920000
2010-08-11,7.510735034942627,7.6758462950842485,7.499327927962444,7.667140660382577,620054400
2010-08-12,7.558767795562744,7.598093858366289,7.388553392254085,7.405664854943238,534920400
2010-08-13,7.47801399230957,7.561469450032016,7.477713383358808,7.554565063650917,354869200
2010-08-16,7.434182643890381,7.505330753495815,7.40356142098668,7.432381395484281,318430000
2010-08-17,7.5641655921936035,7.644019289140493,7.481009207585004,7.507427502385804,422640400
2010-08-18,7.597193241119385,7.645225743130477,7.552463429545144,7.575879665067199,339696000
2010-08-19,7.5014262199401855,7.609498698864026,7.465402060298906,7.590285386189462,426706000
2010-08-20,7.494220733642578,7.622706547189391,7.475007422234622,7.486715934685582,384230000
2010-08-23,7.378942489624023,7.565067416085543,7.362432254314243,7.558763449758289,414041600
2010-08-24,7.202728271484375,7.294889353292818,7.16430243597808,7.28498368834338,602565600
2010-08-25,7.291585922241211,7.324608806537964,7.120771956945088,7.145988630602643,596867600
2010-08-26,7.213233470916748,7.377443657398707,7.213233470916748,7.368437416423126,466505200
2010-08-27,7.253457546234131,7.283177728352001,7.07153556187287,7.257360649854681,548391200
2010-08-30,7.279878616333008,7.3774442304209735,7.225241551794288,7.227643216240986,383289200
2010-08-31,7.297891616821289,7.341721194455691,7.215336399675214,7.260366007994352,420786800
2010-09-01,7.514936447143555,7.548858755620952,7.393354988050088,7.429078544894541,697037600
2010-09-02,7.570176124572754,7.570176124572754,7.462103584628927,7.542857581000759,415427600
2010-09-03,7.768303871154785,7.768603678305012,7.640117877094633,7.657829746036519,520788800
2010-09-07,7.739485263824463,7.791119433734101,7.692653620026863,7.704361330570399,342557600
2010-09-08,7.892888069152832,7.937017441031553,7.778210220781274,7.79862436400132,526551200
2010-09-09,7.897391319274902,8.000960276600741,7.8928885999558736,7.9565310945573255,438575200
2010-09-10,7.907598972320557,7.940321246862387,7.847258360571727,7.9009943956436794,387542400
2010-09-13,8.016573905944824,8.053798910464172,7.97814887059305,7.979949317653594,388780000
2010-09-14,8.047195434570312,8.080517337360728,7.970944166399431,7.991658128295707,408150400
2010-09-15,8.11203384399414,8.1168379731703,8.040585949894027,8.050493213783259,429368800
2010-09-16,8.302665710449219,8.305667791693066,8.0904237770641,8.112639178268571,652103200
2010-09-17,8.266642570495605,8.344394472831167,8.215908598488188,8.336288452433642,634477200
2010-09-20,8.502598762512207,8.519109805530258,8.281050016864112,8.287954401653861,658677600
2010-09-21,8.51880931854248,8.626281404138343,8.489389728921033,8.521511592019698,668074400
2010-09-22,8.638289451599121,8.645193836267467,8.477981551727884,8.486987793658555,585289600
2010-09-23,8.673412322998047,8.788689811255113,8.585753975802897,8.595660440806762,786116800
2010-09-24,8.775476455688477,8.811801212144168,8.722341659446496,8.768872683263133,649488000
2010-09-27,8.740655899047852,8.8478273515349,8.73615317976846,8.825312953514425,482834800
2010-09-28,8.611570358276367,8.758968893855966,8.255532452179636,8.758968893855966,1035042400
2010-09-29,8.62688159942627,8.700130764342527,8.585754296786314,8.62267868649885,469644000
2010-09-30,8.518206596374512,8.705832165200194,8.443156208519557,8.675812170382894,673391600
2010-10-01,8.48128604888916,8.603167342499793,8.446162098685313,8.590258793793097,448142800
2010-10-04,8.364806175231934,8.49269079421922,8.338687674518322,8.453665351636175,435302000
2010-10-05,8.674010276794434,8.689319679404264,8.460266230167422,8.46567077474777,501967200
2010-10-06,8.68151569366455,8.765572327949585,8.563536758810748,8.693524013311977,670868800
2010-10-07,8.682418823242188,8.720244237677743,8.613072764526112,8.716041324782275,408399600
2010-10-08,8.828017234802246,8.840925782360701,8.705836144743436,8.757169726063735,658403200
2010-10-11,8.866742134094238,8.923180450846239,8.843927923530188,8.84813083660072,427753200
2010-10-12,8.962206840515137,8.99102681631047,8.780584558695015,8.86824371515839,558544000
2010-10-13,9.010235786437988,9.064872032470346,9.000028715693531,9.012037034216423,630092400
2010-10-14,9.075380325317383,9.080182851427702,9.018041001307198,9.056767430349014,435296400
2010-10-15,9.448529243469238,9.456334650717334,9.15343162169602,9.229382234320877,922194000
2010-10-18,9.546396255493164,9.576415451922545,9.435021092752594,9.560505630529308,1093010800
2010-10-19,9.29092788696289,9.419413750464756,9.006637622991317,9.108105558444699,1232784000
2010-10-20,9.322145462036133,9.433820434012572,9.212272539696858,9.276214840123046,721624400
2010-10-21,9.291829109191895,9.448533736496078,9.210174105475689,9.37708580865035,551460000
2010-10-22,9.230286598205566,9.307438070625157,9.195163455318069,9.278318287707634,372778000
2010-10-25,9.271411895751953,9.354266902938493,9.25940357516396,9.278917496931218,392462000
2010-10-26,9.247696876525879,9.298430829735157,9.175647752973656,9.212273131604677,392929600
2010-10-27,9.241092681884766,9.303233740857596,9.174147492744824,9.235688937273304,399002800
2010-10-28,9.163345336914062,9.246200390395327,9.03305819223139,9.244698948671138,551051200
2010-10-29,9.035452842712402,9.182551544457208,9.032150154164718,9.13301843085285,430511200
2010-11-01,9.13151741027832,9.1741461432077,9.072077831543119,9.072678247522736,423889200
2010-11-02,9.287018775939941,9.311935631937253,9.216172113256599,9.216172113256599,433930000
2010-11-03,9.39029312133789,9.392694785776886,9.262107087589232,9.347363770302659,508348400
2010-11-04,9.554499626159668,9.61183814003745,9.45723385723177,9.469842590661806,642488000
2010-11-05,9.520280838012695,9.593530009666283,9.508873732069882,9.546098734084389,361253200
2010-11-08,9.565010070800781,9.599532794205393,9.50917217497875,9.522381329213207,281758400
2010-11-09,9.488757133483887,9.645462501494507,9.441325873183505,9.63795690075438,383544000
2010-11-10,9.54730224609375,9.569516849650368,9.412811387169656,9.505573710147598,384227200
2010-11-11,9.505870819091797,9.55840602405252,9.433821690572131,9.4563368929301,361284000
2010-11-12,9.247098922729492,9.501369194566639,9.11501135473651,9.486359589814093,795846800
2010-11-15,9.217375755310059,9.322446152152747,9.194260139744905,9.260004490381625,403606000
2010-11-16,9.053767204284668,9.23418783029684,8.985621180543971,9.177750321116273,657650000
2010-11-17,9.02104663848877,9.125816451004392,8.938791229167663,9.042060402119798,479449600
2010-11-18,9.259100914001465,9.296325894726742,9.146826357604592,9.162135759200117,494491200
2010-11-19,9.20806884765625,9.258202377354436,9.163339061541297,9.245293835161762,384843200
2010-11-22,9.4071044921875,9.4071044921875,9.182253876338141,9.206569525623182,393075200
2010-11-23,9.268111228942871,9.358773267539792,9.202968079598584,9.319746217113693,519447600
2010-11-24,9.450333595275879,9.468346079456953,9.358772939704977,9.366276939011565,413725200
2010-11-26,9.45633602142334,9.537390582117224,9.39449477366361,9.418510613207763,237585600
2010-11-29,9.512472152709961,9.530783636152385,9.347661587117504,9.47134406228852,445785200
2010-11-30,9.340760231018066,9.437125015011473,9.332354405268934,9.41250795388901,501858000
2010-12-01,9.49836540222168,9.538892286281193,9.456337077109799,9.464442293596976,461750800
2010-12-02,9.550901412963867,9.57641789676786,9.453035184280811,9.532288512412679,462837200
2010-12-03,9.529587745666504,9.565911722800765,9.496565656772175,9.516679198366766,342092800
2010-12-06,9.610939025878906,9.676382760843365,9.559003447284395,9.565608022700216,448481600
2010-12-07,9.552704811096191,9.726220306829893,9.550003338639456,9.720517554587396,391454000
2010-12-08,9.63675594329834,9.637056552103306,9.519678032433886,9.595328041856549,321935600
2010-12-09,9.599228858947754,9.681483424618973,9.577013472743229,9.670376933951642,294151200
2010-12-10,9.623248100280762,9.637957892842802,9.564408128409026,9.595929570541154,262511200
2010-12-13,9.656575202941895,9.75834457696067,9.636462456639052,9.737630612653557,439815600
2010-12-14,9.615144729614258,9.682690346450222,9.576418287377097,9.658373892324326,351008000
2010-12-15,9.617244720458984,9.696497234818008,9.582120782066683,9.606436429849541,417312000
2010-12-16,9.643963813781738,9.684791311423757,9.609441086691142,9.639160484456356,322030800
2010-12-17,9.624751091003418,9.660174842392154,9.613343184101108,9.655371513170127,386929200
2010-12-20,9.672780990600586,9.704002624768034,9.55330140480014,9.65446870214107,385610400
2010-12-21,9.732521057128906,9.738224608638571,9.667978337550444,9.696496896722318,256354000
2010-12-22,9.761340141296387,9.778151790099399,9.713007853423033,9.737324301772764,265921600
2010-12-23,9.714510917663574,9.761041965226529,9.701602371701643,9.75653924507077,223157200
2010-12-27,9.746932029724121,9.76974784319855,9.652068683833091,9.691995956601497,249816000
2010-12-28,9.770648002624512,9.806371557595956,9.758339873573448,9.783856355000072,175924000
2010-12-29,9.765243530273438,9.800066859325964,9.759539177023333,9.793161673983581,163139200
2010-12-30,9.716312408447266,9.771848897707226,9.69800011686738,9.770948674303083,157494400
2010-12-31,9.683289527893066,9.710907866627615,9.645763922783448,9.69499724092874,193508000
2011-01-03,9.893731117248535,9.914445073712534,9.751736304388865,9.77575214888209,445138400
2011-01-04,9.945365905761719,9.981689879851146,9.851102174886478,9.979888631428421,309080800
2011-01-05,10.026716232299805,10.036923303381828,9.891625850943198,9.893127291619914,255519600
2011-01-06,10.0186128616333,10.064242875029139,9.99369599809402,10.04833225161674,300428800
2011-01-07,10.090362548828125,10.097266933467267,9.963677151076865,10.026419433826323,311931200
2011-01-10,10.280389785766602,10.303805212931385,10.121883937470825,10.171716872414294,448560000
2011-01-11,10.256074905395508,10.35574078276672,10.190930953617405,10.35333991971897,444108000
2011-01-12,10.339527130126953,10.339827738952502,10.266879195662218,10.30440479657325,302590400
2011-01-13,10.37735652923584,10.406176509642739,10.322420445644799,10.36174650813928,296780400
2011-01-14,10.461406707763672,10.461406707763672,10.340125905337455,10.38365485461863,308840000
2011-01-18,10.22635555267334,10.34973828937542,9.78656065911541,9.892231516822243,1880998000
2011-01-19,10.172015190124512,10.465010977433604,10.113176026592372,10.457505376777592,1135612800
2011-01-20,9.987090110778809,10.15580297888754,9.910238475033102,10.099665291902333,764789200
2011-01-21,9.808172225952148,10.053136365178803,9.80546995289119,10.01981367491746,754401200
2011-01-24,10.130288124084473,10.130288124084473,9.808171740133005,9.81267526113701,574683200
2011-01-25,10.248867988586426,10.250069622414433,10.043831100243604,10.09666691561232,546868000
2011-01-26,10.322418212890625,10.37495342170816,10.251871321838575,10.295700095979486,506875600
2011-01-27,10.303205490112305,10.347635484564108,10.29179838463555,10.320316949951154,285026000
2011-01-28,10.089759826660156,10.338927672127685,10.012609171633336,10.33202328851801,592057200
2011-01-31,10.18642520904541,10.208040186372648,10.03572479190935,10.080754391427334,377246800
2011-02-01,10.357841491699219,10.376453589215716,10.23626003686979,10.245866694490504,426633200
2011-02-02,10.336524963378906,10.364443103826318,10.31340934911579,10.340428068034445,258955200
2011-02-03,10.310105323791504,10.334121959716692,10.16330724400392,10.32091280995784,393797600
2011-02-04,10.401971817016602,10.407975978574616,10.312211605783574,10.31611390998443,321840400
2011-02-07,10.563482284545898,10.604608793887039,10.43619644356405,10.443701245927448,485021600
2011-02-08,10.663145065307617,10.672751722569334,10.571584418964482,10.617515046561664,381040800
2011-02-09,10.752004623413086,10.777222097743982,10.653238987966246,10.662844843230634,482745200
2011-02-10,10.643331527709961,10.807241901370698,10.446999489268503,10.72888961161925,928550000
2011-02-11,10.712678909301758,10.741197470394582,10.613312053067691,10.64963682474973,367572800
2011-02-14,10.782626152038574,10.791631592175701,10.708476765600615,10.710878430070156,310416400
2011-02-15,10.804235458374023,10.806337314648848,10.733688600454114,10.782921096630572,284174800
2011-02-16,10.901205062866211,10.95433987901373,10.822251555051333,10.831256994140723,481157600
2011-02-17,10.756205558776855,10.815345326937926,10.702769341282893,10.724684924092186,530583200
2011-02-18,10.523852348327637,10.792231917620175,10.492630712804987,10.768515883756109,816057200
2011-02-22,10.165112495422363,10.368949364193957,10.138395179867508,10.2713837463782,872555600
2011-02-23,10.285492897033691,10.346132515690277,10.16511147814972,10.169915608369546,671854400
2011-02-24,10.293296813964844,10.361442831417596,10.157906605546039,10.327520527917443,499900800
2011-02-25,10.451807022094727,10.459912240522874,10.35093949864548,10.364748270541758,380018800
2011-02-28,10.603404998779297,10.658641671292854,10.540662724943004,10.544265221188265,403074000
2011-03-01,10.486327171325684,10.678756119932675,10.43739446225017,10.671251319592502,456136800
2011-03-02,10.570682525634766,10.637627710492294,10.459007549012398,10.505839197692369,602590800
2011-03-03,10.79403305053711,10.80093743443062,10.684759732245698,10.722885751328395,500788400
2011-03-04,10.807243347167969,10.815948980166427,10.739697735558112,10.809344402793103,453266800
2011-03-07,10.667949676513672,10.857376549003432,10.546368220746317,10.849270530761604,546123200
2011-03-08,10.67995834350586,10.729191667853398,10.574587309663258,10.654441057076518,356316800
2011-03-09,10.581188201904297,10.649934627031652,10.525051313586529,10.647832770355572,453306000
2011-03-10,10.407074928283691,10.500137828959728,10.353939301059732,10.48062390313167,507539200
2011-03-11,10.56678295135498,10.576690219964387,10.356943491095477,10.366849156457272,471080400
2011-03-14,10.613916397094727,10.701575573132697,10.546371567800708,10.602508487461648,435957200
2011-03-15,10.36984920501709,10.442197336917179,10.209841930720838,10.26988193407869,721081200
2011-03-16,9.906937599182129,10.296899399777855,9.79436239746184,10.26687939942735,1162011200
2011-03-17,10.04593276977539,10.195132561075452,9.926452372542974,10.11167632767769,659422400
2011-03-18,9.926746368408203,10.152797683769185,9.906632841947443,10.120675842518972,753214000
2011-03-21,10.185827255249023,10.199035609629448,10.064545591354728,10.086461182809872,409402000
2011-03-22,10.242863655090332,10.285493197627707,10.181022400853779,10.28369194935148,325922800
2011-03-23,10.18252182006836,10.21344204023535,10.085256035712298,10.18522329113449,372996400
2011-03-24,10.35604190826416,10.386962941639972,10.172619168761061,10.262379386275638,404712000
2011-03-25,10.553274154663086,10.568884174085513,10.41758249967138,10.44910394904891,448910000
2011-03-28,10.52025032043457,10.636729448392416,10.52025032043457,10.601605505000624,309355200
2011-03-29,10.535859107971191,10.535859107971191,10.388761190104105,10.436792868811244,352900800
2011-03-30,10.465913772583008,10.533460186969139,10.430190214980488,10.526254391724343,329406000
2011-03-31,10.462316513061523,10.501042167757864,10.388767509389549,10.397772953610268,274019200
2011-04-01,10.343729972839355,10.554771796181335,10.305904564980388,10.540362613240104,418661600
2011-04-04,10.24256420135498,10.344933144527864,10.158808157678825,10.336227511704124,460084800
2011-04-05,10.173521995544434,10.274389537717742,10.086763836818442,10.116484045403707,482731200
2011-04-06,10.147997856140137,10.323915720333476,10.120979940173218,10.243462388379172,402539200
2011-04-07,10.149202346801758,10.21974843468762,10.087660095777107,10.149801961293583,373447200
2011-04-08,10.058536529541016,10.211338753940128,10.025214652763502,10.204434372572617,377535200
2011-04-11,9.930655479431152,10.076852391512466,9.90724005304887,10.028520097679293,398946800
2011-04-12,9.978687286376953,10.018613752052714,9.912642321200165,9.921347953284787,425639200
2011-04-13,10.090660095214844,10.090959902375106,9.982287021390928,10.057337411137485,346220000
2011-04-14,9.97928524017334,10.086757292484346,9.968478554482463,10.050733136393376,301800800
2011-04-15,9.830388069152832,10.015912645750166,9.810575138428227,10.005705571510143,453605600
2011-04-18,9.96217155456543,9.973579455286316,9.611236920485613,9.78955641311156,609898800
2011-04-19,10.142598152160645,10.146199847365732,9.957973796992698,9.99970231778079,419378400
2011-04-20,10.27918815612793,10.379455235983237,10.251870427096037,10.312210238695563,700666400
2011-04-21,10.528056144714355,10.661045519328459,10.462612386100005,10.657142413451448,753810400
2011-04-25,10.59740161895752,10.619617014106309,10.51604644186156,10.517248075655377,266546000
2011-04-26,10.519648551940918,10.65684000458661,10.487526695827482,10.615712709837295,338800000
2011-04-27,10.511545181274414,10.577590158180598,10.419984521268255,10.574287468442241,356213200
2011-04-28,10.409475326538086,10.499534525303481,10.372550141193434,10.3926636775563,360959200
2011-04-29,10.510943412780762,10.625619670960562,10.407073040171293,10.410375729232848,1006345200
2011-05-02,10.395362854003906,10.521147179899005,10.371947435429192,10.499232400268893,442713600
2011-05-03,10.453001022338867,10.503734962913743,10.375548975310096,10.446697056267658,313348000
2011-05-04,10.494132995605469,10.561978413455712,10.413378230451388,10.454806140825353,389250400
2011-05-05,10.409475326538086,10.535559487407312,10.388460765310853,10.45900764537199,335969200
2011-05-06,10.40677261352539,10.507039682270692,10.393263654119444,10.497733634932475,280134400
2011-05-09,10.434992790222168,10.483025275935999,10.402870930127058,10.442797397790883,204747200
2011-05-10,10.490530967712402,10.49773596142527,10.406774919859533,10.47371931571571,282091600
2011-05-11,10.423884391784668,10.507040815659519,10.36414499643666,10.477621229635448,336000000
2011-05-12,10.404071807861328,10.420583651267679,10.274986355694875,10.390563648173961,322000000
2011-05-13,10.221850395202637,10.394465621216826,10.217347675102877,10.376754548066724,326116000
2011-05-16,10.005703926086426,10.243463865424449,9.98468936493043,10.182823449335656,449775200
2011-05-17,10.090962409973145,10.090962409973145,9.9285534640823,9.96667948518553,452334400
2011-05-18,10.202937126159668,10.238360873755882,10.086759418723052,10.100868795990328,334776400
2011-05-19,10.222749710083008,10.279187212819807,10.166911821743788,10.269280749283341,261170000
2011-05-20,10.06334114074707,10.23535669403534,10.057336981564049,10.193628188525047,337968400
2011-05-23,10.038726806640625,10.086158875407966,9.889227210615038,9.905738252027932,383600000
2011-05-24,9.972382545471191,10.083757721199047,9.9468652635825,10.071749399928233,321927200
2011-05-25,10.110175132751465,10.163611364525087,9.992196173686313,10.009607439124704,294224000
2011-05-26,10.056736946105957,10.113475050096893,10.039625492598695,10.08585671843355,222560800
2011-05-27,10.129087448120117,10.135692025026533,10.036025360218707,10.05073515342574,203599200
2011-05-31,10.441899299621582,10.441899299621582,10.23686157150006,10.239864454193425,417754400
2011-06-01,10.372247695922852,10.57098055860139,10.346431414233056,10.473115968707418,554682800
2011-06-02,10.389966011047363,10.446404341742127,10.335930147181548,10.40197433707261,338783200
2011-06-03,10.310105323791504,10.366843423729717,10.267176789510273,10.302300718739179,313250000
2011-06-06,10.147997856140137,10.41847922784112,10.14109347356765,10.377952353890741,461941200
2011-06-07,9.967879295349121,10.153403855912318,9.96367638279,10.151903216524435,529785200
2011-06-08,9.973881721496582,10.05073336310732,9.926150655506929,9.960072955684685,333723600
2011-06-09,9.951367378234863,10.016811116663103,9.929151987024023,10.004202381111003,275088800
2011-06-10,9.78355598449707,9.956471800594763,9.771847470587355,9.923149110281676,433955200
2011-06-13,9.804569244384766,9.855903612143115,9.758638620857328,9.822580923530934,329473200
2011-06-14,9.979886054992676,10.004202501610019,9.885922957257511,9.906636907959435,334569200
2011-06-15,9.809073448181152,9.915644494471074,9.752934946686317,9.899133453427977,399196000
2011-06-16,9.761340141296387,9.86701095747328,9.556303278055498,9.813575534167922,510591200
2011-06-17,9.614243507385254,9.884125360297105,9.587225581854417,9.876319950230236,615020000
2011-06-20,9.4659423828125,9.53739028481209,9.321245330781892,9.527183212634004,640645600
2011-06-21,9.765542030334473,9.780551627855315,9.462339182230805,9.506769162074463,493382400
2011-06-22,9.68479061126709,9.873617874413226,9.677885425049201,9.761341662796834,390583200
2011-06-23,9.943565368652344,9.957374139257361,9.55000177880571,9.574617239096447,559759200
2011-06-24,9.797064781188965,10.00120142717864,9.759239371897657,9.94776600230793,439807200
2011-06-27,9.967879295349121,10.023717189153846,9.8240832515254,9.834290324883266,339813600
2011-06-28,10.064543724060059,10.10777287952047,10.00990746488163,10.01621143281125,294299600
2011-06-29,10.027917861938477,10.097864315562031,9.963073741418823,10.087957853268552,352545200
2011-06-30,10.076852798461914,10.09066317100574,9.991896722179431,10.047733818739692,322954800
2011-07-01,10.304704666137695,10.311908856888536,10.032721815369591,10.085257015664142,435313200
2011-07-05,10.489927291870117,10.501935610993364,10.281888373612224,10.296897970892843,355054000
2011-07-06,10.559876441955566,10.630124325132845,10.40827498163604,10.475519982642627,444626000
2011-07-07,10.723185539245605,10.747201380032017,10.627120572852801,10.647234911682958,399663600
2011-07-08,10.79853630065918,10.807242734787962,10.573085269107652,10.607308184661099,489633200
2011-07-11,10.627123832702637,10.800341113536234,10.59170007590531,10.697371731676688,442674400
2011-07-12,10.619621276855469,10.737600279252591,10.465617294891663,10.613015895644311,451609200
2011-07-13,10.747801780700684,10.807241362899836,10.69856766750283,10.75710702649183,391638800
2011-07-14,10.7402982711792,10.855575763561518,10.697369720210473,10.837563279615683,430533600
2011-07-15,10.954941749572754,10.95734341408175,10.782326521918911,10.84236653139645,484467200
2011-07-18,11.221517562866211,11.247034038253457,10.965745980057564,10.970248698861564,572653200
2011-07-19,11.31308364868164,11.367119503070368,11.207112194154401,11.347606377513603,819145600
2011-07-20,11.61478328704834,11.896072217033161,11.587765364238049,11.89156949710599,941340400
2011-07-21,11.62648868560791,11.70964348728438,11.524720188242243,11.61628161466861,526534400
2011-07-22,11.80691146850586,11.859446670411684,11.640299622044187,11.657411078646387,516728800
2011-07-25,11.963019371032715,12.00804898255835,11.696440190941956,11.718354179695918,589806000
2011-07-26,12.11041259765625,12.143134865144322,11.998437832000413,12.008043685290701,476582400
2011-07-27,11.78559684753418,12.08729909221303,11.772387694725149,12.025757650879003,659324400
2011-07-28,11.762478828430176,11.917682734929748,11.651704897953467,11.756475470912173,594034000
2011-07-29,11.722256660461426,11.862451029293318,11.527726632761208,11.636999969910239,632584400
2011-08-01,11.910482406616211,11.993036815890154,11.778993683665204,11.941402633782708,612836000
2011-08-02,11.675121307373047,11.945002271496714,11.658310461974501,11.937497472745049,639539600
2011-08-03,11.78499698638916,11.814416571952755,11.474889704217745,11.737264310029916,732508000
2011-08-04,11.328693389892578,11.74747365599023,11.328092973711367,11.690135914743967,871407600
2011-08-05,11.216116905212402,11.512716875338485,10.884395395592607,11.42085480658533,1204590800
2011-08-08,10.603404998779297,11.040497455431392,10.597700645579192,10.85797498712262,1143833600
2011-08-09,11.227819442749023,11.245831917864143,10.657136614679134,10.846263595271497,1082583600
2011-08-10,10.91801929473877,11.247039374533252,10.882295731273137,11.141968938518364,878656800
2011-08-11,11.218517303466797,11.271052505072829,10.948936110093708,11.123052755370168,741969200
2011-08-12,11.317285537719727,11.396837870800717,11.234429713424326,11.349706406119525,528976000
2011-08-15,11.510013580322266,11.556845234777896,11.350306103264442,11.396537341616492,460544000
2011-08-16,11.422049522399902,11.508808414261146,11.28936081996957,11.453271148029,498750000
2011-08-17,11.420853614807129,11.543335291531966,11.347604454560463,11.476991317180554,442061200
2011-08-18,10.988862991333008,11.186997087592053,10.848368837693135,11.132659834163897,851435200
2011-08-19,10.688060760498047,11.017382129861403,10.687160537290215,10.872384468389793,775888400
2011-08-22,10.700368881225586,10.953739628836361,10.659842002804814,10.942631531789983,535315200
2011-08-23,11.215513229370117,11.21671406124901,10.71717922235723,10.816245447495678,656835200
2011-08-24,11.292967796325684,11.376423225617167,11.125454918422413,11.21161262085469,626267600
2011-08-25,11.219114303588867,11.271049073335945,10.957338598520003,10.959740261973508,871346000
2011-08-26,11.515119552612305,11.521723329294868,11.131461610872602,11.14256890993956,641477200
2011-08-29,11.706945419311523,11.752876851077861,11.647806436325562,11.65320937971111,405269200
2011-08-30,11.707545280456543,11.76308256576075,11.594069045513443,11.655309882800724,417922400
2011-08-31,11.552640914916992,11.770286515401537,11.46348113845425,11.724956307537992,522586400
2011-09-01,11.438565254211426,11.627992119121059,11.429259205753779,11.582362100143868,343725200
2011-09-02,11.229022979736328,11.34760233046437,11.162378409000834,11.249736128674039,438939200
2011-09-06,11.399842262268066,11.417553338354788,11.001774323917566,11.028492444944561,509698000
2011-09-07,11.52562427520752,11.57575781688249,11.467684522646222,11.574556984688229,350576800
2011-09-08,11.531928062438965,11.666118252359059,11.476991192849102,11.47969266443198,416158400
2011-09-09,11.331995964050293,11.587766841645776,11.258145576138821,11.52562577158402,564813200
2011-09-12,11.405841827392578,11.434059775163481,11.164479413533979,11.197502292384646,467832400
2011-09-13,11.546341896057129,11.594072986876004,11.415152941236709,11.47189107799618,440560400
2011-09-14,11.6868314743042,11.774190011525103,11.580560231020062,11.618385643146526,534724400
2011-09-15,11.796704292297363,11.817718853849698,11.704843042382116,11.75077366733974,417818800
2011-09-16,12.023056983947754,12.023056983947754,11.858847584884366,11.874157795055478,698513200
2011-09-19,12.357179641723633,12.405212124421052,11.863950278517803,11.917985318508208,823860800
2011-09-20,12.41181468963623,12.69430438509381,12.343969289774561,12.465850522493504,775754000
2011-09-21,12.372491836547852,12.65618163543094,12.368288923767347,12.59764226699509,605976000
2011-09-22,12.062684059143066,12.302845704416919,11.908981536051272,12.038968824145766,968480800
2011-09-23,12.137134552001953,12.21038371568425,12.003544770456571,12.01645331627578,546277200
2011-09-26,12.103208541870117,12.127524988188007,11.746870075671303,12.00384170148551,812876400
2011-09-27,11.985832214355469,12.285732435009423,11.949808050684393,12.270122418338675,632497600
2011-09-28,11.918286323547363,12.120321108296723,11.903275121084118,12.013749266393697,429637600
2011-09-29,11.724953651428223,12.074387685754846,11.594065391311828,12.065682056097241,651086800
2011-09-30,11.44726848602295,11.674521516435897,11.443065574331026,11.621385105142583,547640800
2011-10-03,11.245534896850586,11.48689734786174,11.202607151795592,11.418752127802732,669099200
2011-10-04,11.18249225616455,11.461679302542633,10.63432603773996,11.244634114039831,1233677200
2011-10-05,11.355107307434082,11.402237955360183,10.81624561688151,11.043198035805991,786469600
2011-10-06,11.328693389892578,11.5511423744768,11.161481090732252,11.207411726159254,812582400
2011-10-07,11.101439476013184,11.339799054237252,11.062113424246835,11.280959880205495,535458000
2011-10-10,11.672119140625,11.672119140625,11.353905896118016,11.380324198384416,442514800
2011-10-11,12.016751289367676,12.103510203372908,11.752875257661753,11.78499631287052,605687600
2011-10-12,12.073789596557617,12.285730836771526,12.012248157953804,12.228393111862188,622286000
2011-10-13,12.261116027832031,12.261116027832031,12.093603158696217,12.157545463076753,426185200
2011-10-14,12.668490409851074,12.668490409851074,12.46645399813618,12.513286454254036,573367200
2011-10-17,12.608150482177734,12.809585687162413,12.486568218523756,12.660685691717044,686044800
2011-10-18,12.675691604614258,12.752843853311656,12.488066025380352,12.661281621523349,881602400
2011-10-19,11.966620445251465,12.260817132172342,11.942003384102714,12.048575242333879,1104059600
2011-10-20,11.867253303527832,12.01855496736786,11.834232018408505,12.00804808551757,549270400
2011-10-21,11.793999671936035,11.982226457071889,11.730357187148506,11.951005630602975,621244400
2011-10-24,12.181267738342285,12.20318173121641,11.86995949710558,11.893374931566317,502138000
2011-10-25,11.94110107421875,12.204678113621053,11.929394163465135,12.159047294610648,430427200
2011-10-26,12.026056289672852,12.084595641233443,11.802405761541083,12.06087881085424,456304800
2011-10-27,12.14883804321289,12.278225677093731,12.064782214619068,12.234995728455036,494664800
2011-10-28,12.156648635864258,12.19867696889952,12.083399461563204,12.098109257881978,322842800
2011-10-31,12.151543617248535,12.288135478056152,12.039568015591358,12.080696118755764,385501200
2011-11-01,11.903277397155762,11.993037607281718,11.804511746427561,11.93029612383358,531790000
2011-11-02,11.93029499053955,12.021256024321643,11.861247941656694,12.01074914353464,327350800
2011-11-03,12.10020637512207,12.11011283788463,11.868751227620693,11.98012558515257,441386400
2011-11-04,12.015252113342285,12.111316285087403,11.982830445358012,12.06898815220142,302229200
2011-11-07,11.999944686889648,12.008050707525134,11.891872962404522,12.005349235062557,270275600
2011-11-08,12.195069313049316,12.248205724293594,12.054875794760722,12.07438891250064,400442000
2011-11-09,11.866351127624512,12.03476422327752,11.83483048726004,11.917085081695545,558684000
2011-11-10,11.564349174499512,11.924290184756497,11.472187313518843,11.918886440226487,744752400
2011-11-11,11.546341896057129,11.668823612268902,11.41545355019254,11.606081312631622,653786000
2011-11-14,11.385429382324219,11.565250387581598,11.353608132308853,11.513314798454342,432905200
2011-11-15,11.672720909118652,11.69283364231283,11.39113222329487,11.43165910011292,430810800
2011-11-16,11.55084228515625,11.742070425271963,11.537332520597015,11.685332299968568,349210400
2011-11-17,11.329891204833984,11.545135137919072,11.272552677234602,11.527122657279909,479900400
2011-11-18,11.255743980407715,11.4073454582383,11.253942731871428,11.37522439511014,371938000
2011-11-21,11.077723503112793,11.15787704234262,10.984660617897337,11.119450414848385,447980400
2011-11-22,11.302874565124512,11.345503305839776,11.135662291566303,11.138063955923423,409021200
2011-11-23,11.017085075378418,11.282763234694132,11.013782385429318,11.24283595775607,428271200
2011-11-25,10.914412498474121,11.141964550029538,10.906906897697999,11.06000977047729,254760800
2011-11-28,11.291167259216309,11.309179743822826,11.117351191693778,11.177991619954982,346413200
2011-11-29,11.203506469726562,11.372519972896328,11.11344647114654,11.282759781516042,375855200
2011-11-30,11.473689079284668,11.476090743756012,11.356610341177639,11.44637134835862,405938400
2011-12-01,11.645706176757812,11.67782724072803,11.430161572674155,11.483897619646443,387181200
2011-12-02,11.69883918762207,11.816818137737586,11.665216689883357,11.702741491200547,379055600
2011-12-05,11.798203468322754,11.900272579956413,11.719551381138094,11.812613451600011,357210000
2011-12-06,11.73636531829834,11.846840282612032,11.68923465630566,11.783196974662498,283598000
2011-12-07,11.680530548095703,11.736067848566329,11.610583257681805,11.705747228872603,304746400
2011-12-08,11.727660179138184,11.87295768175027,11.714751632653348,11.751376216383036,376356400
2011-12-09,11.81651782989502,11.829126567477058,11.738765952198113,11.793403013430014,296993200
2011-12-12,11.763077735900879,11.824918963880139,11.691330047420385,11.758274409203729,301067200
2011-12-13,11.672119140625,11.869952592337192,11.62078477842887,11.797903478688639,338928800
2011-12-14,11.413350105285645,11.629195321797086,11.337999875706704,11.608781170851232,406887600
2011-12-15,11.375821113586426,11.51991774315585,11.356908410914853,11.507609616303846,256200000
2011-12-16,11.438262939453125,11.532226038197786,11.3947339824427,11.418450013328934,421478400
2011-12-19,11.473991394042969,11.553244730132928,11.422055792940505,11.4817968047353,235530400
2011-12-20,11.886466979980469,11.890970502069477,11.625592166169183,11.640601768802606,337215200
2011-12-21,11.90147590637207,11.926993189628751,11.768185937991055,11.908680097897197,262948000
2011-12-22,11.964517593383789,11.981929659578116,11.890968628173649,11.917985748331441,202358800
2011-12-23,12.108014106750488,12.11581951591322,11.992736622448684,11.998740783343093,269399200
2011-12-27,12.204073905944824,12.28092553462567,12.098702924040046,12.10110538916111,265076000
2011-12-28,12.087303161621094,12.255715507705775,12.048276907715431,12.214888806707185,228662000
2011-12-29,12.161750793457031,12.17766222253708,12.023359277262237,12.110116606852968,215978000
2011-12-30,12.158147811889648,12.196573640508909,12.112817598960435,12.113417213434351,179662000
2012-01-03,12.345175743103027,12.38330177290338,12.2782313375048,12.290239662107085,302220800
2012-01-04,12.41151237487793,12.448738159077424,12.286629079540692,12.308243249388036,260022000
2012-01-05,12.549310684204102,12.564920702364814,12.388402363690387,12.456849002659856,271269600
2012-01-06,12.680497169494629,12.691004049873724,12.585033419545312,12.601544460604915,318292800
2012-01-09,12.66038703918457,12.841108316185561,12.648979130821512,12.77356349441118,394024400
2012-01-10,12.705709457397461,12.78856524294391,12.653474079129486,12.785862970758568,258196400
2012-01-11,12.6850004196167,12.694006661014058,12.587735417396091,12.688902723410411,215084800
2012-01-12,12.650178909301758,12.695509128426671,12.570925576840777,12.676897028482514,212587200
2012-01-13,12.602741241455078,12.621954550678485,12.568218528879344,12.599440156367379,226021600
2012-01-17,12.749544143676758,12.788270581470396,12.697308744390709,12.734533741116504,242897200
2012-01-18,12.881929397583008,12.892736082706373,12.79757296342368,12.817385887502686,276791200
2012-01-19,12.841102600097656,12.949774682792013,12.803877612054444,12.913150912334615,261738400
2012-01-20,12.61745548248291,12.833600477770917,12.600944439854953,12.833300670520206,413974400
2012-01-23,12.830896377563477,12.862118009671944,12.677493696336285,12.688600991563124,306062400
2012-01-24,12.620755195617676,12.761549938063125,12.594938109951226,12.761549938063125,547638000
2012-01-25,13.408784866333008,13.642640909878182,13.320825917469554,13.64234110265952,958314000
2012-01-26,13.347845077514648,13.47272761415616,13.30311528194724,13.459819870859212,323985200
2012-01-27,13.427400588989258,13.463424758598432,13.322030353816077,13.339141012716093,299709200
2012-01-30,13.59941291809082,13.626131032699178,13.370660004173336,13.380265859779456,379341200
2012-01-31,13.703584671020508,13.756419691671658,13.601215716276261,13.67686655179273,391683600
2012-02-01,13.694875717163086,13.778932358831023,13.67566400728674,13.761521095436455,270046000
2012-02-02,13.662753105163574,13.724293737692074,13.628530196684913,13.686168526241566,186796400
2012-02-03,13.79964542388916,13.809252079833152,13.675962935104227,13.728198325176194,286599600
2012-02-06,13.928433418273926,13.958754030445586,13.755218584357563,13.760621527622076,249412800
2012-02-07,14.074328422546387,14.10194755581943,13.946742039202286,13.96685637402806,316223600
2012-02-08,14.309988021850586,14.31328910744769,14.100446843914574,14.124463484149937,407890000
2012-02-09,14.805025100708008,14.912497202308238,14.426471080158114,14.432475242530835,884214800
2012-02-10,14.81252670288086,14.938610878974476,14.66632818637207,14.738677926521564,631302000
2012-02-13,15.088109016418457,15.125033397088796,14.92269721810745,14.99594636508615,517216000
2012-02-14,15.294045448303223,15.29704672648148,15.070095906460404,15.149948824315329,460398400
2012-02-15,14.94011116027832,15.7992848535664,14.916694133534016,15.438143830951377,1506120000
2012-02-16,15.076400756835938,15.156854896989936,14.608687117423674,14.754885606652941,944552000
2012-02-17,15.073699951171875,15.243313870091766,15.019062894789935,15.10341934182747,535805200
2012-02-21,15.455862045288086,15.455862045288086,15.133745544196833,15.216601382618036,605595200
2012-02-22,15.401524543762207,15.47507352848072,15.282343925189563,15.402725376232054,483302400
2012-02-23,15.502083778381348,15.545313725881583,15.295245698463665,15.462757736910005,568027600
2012-02-24,15.682807922363281,15.697517714791982,15.569633104125199,15.600553328297398,415072000
2012-02-27,15.78337574005127,15.865630330634026,15.498784957091424,15.64978517850155,547582000
2012-02-28,16.073076248168945,16.073076248168945,15.786083683444998,15.849426397638736,600387200
2012-02-29,16.284107208251953,16.439312721253017,16.081772652307926,16.257690510722657,952011200
2012-03-01,16.345048904418945,16.457325885779,16.17393436627786,16.456123450628567,683270000
2012-03-02,16.366369247436523,16.41500055004048,16.28651470221851,16.338150490401866,431712400
2012-03-05,16.00552749633789,16.435414218474843,15.790581730398424,16.373573762561715,809124400
2012-03-06,15.91846752166748,16.021436078435713,15.496985033625894,15.72033501590599,810238800
2012-03-07,15.931374549865723,16.144216818470518,15.709525239334539,16.11479723510468,798520800
2012-03-08,16.27060317993164,16.30062237915772,15.974303871697817,16.05145532999505,516457200
2012-03-09,16.366073608398438,16.443225098192876,16.30423153168008,16.33725362625836,418919200
2012-03-12,16.571107864379883,16.571107864379883,16.421005425681887,16.48044582466856,407282400
2012-03-13,17.054433822631836,17.056835487720864,16.68368438993999,16.737422047118898,690855200
2012-03-14,17.699262619018555,17.853565559297895,17.273576392466577,17.35313113042012,1418844000
2012-03-15,17.57857894897461,18.01236953102628,17.368138330984735,18.000361209854063,1159718000
2012-03-16,17.578880310058594,17.687853028646483,17.35162802233989,17.553363026123847,825487600
2012-03-19,18.045093536376953,18.06520627383436,17.683351243411458,17.963138740574028,901236000
2012-03-20,18.19098663330078,18.219203777182578,17.75629511881443,17.99735610289281,816662000
2012-03-21,18.087114334106445,18.301758606886995,18.054393672002202,18.094319324821154,644042000
2012-03-22,17.992258071899414,18.147162219515884,17.87788080867886,17.94542561600539,623870800
2012-03-23,17.893495559692383,18.066110817793927,17.843961621268875,18.02678475695789,430488800
2012-03-26,18.221607208251953,18.226711946594776,17.869773058103952,18.00576206908911,595742000
2012-03-27,18.446754455566406,18.500790277454826,18.19398500046464,18.197587495473638,607129600
2012-03-28,18.54102325439453,18.656000117780078,18.32157560565127,18.56383746015311,655460400
2012-03-29,18.308069229125977,18.50920461825394,18.22911731618822,18.395728378111354,608238400
2012-03-30,17.99856185913086,18.32908250247211,17.950228764281746,18.275346464390122,731038000
2012-04-02,18.571348190307617,18.575550301848484,18.023480062039116,18.067009833289067,598351600
2012-04-03,18.892261505126953,18.9790212370993,18.687825018705038,18.831620276223283,834559600
2012-04-04,18.741859436035156,18.788390481190664,18.52241176116521,18.74306026823105,572980800
2012-04-05,19.02315902709961,19.05257862952364,18.714551405791735,18.822023538156454,641298000
2012-04-09,19.099699020385742,19.20807211977185,18.77158004667042,18.796496111786098,597536800
2012-04-10,18.865842819213867,19.332955307390755,18.792593660596427,19.210773440618812,889725200
2012-04-11,18.79859733581543,19.11891169125472,18.712738640094198,19.09879895550093,696614800
2012-04-12,18.695629119873047,18.95260241272255,18.627483091831596,18.7625743156594,614336800
2012-04-13,18.169076919555664,18.753569617695042,18.117442733789836,18.735856940419353,859644800
2012-04-16,17.415573120117188,18.320678425296453,17.359135605033497,18.314074649243114,1050786800
2012-04-17,18.303266525268555,18.312271965620173,17.16880709884079,17.37984896019824,1025528000
2012-04-18,18.26243782043457,18.619977972055093,18.093423503660276,18.42394573395391,954531200
2012-04-19,17.635021209716797,18.15406940878176,17.547362044773458,18.01867835674549,834719200
2012-04-20,17.200925827026367,17.850561564194773,17.124074175838885,17.7532957672981,1030985200
2012-04-23,17.162500381469727,17.31170177617572,16.70979787112659,17.12977970853604,966529200
2012-04-24,16.819671630859375,17.04212058250967,16.6611649889819,16.889618101555374,1076149200
2012-04-25,18.312271118164062,18.552432749982238,18.192191103878613,18.481585252969314,905777600
2012-04-26,18.24322509765625,18.453066110443466,18.07601282528237,18.44045657103428,536068400
2012-04-27,18.102134704589844,18.19760008675944,18.0270850781772,18.16427818730503,406722400
2012-04-30,17.531145095825195,17.964036212119648,17.501725513574222,17.946023732196505,506144800
2012-05-01,17.475616455078125,17.91481013219351,17.448598524703776,17.558772103946282,610999200
2012-05-02,17.591188430786133,17.63381717307085,17.377445104874816,17.41887301493676,427389200
2012-05-03,17.4663028717041,17.753896541230546,17.42067285627116,17.72687862126723,390549600
2012-05-04,16.968870162963867,17.362433663594082,16.966468498772862,17.324008639785102,529992400
2012-05-07,17.095857620239258,17.194624069143174,16.848191178226088,16.856297196758298,460118400
2012-05-08,17.05683135986328,17.156497230442703,16.77314155367947,17.09885888550261,497252000
2012-05-09,17.086851119995117,17.230949391913953,16.836784608768465,16.922341905589175,480704000
2012-05-10,17.1270751953125,17.287983487855964,17.064635133523435,17.24895724680247,333200000
2012-05-11,17.012691497802734,17.245648001825977,16.941844041709007,16.961357153003796,399546000
2012-05-14,16.757829666137695,17.0367161287358,16.739217568798207,16.8884173612446,352626400
2012-05-15,16.606229782104492,16.907932084909383,16.563601036904213,16.854797259476772,476336000
2012-05-16,16.393383026123047,16.717901054818537,16.24208140318356,16.63264358751175,560896000
2012-05-17,15.914265632629395,16.43601521304817,15.914265632629395,16.370270850785484,717220000
2012-05-18,15.92207145690918,16.313233367671888,15.675907243546593,16.02954354500648,732292400
2012-05-21,16.84969711303711,16.85750332677067,16.032249136793364,16.045759706342086,631106000
2012-05-22,16.720308303833008,17.227947767623654,16.58851975572967,17.09795966646768,694870400
2012-05-23,17.128278732299805,17.195523729990526,16.608029822692806,16.736214246800913,584897600
2012-05-24,16.97097396850586,17.30659936312258,16.848190876701924,17.287685854635026,496230000
2012-05-25,16.88001251220703,16.986884980155047,16.765335436188643,16.949059565569122,328507200
2012-05-29,17.179615020751953,17.231550621482317,16.9706765951675,17.138488514919533,380508800
2012-05-30,17.38675308227539,17.411369342813963,17.00819911656053,17.08745244515264,529429600
2012-05-31,17.343521118164062,17.456695931667497,17.155295103094954,17.433880122697975,491674400
2012-06-01,16.840978622436523,17.191013852938664,16.826870052212602,17.08624328980649,520987600
2012-06-04,16.940052032470703,17.036416814541766,16.46603593645482,16.85629679039546,556995600
2012-06-05,16.896224975585938,17.00549912118062,16.761135338158077,16.84939411504395,388214400
2012-06-06,17.15529441833496,17.22704132483768,16.976373656367706,17.044519670108134,401455600
2012-06-07,17.163095474243164,17.331207110158708,17.126470907348683,17.330307688777697,379766800
2012-06-08,17.42127227783203,17.42907848782759,17.08144482187013,17.159497302343276,347516400
2012-06-11,17.146591186523438,17.666838497877425,17.130379150589523,17.643423072163934,591264800
2012-06-12,17.29639434814453,17.31020311948856,17.012404692594433,17.24536137465658,435380400
2012-06-13,17.176305770874023,17.366032391047064,17.1228695558446,17.247153245886036,293580000
2012-06-14,17.157400131225586,17.21654072538427,17.029215683037307,17.148694497244843,345573200
2012-06-15,17.235445022583008,17.250154811994484,17.09795218006106,17.141481933991418,335255200
2012-06-18,17.585174560546875,17.64851722288982,17.122565825682816,17.14027849200099,440412000
2012-06-19,17.634117126464844,17.71186820078196,17.504730270835218,17.51373571013824,361404400
2012-06-20,17.583980560302734,17.689350755319804,17.435680223448376,17.65812912548303,358943200
2012-06-21,17.341724395751953,17.658436331079127,17.33481920852554,17.57498088276624,326351200
2012-06-22,17.47471046447754,17.477411936097816,17.27417629814856,17.382849206657333,284471600
2012-06-25,17.134584426879883,17.405666302049255,17.122576104073815,17.33061508613501,304382400
2012-06-26,17.172409057617188,17.246257834629862,17.03131367596252,17.151393692042916,276536400
2012-06-27,17.246551513671875,17.31379649117247,17.169100267502635,17.261561109536753,202997200
2012-06-28,17.08294677734375,17.231546950193504,16.979678418959093,17.16160048152919,282836400
2012-06-29,17.53173828125,17.53173828125,17.239041628774597,17.35161677103552,421500800
2012-07-02,17.787517547607422,17.816036105743496,17.51973841923088,17.553661523098725,400092000
2012-07-03,17.994356155395508,18.01206882905644,17.831948830162116,17.858365532181587,241712800
2012-07-05,18.310466766357422,18.44255507455007,18.001559560583193,18.02887728504907,484383200
2012-07-06,18.18858528137207,18.26543692537125,18.05949985075574,18.22491004820402,418930400
2012-07-09,18.429052352905273,18.42935216018293,18.135456055964212,18.171179616181988,379405600
2012-07-10,18.258533477783203,18.608567187058465,18.171473959622155,18.551528468823122,511957600
2012-07-11,18.145057678222656,18.242022058541057,17.928612916309536,18.195790827210676,469322000
2012-07-12,17.979053497314453,18.116245004079097,17.792328050394847,18.019280584718267,428041600
2012-07-13,18.16126823425293,18.22791200721735,18.01206846145073,18.100628621453826,311427200
2012-07-16,18.21950912475586,18.360902698107314,18.162770207837,18.16577308976379,301260400
2012-07-17,18.22041130065918,18.357302964638766,18.10663365241549,18.335987792327693,293624800
2012-07-18,18.200000762939453,18.262442446327686,18.118945375180218,18.209907229718816,252700000
2012-07-19,18.441957473754883,18.472877697451825,18.192189210272428,18.35069583870869,436861600
2012-07-20,18.141159057617188,18.445562823080497,18.123146573588997,18.40323388642609,397471200
2012-07-23,18.127046585083008,18.18918844468553,17.643122464793397,17.843956425753902,487975600
2012-07-24,18.039688110351562,18.302663920069914,17.96733837911731,18.233616877832112,565132400
2012-07-25,17.260663986206055,17.43568083529219,17.11146422261362,17.2453545811648,877312800
2012-07-26,17.257966995239258,17.42367703884984,17.122276155148107,17.404463722519093,406632800
2012-07-27,17.56656837463379,17.586682710829084,17.159196151412427,17.2618648793954,403936400
2012-07-30,17.862873077392578,17.995261234258454,17.64642665755997,17.739490361363707,379142400
2012-07-31,18.3350830078125,18.363303360282448,18.093722198666477,18.109031603605434,462327600
2012-08-01,18.216506958007812,18.504400458211382,18.102129698024058,18.489690664959944,384501600
2012-08-02,18.245927810668945,18.332985744050454,18.01957654257809,18.097329228443968,332158400
2012-08-03,18.48338508605957,18.5518309104477,18.35910137232942,18.421243229194495,344920800
2012-08-06,18.689014434814453,18.75866106170834,18.470168094622707,18.53110749031426,302103200
2012-08-07,18.639787673950195,18.7625691307982,18.55362918589133,18.69562395351153,290446800
2012-08-08,18.608264923095703,18.72894611799349,18.52540912948687,18.594154748181783,244706000
2012-08-09,18.714399337768555,18.744549045427622,18.626062706991544,18.627569789841687,221642400
2012-08-10,18.743642807006836,18.745450984271038,18.653196910780668,18.653498005302843,194938800
2012-08-13,18.993871688842773,18.993871688842773,18.790365690729395,18.794587452777748,278832400
2012-08-14,19.04482650756836,19.253459203228143,19.000206563426943,19.05025425842361,340169200
2012-08-15,19.01889419555664,19.114466706201995,18.926036364779677,19.033064953280075,257342400
2012-08-16,19.185016632080078,19.197678697909193,19.008945647524456,19.030352331807023,254534000
2012-08-17,19.539873123168945,19.542285098955396,19.259488183582,19.295365115807456,442761200
2012-08-20,20.05361557006836,20.05361557006836,19.59384268317022,19.597159552884843,613384800
2012-08-21,19.77955436706543,20.346959514184913,19.606800248713842,20.224554175619836,812719600
2012-08-22,20.165769577026367,20.1696886357741,19.539876251415553,19.730116444169163,565322800
2012-08-23,19.97763442993164,20.19681666259623,19.93301288377376,20.08255214252839,420128800
2012-08-24,19.995424270629883,20.184157351434756,19.764182129062572,19.88357171076303,437340400
2012-08-27,20.371084213256836,20.527556730279432,20.30656465954607,20.501024993960247,427008400
2012-08-28,20.34454917907715,20.38374297812991,20.22003294942687,20.349975319197426,267416800
2012-08-29,20.30445098876953,20.43107649263667,20.2782219606552,20.358116642977684,202806800
2012-08-30,20.01502227783203,20.24656713677127,19.984270389783074,20.219132118159497,302699600
2012-08-31,20.056324005126953,20.157623759007876,19.8154323724518,20.11692287878087,338321200
2012-09-04,20.349674224853516,20.35479927055171,20.034014561344893,20.072002372578783,367892000
2012-09-05,20.206768035888672,20.39127933580131,20.18777332582471,20.367763379161136,336375200
2012-09-06,20.388864517211914,20.449766086532716,20.223950139183557,20.295402892508147,391196400
2012-09-07,20.514589309692383,20.57609307553866,20.373793055944486,20.442531138245748,329666400
2012-09-10,19.98094940185547,20.60050984260654,19.961653599943354,20.514887941882197,487998000
2012-09-11,19.9161319732666,20.202847927729504,19.79282173203233,20.0524053758946,503983200
2012-09-12,20.193496704101562,20.19681357239518,19.77774336479904,20.10485903441048,712233200
2012-09-13,20.591171264648438,20.667146898967445,20.34364745910809,20.42203506944138,598360000
2012-09-14,20.841407775878906,21.013257038561388,20.739201501660823,20.801611782470676,600474000
2012-09-17,21.097679138183594,21.09828132724109,20.941808780162376,21.084714362004565,398031200
2012-09-18,21.16189193725586,21.174554006344277,20.99637370503929,21.100689253110406,373503200
2012-09-19,21.167617797851562,21.224598710844987,21.091341079344748,21.11214396713121,326874800
2012-09-20,21.06511116027832,21.10611474839398,20.911953919048855,21.078979215899157,336568400
2012-09-21,21.107019424438477,21.257160900795164,21.08501054660389,21.176965116296863,571589200
2012-09-24,20.82663345336914,20.95717964168488,20.59177332839705,20.70814875518233,639766400
2012-09-25,20.306564331054688,20.886631675602807,20.290282688056774,20.75035664229869,518789600
2012-09-26,20.05451774597168,20.280935936715803,19.934524364847846,20.161847449051677,576503200
2012-09-27,20.541120529174805,20.56674736800336,19.908896303654167,20.027683689591367,594090000
2012-09-28,20.112401962280273,20.534789128435587,20.101849166434636,20.46363745794143,535110800
2012-10-01,19.879953384399414,20.403340851930825,19.792822772978116,20.234806863904097,543594800
2012-10-02,19.937837600708008,20.08978884076849,19.616449102837525,19.952911642896858,627992400
2012-10-03,20.243555068969727,20.255917655475773,19.977641919520178,20.044874553298047,424281200
2012-10-04,20.10335922241211,20.327969251803545,20.065674110525872,20.23752176301493,370725600
2012-10-05,19.674943923950195,20.079241371230893,19.63544902126617,20.055123219357437,594006000
2012-10-08,19.240196228027344,19.5232959046317,19.17808864416132,19.50279410634362,637994000
2012-10-09,19.170244216918945,19.310135574227743,18.79941184330296,19.25466174842539,838597200
2012-10-10,19.322797775268555,19.445504210704584,19.204915290816878,19.28752303622812,510356000
2012-10-11,18.93659019470215,19.512437314369173,18.93659019470215,19.491333332159478,546081200
2012-10-12,18.985124588012695,19.156068881121463,18.85216809449811,18.980601732544546,460014800
2012-10-15,19.13738441467285,19.14853940043966,18.808458856449338,19.064725654899036,432502000
2012-10-16,19.59052085876465,19.60589760525171,19.024020586484475,19.155772736724987,549771600
2012-10-17,19.43435287475586,19.68097177966871,19.41596196070835,19.562788178627997,389037600
2012-10-18,19.073471069335938,19.357474015716246,18.993877466430828,19.283007069733635,476624400
2012-10-19,18.38606834411621,19.04723460090226,18.379434606659874,19.025528432298163,744086000
2012-10-22,19.11537742614746,19.15607831501467,18.41380958066489,18.463857279401314,546730800
2012-10-23,18.492197036743164,19.111458205681423,18.442150948561483,19.0240248783395,707145600
2012-10-24,18.596811294555664,18.88985990849701,18.41018909822444,18.735799384884015,558527200
2012-10-25,18.37702751159668,18.75268553665089,18.256733023557963,18.692386135263547,656325600
2012-10-26,18.20999526977539,18.511485721531052,17.818058970597242,18.37370365442342,1018432800
2012-10-31,17.94830894470215,18.14849812369342,17.71857386457206,17.935043076610448,510003200
2012-11-01,17.98508644104004,18.17984782200772,17.913633681423615,18.035736315057072,361298000
2012-11-02,17.38994789123535,17.997450209854886,17.32814302375533,17.965492335431456,599373600
2012-11-05,17.625713348388672,17.72068208066045,17.41406649085708,17.59254948519987,529135600
2012-11-06,17.572349548339844,17.810225446229516,17.48913959736588,17.79485030696888,374917200
2012-11-07,16.899978637695312,17.400919984484165,16.83183240812914,17.379719618223604,793648800
2012-11-08,16.286680221557617,17.02809978563521,16.212175625000754,16.979639933417687,1056146000
2012-11-09,16.56863784790039,16.80547954183485,16.164613020608016,16.367534460192157,929913600
2012-11-12,16.44053077697754,16.79397700687605,16.3139318873405,16.783376013856067,515802000
2012-11-13,16.44265365600586,16.672226490456286,16.24457810057111,16.321809758684424,532949200
2012-11-14,16.260332107543945,16.580463146070837,16.239131730005802,16.521403911688427,477170400
2012-11-15,15.919299125671387,16.339678550732327,15.828440156756976,16.280014392037835,789910800
2012-11-16,15.981695175170898,16.051960349844272,15.317507226547992,15.906584014831417,1266893600
2012-11-19,17.134098052978516,17.1877047262651,16.351187001415358,16.376324328961882,823317600
2012-11-20,16.988122940063477,17.322489500269942,16.796408877974507,17.3212780037839,642754000
2012-11-21,17.012052536010742,17.183777736383906,16.857589140874396,17.089284233578915,373002000
2012-11-23,17.30885887145996,17.32400338620794,17.039308183248792,17.177718016795655,272826400
2012-11-26,17.854921340942383,17.86915520457686,17.37578522873838,17.442113415790534,630579600
2012-11-27,17.711063385009766,17.88188111297726,17.56932156562734,17.855530666450814,533330000
2012-11-28,17.65534019470215,17.74195976584243,17.331877108037542,17.483613401148354,520864400
2012-11-29,17.849775314331055,17.997877081517238,17.725298531161574,17.87582329068358,514698800
2012-11-30,17.726211547851562,17.820706661357242,17.647465889511057,17.771944329544098,391319600
2012-12-03,17.753767013549805,18.008176367084886,17.732869108143298,17.979707014680866,364280000
2012-12-04,17.440597534179688,17.620803097160046,17.32793165298845,17.620803097160046,557068400
2012-12-05,16.31817626953125,17.240708708614758,16.317569712742163,17.2304118005632,1044638000
2012-12-06,16.5740966796875,16.757935114318606,15.70759244629523,16.019849444491292,1177212400
2012-12-07,16.150388717651367,16.815181453677745,16.051956678180012,16.760665744888943,787040800
2012-12-10,16.0465145111084,16.309705316712577,15.79695102265321,15.900531572871262,630484400
2012-12-11,16.396921157836914,16.644363966917943,16.275168232173712,16.34785637701155,592345600
2012-12-12,16.32454490661621,16.597125202744508,16.241862276098434,16.59015869212907,487144000
2012-12-13,16.042564392089844,16.283344759890884,15.924748434852825,16.086783184755113,625259600
2012-12-14,15.439858436584473,15.692449668735785,15.312352133359713,15.590080692143223,1009579200
2012-12-17,15.713652610778809,15.74908846703142,15.180607271187778,15.413814607258853,757607200
2012-12-18,16.170074462890625,16.200360247650025,15.756659914052795,15.900522244114239,625685200
2012-12-19,15.940197944641113,16.164017404993363,15.915665552553218,16.09647770933686,449369200
2012-12-20,15.80148696899414,16.05801522802672,15.715169885169896,16.051957746926337,481689600
2012-12-21,15.728801727294922,15.73909863833077,15.453494417103464,15.521034130771847,596268400
2012-12-24,15.754237174987793,15.877806543159773,15.710018375743255,15.759689716221727,175753200
2012-12-26,15.537078857421875,15.732731398872254,15.480140168388747,15.718798387471441,302436400
2012-12-27,15.59947681427002,15.635517619229764,15.284494218693276,15.553439950848231,455120400
2012-12-28,15.433802604675293,15.581905971347483,15.38928133902884,15.455004593779517,354278400
2012-12-31,16.11768341064453,16.215510541675076,15.415940629550624,15.462278349657154,659492400
2013-01-02,16.62831687927246,16.80912909382295,16.40419649514269,16.773390755565092,560518000
2013-01-03,16.418426513671875,16.64769691728195,16.385111176247932,16.593483674361224,352965200
2013-01-04,15.961092948913574,16.31332769918246,15.925657098169932,16.26305142801829,594333600
2013-01-07,15.867204666137695,16.030751762669862,15.603709965078716,15.80965941875534,484156400
2013-01-08,15.909910202026367,16.109197266037164,15.78694739203704,16.02802864511815,458707200
2013-01-09,15.6612548828125,15.900822130069116,15.627635467413045,15.824801975902217,407604400
2013-01-10,15.855390548706055,16.013182602957155,15.613398736617292,16.008034150728836,601146000
2013-01-11,15.758180618286133,15.910219383248654,15.719412730815025,15.779380998004248,350506800
2013-01-14,15.196356773376465,15.370504888795743,15.098227207252927,15.224522035704366,734207600
2013-01-15,14.71691608428955,15.11276307789741,14.639986901667955,15.091865177527968,876772400
2013-01-16,15.32780647277832,15.429268100007846,14.916211420575344,14.98102406250697,690804800
2013-01-17,15.224523544311523,15.468938457397947,15.20483875269055,15.455611999044192,453678400
2013-01-18,15.143352508544922,15.210588104325183,15.034319495747779,15.098527160540245,472922800
2013-01-22,15.287823677062988,15.382014676238198,15.041289860974395,15.281463726369106,461546400
2013-01-23,15.567682266235352,15.59736313245428,15.287832943681249,15.410190899368619,861509600
2013-01-24,13.644163131713867,14.10542934265375,13.636590068157734,13.931886169850518,1460852400
2013-01-25,13.322517395019531,13.81770468720602,13.174718109348024,13.680203926878917,1208026400
2013-01-28,13.623870849609375,13.726239846486322,13.20076593499442,13.260430906352767,785517600
2013-01-29,13.87949275970459,13.937947055029591,13.693229641398995,13.886459268184757,571158000
2013-01-30,13.835878372192383,14.010633056780062,13.76531074157816,13.841026826585091,417155200
2013-01-31,13.795294761657715,13.910081199937624,13.77984939769279,13.840422592280962,319334400
2013-02-01,13.738656044006348,13.916136167611764,13.579045891106073,13.904930233773491,539484400
2013-02-04,13.3964204788208,13.808925291984002,13.386728507764728,13.747443063710902,477117200
2013-02-05,13.86646556854248,13.924010817225247,13.39338691536099,13.448811641767477,573347600
2013-02-06,13.851625442504883,14.128747462953202,13.70715656974906,13.82497253113,593706400
2013-02-07,14.263492584228516,14.31771592966334,13.833960195267974,14.112090539477393,704580800
2013-02-08,14.469422340393066,14.586096312504335,14.264403809492338,14.439568510814292,633158400
2013-02-11,14.620210647583008,14.772832822582995,14.416718210376034,14.515722270000696,517490400
2013-02-12,14.253739356994629,14.694847076192028,14.248865130688936,14.60741686201713,609053200
2013-02-13,14.226630210876465,14.42860153670148,14.111174795322768,14.232722995185128,475207600
2013-02-14,14.213838577270508,14.367677746488457,14.13554831932461,14.150779469212177,355275200
2013-02-15,14.017958641052246,14.322591370685059,14.010647299357524,14.282683223873416,391745200
2013-02-19,14.012774467468262,14.096244780685714,13.825731724514535,14.046589819673164,435783600
2013-02-20,13.673418045043945,13.942712596633768,13.671893628823799,13.942712596633768,476302400
2013-02-21,13.588424682617188,13.683166254198168,13.489724021596322,13.586596847406293,447182400
2013-02-22,13.733123779296875,13.757189053117752,13.604873538089693,13.685601696528634,330654800
2013-02-25,13.489115715026855,13.86442226805647,13.482108606574915,13.825734309155346,372579200
2013-02-26,13.677074432373047,13.755364679108048,13.332535198710586,13.520188079495991,501499600
2013-02-27,13.5430326461792,13.78277837486509,13.423617350662738,13.660620106756793,587350400
2013-02-28,13.446468353271484,13.643564650951367,13.446468353271484,13.52719571694697,322515200
2013-03-01,13.113502502441406,13.348374013435194,13.098575589941845,13.342889694957154,552448400
2013-03-04,12.796076774597168,13.044351614227306,12.764090066285068,13.032166046593023,582755600
2013-03-05,13.133913040161133,13.257289064838735,12.817400650035554,12.83963890414573,638433600
2013-03-06,12.9669771194458,13.259120052863468,12.929506899246272,13.236576748858312,460250000
2013-03-07,13.11685562133789,13.160418623906194,12.82684558597776,12.931639039301787,468473600
2013-03-08,13.151580810546875,13.264599091585366,13.056840065616047,13.093091718855526,391482000
2013-03-11,13.338932991027832,13.373661864496775,12.95113577857843,13.09157162156327,474236000
2013-03-12,13.051359176635742,13.369700247629352,13.025161017133053,13.269781023689907,465911600
2013-03-13,13.048922538757324,13.236271192158242,12.95783825561703,13.0519697445288,405549200
2013-03-14,13.17534351348877,13.24053385742933,13.112892888519907,13.185395386212422,303875600
2013-03-15,13.515312194824219,13.53267622064732,13.320042148968552,13.34075761236268,643960800
2013-03-18,13.88270092010498,13.935705702620186,13.440374545795075,13.447990119366397,606197200
2013-03-19,13.845231056213379,14.042632378261848,13.662755021414862,13.997850008865498,526775200
2013-03-20,13.771815299987793,13.940887233043624,13.695962161992037,13.934490215657743,308660800
2013-03-21,13.79161548614502,13.95154741733082,13.711498217760774,13.715153888429054,383255600
2013-03-22,14.071264266967773,14.077051190227543,13.803188341454204,13.847969073173392,395105200
2013-03-25,14.122137069702148,14.316188524285744,14.067303656230155,14.155950791088392,501135600
2013-03-26,14.047810554504395,14.190986909194569,14.02922797029587,14.178801341367407,294294000
2013-03-27,13.771815299987793,13.915601769103807,13.730690222296975,13.905244848280175,331237200
2013-03-28,13.484851837158203,13.763894863813652,13.453170170736945,13.70296864480784,442839600
2013-04-01,13.065982818603516,13.51653409053052,13.030341247377836,13.46169984027942,389732000
2013-04-02,13.092785835266113,13.34715341616351,12.98951520047984,13.02607189726759,529519200
2013-04-03,13.159807205200195,13.320957678874741,13.108628633873561,13.140919575101918,363216000
2013-04-04,13.0297269821167,13.25149939911982,12.95448314688077,13.213725772020979,358447600
2013-04-05,12.892037391662598,12.945348035277712,12.784806012533084,12.931638863572916,383695200
2013-04-08,12.983733177185059,13.023030423341606,12.87041062109678,12.942303049382804,300829200
2013-04-09,13.007185935974121,13.053489464255799,12.878326410393491,12.988299120337917,306614000
2013-04-10,13.272520065307617,13.314255224534211,12.977635858764241,13.04130422459877,375928000
2013-04-11,13.231091499328613,13.342586187013648,13.135740654779925,13.212508102349378,328364400
2013-04-12,13.093095779418945,13.225610194299364,13.071466799122355,13.225610194299364,238613200
2013-04-15,12.789984703063965,13.034908931962583,12.780845526829285,13.00779644919428,317520000
2013-04-16,12.984642028808594,12.995912457010625,12.811915293829536,12.842378394929348,305771200
2013-04-17,12.270583152770996,12.812829435767222,12.12771105608826,12.802775937379067,945056000
2013-04-18,11.943108558654785,12.361673115359011,11.872738113992606,12.337302789474304,666299200
2013-04-19,11.896801948547363,12.173103587441615,11.731385718775746,11.818815944376205,609274400
2013-04-22,12.144771575927734,12.252307986243935,11.919345090457972,11.961078624462997,429920400
2013-04-23,12.372031211853027,12.440573009615761,12.14903934763631,12.306839225663838,664238400
2013-04-24,12.351615905761719,12.649850719538769,11.956812514976622,11.988494986608522,969651200
2013-04-25,12.440567970275879,12.609943257763858,12.39852858416726,12.527388087910808,384837600
2013-04-26,12.709258079528809,12.757085220792423,12.436612056273,12.48413496501969,764097600
2013-04-29,13.10284423828125,13.209465536789175,12.794555820950896,12.808264180649806,640326400
2013-04-30,13.488508224487305,13.563752902546856,13.162247300421093,13.254550963816717,691538400
2013-05-01,13.382190704345703,13.554003165813898,13.23292154629476,13.539685528479541,506909200
2013-05-02,13.571975708007812,13.665496281830979,13.423009986344073,13.458042274150737,421828400
2013-05-03,13.707839012145996,13.806844700240854,13.682553556483022,13.748353984631843,361300800
2013-05-06,14.034713745117188,14.080102956342172,13.839747893481658,13.882395758389064,496641600
2013-05-07,13.97226333618164,14.188247264352192,13.821165530831175,14.164486217696039,483753200
2013-05-08,14.130066871643066,14.176676282221827,13.885447591535515,13.983843247642305,472598000
2013-05-09,14.006793022155762,14.197835047022709,13.970302216884745,14.100014730639836,398487600
2013-05-10,13.890263557434082,14.096945381730976,13.813908343843242,14.043588114786845,334852000
2013-05-13,13.944539070129395,14.041440619298196,13.845185913404302,13.84549215963879,316948800
2013-05-14,13.610904693603516,13.958643965598194,13.558466993916303,13.917246686668376,447118000
2013-05-15,13.150628089904785,13.52320699033329,12.951613860977503,13.466783978621569,741613600
2013-05-16,13.326334953308105,13.426609297309104,12.84551038879203,12.978595656972713,603204000
2013-05-17,13.285856246948242,13.49529752332775,13.216860782335424,13.463406158976035,427904400
2013-05-20,13.582382202148438,13.670390289318046,13.188951767676187,13.244455188554847,451578400
2013-05-21,13.482115745544434,13.660585267976979,13.314685828264514,13.435811963303614,456022000
2013-05-22,13.533939361572266,13.74859425694455,13.437958174763601,13.616734762727267,443038400
2013-05-23,13.558162689208984,13.681435805084392,13.363440853348823,13.368347343792445,353021200
2013-05-24,13.65046501159668,13.666104041631947,13.503580627767365,13.518606346451438,276166800
2013-05-28,13.536694526672363,13.83322353306054,13.518603074451383,13.796120252394427,386145200
2013-05-29,13.644330024719238,13.722525982999526,13.474139832911732,13.492539170921262,330576400
2013-05-30,13.847640037536621,13.937181856678485,13.630838979605217,13.665796907606575,353519600
2013-05-31,13.790909767150879,14.016909659784417,13.783856277748178,13.875849697812699,384302800
2013-06-03,13.821267127990723,13.871557015977062,13.568588608961278,13.821573374214946,372352400
2013-06-04,13.77802848815918,13.935032895808767,13.719152244710653,13.897927973892456,292728800
2013-06-05,13.649238586425781,13.821268738143582,13.606307610061306,13.665797174307343,290589600
2013-06-06,13.445313453674316,13.707191602244936,13.310082019861005,13.660274524054193,416934000
2013-06-07,13.548039436340332,13.591889953389893,13.270828540529248,13.385209017907961,404535600
2013-06-10,13.45849609375,13.77097029591261,13.39440713588544,13.637578826819107,450153200
2013-06-11,13.418943405151367,13.577174445721969,13.287698061871385,13.361907910580399,286112400
2013-06-12,13.253046035766602,13.530870299279547,13.231887207126869,13.477206793330112,265227200
2013-06-13,13.368653297424316,13.404837844813857,13.147559899108973,13.262553719263988,285832400
2013-06-14,13.18742561340332,13.378774661166174,13.13989439300864,13.351482715402314,271866000
2013-06-17,13.247218132019043,13.360678247513261,13.196928251292777,13.23004623725692,259414400
2013-06-18,13.240166664123535,13.336147828545423,13.19233002385662,13.233727305358403,195025600
2013-06-19,12.971236228942871,13.236793443566873,12.971236228942871,13.228820397494164,310940000
2013-06-20,12.782340049743652,13.06261590615324,12.731129791420576,12.857775691701013,357310800
2013-06-21,12.679916381835938,12.879238396354717,12.51432647802335,12.832933817441635,481118400
2013-06-24,12.343833923339844,12.531503085237707,12.206148403678604,12.492865292528142,480746000
2013-06-25,12.34659481048584,12.504825037643952,12.230068115617934,12.440736051480789,314162800
2013-06-26,12.206767082214355,12.412834840888793,12.132864271957404,12.385542887536946,367724000
2013-06-27,12.075207710266113,12.308567304457537,12.067848794546862,12.242945461157115,337246000
2013-06-28,12.159536361694336,12.274222279329662,11.924643088011194,12.000999103216047,578516400
2013-07-01,12.548676490783691,12.64220524616618,12.303357675405557,12.348435651544458,391053600
2013-07-02,12.83293628692627,12.929224511064067,12.556340295468535,12.57136601098187,469865200
2013-07-03,12.903772354125977,12.970622457678383,12.801045591619074,12.905612287769806,240928800
2013-07-05,12.800126075744629,12.980129244551318,12.736650407866135,12.891201568975779,274024800
2013-07-08,12.72745132446289,12.909907758424119,12.592526108653054,12.882616632788553,298138400
2013-07-09,12.951303482055664,12.986567648412944,12.584245320250236,12.682985968658702,352584400
2013-07-10,12.901627540588379,13.026434346799693,12.825579393616785,12.866976679354252,281405600
2013-07-11,13.102788925170898,13.132227867034482,12.915120583831593,12.96970365085664,326292400
2013-07-12,13.078868865966797,13.17944944744945,12.983808085350153,13.113826785944795,279563200
2013-07-15,13.107386589050293,13.230659685018127,13.026431966324616,13.03287214341193,241917200
2013-07-16,13.192022323608398,13.207660530645736,13.00711268516645,13.07917470267199,216538000
2013-07-17,13.195396423339844,13.253967241780916,13.131307441000573,13.176691657361717,198990400
2013-07-18,13.23985767364502,13.335224688203999,13.20459351200989,13.289534237382501,218878800
2013-07-19,13.03102970123291,13.307932697479956,13.012630368582663,13.28094782843283,268721600
2013-07-22,13.072739601135254,13.178226703320908,13.046981341686745,13.169334097617542,207796400
2013-07-23,12.84826946258545,13.092667835100304,12.839683105763834,13.06322971626625,369395600
2013-07-24,13.5081787109375,13.633290938785041,13.34718818203121,13.459727937848992,591936800
2013-07-25,13.446541786193848,13.535470283161807,13.364053467017044,13.514005207431689,229493600
2013-07-26,13.522897720336914,13.524430589090096,13.318976226914536,13.348414349000924,200152400
2013-07-29,13.73141860961914,13.7988812114185,13.49867230587529,13.51707082507505,248057600
2013-07-30,13.900993347167969,14.018439570940854,13.775573259300401,13.797958707710796,309422400
2013-07-31,13.8767671585083,14.02426481106825,13.781706383062845,13.952203614066718,322957600
2013-08-01,14.004030227661133,14.007710095720965,13.899156444476631,13.97551329729804,206250800
2013-08-02,14.183728218078613,14.193234954567338,14.00341957253019,14.044816865374631,274783600
2013-08-05,14.395620346069336,14.433031517672603,14.1717674466087,14.249655527568747,318855600
2013-08-06,14.266830444335938,14.470444920514067,14.1723821243663,14.351772027979044,334857600
2013-08-07,14.258545875549316,14.320489490098497,14.160111471570547,14.222361332310523,298858000
2013-08-08,14.23015022277832,14.325530407555892,14.135694842848054,14.318122077816518,255777200
2013-08-09,14.027660369873047,14.213173600473917,14.002967583796089,14.156994586072646,266865200
2013-08-12,14.426155090332031,14.46597279473132,14.094948081994573,14.102048142143937,364434000
2013-08-13,15.111725807189941,15.268840467546974,14.447458580414562,14.536666829934234,881941200
2013-08-14,15.387368202209473,15.564854924408033,15.229945296776451,15.368230838900692,756372400
2013-08-15,15.36915111541748,15.507746533519965,15.096592545131436,15.323159803363323,490294000
2013-08-16,15.505582809448242,15.524411895792166,15.398473629260003,15.438291327697328,362306000
2013-08-19,15.672577857971191,15.857781126206184,15.557133877495552,15.567628185359437,510518400
2013-08-20,15.466692924499512,15.75993349942566,15.458976327553023,15.733387812472163,358688400
2013-08-21,15.50650691986084,15.654360229181176,15.470700010152433,15.544473354992478,335879600
2013-08-22,15.525036811828613,15.606218538897647,15.378108205405027,15.587389442390672,244207600
2013-08-23,15.465155601501465,15.53707609176834,15.413607198396917,15.534606647961157,222731600
2013-08-26,15.525350570678711,15.748522071889271,15.449107712251715,15.456824313771646,330965600
2013-08-27,15.081470489501953,15.511145380854876,15.010784735718785,15.371931751310463,424188800
2013-08-28,15.152775764465332,15.304026707053154,15.001526470371179,15.001526470371179,307608000
2013-08-29,15.177469253540039,15.325632558250875,15.159874881711795,15.17592626356241,239657600
2013-08-30,15.039183616638184,15.216052138568692,15.0169586265396,15.186728735225449,272297200
2013-09-03,15.081161499023438,15.452186270039178,15.043195046507705,15.220681741681988,331928800
2013-09-04,15.393223762512207,15.502804026032209,15.318833875315848,15.420079359115404,345032800
2013-09-05,15.287668228149414,15.454662316084779,15.237354543606564,15.441388642616051,236367600
2013-09-06,15.378719329833984,15.414524599345814,15.123446880734273,15.385511121288346,359525600
2013-09-09,15.62412166595459,15.678139513394338,15.541088677743755,15.588006462044984,340687200
2013-09-10,15.268219947814941,15.663630940600541,15.10956232138951,15.625046297359262,743195600
2013-09-11,14.43696403503418,14.621549174338451,14.347447528813868,14.415355579295241,898696400
2013-09-12,14.590682983398438,14.674332501632206,14.384487736956604,14.461348757937811,404051200
2013-09-13,14.350226402282715,14.564136613764093,14.34405444127913,14.487277236138246,298835600
2013-09-16,13.894004821777344,14.248669967621785,13.804489973258907,14.229842522732573,543706800
2013-09-17,14.05451774597168,14.190025587844628,13.813135387434823,13.827333864850567,399380800
2013-09-18,14.343432426452637,14.394980815622715,14.219345381425473,14.297131191830953,456862000
2013-09-19,14.578644752502441,14.68760689760384,14.484499269935029,14.529257525882986,404541200
2013-09-20,14.427704811096191,14.771565813550401,14.38418127371061,14.7545896228074,699302800
2013-09-23,15.14474868774414,15.338286761682689,14.896574596118263,15.313284061858784,762106800
2013-09-24,15.097213745117188,15.293837811957577,15.057704300472764,15.275626903834452,364344400
2013-09-25,14.86354923248291,15.113882887589245,14.860463252328296,15.100302596716537,316957200
2013-09-26,15.008312225341797,15.080540954302153,14.936700032833137,15.00152208190718,237221600
2013-09-27,14.901206016540527,14.960471006965175,14.838545129471145,14.932998862506697,228040400
2013-09-30,14.716004371643066,14.867561937160001,14.643773971579002,14.731437569684873,260156400
2013-10-01,15.062029838562012,15.098453314997638,14.766319675630342,14.768480851353678,353883600
2013-10-02,15.111410140991211,15.180552895976685,14.932072202071376,14.990102463640616,289184000
2013-10-03,14.92158317565918,15.197537787272758,14.839168362740212,15.140740572320762,322753200
2013-10-04,14.9098482131958,14.958308974332457,14.773105683812341,14.935467449472455,258868400
2013-10-07,15.055548667907715,15.206798005772704,14.981466989495566,15.018816921353954,312292400
2013-10-08,14.845343589782715,15.144756304728848,14.83299636779631,15.123147842005514,290917200
2013-10-09,15.01973819732666,15.056778203582237,14.763230920039117,14.959546744729312,301725200
2013-10-10,15.11388111114502,15.19845706906342,15.033625854633971,15.165739418994098,278602800
2013-10-11,15.211734771728516,15.243527625385777,14.975599557768794,15.032086850282521,267738800
2013-10-14,15.311433792114258,15.358969756793222,15.104931930294322,15.119748591777693,261898000
2013-10-15,15.392924308776855,15.495404572385018,15.295384580992673,15.35680910729811,320073600
2013-10-16,15.46792984008789,15.511761633575322,15.409899572144587,15.458052067077373,251101200
2013-10-17,15.572571754455566,15.581214807028285,15.423791899259484,15.433051488483395,253593200
2013-10-18,15.708070755004883,15.719491513074194,15.609912900143586,15.618555947856837,290542000
2013-10-21,16.092994689941406,16.183744260268764,15.789259752015592,15.796976350357143,398106800
2013-10-22,16.0470027923584,16.311844839491105,15.681533394776757,16.248875678381566,534063600
2013-10-23,16.20410919189453,16.226025904065313,16.02013904059351,16.02013904059351,313723200
2013-10-24,16.41864776611328,16.435933872781572,16.126643453832035,16.20535409040374,384764800
2013-10-25,16.2349853515625,16.45938984738518,16.20874792654385,16.400433120295016,337792000
2013-10-28,16.355981826782227,16.39055402946764,16.150096545932072,16.330052674768165,550440800
2013-10-29,15.948531150817871,16.645207486824738,15.88247602537528,16.55322321069369,635807200
2013-10-30,16.20226287841797,16.283134664334376,15.959027687175642,16.038974668332397,354163600
2013-10-31,16.13435935974121,16.282214431734218,16.09021928540059,16.20535504922536,275696400
2013-11-01,16.051931381225586,16.199168147168063,15.922597245026216,16.17509191260102,274890000
2013-11-04,16.259366989135742,16.26152816393503,16.014280535333498,16.084966282258538,244627600
2013-11-05,16.219240188598633,16.325424597009576,16.143615551710862,16.192386230344642,265213200
2013-11-06,16.173282623291016,16.295610225938432,16.088833051885587,16.27356555664399,223375600
2013-11-07,15.911554336547852,16.243763189571837,15.908140272229492,16.13168272449192,262620400
2013-11-08,16.162111282348633,16.179808374723848,15.914662057143435,15.976446846432784,279316800
2013-11-11,16.1152286529541,16.196572595956468,15.971168062307692,16.144413184341126,227452400
2013-11-12,16.145034790039062,16.26643056706847,16.05158161383874,16.072382701389227,204276800
2013-11-13,16.164289474487305,16.214586836636794,16.050343581202114,16.082633778027432,197220800
2013-11-14,16.39807891845703,16.43285132140266,16.202789038426047,16.231973582045615,282419200
2013-11-15,16.299654006958008,16.426947732751554,16.28413070539647,16.34901949874289,317920400
2013-11-18,16.102191925048828,16.367960092392032,16.08884241502418,16.29965556923277,244944000
2013-11-19,16.13075828552246,16.249670250196253,16.081702851165993,16.114613186170462,208938800
2013-11-20,15.989489555358887,16.15776865947713,15.96868846201619,16.12082081069632,193916800
2013-11-21,16.18012237548828,16.182296168587044,15.948198051834614,16.070214003595527,262026800
2013-11-22,16.138521194458008,16.211793454487886,16.099091134636545,16.12982767874548,223725600
2013-11-25,16.260847091674805,16.326977827658215,16.175777327373503,16.176397463653565,229311600
2013-11-26,16.56076431274414,16.6458357270667,16.26891892166095,16.27264305522366,401382800
2013-11-27,16.950725555419922,16.951967486224753,16.56076757329522,16.651116795757886,363448400
2013-11-29,17.264610290527344,17.334776865138068,17.008157487583674,17.060006833900218,318127600
2013-12-02,17.11434555053711,17.521067076017577,17.101616175423008,17.32453693211055,472544800
2013-12-03,17.58284568786621,17.58470941231401,17.31459538433896,17.333844474298463,450968000
2013-12-04,17.5418701171875,17.67195945811731,17.4120908444074,17.557393422094517,377809600
2013-12-05,17.631908416748047,17.85669291254695,17.585648568052257,17.779384794492806,447580000
2013-12-06,17.387245178222656,17.59619620589635,17.37327553596684,17.566389880769883,344352400
2013-12-09,17.586273193359375,17.68407236509447,17.414579950748852,17.414579950748852,320493600
2013-12-10,17.558944702148438,17.63128674894003,17.42388764387828,17.49778168947335,278269600
2013-12-11,17.42885398864746,17.727222418790777,17.377006289128992,17.60396288253748,359718800
2013-12-12,17.40339469909668,17.55242304641206,17.38756132843295,17.453071920280603,262290000
2013-12-13,17.21369743347168,17.476049915647238,17.190102407329096,17.475118053054675,332822000
2013-12-16,17.309009552001953,17.468595137094667,17.23170310767988,17.232013175781212,282592800
2013-12-17,17.2310848236084,17.369245891727697,17.181097524383773,17.25654357546745,229902400
2013-12-18,17.10005760192871,17.121170417706548,16.728418652840993,17.066837208925573,565863200
2013-12-19,16.904144287109375,17.07614745966229,16.88147947744595,17.060624162561624,320308800
2013-12-20,17.045732498168945,17.126146282322942,16.915333066714982,16.934272098873816,436413600
2013-12-23,17.699892044067383,17.7194511981967,17.47231375791931,17.63500161537539,501306400
2013-12-24,17.624765396118164,17.75547485589803,17.57384624350647,17.69369005454934,167554800
2013-12-26,17.507713317871094,17.681580257032973,17.491568222727,17.638112693183494,204008000
2013-12-27,17.38941764831543,17.52354278494997,17.37110042264598,17.50522555928052,225884400
2013-12-30,17.216487884521484,17.38942297583184,17.14818336515891,17.307768947186652,253629600
2013-12-31,17.41829490661621,17.42636662462836,17.20034028099106,17.205619728433685,223084400
2014-01-02,17.173336029052734,17.294421793694458,17.138873693277617,17.252507873191984,234684800
2014-01-03,16.796104431152344,17.191028363532638,16.779027473022285,17.164949482333537,392467600
2014-01-06,16.88768768310547,16.9767932579317,16.56696631108954,16.686499999643907,412610800
2014-01-07,16.766918182373047,16.950718894911127,16.701097533698622,16.899801410038737,317209200
2014-01-08,16.873098373413086,16.938297218735965,16.72500193464351,16.728726066954366,258529600
2014-01-09,16.657636642456055,16.978668296371268,16.621310580672827,16.976804571090806,279148800
2014-01-10,16.546483993530273,16.790517560751177,16.489666910368108,16.760401157276178,304976000
2014-01-13,16.633106231689453,16.843297588601295,16.45147761933773,16.45240948178071,378492800
2014-01-14,16.964067459106445,16.974623036122026,16.69302159790177,16.710408619671387,332561600
2014-01-15,17.30466079711914,17.392836191764133,17.12768987172781,17.185438802576954,391638800
2014-01-16,17.208114624023438,17.288838488381955,17.128320964411966,17.228295590113067,229278000
2014-01-17,16.786481857299805,17.140423802228785,16.762575106798607,17.12210656871604,426739600
2014-01-21,17.047283172607422,17.07832978231624,16.77872104478659,16.796418142918515,328526800
2014-01-22,17.12303924560547,17.30249242978829,17.008163142106618,17.104410284955225,379985200
2014-01-23,17.26802635192871,17.277961795454527,16.915016329271936,17.074290177529512,403239200
2014-01-24,16.954145431518555,17.2506486077191,16.913161704922672,17.200351226865457,429354800
2014-01-27,17.091678619384766,17.22518367859564,16.944203912850973,17.078329108334703,554878800
2014-01-28,15.725584030151367,15.989486767254043,15.588041487863803,15.795750607552277,1065523200
2014-01-29,15.547060012817383,15.752595347382627,15.480929292095958,15.64641278605177,502810000
2014-01-30,15.516948699951172,15.72558975792288,15.42132334467591,15.602640266954095,678501600
2014-01-31,15.542405128479004,15.571279600705802,15.323520246790988,15.374127675689236,464797200
2014-02-03,15.571280479431152,15.76377641910005,15.502045745546466,15.604812607879243,401464000
2014-02-04,15.7966890335083,15.817491792169157,15.609472496154664,15.70540959270803,376681200
2014-02-05,15.91466236114502,15.99818010338004,15.717820548687191,15.727445923296065,328344800
2014-02-06,16.00743293762207,16.038355134686807,15.860635069735618,15.93091142557413,257765200
2014-02-07,16.23137664794922,16.332885460024603,16.159540668969047,16.284473821656942,370280400
2014-02-10,16.522157669067383,16.615858353986734,16.178902639253614,16.199516322883643,345559200
2014-02-11,16.739858627319336,16.795764788567062,16.538088694247147,16.572758987884036,282256800
2014-02-12,16.738601684570312,16.852292184420925,16.6548976003395,16.770773237001702,308100800
2014-02-13,17.00440216064453,17.017519655824035,16.68488339740451,16.699250257269853,307398000
2014-02-14,16.990659713745117,17.052816032044348,16.903833026778692,16.943185517488388,272924400
2014-02-18,17.05312156677246,17.21553393229013,17.041251771122766,17.053433490857127,260251600
2014-02-19,16.783889770507812,17.08123182813491,16.689565259547873,17.014391666172052,313768000
2014-02-20,16.589616775512695,16.772332556508037,16.522464693502542,16.647085866910576,305858000
2014-02-21,16.40534210205078,16.696437362603817,16.385040345641855,16.64084147556828,278784800
2014-02-24,16.477182388305664,16.551206838440716,16.316956767904276,16.339757259339134,288909600
2014-02-25,16.305709838867188,16.540271795549184,16.272602509832236,16.53433856452453,231952000
2014-02-26,16.158597946166992,16.397533481701597,16.103939501227988,16.354119317076734,276217200
2014-02-27,16.480928421020508,16.515597036627724,16.11799552149112,16.15204028883828,301882000
2014-02-28,16.436267852783203,16.639597385054618,16.30758494757134,16.52496941670682,371968800
2014-03-03,16.483736038208008,16.57400052624814,16.329130121015133,16.34818251008994,238781200
2014-03-04,16.59242820739746,16.63615596119944,16.484048765263964,16.58493368907466,259140000
2014-03-05,16.627412796020508,16.702059410216524,16.52652785773557,16.582437339414685,200062800
2014-03-06,16.57712745666504,16.692379261643072,16.49435913288859,16.640843386363,185488800
2014-03-07,16.567445755004883,16.615545459361385,16.430330905587184,16.587747513283528,220729600
2014-03-10,16.582439422607422,16.65771156256815,16.5018562315091,16.502481747896226,178584000
2014-03-11,16.74390983581543,16.826678141632957,16.634592953710282,16.72392167361044,279224400
2014-03-12,16.760156631469727,16.783269045648446,16.61617109510229,16.694567483236362,199326400
2014-03-13,16.574005126953125,16.855417432002525,16.52746670962331,16.786080194311996,257742800
2014-03-14,16.38785171508789,16.581498200023045,16.335066484272907,16.515907400651685,237199200
2014-03-17,16.451881408691406,16.552764679945568,16.424083463660807,16.481866158758617,199544800
2014-03-18,16.59742546081543,16.615228486205005,16.403778986204124,16.425642028814558,209647200
2014-03-19,16.593053817749023,16.74859551561889,16.522465563089867,16.624287927784767,224756000
2014-03-20,16.513093948364258,16.637091263514066,16.47092915650614,16.550261283287217,208398400
2014-03-21,16.643341064453125,16.670827085272226,16.439075793336134,16.613981830781743,374046400
2014-03-24,16.840736389160156,16.88165182591879,16.71174158827731,16.81668653930138,355700800
2014-03-25,17.02189064025879,17.04562856795385,16.853229753249376,16.912887330651806,282293200
2014-03-26,16.859163284301758,17.147135966664028,16.830429568519456,17.06967703482943,299768000
2014-03-27,16.786701202392578,16.912885345708204,16.71361588302691,16.866658860358875,222031600
2014-03-28,16.767961502075195,16.832926789385226,16.68644255180615,16.813562473253505,200564000
2014-03-31,16.76421356201172,16.891333471974683,16.738912681612838,16.84198441167663,168669200
2014-04-01,16.917572021484375,16.924444361226517,16.765152867047988,16.796073391756742,200760000
2014-04-02,16.94568634033203,16.97473365967187,16.874162278888768,16.940376956074612,180420800
2014-04-03,16.828245162963867,16.94412081909781,16.79232717909313,16.90945219991937,162344000
2014-04-04,16.61054801940918,16.86603727468876,16.571819379891,16.86010404311127,275251200
2014-04-07,16.349746704101562,16.581811583168722,16.300399306223966,16.491859003215193,289850400
2014-04-08,16.34880828857422,16.43251403221731,16.2007611147461,16.403466728008613,243888400
2014-04-09,16.56369972229004,16.569009105630954,16.304462366793597,16.323826686996142,206169600
2014-04-10,16.35006332397461,16.62366754012425,16.340380329865418,16.57494231343628,239652000
2014-04-11,16.229188919067383,16.32976027440745,16.152041900599595,16.21013485653857,271717600
2014-04-14,16.293832778930664,16.30882347839523,16.154219275594215,16.300703446683478,205674000
2014-04-15,16.177644729614258,16.292582885785258,15.970567226063146,16.249794252254095,266490000
2014-04-16,16.210445404052734,16.27541068759704,16.058338200901733,16.180460657166133,214765600
2014-04-17,16.395658493041992,16.483737854234676,16.216378861543838,16.24136615096635,284334400
2014-04-21,16.59024429321289,16.620539296953954,16.365050097636306,16.40815233839553,182548800
2014-04-22,16.60679817199707,16.610858189619933,16.444384122735507,16.500915781427516,202563200
2014-04-23,16.389726638793945,16.58899611855927,16.380355570452103,16.52434275278322,394940000
2014-04-24,17.73338508605957,17.80303590112398,17.51350195327373,17.7471280946168,759911600
2014-04-25,17.863628387451172,17.865188007840406,17.614386036862943,17.632187393861763,390275200
2014-04-28,18.555452346801758,18.60730014666007,17.882683649402768,17.890493429634297,669485600
2014-04-29,18.500476837158203,18.614479257060204,18.412399146352946,18.544516516582487,337377600
2014-04-30,18.43051528930664,18.722236066276036,18.421457813556767,18.510161026342544,456640800
2014-05-01,18.473936080932617,18.57763002772651,18.31402071570893,18.490176155990692,244048000
2014-05-02,18.508285522460938,18.558885617787393,18.418646540336383,18.50079100364433,191514400
2014-05-05,18.770021438598633,18.77127247111175,18.42770391409916,18.43207752376502,287067200
2014-05-06,18.565444946289062,18.877777735028893,18.565444946289062,18.796258785425408,374564400
2014-05-07,18.500476837158203,18.655394691368144,18.35680326288914,18.591678773079803,282864400
2014-05-08,18.467496871948242,18.669135633234205,18.417558519695508,18.475662258847553,230297200
2014-05-09,18.39055061340332,18.412849436099243,18.226914089638953,18.359142049014785,291597600
2014-05-12,18.6195125579834,18.645580406952167,18.44896699824468,18.451795026901866,213208800
2014-05-13,18.648723602294922,18.673221446646252,18.552617577648984,18.593446199994467,159737200
2014-05-14,18.652177810668945,18.76304795211365,18.585279661689565,18.60695115292176,166404000
2014-05-15,18.49357032775879,18.737923127288177,18.469072482270985,18.678249361381017,230846000
2014-05-16,18.766508102416992,18.767135435218,18.386158237997105,18.487604996834243,276256400
2014-05-19,18.988872528076172,19.074929490249847,18.76085051277841,18.777182968497833,317755200
2014-05-20,18.992639541625977,19.045717920383503,18.86763596753529,18.986357828554087,234836000
2014-05-21,19.042890548706055,19.055138630520133,18.909407927139004,18.96499898814725,196859600
2014-05-22,19.073040008544922,19.15407325954619,18.973478641407034,19.051997530097168,200760000
2014-05-23,19.28849983215332,19.307344970541426,19.047916102824804,19.072413944049394,232209600
2014-05-27,19.64969253540039,19.656915247744898,19.3356135768171,19.343465299177677,348866000
2014-05-28,19.59880828857422,19.781601924050133,19.591583900051916,19.66193740081599,315481600
2014-05-29,19.955917358398438,20.002715701868254,19.716903625266234,19.71941631051777,376474000
2014-05-30,19.881162643432617,20.23198743004681,19.752390071711638,20.037573068825512,564020800
2014-06-02,19.744548797607422,19.938649595279703,19.551390676513478,19.91132539339165,369350800
2014-06-03,20.02375602722168,20.06144630193723,19.73197761257794,19.73857299131321,292709200
2014-06-04,20.252405166625977,20.348828193983117,19.97884288160026,20.020615849736338,335482000
2014-06-05,20.331863403320312,20.395307849518364,20.182991037154338,20.295744820939216,303805600
2014-06-06,20.275964736938477,20.45467739692909,20.241417827256406,20.41196174330879,349938400
2014-06-09,20.60041046142578,20.63998442397192,20.171693931642903,20.38055548669398,301660000
2014-06-10,20.721328735351562,20.89721336373096,20.571827304437114,20.826859847851225,251108000
2014-06-11,20.635587692260742,20.833457501441146,20.549844387842622,20.69494779633471,182724000
2014-06-12,20.29041290283203,20.692747851327965,20.204669609199797,20.67515905331107,218996000
2014-06-13,20.0683650970459,20.323397714447744,19.980422757343174,20.270631304209736,218100000
2014-06-16,20.27062225341797,20.39154312618837,20.10573106910917,20.118923504458582,142244000
2014-06-17,20.24424171447754,20.38055069324112,20.182682604408832,20.29480740745114,118904000
2014-06-18,20.266225814819336,20.290409989279873,20.08374583565705,20.286011951727126,134056000
2014-06-19,20.195877075195312,20.292613795861357,20.08155155488812,20.290414776566152,142112000
2014-06-20,19.987014770507812,20.347576762633096,19.984815751296264,20.19367728766828,403592000
2014-06-23,19.969425201416016,20.143110810506027,19.918857825661657,20.077153655584713,174776000
2014-06-24,19.848506927490234,20.169494990561965,19.828720784820497,19.95183903439312,156144000
2014-06-25,19.866090774536133,19.94084064246355,19.709993982076004,19.833112200949362,147476000
2014-06-26,19.984813690185547,20.017792265516814,19.742973600022953,19.868290844393755,130516000
2014-06-27,20.222257614135742,20.226653974787496,19.956231667303552,19.967225084972995,256116000
2014-06-30,20.43111801147461,20.60700262038807,20.246439004379482,20.248638023264885,197929200
2014-07-01,20.56083106994629,20.68175194506467,20.475087786629587,20.56083106994629,152892000
2014-07-02,20.552038192749023,20.679552768658677,20.466293232725796,20.637781475412364,113860000
2014-07-03,20.672964096069336,20.6883538780179,20.49048405485037,20.593816166802327,91567200
2014-07-07,21.0994815826416,21.103877943970428,20.688352187943988,20.69714658796194,225872000
2014-07-08,20.96316146850586,21.281952035653283,20.64876893806918,21.165427545852097,260888000
2014-07-09,20.971961975097656,21.095080201118424,20.83345397082429,20.982955392718093,145744000
2014-07-10,20.895008087158203,21.007134546105473,20.56082772878662,20.61359410791453,158744000
2014-07-11,20.93458366394043,21.0818860430904,20.855435766441392,20.965363215483418,136072000
2014-07-14,21.205005645751953,21.301742344034803,21.029122722117517,21.07529205247255,171240000
2014-07-15,20.956567764282227,21.292945473055394,20.892809645761346,21.281953735119867,181911600
2014-07-16,20.837846755981445,21.347910047153704,20.829052358866093,21.319329514548613,213585200
2014-07-17,20.46629524230957,20.947778090203457,20.35197141331963,20.892814356055208,229192000
2014-07-18,20.76090431213379,20.829058814200515,20.4509080078427,20.582822328096086,199952000
2014-07-21,20.65317153930664,20.886217215695012,20.604803188955866,20.88401819685364,156316000
2014-07-22,20.824661254882812,20.862036194036243,20.692748619578843,20.81586685554786,220788000
2014-07-23,21.367698669433594,21.519397412680643,20.923590823763607,20.978554549796836,371672000
2014-07-24,21.332523345947266,21.396281476202475,21.198411705989756,21.334722364882957,182916000
2014-07-25,21.473228454589844,21.510603386370946,21.246778167803388,21.292947497184716,173876000
2014-07-28,21.770038604736328,21.81840696698805,21.446853204651344,21.506213309094615,221272000
2014-07-29,21.629329681396484,21.86237707227952,21.600749141344117,21.838192893250525,172572000
2014-07-30,21.578765869140625,21.699685097503014,21.473234744386232,21.642524012398024,132040000
2014-07-31,21.01812744140625,21.42485865810193,20.95876735831736,21.361102215190044,227372000
2014-08-01,21.13465118408203,21.242381294060145,20.84444277973078,20.8642305931928,194044000
2014-08-04,21.01593017578125,21.233587745768297,20.92359151555879,21.187418415657067,159832000
2014-08-05,20.912601470947266,21.03571969455345,20.745511255081734,20.96536618429849,223732000
2014-08-06,20.877426147460938,20.991751662407605,20.822462409179703,20.831256808587924,154232000
2014-08-07,20.875219345092773,21.20001229136859,20.791257818853737,20.974645516403218,186844000
2014-08-08,20.932662963867188,20.95033925058579,20.610078316918315,20.82660861496252,167460000
2014-08-11,21.20884132385254,21.228727560993384,20.95475026824934,21.04975816953739,146340000
2014-08-12,21.20443344116211,21.405495752946898,21.12489182520003,21.219899772837863,135180000
2014-08-13,21.485031127929688,21.485031127929688,21.21989360887581,21.244198078121126,127664000
2014-08-14,21.542476654052734,21.55794298011983,21.38781339338181,21.504915817275954,112464000
2014-08-15,21.64853286743164,21.69493184606584,21.40106996234613,21.63085658441772,195804000
2014-08-18,21.909252166748047,21.95565114543481,21.64853289195828,21.76121540346765,190288000
2014-08-19,22.211944580078125,22.24508718049797,21.944597191909384,21.96448342644236,277596000
2014-08-20,22.22079086303711,22.335683342803662,22.08380218442407,22.192068164521295,210796000
2014-08-21,22.222997665405273,22.30253924999209,22.11915161410009,22.220787708693678,133912000
2014-08-22,22.386505126953125,22.419647743793366,22.136833893403203,22.158928409395525,176736000
2014-08-25,22.43511199951172,22.57430895452825,22.37766491467965,22.490349127237806,161080000
2014-08-26,22.291492462158203,22.426271172534122,22.284864277336958,22.408594889208686,132608000
2014-08-27,22.565471649169922,22.66268953700048,22.24951519942402,22.320218658108953,209476000
2014-08-28,22.59198760986328,22.709090063214067,22.439532581921714,22.4461607682316,273840000
2014-08-29,22.647228240966797,22.735608005389377,22.58094299622391,22.726769860376738,178380000
2014-09-02,22.82398223876953,22.921198438942096,22.695831695697297,22.770953381544434,214256000
2014-09-03,21.860639572143555,22.801878729160986,21.781097997507878,22.779784221918376,501684000
2014-09-04,21.67946434020996,22.114731407247465,21.606550941022316,21.840755778252035,342872000
2014-09-05,21.86727523803711,21.96007321163032,21.721448406073414,21.82971439430225,233828000
2014-09-08,21.73249626159668,21.942396678413356,21.664002760768724,21.94018840695036,185426800
2014-09-09,21.65074348449707,22.77537224899579,21.241989088302557,21.89157823097379,759385200
2014-09-10,22.315797805786133,22.340102274886316,21.599925160052866,21.655162283334516,403478400
2014-09-11,22.410810470581055,22.413020427977166,22.010894152767644,22.185443701581608,249412400
2014-09-12,22.461624145507812,22.578726574676633,22.333473617634947,22.362196314280993,250504400
2014-09-15,22.45499610900879,22.76874426937705,22.413017039051553,22.715715414110022,245266000
2014-09-16,22.284860610961914,22.373240327345425,21.849591898478007,22.050655795393062,267632400
2014-09-17,22.44394874572754,22.492557684814493,22.225208519836247,22.375453565330808,243706000
2014-09-18,22.49034881591797,22.614079440886602,22.439529917403945,22.521281472160126,149197600
2014-09-19,22.30696678161621,22.614085150203074,22.2053306446317,22.600828775810587,283609600
2014-09-22,22.32906150817871,22.567686363681837,22.22300714064651,22.492564660488508,211153600
2014-09-23,22.67814826965332,22.74443347746284,22.214156872095238,22.227413239376,253608800
2014-09-24,22.481508255004883,22.724551250350792,22.35998591448035,22.572097942614654,240687200
2014-09-25,21.624231338500977,22.2517242994449,21.59108872477149,22.207535271607824,400368000
2014-09-26,22.260555267333984,22.260555267333984,21.741326771936237,21.770049462202365,249482000
2014-09-29,22.119150161743164,22.19206355711072,21.792145703723882,21.796565616856856,199065200
2014-09-30,22.260555267333984,22.43510473672695,22.211946340958374,22.273811634271766,221056400
2014-10-01,21.91367530822754,22.247308061063475,21.807619271946674,22.225211859464974,205965200
2014-10-02,22.072757720947266,22.143461180674464,21.661793334500597,21.93355907300999,191031200
2014-10-03,22.010887145996094,22.141245933908365,21.88273662907339,21.971116354044327,173878400
2014-10-06,22.010887145996094,22.2384637999467,21.966696440659103,22.0837988598218,148204800
2014-10-07,21.81866455078125,22.121364605073122,21.814246322455094,21.968909599419824,168376800
2014-10-08,22.271608352661133,22.340101844786684,21.721445401661523,21.820873233076206,229618800
2014-10-09,22.320215225219727,22.620705299840616,22.22962722288574,22.435109381476448,309506000
2014-10-10,22.25614356994629,22.54337561398651,22.16113564571143,22.247305427493824,265326400
2014-10-13,22.05286979675293,22.488138622344337,22.05286979675293,22.388712469140643,214333600
2014-10-14,21.81866455078125,22.209742657222513,21.778893753032705,22.18101995884429,254754400
2014-10-15,21.551313400268555,21.90704056248541,21.02987488990234,21.646321307302305,403734400
2014-10-16,21.26849937438965,21.591083925871065,21.08069351926935,21.111626169020788,288618000
2014-10-17,21.580036163330078,21.873898026230997,21.390020348650012,21.54247532886386,272718800
2014-10-20,22.041824340820312,22.08601336956386,21.701563425244125,21.7236579396159,310069200
2014-10-21,22.640594482421875,22.76211515360929,22.375455254397412,22.76211515360929,378495600
2014-10-22,22.755483627319336,23.002946533339706,22.669313854429852,22.722341017968812,273052400
2014-10-23,23.162031173706055,23.210640112398924,22.896891967845832,22.996319802182132,284298800
2014-10-24,23.248197555541992,23.30785289886569,23.095742576588215,23.239359414734224,188215600
2014-10-27,23.223901748657227,23.305653317332492,23.133312035878934,23.166454654839374,136750800
2014-10-28,23.584041595458984,23.584041595458984,23.276923326026655,23.28797142492264,192243600
2014-10-29,23.716615676879883,23.723245549127476,23.50008704982585,23.564162329257154,210751600
2014-10-30,23.63707160949707,23.718821476815226,23.398446821518196,23.63265169544007,162619200
2014-10-31,23.862438201904297,23.87127634426347,23.687888683143008,23.864648158919913,178557200
2014-11-03,24.17176628112793,24.370620268630454,23.864648000425305,23.911046983225347,209130400
2014-11-04,23.995004653930664,24.191648666791295,23.800570597872714,24.162925971168924,166297600
2014-11-05,24.052444458007812,24.149662299492054,23.891151374245556,24.105471605316207,149743600
2014-11-06,24.12124252319336,24.141214994066274,23.921527972540424,24.09905220567778,139874000
2014-11-07,24.190032958984375,24.258823446211558,24.087956151384738,24.13233678320629,134766000
2014-11-10,24.150094985961914,24.261048282753418,24.114589118342415,24.192256087493877,108782000
2014-11-11,24.343154907226562,24.354250915144856,24.054677324495128,24.12124829296556,109769200
2014-11-12,24.68710708618164,24.727050338401146,24.269923324232366,24.27214117106861,187769600
2014-11-13,25.035507202148438,25.175307776673726,24.764780828897578,24.809163172962734,238091600
2014-11-14,25.337291717529297,25.339511257227954,24.67822894708576,25.108728225937146,176254400
2014-11-17,25.295135498046875,26.025208491349503,25.142021079327044,25.357269081644855,186986800
2014-11-18,25.62355613708496,25.672375861423053,25.272943292305083,25.284039299841215,176896000
2014-11-19,25.446029663085938,25.68346965967402,25.252972002737177,25.616898694834557,167476800
2014-11-20,25.80994987487793,25.931999152625938,25.48596652023446,25.49928206426953,173582000
2014-11-21,25.845455169677734,26.089552026822414,25.74781574961484,26.07623817609113,228717200
2014-11-24,26.32477569580078,26.355842480049045,25.878744710659515,25.929782273490478,189803200
2014-11-25,26.096216201782227,26.573315737339147,26.062929872694436,26.422419179419123,275361600
2014-11-26,26.40688705444336,26.429077377231028,26.14725672250013,26.171666585470497,163073200
2014-11-28,26.39134407043457,26.495640411957076,26.19606693063471,26.466791479102984,99257600
2014-12-01,25.534793853759766,26.462363562496954,24.691548048357557,26.36472411115206,335256000
2014-12-02,25.437150955200195,25.68568693720901,25.01996718937638,25.186397126334537,237395600
2014-12-03,25.725637435913086,25.81883782053822,25.543674054639244,25.685694172071834,172253600
2014-12-04,25.627992630004883,26.0074527109192,25.583611987435123,25.690126206807744,168178000
2014-12-05,25.519258499145508,25.758918028764942,25.439371989272363,25.738945554790174,153275600
2014-12-08,24.942302703857422,25.441592564371863,24.769215823094502,25.319543254596454,230659600
2014-12-09,25.3239803314209,25.3639235848227,24.265484962779553,24.451887376325605,240832000
2014-12-10,24.842445373535156,25.485974908628606,24.75146453991536,25.388337147306526,178261200
2014-12-11,24.769210815429688,25.252967183535073,24.707075556552343,24.911230878266803,165606800
2014-12-12,24.349815368652344,24.824695423631177,24.316529035394094,24.511806261222183,224112400
2014-12-15,24.016952514648438,24.764776687185563,23.599767015273486,24.5650604048266,268872400
2014-12-16,23.688526153564453,24.44522836371554,23.57979240919822,23.604202267139403,243162800
2014-12-17,24.278793334960938,24.37421151393368,23.704054563791125,23.770627197459795,213647200
2014-12-18,24.99777603149414,24.99777603149414,24.556182420949586,24.82468917374365,236024800
2014-12-19,24.804719924926758,25.128703363614193,24.778092215974358,24.91123583977545,353719200
2014-12-22,25.0621280670166,25.18417566232007,24.846878427447695,24.88904121668652,180670000
2014-12-23,24.97337532043457,25.14868178219442,24.95562238159507,25.12649145515176,104113600
2014-12-24,24.855754852294922,25.011088770793567,24.855754852294922,24.982241526790315,57918400
2014-12-26,25.295135498046875,25.41274573743065,24.855761332310767,24.87573211574733,134884000
2014-12-29,25.27737808227539,25.468216174004688,25.230776212943674,25.250748684516232,110395600
2014-12-30,24.968929290771484,25.27959886195474,24.87794846731103,25.21746528632068,119526000
2014-12-31,24.494049072265625,25.104292201680494,24.456325357861267,25.035501699765142,165613600
2015-01-02,24.261045455932617,24.729268449277928,23.821669706907244,24.71817244368647,212818400
2015-01-05,23.577577590942383,24.110153799834524,23.391176848987335,24.030267283850048,257142000
2015-01-06,23.579792022705078,23.83942229690088,23.218083238966898,23.64192558989593,263188400
2015-01-07,23.910438537597656,24.010295840363796,23.677435907125776,23.788389218205115,160423600
2015-01-08,24.82912826538086,24.886824452930725,24.121245700213183,24.23885761526062,237458000
2015-01-09,24.855754852294922,25.130918519212265,24.456322357565924,25.002212305020397,214798000
2015-01-12,24.243288040161133,24.993331490866538,24.14343078035858,24.986674565948025,198603200
2015-01-13,24.458539962768555,25.0310592622604,24.16784292699338,24.727046682372265,268367600
2015-01-14,24.365346908569336,24.518461321069434,24.076867632996397,24.196697407787628,195826400
2015-01-15,23.704063415527344,24.4230403397773,23.668559239188266,24.409726485276778,240056000
2015-01-16,23.51988410949707,23.872716544612825,23.344577662152087,23.750667216393758,314053200
2015-01-20,24.12567901611328,24.18115565046122,23.633046232221588,23.930400179680525,199599600
2015-01-21,24.309864044189453,24.644941726946904,24.02582222854224,24.176718755318422,194303600
2015-01-22,24.942302703857422,24.957836098464018,24.34759293561303,24.467422705298063,215185600
2015-01-23,25.071002960205078,25.24187026011724,24.749237444378423,24.920106437303215,185859200
2015-01-26,25.097631454467773,25.377234192519005,25.03106050265451,25.23965151661796,222460000
2015-01-27,24.218887329101562,24.96005628837227,24.194477466510985,24.94674074049636,382274800
2015-01-28,25.588048934936523,26.21160761831203,25.588048934936523,26.102872167761888,585908400
2015-01-29,26.384693145751953,26.44904625819923,25.64352427568064,25.81217375336961,337745600
2015-01-30,25.998573303222656,26.62878711906101,25.92978111858312,26.27373696274273,334982000
2015-02-02,26.32477569580078,26.44460544633527,25.758914960125022,26.196071172349157,250956400
2015-02-03,26.329214096069336,26.42685183275398,26.09843106688366,26.29592777294408,207662800
2015-02-04,26.531147003173828,26.74195924487378,26.25376381121019,26.29592659815271,280598800
2015-02-05,26.72052001953125,26.785127115673475,26.566799628720617,26.738341318709153,168984800
2015-02-06,26.495498657226562,26.789571221356812,26.388562406772817,26.738330545167845,174826400
2015-02-09,26.67150115966797,26.69823395180452,26.384111746339844,26.41084623817071,155559200
2015-02-10,27.183897018432617,27.212859806856603,26.769523480976726,26.771750080321528,248034000
2015-02-11,27.821062088012695,27.829973586883128,27.290840652931514,27.350991145688674,294247200
2015-02-12,28.17304801940918,28.4002869056664,27.974771918481316,28.08393476400819,297898000
2015-02-13,28.311182022094727,28.355737813123717,27.99260318712347,28.355737813123717,217088800
2015-02-17,28.4782657623291,28.71218788961449,28.27553302538919,28.402518885994155,252609600
2015-02-18,28.676546096801758,28.689912494707233,28.393611543375854,28.433712436786827,179566800
2015-02-19,28.61639404296875,28.745608222318186,28.58966124703063,28.623077241953283,149449600
2015-02-20,28.850318908691406,28.850318908691406,28.527285129746105,28.654269321738926,195793600
2015-02-23,29.63006591796875,29.63006591796875,28.885973349115567,28.966175167275157,283896400
2015-02-24,29.44514274597168,29.763723273660514,29.222360396316702,29.616686107034898,276912400
2015-02-25,28.6921443939209,29.318165806360845,28.549563790946433,29.309252606518225,298846800
2015-02-26,29.055267333984375,29.15551868971371,28.206467309747538,28.69213109498162,365150000
2015-02-27,28.618623733520508,29.088694653566876,28.569611341903233,28.96170707545237,248059200
2015-03-02,28.758981704711914,29.024093327702328,28.582985089116146,28.794627707669775,192386800
2015-03-03,28.81913185119629,28.854777851607913,28.536197246937284,28.73002024955693,151265200
2015-03-04,28.636444091796875,28.863683059023995,28.587435098266674,28.76120507338472,126665200
2015-03-05,28.16191291809082,28.683222713100978,28.017104075134394,28.645350127930662,226068400
2015-03-06,28.204246520996094,28.82135291218888,28.128501334221365,28.605253750386986,291368400
2015-03-09,28.324548721313477,28.865911616282308,27.861161011018062,28.507230185990295,354114000
2015-03-10,27.738630294799805,28.34237024672098,27.5804550335683,28.161917090893873,275426400
2015-03-11,27.23291778564453,27.796556937791422,27.203956687995984,27.792102038035754,275756000
2015-03-12,27.725261688232422,27.825514761609913,27.097015553905447,27.248507613940752,193450800
2015-03-13,27.533666610717773,27.936903772999813,27.308657687229754,27.714121448972215,207309200
2015-03-16,27.836654663085938,27.836654663085938,27.3732686550269,27.598277610489713,143497200
2015-03-17,28.302268981933594,28.364647765853334,27.992601661978895,28.04829724757786,204092400
2015-03-18,28.6208438873291,28.774564226472226,28.153001372186637,28.293353616821133,261083600
2015-03-19,28.404747009277344,28.79461608587527,28.38246911626775,28.683224921133004,183238000
2015-03-20,28.048297882080078,28.605252050974638,27.883439420892177,28.57183605861484,274780400
2015-03-23,28.34014129638672,28.48272185815682,28.186420937727494,28.320091701619532,150838800
2015-03-24,28.224300384521484,28.525054559149737,28.19533758719538,28.344603074189592,131369200
2015-03-25,27.486886978149414,28.253258840820795,27.486886978149414,28.190880051941875,206620800
2015-03-26,27.678478240966797,27.821058806687994,27.313115328844432,27.34876132012194,190291600
2015-03-27,27.457921981811523,27.780955678190416,27.382176805990813,27.75199458738149,158184800
2015-03-30,28.153011322021484,28.1596945217907,27.625016444221654,27.636156243633515,188398800
2015-03-31,27.720809936523438,28.17974106769297,27.70521523885344,28.090627781138174,168362400
2015-04-01,27.680713653564453,27.874534956630463,27.424513549427502,27.807699555657397,162485600
2015-04-02,27.91908836364746,27.972555660024614,27.667344880997593,27.85448126816499,128880400
2015-04-06,28.371334075927734,28.40698007047401,27.698532075965176,27.729721471345883,148776000
2015-04-07,28.07280921936035,28.542878494849756,28.066126019663994,28.435943900318566,140049200
2015-04-08,27.981464385986328,28.15969095583819,27.841112109521802,28.037159976603217,149316800
2015-04-09,28.195335388183594,28.19979198728373,27.77205025717625,28.03716011401972,129936000
2015-04-10,28.315635681152344,28.34014187505331,27.905716982616923,28.059435644720505,160752000
2015-04-13,28.25994110107422,28.6431287193776,28.206473812338743,28.598569529324855,145460400
2015-04-14,28.137418746948242,28.357972854457266,28.050533743999388,28.293365752319293,102098400
2015-04-15,28.24435043334961,28.322323927981227,28.072808745160057,28.16192203889392,115881600
2015-04-16,28.10845184326172,28.31563951998062,28.09508544466522,28.132958040485054,113476000
2015-04-17,27.792102813720703,28.10177019607035,27.72749571744488,27.970329403426064,207828000
2015-04-20,28.427026748657227,28.54287281964804,27.88566558485998,27.974778862380663,188217200
2015-04-21,28.27330780029297,28.56069552534772,28.219838814506353,28.538419330811536,129740400
2015-04-22,28.654266357421875,28.709961948008925,28.14186794383772,28.29113171868433,150618000
2015-04-23,28.88818359375,29.05527033703108,28.54732690940768,28.582972897160882,183083600
2015-04-24,29.02408790588379,29.102063097864274,28.790165729331633,29.070873700949942,178103600
2015-04-27,29.552072525024414,29.65901048306041,29.21789905478567,29.476327354290163,387816800
2015-04-28,29.086463928222656,29.973136755491907,28.86591157083985,29.95531715842963,475696000
2015-04-29,28.65872573852539,29.315933091372774,28.582980543827464,28.997355913995918,253544400
2015-04-30,27.881210327148438,28.658720221632425,27.75422446071584,28.658720221632425,332781600
2015-05-01,28.727787017822266,28.990671992044348,27.914632696332507,28.09285757925445,234050400
2015-05-04,28.672088623046875,29.088693941596958,28.57406384221156,28.850315188257536,203953200
2015-05-05,28.026020050048828,28.61639191231994,28.021563451261255,28.549556528061796,197085600
2015-05-06,27.850027084350586,28.23766796751676,27.482435800455796,28.195338769461948,288564000
2015-05-07,28.022281646728516,28.20572617815687,27.744876389021886,27.91266108386956,175763600
2015-05-08,28.55024528503418,28.55024528503418,28.212438276395325,28.339954580653217,222201600
2015-05-11,28.259414672851562,28.53681820285766,28.105052219051004,28.498787417855624,168143200
2015-05-12,28.158750534057617,28.384699391912346,27.92385124630615,28.098347079815507,192640000
2015-05-13,28.19007110595703,28.45405247207108,28.158751427502352,28.221390784411707,138776800
2015-05-14,28.847782135009766,28.847782135009766,28.447337485428147,28.503265718886325,180814000
2015-05-15,28.80751609802246,28.968589687117905,28.682237398412347,28.874630662410322,152832000
2015-05-18,29.125185012817383,29.243752584935958,28.715789967854153,28.720265181968493,203531600
2015-05-19,29.098342895507812,29.279549825447738,29.00214455904792,29.237043821913492,178532800
2015-05-20,29.09610366821289,29.301919157992057,28.935030082544245,29.082681438338582,145819600
2015-05-21,29.393646240234375,29.44733858055364,29.044654562131463,29.09834690245073,158921600
2015-05-22,29.650909423828125,29.74710775614542,29.3958768271936,29.440622142832332,182384000
2015-05-26,28.99767303466797,29.733690591069326,28.885816553696607,29.664340119041306,282790400
2015-05-27,29.539052963256836,29.588270079591037,29.093866429490628,29.15874167542845,183332800
2015-05-28,29.480897903442383,29.518928702568754,29.328774706936898,29.49879535248821,122933200
2015-05-29,29.145322799682617,29.40706654107393,29.060310786489495,29.35784941907672,203538000
2015-06-01,29.203489303588867,29.393646691582546,29.093872134105272,29.145325160874897,128451200
2015-06-02,29.073734283447266,29.23033265387691,28.930558142827525,29.051361624705123,134670400
2015-06-03,29.109529495239258,29.292975762426405,29.060312370559238,29.23033640621345,123934000
2015-06-04,28.939510345458984,29.212440445810152,28.838840190251535,28.988727472642903,153800400
2015-06-05,28.780672073364258,29.013335472547762,28.715796814385378,28.970829462297566,142507200
2015-06-08,28.59050941467285,28.90594542416915,28.37350762773608,28.836591557483697,210699200
2015-06-09,28.50550079345703,28.653152144770022,28.102818548301414,28.34442721267711,224301600
2015-06-10,28.83212661743164,28.935032664710334,28.601700840995957,28.61736067951155,156349200
2015-06-11,28.767244338989258,29.122947072116407,28.74263578058238,28.899234146086,141563600
2015-06-12,28.44957160949707,28.709079415800698,28.43614938047934,28.677759743563243,147544800
2015-06-15,28.393644332885742,28.46523240137418,28.12295189557652,28.210199800709486,175955600
2015-06-16,28.545766830444336,28.601695057661818,28.270600908338984,28.418250540660235,125976400
2015-06-17,28.478662490844727,28.608414719593775,28.353382063825755,28.572621531013038,131672400
2015-06-18,28.608409881591797,28.704606513151777,28.460760230124308,28.462997837405496,141628800
2015-06-19,28.32205581665039,28.594985856820955,28.277313914600267,28.570377298655142,218867600
2015-06-22,28.548011779785156,28.64868193195067,28.429444180676377,28.52116560937026,136157200
2015-06-23,28.418258666992188,28.548012600871054,28.38470137970703,28.518930528847665,121075600
2015-06-24,28.659866333007812,29.037941766950528,28.43839098908134,28.458524335440853,221123600
2015-06-25,28.523399353027344,28.90371066168334,28.523399353027344,28.827649082669843,127752400
2015-06-26,28.35561752319336,28.633021114156875,28.30192689099271,28.561433035624535,176267200
2015-06-29,27.858972549438477,28.292976205511472,27.84778792635272,28.067025654929786,196645600
2015-06-30,28.060312271118164,28.21467473565285,27.932795972048606,28.09163194409706,177482800
2015-07-01,28.32205581665039,28.39811909828859,28.18559079656511,28.389170376519733,120955200
2015-07-02,28.286264419555664,28.342192654041153,28.136375453970906,28.284026812273847,108844000
2015-07-06,28.187828063964844,28.239282786817057,27.93055786329205,27.950692913727835,112241600
2015-07-07,28.11848258972168,28.221390346876525,27.68895240781281,28.16322449916485,187787200
2015-07-08,27.42049217224121,27.88357784222401,27.41378105781733,27.847784663031955,243046400
2015-07-09,26.861207962036133,27.753821959364338,26.67105233749369,27.706842454956956,314380000
2015-07-10,27.579336166381836,27.706852497935632,27.116250361602837,27.27956158956206,245418000
2015-07-13,28.111766815185547,28.134137766199725,27.811990609854252,27.970826580887323,165762000
2015-07-14,28.100582122802734,28.270604432641733,27.973065817122052,28.196778753880743,127072400
2015-07-15,28.37127685546875,28.445102540173007,28.093873269458246,28.125192946582285,134596800
2015-07-16,28.749345779418945,28.76277142187389,28.489839682828933,28.57708758405088,144889600
2015-07-17,28.99767303466797,28.99767303466797,28.70460960069722,28.87686953719801,184658800
2015-07-20,29.54576873779297,29.747109012316272,29.239279697949044,29.299683145741415,235600800
2015-07-21,29.250469207763672,29.735925916150965,29.154274274513167,29.72026778418432,307025600
2015-07-22,28.013334274291992,28.075973623632137,27.290740736017007,27.290740736017007,461802400
2015-07-23,27.999910354614258,28.43167465891091,27.97753769680489,28.232570293325455,203998000
2015-07-24,27.852256774902344,28.12966030021993,27.718029372767642,28.03570128940504,168649200
2015-07-27,27.465238571166992,27.653158339783495,27.31982651671652,27.536826648069855,177822000
2015-07-28,27.601703643798828,27.720272943099157,27.416023189184777,27.601703643798828,134472400
2015-07-29,27.51445198059082,27.62854604946669,27.353378402599983,27.550246867608408,148046800
2015-07-30,27.375751495361328,27.420493398050073,27.22810014425895,27.364565166292053,134513200
2015-07-31,27.136384963989258,27.436159535798794,27.04913703895248,27.427210811846997,171540000
2015-08-03,26.496559143066406,27.42049290049796,26.29074195676792,27.181120141188885,279904000
2015-08-04,25.646453857421875,26.331014975776036,25.335492976418223,26.26837561942918,496554400
2015-08-05,25.816471099853516,26.27284565776525,25.078217787126924,25.26837342622495,397250400
2015-08-06,25.872652053833008,26.180526675744893,25.645680481913917,26.061422408109753,211612000
2015-08-07,25.960294723510742,26.12434512903234,25.731075417412494,25.749053872857033,154681600
2015-08-10,26.90414810180664,26.964823257152304,26.18727291592603,26.18727291592603,219806400
2015-08-11,25.504108428955078,26.558072064951187,25.46815322370906,26.474922973881796,388331200
2015-08-12,25.89737892150879,25.93782960005388,24.63666810712716,25.288372721677934,404870000
2015-08-13,25.87714958190918,26.15805654281892,25.740066847823627,26.077155200915314,194143200
2015-08-14,26.059179306030273,26.137832919914096,25.62096508973455,25.69062947424305,171718000
2015-08-17,26.32884979248047,26.438964846684726,25.955804506474045,26.07715652549348,163538800
2015-08-18,26.180524826049805,26.39176737758443,26.07040979397144,26.164794107181464,138242800
2015-08-19,25.845685958862305,26.185020304557398,25.771526115954153,26.090635985139684,193146000
2015-08-20,25.315332412719727,25.69736514474302,25.0861114018899,25.63669000335854,274006400
2015-08-21,23.766969680786133,25.14678413224432,23.742249738290994,24.816437368463376,513102000
2015-08-24,23.173702239990234,24.450143592679783,20.674753193310664,21.31971621993792,648825200
2015-08-25,23.31302833557129,24.969256274672787,23.25909468303851,24.969256274672787,414406400
2015-08-26,24.650150299072266,24.69509473086913,23.60742370779942,24.065862398591992,387098400
2015-08-27,25.37601089477539,25.44792300842983,24.724306400364522,25.220951417704274,338464400
2015-08-28,25.459156036376953,25.463649792683043,25.06588635058288,25.20746282024163,212657600
2015-08-31,25.340055465698242,25.737818965695475,25.169263554370836,25.176005047071126,224917200
2015-09-01,24.207439422607422,25.14229693113925,24.12653807774639,24.75352264315936,307383600
2015-09-02,25.245664596557617,25.245664596557617,24.52429586873507,24.771495317273377,247555200
2015-09-03,24.80296516418457,25.34455297027077,24.728805304475586,25.279382340331384,212935600
2015-09-04,24.555757522583008,24.82093371239402,24.38496735692281,24.48834089335494,199985200
2015-09-08,25.23892593383789,25.29510732125327,24.79172257007705,25.113080174673804,219374400
2015-09-09,24.753522872924805,25.62320976647334,24.668126055601,25.56478235038033,340043200
2015-09-10,25.29736328125,25.456918267640265,24.697346280066803,24.780493663180913,251571200
2015-09-11,25.665908813476562,25.665908813476562,25.11533181697058,25.122073310185897,199662000
2015-09-14,25.913105010986328,26.268171824207496,25.811979189970696,26.198507445930954,233453600
2015-09-15,26.13109016418457,26.187271559176203,25.71310044828522,26.05243655410031,173364800
2015-09-16,26.160303115844727,26.18951682125369,25.942319049544135,26.12434620347682,148694000
2015-09-17,25.600732803344727,26.178277365751573,25.555788381682785,25.99175647278671,256450400
2015-09-18,25.495119094848633,25.68613722991624,25.140053943468565,25.216459825879372,297141200
2015-09-21,25.89063262939453,25.92658954344671,25.542309025744235,25.544555046982474,200888000
2015-09-22,25.483882904052734,25.659168594435812,25.28612328247574,25.479387432005858,201384800
2015-09-23,25.690628051757812,25.780518626013613,25.461408716199617,25.53556685402956,143026800
2015-09-24,25.843441009521484,25.955803796519405,25.252413367139653,25.450171255028767,200878000
2015-09-25,25.778268814086914,26.223226177832004,25.62320762884666,26.167044787761764,224607600
2015-09-28,25.268152236938477,25.746817246677093,25.268152236938477,25.585014506900485,208436000
2015-09-29,24.50857162475586,25.508601501548267,24.238901609957985,25.355788035957435,293461600
2015-09-30,24.7872371673584,25.065896462787887,24.43441800406221,24.75802173876339,265892000
2015-10-01,24.62542724609375,24.634416474225127,24.115299265387996,24.510816730568678,255716400
2015-10-02,24.805204391479492,24.946782578421423,24.169232418788503,24.272605961044,232079200
2015-10-05,24.89510154724121,25.027690542011847,24.51082097924402,24.692848165526833,208258800
2015-10-06,25.014196395874023,25.110828435402105,24.668118898832045,24.86138297788821,192787200
2015-10-07,24.89510154724121,25.1175794098669,24.587228574345122,25.110837916229798,187062400
2015-10-08,24.607452392578125,24.762513600136728,24.317556172347793,24.762513600136728,247918400
2015-10-09,25.196231842041016,25.232187042142122,24.605202488226055,24.719813010430943,211064400
2015-10-12,25.079370498657227,25.337805218512766,25.043415302979504,25.333311461997994,121868800
2015-10-13,25.1220703125,25.270388289099376,24.87262480617747,24.904086247108243,132197200
2015-10-14,24.767004013061523,25.06139395100104,24.620932054675972,25.009708031807985,177849600
2015-10-15,25.13780403137207,25.19173769161226,24.829929363232353,24.92880916910616,150694000
2015-10-16,24.953535079956055,25.16927148695895,24.838924524369325,25.11983157221485,156930400
2015-10-19,25.10858726501465,25.11308102177071,24.74453124505576,24.89959242819898,119036800
2015-10-20,25.567031860351562,25.656922447132715,24.90409199756618,25.020948560217445,195871200
2015-10-21,25.564777374267578,25.973777779908374,25.55129267627694,25.618711022670823,167180800
2015-10-22,25.955801010131836,25.955801010131836,25.641184897408078,25.69287252826722,166616400
2015-10-23,26.760326385498047,26.794035570324375,26.14233095025673,26.225478329705258,237467600
2015-10-26,25.906360626220703,26.546828088370084,25.825459292631326,26.535592839800355,265335200
2015-10-27,25.742319107055664,26.18952258734163,25.616471600580372,25.933335531135977,279537600
2015-10-28,26.803014755249023,26.809757961734682,26.08164596806831,26.277157807676474,342205600
2015-10-29,27.08617401123047,27.122130927170247,26.578293717961888,26.674925786399893,204909200
2015-10-30,26.854705810546875,27.241234068084648,26.843468846157037,27.189546432219462,197461200
2015-11-02,27.232242584228516,27.27269325235393,26.87942353455905,27.146847491305937,128813200
2015-11-03,27.544612884521484,27.751359996222238,27.124375453862754,27.144601646594364,182076000
2015-11-04,27.416519165039062,27.825519628264583,27.331124066834178,27.67045843843886,179544400
2015-11-05,27.290132522583008,27.68960036820362,27.123124252036362,27.500021969809346,158210800
2015-11-06,27.321733474731445,27.49099913241602,27.222432126420824,27.33301854065414,132169200
2015-11-09,27.211143493652344,27.49099552888714,27.093786743992297,27.299161486362152,135485600
2015-11-10,26.353532791137695,26.646927276347803,26.193294847382997,26.382873272774255,236511600
2015-11-11,26.204574584960938,26.50022464567781,26.001455499718507,26.26325381444406,180872000
2015-11-12,26.11655616760254,26.36481205794659,26.100758112449522,26.238427616722465,130102400
2015-11-13,25.353731155395508,26.08270248717664,25.33793310037159,25.999197498130858,183249600
2015-11-16,25.768999099731445,25.78253979888415,25.051312773035,25.137073404100477,152426800
2015-11-17,25.658418655395508,25.965353867662554,25.574913640252767,25.936013383549465,110467600
2015-11-18,26.47089195251465,26.516028772076655,26.066911046555308,26.12559028947335,186698800
2015-11-19,26.807165145874023,27.026082330436413,26.351277082552787,26.54988149358771,173183200
2015-11-20,26.92452049255371,27.064445646040554,26.822960080463307,26.901950364183147,137148400
2015-11-23,26.5747013092041,27.021563286288874,26.482168614034364,26.917745528146632,129930000
2015-11-24,26.82973289489746,26.935806309290797,26.43252408260051,26.479918257186196,171212800
2015-11-25,26.637893676757812,26.908719692866494,26.613067915568045,26.90420497890897,85553200
2015-11-27,26.58824348449707,26.72365736025514,26.54084931672533,26.696574240731735,52185600
2015-11-30,26.698835372924805,26.949348667896203,26.57470654321494,26.628871068061425,156721200
2015-12-01,26.48216438293457,26.81392520775747,26.373835371885413,26.80038451184097,139409600
2015-12-02,26.242944717407227,26.65595329488644,26.197807901863122,26.48217293913744,133546400
2015-12-03,25.999204635620117,26.358048729474284,25.778031804567277,26.303884200502473,166278000
2015-12-04,26.86357879638672,26.913230314392845,25.978884343113567,26.019508155858695,231108000
2015-12-07,26.694320678710938,27.05090738809892,26.588247264487748,26.852302982269016,128336800
2015-12-08,26.68303680419922,26.76654008635242,26.373844275475854,26.522797146418345,137238000
2015-12-09,26.093990325927734,26.561163399170145,25.972118864839405,26.54987833501308,185445600
2015-12-10,26.218114852905273,26.391895181482443,26.069162007412285,26.18877609957485,116850800
2015-12-11,25.54330825805664,26.04207736666678,25.468830978734992,25.996940560819052,187544800
2015-12-14,25.385337829589844,25.43047465342069,24.77823773446605,25.317630871984115,257274800
2015-12-15,24.936214447021484,25.457553806738282,24.904618330900366,25.2634623952176,213292400
2015-12-16,25.128042221069336,25.274739421745334,24.55479755936229,25.067107361453118,224954000
2015-12-17,24.595428466796875,25.333425952975965,24.595428466796875,25.281517062002127,179091200
2015-12-18,23.929645538330078,24.717294437424858,23.879994012440843,24.57962664544879,385813200
2015-12-21,24.223039627075195,24.232067333638206,23.82582914759757,24.21175456340669,190362400
2015-12-22,24.200469970703125,24.31105635713073,24.024432284612054,24.23883643021858,131157600
2015-12-23,24.511913299560547,24.566077803710616,24.193693178729482,24.209491230850695,130629600
2015-12-24,24.381019592285156,24.59993673598354,24.36296417959976,24.59993673598354,54281600
2015-12-28,24.10794448852539,24.304293280693386,23.96350459147976,24.28172314776925,106816800
2015-12-29,24.5412540435791,24.696978942768958,24.116962236481932,24.139530638225423,123724800
2015-12-30,24.220783233642578,24.53223137409268,24.18918712034441,24.50514997518513,100855200
2015-12-31,23.7558650970459,24.155331186933395,23.656562052885878,24.150818194861966,163649200
2016-01-04,23.77617835998535,23.78069307433639,23.020125560934314,23.15779507703764,270597600
2016-01-05,23.180368423461914,23.889027204011935,23.112663190498044,23.86645879302398,223164000
2016-01-06,22.72673225402832,23.103631715714023,22.5394129236889,22.695136139423642,273829600
2016-01-07,21.767555236816406,22.598085174079145,21.763042245149517,22.27083903968046,324377600
2016-01-08,21.882661819458008,22.367890333756343,21.837525004022453,22.24150587304948,283192000
2016-01-11,22.23698616027832,22.35660024397062,21.96841751978212,22.33628919814759,198957600
2016-01-12,22.559720993041992,22.724473616163657,22.306950387742376,22.692877505733563,196616800
2016-01-13,21.979711532592773,22.837324957215987,21.959400478498694,22.640976158342607,249758400
2016-01-14,22.46042251586914,22.677084062682308,21.607323917031994,22.108350515551393,252680400
2016-01-15,21.921022415161133,22.0519215554773,21.52155636775472,21.711133008053714,319335600
2016-01-19,21.81495475769043,22.26407240430035,21.553156429023584,22.209907885970967,212350800
2016-01-20,21.844295501708984,22.160258377469596,21.083727931282407,21.462883037823314,289337600
2016-01-21,21.73370933532715,22.090294316035074,21.426774163732585,21.905230614502393,208646000
2016-01-22,22.889232635498047,22.89826034480261,22.20088658915535,22.259564116845755,263202000
2016-01-25,22.442363739013672,22.914049749437755,22.390454860586807,22.911792392499496,207178000
2016-01-26,22.566492080688477,22.76735381293576,22.133172504729767,22.552951382020684,300308000
2016-01-27,21.083728790283203,21.808185560146175,21.065673374507742,21.675030742985395,533478800
2016-01-28,21.23493766784668,21.331983369121573,20.851269577332417,21.167232445798984,222715200
2016-01-29,21.968420028686523,21.968420028686523,21.29361489793478,21.39291794714496,257666000
2016-02-01,21.763046264648438,21.826238490808326,21.53058840904926,21.77207397150828,163774000
2016-02-02,21.322961807250977,21.675033856144044,21.277823261329132,21.53510694657552,149428800
2016-02-03,21.744991302490234,21.855577700566506,21.232681411033212,21.44031350754431,183857200
2016-02-04,21.919710159301758,22.085356766465924,21.599764974508048,21.751795677432735,185886800
2016-02-05,21.334280014038086,21.99232560862704,21.259400318732908,21.9015604005454,185672400
2016-02-08,21.558923721313477,21.715491926616043,21.111906511618695,21.132327774013778,216085600
2016-02-09,21.554380416870117,21.769947955817923,21.313854139022947,21.39554263549972,177324800
2016-02-10,21.391008377075195,21.862986081295205,21.35243372569629,21.765413784088206,169374400
2016-02-11,21.26166534423828,21.49311668038653,21.009792747889836,21.282088335640594,200298800
2016-02-12,21.327476501464844,21.44320220444781,21.105103522151456,21.37285997871436,161405600
2016-02-16,21.928791046142578,21.976442392090075,21.4681596374477,21.561192723001657,196231600
2016-02-17,22.26462173461914,22.285042998016483,21.817604502985187,21.935598064308735,179452800
2016-02-18,21.842561721801758,22.439339989629463,21.80398534468879,22.427993690854684,156084000
2016-02-19,21.792638778686523,21.956015771329387,21.73818035820623,21.78356208673948,141496800
2016-02-22,21.983253479003906,21.987792692511743,21.765417973100963,21.853913593273948,137123200
2016-02-23,21.486309051513672,21.897019431952153,21.45454149342462,21.874328566345984,127770400
2016-02-24,21.806257247924805,21.86979237287173,21.175441748519887,21.325204598353906,145022800
2016-02-25,21.956022262573242,21.956022262573242,21.613384397880644,21.79491482808662,110330800
2016-02-26,21.99005699157715,22.241927881981823,21.9151755675962,22.05585999073366,115964400
2016-02-29,21.940135955810547,22.289580868475824,21.931059262224167,21.97871060515094,140865200
2016-03-01,22.811477661132812,22.865936091199217,22.10578075164718,22.1579713067291,201628400
2016-03-02,22.86139678955078,22.89316434882669,22.6095241901474,22.806938363820958,132678400
2016-03-03,23.031579971313477,23.079231308337462,22.793321554991476,22.822821238293518,147822800
2016-03-04,23.374217987060547,23.54213247127571,23.002082248420404,23.22899436862547,184220400
2016-03-07,23.115543365478516,23.333378840786693,22.90905245994117,23.23353693206952,143315600
2016-03-08,22.92493438720703,23.090581019517717,22.78198035500638,22.868206349336596,126247600
2016-03-09,22.945350646972656,23.049729998276305,22.75247398985753,22.988462765883884,108806800
2016-03-10,22.956693649291992,23.19948949433981,22.725244100196623,23.011153792421716,134054400
2016-03-11,23.204036712646484,23.208574193872277,23.03158299562731,23.199497500218392,109632800
2016-03-14,23.263031005859375,23.351528330026163,23.095116512952448,23.124616198075437,100304400
2016-03-15,23.730472564697266,23.866619505600863,23.564825936942995,23.589786411415588,160270800
2016-03-16,24.045875549316406,24.12302483245281,23.732735742887154,23.737274954366907,153214000
2016-03-17,24.007305145263672,24.1593358638334,23.816698047114713,23.943768291745858,137682800
2016-03-18,24.034530639648438,24.166140080929782,23.868885766313326,24.12983331180305,176820800
2016-03-21,24.03226661682129,24.427093272745285,23.857543291998166,24.036804098088368,142010800
2016-03-22,24.216064453125,24.345404306856626,23.873426628564893,23.882503322132305,129777600
2016-03-23,24.082181930541992,24.29547987075625,24.02999311402278,24.161602555057197,102814000
2016-03-24,23.97780990600586,24.10941938732647,23.800818680672485,23.932428161993094,104532000
2016-03-28,23.868894577026367,24.095806774222314,23.839394883421182,24.05269290277023,77645600
2016-03-29,24.43389892578125,24.4588593992906,23.798544251146826,23.80081385724828,124760400
2016-03-30,24.860496520996094,25.055641123571185,24.642661047908135,24.654007348765795,182404400
2016-03-31,24.731155395507812,24.937646288426613,24.70619491985384,24.896802031102144,103553600
2016-04-01,24.958065032958984,24.960334639026417,24.551892106997837,24.683501559673957,103496000
2016-04-04,25.2144775390625,25.45727345883473,25.021600835720086,25.055638002851232,149424800
2016-04-05,24.917224884033203,25.12598539656865,24.82872927605069,24.849152271617218,106314800
2016-04-06,25.178165435791016,25.18270464708878,24.778799670479312,25.012520578661857,105616400
2016-04-07,24.62904930114746,25.055643594955217,24.533746596871676,24.948994588702625,127207600
2016-04-08,24.656278610229492,24.90814954039236,24.545090394208763,24.71300665592076,94326800
2016-04-11,24.737957000732422,25.098748149006557,24.694844877868427,24.726612434169045,117630000
2016-04-12,25.0601806640625,25.07379484030774,24.656277277563966,24.81057589154995,108929200
2016-04-13,25.42323112487793,25.491303714103427,25.14186061410173,25.14186061410173,133029200
2016-04-14,25.436843872070312,25.502648583144676,25.26212233185352,25.327927042927886,101895600
2016-04-15,24.926294326782227,25.482230021387846,24.89906598221837,25.439116167559117,187756000
2016-04-18,24.388525009155273,24.722084502504647,24.265992208429825,24.708470323936073,243286000
2016-04-19,24.25918197631836,24.50651542135294,24.104881624787666,24.479285336540745,129539600
2016-04-20,24.309093475341797,24.526928890995592,24.06629758934415,24.197907027302275,122444000
2016-04-21,24.045875549316406,24.26371095789218,23.94376406544524,24.26371095789218,126210000
2016-04-22,23.98007583618164,24.161606246807402,23.73954951362446,23.82804511272389,134732400
2016-04-25,23.843931198120117,23.973271065549785,23.714591330690446,23.825777809062714,112126400
2016-04-26,23.678287506103516,23.893855132843587,23.578447316239103,23.578447316239103,224064800
2016-04-27,22.19654655456543,22.398498230577463,21.710954689637358,21.783566508751772,458408400
2016-04-28,21.51807975769043,22.21016078154117,21.386470294237334,22.148895262321187,328970800
2016-04-29,21.27074432373047,21.493118991073924,20.991643350442775,21.32747236087701,274126000
2016-05-02,21.24805450439453,21.347896408687625,20.966683910989545,21.32293593261435,192640400
2016-05-03,21.597501754760742,21.724572023888832,21.25713347856544,21.375127052584013,227325200
2016-05-04,21.372854232788086,21.76087377014154,21.28889612084995,21.60203423927497,164102000
2016-05-05,21.286100387573242,21.475584543541512,21.158256495229544,21.45960405699855,143562000
2016-05-06,21.167388916015625,21.334042316235802,20.968772800264414,21.315780146744064,174799600
2016-05-09,21.183368682861328,21.407095491776737,21.137708906327912,21.23131014191463,131745600
2016-05-10,21.32719612121582,21.36144052309555,21.028131944400943,21.30665052513356,134747200
2016-05-11,21.119447708129883,21.36143843878082,21.10803232803627,21.34089284470327,114876400
2016-05-12,20.624055862426758,21.1810931515119,20.425441421157537,21.167396084318995,305258800
2016-05-13,20.66514778137207,20.9276859205945,20.546435807517753,20.546435807517753,177571200
2016-05-16,21.432205200195312,21.548635438329256,20.923111384404475,21.092048181677733,245039200
2016-05-17,21.343175888061523,21.6194110348622,21.2335958958434,21.585168375883146,187667600
2016-05-18,21.58745002746582,21.735841269216778,21.43449367843844,21.49613394799683,168249600
2016-05-19,21.505264282226562,21.605714060292538,21.36143988869421,21.605714060292538,121768400
2016-05-20,21.738115310668945,21.78605675421945,21.578308757092106,21.605704614153176,128104000
2016-05-23,22.014358520507812,22.187862196235077,21.840854844780544,21.886514623520597,152074400
2016-05-24,22.349950790405273,22.393325403609666,22.10795831420649,22.194711024100247,140560800
2016-05-25,22.742618560791016,22.770012689521316,22.397894593079144,22.525738505134335,152675200
2016-05-26,22.922969818115234,22.99602372787253,22.51888901903378,22.756314661180642,225324800
2016-05-27,22.909265518188477,22.936661380930502,22.65814287248419,22.701519219723522,145364800
2016-05-31,22.79741096496582,22.920689782485262,22.559985287714625,22.73805411021731,169228800
2016-06-01,22.477800369262695,22.7243580148306,22.448122811492514,22.60564430026401,116693200
2016-06-02,22.308855056762695,22.336249179188147,22.0600140803638,22.281459192594973,160766400
2016-06-03,22.354509353637695,22.434411766932268,22.247211080752706,22.324831812054562,114019600
2016-06-06,22.5166015625,23.2608393323318,22.270045749808347,22.370493769148542,93170000
2016-06-07,22.607925415039062,22.79969303368807,22.591944925296875,22.65815030901244,89638000
2016-06-08,22.587379455566406,22.728920436230982,22.528022605299768,22.605641628019992,83392400
2016-06-09,22.74946403503418,22.827083044993525,22.477794016691593,22.486925972288414,106405600
2016-06-10,22.562259674072266,22.680971594269998,22.482357252617813,22.493770888972932,126851600
2016-06-13,22.222105026245117,22.62846922235648,22.16731503307265,22.530302874478632,152082000
2016-06-14,22.249500274658203,22.482360787211686,22.08741198229849,22.217539301051637,127727600
2016-06-15,22.17644500732422,22.466378918012488,22.15133256650107,22.331684758893555,117780800
2016-06-16,22.270044326782227,22.315702356133713,21.93216898765784,22.01891994012253,125307200
2016-06-17,21.763233184814453,22.06458072085305,21.75638465427257,22.05773219031117,244032800
2016-06-20,21.710729598999023,22.046321602416025,21.694749110347864,21.916194268615826,137647600
2016-06-21,21.895652770996094,21.99610082914432,21.614850713001623,21.67420757127759,142185600
2016-06-22,21.813461303710938,22.119373991624283,21.767801523747558,21.97326617922649,116876400
2016-06-23,21.93902587890625,21.982402242540527,21.744976567596474,21.90249978985331,128960800
2016-06-24,21.322633743286133,21.6102843174583,21.151413453712223,21.21077030845251,301245600
2016-06-27,21.01215171813965,21.242728835816965,20.888872914878785,21.231313454466964,181958400
2016-06-28,21.366003036499023,21.38198526494612,21.034977922584,21.20848159376506,161779600
2016-06-29,21.550928115844727,21.585172523145896,21.37514097117874,21.452761743844253,146124000
2016-06-30,21.82488250732422,21.863692027438344,21.52810167253353,21.560062658714944,143345600
2016-07-01,21.891080856323242,22.023491608865225,21.763236952761357,21.79976303588937,104106000
2016-07-05,21.68561363220215,21.77921486606093,21.56461827467141,21.77693144184082,110820800
2016-07-06,21.808897018432617,21.83857631433318,21.54407723048606,21.59658380643784,123796400
2016-07-07,21.90249252319336,22.03033640507774,21.829438627581965,21.847700795178117,100558400
2016-07-08,22.071428298950195,22.119369752416816,21.927603938550334,22.028051951733747,115648400
2016-07-11,22.139923095703125,22.29287945187189,22.08284967249902,22.08741477998858,95179600
2016-07-12,22.240367889404297,22.304289835382445,22.171880836603023,22.183294474532037,96670000
2016-07-13,22.114803314208984,22.297437162833045,22.107953042633046,22.238082076444815,103568800
2016-07-14,22.55313491821289,22.598792961690325,22.21754289925134,22.233523388642713,155676000
2016-07-15,22.550846099853516,22.669559771289507,22.486924157576734,22.582807070991908,120548000
2016-07-18,22.79056167602539,22.8590487445468,22.50975964403351,22.53258866687398,145975600
2016-07-19,22.799684524536133,22.829362068197632,22.678687442511322,22.728912317740093,95119600
2016-07-20,22.820236206054688,22.934383046866333,22.770011317418756,22.829368162328727,105104000
2016-07-21,22.699237823486328,23.057658786437496,22.630749031384134,22.790555632375142,130808000
2016-07-22,22.52345848083496,22.669566317298003,22.44355428817375,22.66043435980121,113254800
2016-07-25,22.222105026245117,22.564545531622375,22.12622210275768,22.429853102210377,161531600
2016-07-26,22.06915283203125,22.365935355821208,22.012079403744163,22.10339723735206,224959200
2016-07-27,23.502836227416992,23.8224477626889,23.45717818312504,23.80418384827502,369379200
2016-07-28,23.820161819458008,23.84527426368628,23.473156190996754,23.47543961549275,159479200
2016-07-29,23.79048728942871,23.86810805646754,23.66949190191264,23.7859221815995,110934800
2016-08-01,24.210552215576172,24.233381241597087,23.83615061525544,23.83615061525544,152671600
2016-08-02,23.852127075195312,24.215113230267498,23.742545330380594,24.21054812253231,135266400
2016-08-03,24.151185989379883,24.162599627092934,23.918325485731373,23.927457440947233,120810400
2016-08-04,24.300382614135742,24.330220933913676,24.16495877568354,24.233818592005388,109634800
2016-08-05,24.66993522644043,24.708954985330525,24.37154492052897,24.39220182187838,162213600
2016-08-08,24.87421226501465,24.87421226501465,24.596480666741755,24.679110006921622,112148800
2016-08-09,24.975202560424805,25.00504263353333,24.79157928894944,24.842076257738015,105260800
2016-08-10,24.789283752441406,24.995861467280687,24.734196945543605,24.952250129931834,96034000
2016-08-11,24.77322006225586,25.00275049857763,24.754857207067335,24.908642179120143,109938000
2016-08-12,24.830598831176758,24.890277225720805,24.7387863206116,24.7387863206116,74641600
2016-08-15,25.128992080688477,25.142763346020352,24.80764913057854,24.821420395910415,103472800
2016-08-16,25.106037139892578,25.30113940118224,25.067017388105914,25.16341974587703,135177600
2016-08-17,25.069311141967773,25.103741052991392,24.867323264590826,25.041766862913274,101424000
2016-08-18,25.037179946899414,25.156535001040336,25.02340693017599,25.071609861940637,87938800
2016-08-19,25.101438522338867,25.177183956028035,24.871908178682645,24.96601470896937,101472400
2016-08-22,24.90634536743164,25.04176746924466,24.75485445573091,24.98668066097988,103280800
2016-08-23,24.98438262939453,25.09226219300446,24.91093297455895,24.924704237597524,85030800
2016-08-24,24.796167373657227,24.961429532127358,24.715832088616988,24.920113992509823,94700400
2016-08-25,24.690587997436523,24.76174186953064,24.486306057210424,24.649272450470672,100344800
2016-08-26,24.545982360839844,24.777806811778337,24.401377083228862,24.653861932651832,111065200
2016-08-29,24.518442153930664,24.660751660771883,24.396791297827228,24.472536765235215,99881200
2016-08-30,24.330223083496094,24.444988286720132,24.215457880272055,24.28431770267769,99455600
2016-08-31,24.353174209594727,24.46105377388423,24.24759043955208,24.2521820280458,118649600
2016-09-01,24.49777603149414,24.513843086606485,24.242997192442903,24.362352208823516,106806000
2016-09-02,24.727310180664062,24.78928261668749,24.5184366810136,24.720422797836626,107210000
2016-09-06,24.720417022705078,24.85813662823304,24.67680744872025,24.76632414160691,107521600
2016-09-07,24.871915817260742,24.96372833315589,24.57582137286739,24.750264977950362,169457200
2016-09-08,24.22004508972168,24.621723257418985,24.155776863078565,24.61713342030641,212008000
2016-09-09,23.671470642089844,24.26595531684295,23.671470642089844,24.018062052825947,186228000
2016-09-12,24.201688766479492,24.26595700580643,23.533754383807,23.561298665452053,181171200
2016-09-13,24.77779769897461,24.97060408115271,24.61483137957809,24.676805547526456,248704800
2016-09-14,25.65461540222168,25.9438242344828,24.927004359074317,24.956844435741907,443554800
2016-09-15,26.526824951171875,26.563550651159154,26.049401358403834,26.13432822624109,359934400
2016-09-16,26.37763214111328,26.655363704373332,26.1756460272454,26.423539270068193,319547600
2016-09-19,26.070064544677734,26.66684326402679,25.99431908864002,26.439608647091717,188092000
2016-09-20,26.067768096923828,26.194010520489464,25.82446642733699,25.948413056516518,138057200
2016-09-21,26.063169479370117,26.16416163302315,25.80839067485868,26.132027527154808,144012800
2016-09-22,26.308774948120117,26.38222460570921,26.166465470400887,26.2468007597674,124296000
2016-09-23,25.87036895751953,26.34779256890091,25.60411462694234,26.262865697752606,209924800
2016-09-26,25.90938949584961,26.026450483737882,25.60411541154331,25.624772305841187,119477600
2016-09-27,25.957590103149414,25.97824874817638,25.785442316362023,25.936933209300292,98429600
2016-09-28,26.154985427856445,26.31336194636011,26.035630403844344,26.095308791439287,118564400
2016-09-29,25.748722076416016,26.120561979886286,25.661501148965108,25.973662654085757,143548000
2016-09-30,25.94841194152832,26.021861598125504,25.661498946824015,25.812988097415356,145516400
2016-10-03,25.82676124572754,25.948413835350344,25.771674437053676,25.87037258448247,86807200
2016-10-04,25.936935424804688,26.23761969103387,25.852008545644523,25.950706688547093,118947200
2016-10-05,25.94841194152832,26.088425623038255,25.865780858959244,26.028747229809934,85812400
2016-10-06,26.141212463378906,26.244500424524865,25.966768900095964,26.097601134763753,115117200
2016-10-07,26.180240631103516,26.29500584761886,26.053999943643575,26.237623239361188,97433600
2016-10-10,26.637001037597656,26.79767160154694,26.331725214916204,26.40058327753255,144944000
2016-10-11,26.694385528564453,27.242963030251325,26.671431088217037,27.01572667929305,256164000
2016-10-12,26.93309211730957,27.07999316160458,26.797670042883,26.935387911283257,150347200
2016-10-13,26.850465774536133,26.95604954372329,26.56125699300216,26.80685444008874,140769600
2016-10-14,26.999656677246094,27.123603286657524,26.88489149273674,27.05703926950077,142608800
2016-10-17,26.98129653930664,27.047858807655643,26.80455716820978,26.93079957613611,94499600
2016-10-18,26.962932586669922,27.132784568518556,26.95834099865422,27.125898937672734,98214000
2016-10-19,26.88260269165039,27.029502016371588,26.120561787967397,26.912441015016917,80138400
2016-10-20,26.868831634521484,26.94228130223591,26.70127540091274,26.822926248891797,96503200
2016-10-21,26.76323890686035,26.834394507349813,26.689789263680435,26.81144007102427,92770800
2016-10-24,27.004249572753906,27.02490646640042,26.855054475432606,26.87800716321023,94154800
2016-10-25,27.141971588134766,27.167220073892395,26.926212437543427,27.073111763127034,192516000
2016-10-26,26.53141975402832,26.55666823970095,26.008090689501234,26.237621103850174,264536800
2016-10-27,26.276636123657227,26.593387386903185,26.189413466965433,26.4855078385808,138248000
2016-10-28,26.102201461791992,26.444201321097932,26.04022726341292,26.136631377427225,151446800
2016-10-31,26.060884475708008,26.21926102818684,25.982843221161133,26.086132962369216,105677600
2016-11-01,25.5903377532959,26.11366666133483,25.36998883155201,26.04251281454039,175303200
2016-11-02,25.613298416137695,25.787742023548795,25.530669077025184,25.5696888276685,113326800
2016-11-03,25.338756561279297,25.7148113997691,25.274158356892737,25.60407212372615,107730400
2016-11-04,25.110349655151367,25.435649969023984,24.941933185268677,25.03883047699588,123348000
2016-11-07,25.472564697265625,25.49563522998178,25.25339023604011,25.39643035515038,130240000
2016-11-08,25.62252426147461,25.774792947021243,25.30876008535018,25.449492624354615,97016800
2016-11-09,25.580995559692383,25.68250801260255,24.92809087985941,25.35028671956474,236705600
2016-11-10,24.868106842041016,25.629444981428254,24.415917712910513,25.629444981428254,228538000
2016-11-11,25.015766143798828,25.117278623241234,24.582034044655384,24.71353804749249,136575600
2016-11-14,24.388233184814453,24.8727214349155,24.012178379675365,24.849650901133337,204702000
2016-11-15,24.71122932434082,24.84273332110435,24.492056583124647,24.5866463126434,129058000
2016-11-16,25.375667572021484,25.43103896695081,24.593564660376547,24.61663519484596,235362000
2016-11-17,25.366439819335938,25.45872372034074,25.108047008725304,25.334140718009607,110528000
2016-11-18,25.391813278198242,25.502554291123282,25.299531154290843,25.313373120843217,113715600
2016-11-21,25.777103424072266,25.837086464357252,25.380283876739426,25.40566199384809,117058400
2016-11-22,25.793245315551758,25.93628364932227,25.700961440757826,25.82785022845204,103862000
2016-11-23,25.6617488861084,25.72634708934387,25.454110547016512,25.691740406133718,109705600
2016-11-25,25.790943145751953,25.809400276616874,25.597146792008044,25.638674456369674,45903600
2016-11-28,25.740188598632812,25.947826934014603,25.698660931556454,25.7078894975922,108776000
2016-11-29,25.714807510375977,25.846311480892513,25.394122358411632,25.557925426236178,114115200
2016-11-30,25.497941970825195,25.88553291901066,25.44026475687003,25.74710795755204,144649200
2016-12-01,25.260313034057617,25.594841943058903,25.154187167806192,25.463337960946383,148347600
2016-12-02,25.354902267456055,25.398735750831815,25.112657277572403,25.18648403712866,106112000
2016-12-05,25.172637939453125,25.38488961833015,24.974228225668973,25.377968635783713,137298000
2016-12-06,25.366439819335938,25.461031301912335,25.191102343612727,25.262621530811167,104782000
2016-12-07,25.61560821533203,25.652522483247672,25.18418371012533,25.207254247488017,119994800
2016-12-08,25.867076873779297,25.93859605396477,25.516398436381394,25.576383230177928,108273200
2016-12-09,26.289270401000977,26.462302023017664,25.910908061671318,25.910908061671318,137610400
2016-12-12,26.139314651489258,26.531519011063498,25.952439277192116,26.1370070700323,105497600
2016-12-13,26.57535171508789,26.74376818178369,26.243130423831104,26.263893374450276,174935200
2016-12-14,26.57535171508789,26.808366375046116,26.526903070141067,26.540745037220514,136127200
2016-12-15,26.720705032348633,26.930650978624335,26.58458762467741,26.61919255193671,186098000
2016-12-16,26.755308151245117,26.87758357170394,26.68148138265664,26.870662587175175,177404400
2016-12-19,26.909879684448242,27.080603737817484,26.70454895210946,26.716085098488907,111117600
2016-12-20,26.981399536132812,27.108290108794712,26.919108920569876,26.93295088843523,85700000
2016-12-21,27.00678253173828,27.085224470879808,26.94218432313301,26.946799486701483,95132800
2016-12-22,26.82912826538086,26.879884486228015,26.679167183832963,26.84297023100515,104343600
2016-12-23,26.882200241088867,26.882200241088867,26.66764089378136,26.66764089378136,56998000
2016-12-27,27.05292320251465,27.177506206360043,26.875276382891595,26.8821973675215,73187600
2016-12-28,26.93756675720215,27.228258651006673,26.808368599786792,27.112904221988366,83623600
2016-12-29,26.93064308166504,27.018311805296616,26.854508743681215,26.86604312932897,60158000
2016-12-30,26.720705032348633,27.039082684318878,26.630728701135972,26.912193843973217,122345200
2017-01-03,26.796836853027344,26.83836452197202,26.47615164957586,26.71608909679299,115127600
2017-01-04,26.766841888427734,26.879890500214323,26.704551269013233,26.72762180360494,84472400
2017-01-05,26.902957916259766,26.960635126137664,26.718390140582994,26.74376825374277,88774400
2017-01-06,27.202884674072266,27.2605618936236,26.870663326202486,26.94218251519204,127007600
2017-01-09,27.452049255371094,27.553561726257907,27.20980598643994,27.21211180792804,134247600
2017-01-10,27.479734420776367,27.542025042957096,27.292860794065135,27.40129248747833,97848400
2017-01-11,27.62738609313965,27.668913758508953,27.36207055106736,27.394369650780273,110354400
2017-01-12,27.51203727722168,27.523573426688646,27.272099801696875,27.431289511460754,108344800
2017-01-13,27.46357536315918,27.59738688765038,27.410511565458037,27.47972490851719,104447600
2017-01-17,27.6850643157959,27.740433951580172,27.27440281007196,27.302086747879606,137759200
2017-01-18,27.682754516601562,27.800416523365154,27.61815632000001,27.685062097957,94852000
2017-01-19,27.634307861328125,27.70582704698302,27.539718140962194,27.546639125358606,102389200
2017-01-20,27.6850643157959,27.788882602912537,27.62277369555971,27.788882602912537,130391600
2017-01-23,27.703516006469727,27.871932462283795,27.63199507411993,27.685058878110514,88200800
2017-01-24,27.67814064025879,27.708132156690723,27.5697072006043,27.58124334701517,92844000
2017-01-25,28.11880111694336,28.16955735840908,27.749667215605317,27.781966321961818,129510400
2017-01-26,28.132646560668945,28.248001021868777,28.054204611764977,28.07035416592618,105350400
2017-01-27,28.134944915771484,28.227228812273786,28.05419716639532,28.17878016264809,82251600
2017-01-30,28.061113357543945,28.061113357543945,27.837327278974115,27.899617886376312,121510000
2017-01-31,27.996524810791016,28.00575337806005,27.828108298596522,27.950383734615073,196804000
2017-02-01,29.70376205444336,30.105196688558852,29.302329180496564,29.306942582652155,447940000
2017-02-02,29.653005599975586,29.85141533433283,29.47997397769906,29.526116799740677,134841600
2017-02-03,29.779903411865234,29.80528153012559,29.567651659295976,29.602256584042724,98029200
2017-02-06,30.059062957763672,30.107513378816527,29.738377707032736,29.79144329207602,107383600
2017-02-07,30.345138549804688,30.474334958690797,30.095972538236566,30.11673549244938,152735200
2017-02-08,30.46279525756836,30.504324681488203,30.27361582957578,30.303609106832457,92016400
2017-02-09,30.68291664123535,30.6898676309441,30.381694123322713,30.50449965564401,113399600
2017-02-10,30.613414764404297,30.803417983098726,30.59719696082872,30.692198570175936,80262000
2017-02-13,30.884506225585938,31.007315308663717,30.759384859786618,30.835849291619727,92141600
2017-02-14,31.28536033630371,31.301578133062414,30.875234283063527,30.926210562476427,132904800
2017-02-15,31.398895263671875,31.574996422240094,31.192674329769517,31.401214617189797,142492400
2017-02-16,31.361831665039062,31.489268856048277,31.243657747818663,31.435976746957113,90338400
2017-02-17,31.447561264038086,31.473049408025698,31.30390274461726,31.30390274461726,88792800
2017-02-21,31.674638748168945,31.68622491229545,31.507807884429813,31.565735169461433,98028800
2017-02-22,31.769628524780273,31.771944342503655,31.537919470857467,31.612064529600985,83347600
2017-02-23,31.63523292541504,31.855355792219257,31.58194083959066,31.83218701106042,83152800
2017-02-24,31.665361404418945,31.665361404418945,31.345601766023467,31.491579607134398,87106400
2017-02-27,31.72793197631836,31.846105904723675,31.57732244417949,31.776592453120728,81029600
2017-02-28,31.741832733154297,31.84610112711568,31.674635110298848,31.762685704826477,93931600
2017-03-01,32.3906135559082,32.47402897339035,31.883173596458814,31.950367679841516,145658400
2017-03-02,32.19829177856445,32.50414589208368,32.15194713917099,32.439267639652336,104844000
2017-03-03,32.388309478759766,32.39989564508798,32.11257498391547,32.156600294601745,84432400
2017-03-06,32.28634262084961,32.38597936457074,32.11488016304117,32.29329361045806,87000000
2017-03-07,32.328067779541016,32.43465202898481,32.1589175220644,32.221479994495496,69785200
2017-03-08,32.20756912231445,32.39293713373569,32.165863175935065,32.195982958675486,74828800
2017-03-09,32.1334114074707,32.15889954602118,31.755728036076924,32.14731692126166,88623600
2017-03-10,32.24000930786133,32.29098560105037,32.12415473890458,32.26549745445585,78451200
2017-03-13,32.253902435302734,32.30719453242354,32.165855391277034,32.17280638065802,69686800
2017-03-14,32.205257415771484,32.35818277428872,32.17049892041665,32.27708668966315,61236400
2017-03-15,32.545860290527344,32.613054370867204,32.214514453789064,32.3025650392552,102767200
2017-03-16,32.599159240722656,32.67562368065158,32.49952247271798,32.60611023202521,76928000
2017-03-17,32.43696212768555,32.67098707433795,32.41378980062658,32.67098707433795,175540000
2017-03-20,32.7775764465332,32.78684325645368,32.492571659166025,32.53196178862959,86168000
2017-03-21,32.40220642089844,33.08806705492065,32.376718273184075,32.92818717703974,158119600
2017-03-22,32.76829528808594,32.81000475796694,32.38365739469322,32.40451389743358,103440800
2017-03-23,32.65244674682617,32.80537560511284,32.58061748976435,32.73122699421008,81385200
2017-03-24,32.58756637573242,32.84244778975115,32.5203722950912,32.786836335165205,89582400
2017-03-27,32.643192291259766,32.721972568456096,32.11952725149214,32.297944320344044,94300400
2017-03-28,33.319766998291016,33.37537491568697,32.582930272394265,32.65012788671443,133499200
2017-03-29,33.3939208984375,33.47965568643077,33.17843309033764,33.29196830878128,116760000
2017-03-30,33.34989929199219,33.48197521657877,33.25026604552978,33.4101459392498,84829200
2017-03-31,33.2873420715332,33.42868481455843,33.136728981253,33.30124405681412,78646800
2017-04-03,33.296600341796875,33.39391774940054,33.14599082575323,33.29891969581642,79942800
2017-04-04,33.544532775878906,33.57233674094522,33.173796742190774,33.19233389743526,79565600
2017-04-05,33.370758056640625,33.704419851166264,33.322097571771636,33.41709918685772,110871600
2017-04-06,33.2873420715332,33.48661211029661,33.23868158744845,33.43331645258437,84596000
2017-04-07,33.21318435668945,33.40781916861968,33.19696655682889,33.303550771914246,66688800
2017-04-10,33.173797607421875,33.33831265475705,33.11123514879008,33.27343437750961,75733600
2017-04-11,32.81696319580078,33.21550315774776,32.45317818697687,33.12050157174401,121517600
2017-04-12,32.856346130371094,32.937442181776674,32.67329398905041,32.81000502448222,81400000
2017-04-13,32.68256759643555,32.99074110800135,32.68256759643555,32.881837553703654,71291600
2017-04-17,32.86330032348633,32.874886484988075,32.64085804369308,32.78220072857418,66328400
2017-04-18,32.71733093261719,32.911965768048724,32.69647795787831,32.76599140927557,58790000
2017-04-19,32.59684371948242,32.90270151516269,32.54355160136284,32.87489754668313,69313600
2017-04-20,33.00464630126953,33.11586568446256,32.70805892235448,32.721960903303554,93278400
2017-04-21,32.965240478515625,33.06023848162929,32.867923122614634,33.00463058431373,69283600
2017-04-24,33.28269577026367,33.35452502726758,33.17610802607698,33.25025663691996,68537200
2017-04-25,33.488914489746094,33.574645721640984,33.33598564182538,33.34525598536003,75486000
2017-04-26,33.291969299316406,33.50514483072256,33.22245938211992,33.475021509536695,80164800
2017-04-27,33.31744384765625,33.403178603204346,33.20622448993937,33.34756715654609,56985200
2017-04-28,33.28501892089844,33.43563199400183,33.19697184562686,33.38697151546661,83441600
2017-05-01,33.96392059326172,34.10757910510044,33.58855297943781,33.62099211229172,134411600
2017-05-02,34.17940902709961,34.31380073314205,34.02416435001619,34.186360017446596,181408800
2017-05-03,34.07514190673828,34.17477866476059,33.42867503116293,33.73452922463498,182788000
2017-05-04,33.952335357666016,34.093678055158506,33.78550451683552,33.95001953939907,93487600
2017-05-05,34.515384674072266,34.520016309847264,34.0056218908361,34.0056218908361,109310800
2017-05-08,35.45383071899414,35.61371066560911,34.53162890308475,34.53162890308475,195009600
2017-05-09,35.68088912963867,35.88711010771963,35.55576422326109,35.653081630665525,156521600
2017-05-10,35.51174545288086,35.66930952402745,35.245281326637546,35.59748024837583,103222800
2017-05-11,35.818851470947266,35.84677374387542,35.4372802094031,35.469853235991245,109020400
2017-05-12,36.319087982177734,36.39353910020161,35.98637445264443,35.993354134015604,130108000
2017-05-15,36.22601318359375,36.44704467136465,36.074782047275065,36.298138911690145,104038800
2017-05-16,36.17251205444336,36.30978387200854,35.99801289815713,36.281865143064955,80194000
2017-05-17,34.95798873901367,35.96310532731648,34.83235094057258,35.73741952531867,203070800
2017-05-18,35.49080276489258,35.67693592190662,35.162747025246915,35.19532006145977,134272800
2017-05-19,35.61178207397461,35.82583391523636,35.51173760966273,35.68623674060161,107843200
2017-05-22,35.82817459106445,35.965446433703434,35.576895334090764,35.83049996883636,91865600
2017-05-23,35.783958435058594,36.03988838229919,35.66995104980235,36.03988838229919,79675600
2017-05-24,35.67692947387695,35.87004227873496,35.52104400373245,35.79326223221112,76712000
2017-05-25,35.80024337768555,35.91192538639311,35.6048051877386,35.76767034602772,76942400
2017-05-26,35.739742279052734,35.886322658304074,35.66994192940004,35.830481668543264,87710400
2017-05-30,35.75371170043945,35.930536225819196,35.67460627199543,35.695545317725745,80507600
2017-05-31,35.54198455810547,35.87004380259124,35.45357407214753,35.82351140731956,97804800
2017-06-01,35.639705657958984,35.674607619021614,35.41634872801346,35.63738028063256,65616400
2017-06-02,36.1678466796875,36.1678466796875,35.57222364323018,35.73276338590834,111082800
2017-06-05,35.81420135498047,35.935188417966906,35.70485182808575,35.90959506906966,101326800
2017-06-06,35.9351921081543,36.25161738601667,35.77930662166102,35.807225350527155,106499600
2017-06-07,36.14924621582031,36.291172346658946,35.94217401346834,36.067815401525955,84278400
2017-06-08,36.060829162597656,36.18879235467997,35.92355381168636,36.121320917949184,85003200
2017-06-09,34.662513732910156,36.107368405845925,33.973825671403006,36.107368405845925,259530800
2017-06-12,33.8342170715332,33.99010253275628,33.15715960473019,33.90867173669913,289229200
2017-06-13,34.10643768310547,34.306530172068896,33.77139876668354,34.239058733436686,136661600
2017-06-14,33.77372360229492,34.318160000424676,33.46660344938461,34.318160000424676,126124800
2017-06-15,33.57130813598633,33.61551515521038,33.087366952360576,33.345625835548326,128661600
2017-06-16,33.101318359375,33.62016137828679,33.08503007191551,33.45264195107154,201444400
2017-06-19,34.04827117919922,34.14133951686314,33.42472929272425,33.42472929272425,130165600
2017-06-20,33.738826751708984,34.171584773417386,33.72254201093951,34.171584773417386,99600400
2017-06-21,33.93891525268555,33.985451192708595,33.645758001586714,33.85748445803276,85063200
2017-06-22,33.883079528808594,34.13202977966742,33.76441784598405,33.91565255836566,76425200
2017-06-23,34.03430938720703,34.239056165261644,33.762091175581055,33.76674547968061,141757600
2017-06-26,33.92728042602539,34.49963549220293,33.82490705153684,34.24137667935892,102769600
2017-06-27,33.44100570678711,34.00638462297067,33.41541236407603,33.73881721277428,99047600
2017-06-28,33.92960739135742,33.994753441774456,33.30839098547059,33.61783650004825,88329600
2017-06-29,33.429386138916016,33.76675404291063,33.10365577321848,33.66903493320137,125997600
2017-06-30,33.50849151611328,33.72719768816281,33.45265050935776,33.60853599258162,92096400
2017-07-03,33.38749694824219,33.80629552940867,33.294432174735654,33.70857645216875,57111200
2017-07-05,33.524776458740234,33.68764162501166,33.20602580830942,33.431711663783524,86278400
2017-07-06,33.208351135253906,33.38750459297796,33.13390000944032,33.2758261291604,96515200
2017-07-07,33.54570770263672,33.67832873230761,33.247896167810374,33.247896167810374,76806800
2017-07-10,33.75046157836914,33.95753376029833,33.357256260390336,33.529430032520224,84362400
2017-07-11,33.85980987548828,33.93426453945927,33.59224597100433,33.6736767657546,79127200
2017-07-12,33.90867614746094,34.01104600008935,33.6946242825563,33.93892025269907,99538000
2017-07-13,34.380985260009766,34.54850472025517,33.838874166464805,33.85283352978623,100797600
2017-07-14,34.67646408081055,34.7439390629907,34.27860806939306,34.427513845336556,80528400
2017-07-17,34.79745101928711,35.10922193193041,34.5671144503343,34.62528082434359,95174000
2017-07-18,34.91844940185547,34.93008339047115,34.59039009394567,34.71370256284313,71475200
2017-07-19,35.13714599609375,35.23021077917349,34.88819219855489,35.01150463372281,83692000
2017-07-20,34.97893524169922,35.304669116735596,34.94403683196409,35.248828110965114,68974800
2017-07-21,34.962650299072266,35.00220301327557,34.63924535334479,34.897504234479264,105010400
2017-07-24,35.38609313964844,35.46752748034586,34.876555154023855,35.03476953161478,85972800
2017-07-25,35.53733444213867,35.79326439582778,35.318628275219126,35.318628275219126,75415600
2017-07-26,35.70486068725586,35.81421024128264,35.61179232717625,35.67926733200834,63124000
2017-07-27,35.03012466430664,35.828169347462264,34.2716362488497,35.77232833735343,129905200
2017-07-28,34.78350067138672,34.95334553345337,34.71137491695546,34.87424009634777,68854800
2017-07-31,34.604347229003906,34.976613539533545,34.464750025201276,34.87656550412341,79383600
2017-08-01,34.91146469116211,34.95101740660357,34.529893350803725,34.69043314007424,141474400
2017-08-02,36.561058044433594,37.168315166628524,36.333046839030644,37.05896209307738,279747200
2017-08-03,36.1957893371582,36.57736078169166,36.06782254626688,36.54013343339685,108389200
2017-08-04,36.38655090332031,36.62154173827451,36.223685792451406,36.31209980272016,82239600
2017-08-07,36.94961166381836,36.97520501371923,36.45170757954215,36.542446992791746,87481200
2017-08-08,37.24510192871094,37.65226664403892,36.82397784831713,36.900757906373755,144823600
2017-08-09,37.47311019897461,37.52197152301882,37.0194131193968,37.05431152928959,104526000
2017-08-10,36.27952194213867,37.37267085382803,36.11835172881983,37.34931150889014,163217200
2017-08-11,36.7840576171875,37.038661696838595,36.454713598426956,36.57851031015932,105028400
2017-08-14,37.3376350402832,37.42172369145836,37.0806965049881,37.21383835440527,88490800
2017-08-15,37.746395111083984,37.88654047391011,37.40536795635006,37.52683012210759,117862000
2017-08-16,37.59457015991211,37.9589531283983,37.40770609388094,37.82581484259094,110686400
2017-08-17,36.8728141784668,37.538516351633625,36.86814159631568,37.49413573153772,111762400
2017-08-18,36.788719177246094,37.25587751600477,36.606527710261034,36.87280782078807,109712400
2017-08-21,36.720977783203125,36.87980988595566,36.23046016868421,36.7887141648747,105474000
2017-08-22,37.321292877197266,37.372680598150644,36.91019467370677,36.95924432107537,86418400
2017-08-23,37.36800765991211,37.48246277624514,37.111072621724084,37.15545324977437,77596400
2017-08-24,37.202152252197266,37.54551388813947,37.033974978913946,37.47310135770041,79275600
2017-08-25,37.33997344970703,37.50347818736776,37.202162568259844,37.29092024634083,101920400
2017-08-28,37.71603012084961,37.83982679994081,37.356316191156566,37.4053693867094,103864000
2017-08-29,38.05238723754883,38.101436872228,37.372670929623744,37.39603027460902,118067600
2017-08-30,38.15517044067383,38.28130166258612,37.982320519255296,38.260280386290134,109078400
2017-08-31,38.306983947753906,38.42844611432662,38.185521781181194,38.22289530383977,107140400
2017-09-01,38.31867218017578,38.52655754572336,38.22056933438058,38.49385659712495,66364400
2017-09-05,37.8585090637207,38.36537539157839,37.50346775772517,38.24858581656597,117874000
2017-09-06,37.81879806518555,38.07106395509267,37.49412321472016,38.00566208335394,86606800
2017-09-07,37.66696548461914,37.89587557549108,37.45674571412418,37.86083657098571,87714000
2017-09-08,37.052669525146484,37.64128654119942,37.0293101795624,37.57355014162275,114446000
2017-09-11,37.723052978515625,37.851522292817826,37.34699020254204,37.48947370310686,126323200
2017-09-12,37.57354736328125,38.2976442532163,37.08536772823925,37.982310931826895,286856000
2017-09-13,37.290916442871094,37.36332898600428,36.88449093130132,37.34230415005691,179629600
2017-09-14,36.97090148925781,37.23250895365846,36.9265208878039,37.13674422666961,95042800
2017-09-15,37.344642639160156,37.59924310496796,36.90551261436456,37.01529512056346,196458400
2017-09-18,37.062007904052734,37.489458229316895,36.905510281819744,37.398362492072756,113077600
2017-09-19,37.076019287109375,37.31894361085515,37.00828289853007,37.25821074785113,83242400
2017-09-20,36.454708099365234,36.96624356253601,35.93148939902498,36.882154906483755,211805600
2017-09-21,35.82870864868164,36.391635302280676,35.67921812284365,36.391635302280676,150046800
2017-09-22,35.47834396362305,35.56710519869088,35.1676832050213,35.39658981930944,186581600
2017-09-25,35.165348052978516,35.46432913347632,34.84067311880658,35.034544275777684,177549200
2017-09-26,35.77031326293945,35.95250472690289,35.43162418578359,35.45264545528663,146640000
2017-09-27,36.02491760253906,36.139372689130724,35.8637473906101,35.92448026127064,102016800
2017-09-28,35.80302429199219,36.03660352331475,35.667547910128754,35.9455077656644,88022000
2017-09-29,35.99922561645508,36.00156368953137,35.50403884674758,35.78667125052367,105199200
2017-10-02,35.926815032958984,36.07630557361352,35.67221456849255,36.031924956770894,74795200
2017-10-03,36.08331298828125,36.225796439570175,35.950174700693445,35.97353048167491,64921200
2017-10-04,35.8497200012207,35.938481201554,35.61147188053811,35.88475900541587,80655200
2017-10-05,36.29587173461914,36.30755140744281,35.98287646210498,36.013239334483636,85135200
2017-10-06,36.27484130859375,36.31922191564345,36.10199146117252,36.19775976437083,69630400
2017-10-09,36.40098190307617,36.60886724982694,36.31923132104002,36.39397481216267,65051600
2017-10-10,36.414981842041016,36.90549939894659,36.22812140525258,36.452355355052454,62468000
2017-10-11,36.56683349609375,36.667270866092615,36.37996937715583,36.431357098967176,67622400
2017-10-12,36.4383544921875,36.75835684944804,36.375287111454575,36.52010863625373,64500400
2017-10-13,36.66959762573242,36.73733402132811,36.53412127040553,36.60886475643748,65576800
2017-10-16,37.344642639160156,37.372671001888165,36.82375847089367,36.882153269334125,96486000
2017-10-17,37.482452392578125,37.57588264164802,37.19281291784457,37.32128218341734,75989200
2017-10-18,37.31660079956055,37.53850382599673,37.27923084722866,37.4707638818842,65496800
2017-10-19,36.433677673339844,36.69061618412299,36.209443667688426,36.61353463088805,170336800
2017-10-20,36.496742248535156,36.847110974121094,36.42900586314126,36.58083088524118,95896400
2017-10-23,36.47806167602539,36.83310304279719,36.32156404641556,36.646238977962796,87937200
2017-10-24,36.695281982421875,36.77002544911113,36.48505863133073,36.50607989719947,71028800
2017-10-25,36.534122467041016,36.80040260474718,36.267842329334854,36.65091206365136,84828400
2017-10-26,36.76770782470703,36.865810674611296,36.62055176778252,36.72566170952736,68002000
2017-10-27,38.08509063720703,38.213559914636534,37.06901965515249,37.20683053269691,177816800
2017-10-30,38.94231414794922,39.25764740970441,38.241576734390826,38.28128476012962,178803200
2017-10-31,39.48423385620117,39.626717337673966,38.99371958205119,39.217953660480774,144187200
2017-11-01,38.98202896118164,39.69444616850467,38.6830478978027,39.678093915223045,134551200
2017-11-02,39.266998291015625,39.35809403375087,38.6059687469068,38.9142949925557,165573600
2017-11-03,40.29241943359375,40.70351761834885,39.97007893760136,40.6427882982337,237594400
2017-11-06,40.7011604309082,40.87401025757692,40.11020556028459,40.26203055804598,140105200
2017-11-07,40.83198547363281,40.93476090722803,40.54935659538225,40.62176558792353,97446000
2017-11-08,41.16599655151367,41.16599655151367,40.719859455978785,40.79694101417084,97638000
2017-11-09,41.081912994384766,41.133300706214804,40.441904669678934,40.90205600297962,117930400
2017-11-10,40.9459342956543,41.11237322941646,40.85216819972596,41.04907914734383,100582000
2017-11-13,40.78185272216797,40.90609444205388,40.64823224401809,40.67167556272979,67928400
2017-11-14,40.16532897949219,40.6669852263596,40.12782110121564,40.563840349573155,99130000
2017-11-15,39.63555908203125,39.92623988670416,39.47146652171168,39.8441918180696,116632400
2017-11-16,40.10907745361328,40.28957744125859,39.92154160778363,40.12782781894237,94550000
2017-11-17,39.886375427246094,40.1770561584031,39.76682307288123,40.09500811051927,87598000
2017-11-20,39.84650802612305,39.98247136414626,39.74805255588841,39.919177284371436,65049600
2017-11-21,40.5872802734375,40.71855425947891,40.034051634443124,40.034051634443124,100525200
2017-11-22,41.01393127441406,41.02330645631819,40.56619032833748,40.63885961317691,102355600
2017-11-24,41.01626968383789,41.14051139791506,40.94125392902628,41.04674528134861,56106800
2017-11-27,40.80998611450195,41.04206211702475,40.63417193660703,41.035029836064844,82867200
2017-11-28,40.57088088989258,40.992832049893345,40.2872324459868,40.859215136412715,105715200
2017-11-29,39.72930145263672,40.53570278280991,39.1854516387427,40.46772289742844,166665600
2017-11-30,40.28489303588867,40.35287294917392,39.48552365619067,39.952015020095374,166108800
2017-12-01,40.09734344482422,40.24268198153538,39.499574685236745,39.83948128909703,159037200
2017-12-04,39.80432891845703,40.46538833955485,39.76447813570898,40.43256983747125,130169600
2017-12-05,39.766822814941406,40.207531500009885,39.47614208566985,39.63085942110222,109400800
2017-12-06,39.61913299560547,39.89809203071307,39.02136772260137,39.265161780095205,114240000
2017-12-07,39.691810607910156,39.95435863620115,39.59569799864341,39.623827122546416,102693200
2017-12-08,39.70351791381836,40.08562176887001,39.57459041296198,39.966069447786815,93420800
2017-12-11,40.47710037231445,40.52867280288643,39.56755413526053,39.663666717412646,141095200
2017-12-12,40.24972152709961,40.41147112880748,40.19346328438264,40.35520930914222,77636800
2017-12-13,40.38334274291992,40.68105215458128,40.32004864176231,40.43725808548837,95273600
2017-12-14,40.37160873413086,40.58493071492811,40.237988292220294,40.41380240403066,81906000
2017-12-15,40.78185272216797,40.82873578264314,40.42788150208995,40.702151161665356,160677200
2017-12-18,41.35618209838867,41.53902855507116,40.9904891850237,40.995178564590795,117684400
2017-12-19,40.915470123291016,41.11472760393039,40.80998234169593,41.03033666326467,109745600
2017-12-20,40.87092971801758,41.121756038488414,40.61306754094667,40.99282494995297,93902400
2017-12-21,41.02564239501953,41.262407727061124,40.81232395613017,40.82873141591496,83799600
2017-12-22,41.02564239501953,41.12175498373052,40.90609006705201,40.948283743882484,65397600
2017-12-26,39.984832763671875,40.195808339060406,39.77619651259083,40.03874810814699,132742000
2017-12-27,39.991859436035156,40.034053114416345,39.783226791160686,39.87465000460123,85992800
2017-12-28,40.1043815612793,40.28488509656148,39.96372880551039,40.0856276220469,65920800
2017-12-29,39.67071533203125,39.9895252264161,39.66837243038508,39.97311776099471,103999600
2018-01-02,40.381004333496094,40.390383093959265,39.67774753061909,39.88872671765163,102223600
2018-01-03,40.37396240234375,40.91781591685785,40.310671880614436,40.44428878121343,118071600
2018-01-04,40.56150817871094,40.664653082783424,40.33881090507213,40.446641612457654,89738400
2018-01-05,41.02330017089844,41.11003400377929,40.56618411295515,40.65760732454381,94640000
2018-01-08,40.87092971801758,41.16629619425048,40.772470648992005,40.87092971801758,82271200
2018-01-09,40.86624526977539,41.037370056869754,40.6505803215452,40.91781771141178,86336000
2018-01-10,40.85687255859375,40.8592190370735,40.55447372146462,40.59198160765163,95839600
2018-01-11,41.08894729614258,41.13817684234306,40.903757926423964,40.9271976718466,74670800
2018-01-12,41.513240814208984,41.57653491672932,41.175677036698445,41.29991876356713,101672400
2018-01-16,41.30225372314453,42.052393254549216,41.29053206639888,41.703107914434604,118263600
2018-01-17,41.98442840576172,42.01958981164469,41.03972048025275,41.29288975650762,137547200
2018-01-18,42.02192687988281,42.21884145633942,41.78516510025594,42.04771309960045,124773600
2018-01-19,41.834388732910156,42.09693669519118,41.58824822979784,41.86955012894861,129700400
2018-01-22,41.49214553833008,41.67499199522446,41.398379408570904,41.56247192412374,108434400
2018-01-23,41.50151443481445,42.064121859004125,41.4499455751214,41.56246562918012,130756400
2018-01-24,40.840450286865234,41.56246073792299,40.601342070300255,41.550739080620744,204420400
2018-01-25,40.11141586303711,41.01158352987278,39.97545247946062,40.90843864737004,166116000
2018-01-26,40.205177307128906,40.32004383599083,39.86527067622671,40.32004383599083,156572000
2018-01-29,39.37299346923828,39.888714248072546,39.16436082601655,39.888714248072546,202561600
2018-01-30,39.14091110229492,39.23467720057183,38.6087793733577,38.80334742538228,184192800
2018-01-31,39.248748779296875,39.485514121767004,39.030740952174725,39.11747478744508,129915600
2018-02-01,39.33080291748047,39.52771393582206,39.09169463695222,39.18780724481486,188923200
2018-02-02,37.624229431152344,39.10106905879282,37.53046331194743,38.91353324343483,346375200
2018-02-05,36.684207916259766,38.4165631120856,36.56934138957845,37.29604127104793,290954000
2018-02-06,38.21731185913086,38.379061467695124,36.10050954041684,36.29507765093991,272975200
2018-02-07,37.39917755126953,38.30403435363656,37.28900399494561,38.23136509061663,206434400
2018-02-08,36.37008285522461,37.74143454751271,36.34195373807335,37.57499559148965,217562000
2018-02-09,36.81494140625,37.1632948025491,35.36268058054797,36.97028950150967,282690400
2018-02-12,38.29780578613281,38.57554611224318,37.07385489575755,37.3068770612048,243278000
2018-02-13,38.68146514892578,38.77796960748867,38.048306830765405,38.1189199368244,130196800
2018-02-14,39.39464569091797,39.43465894197301,38.33781603447305,38.37547324094573,162579600
2018-02-15,40.71745300292969,40.74098830781201,39.77830706391323,39.964251416068386,204588800
2018-02-16,40.58565139770508,41.148200289876534,40.430306849764094,40.56917703889979,160704400
2018-02-20,40.44912338256836,41.016373396035,40.347910444638984,40.49619758069618,135722000
2018-02-21,40.26552963256836,40.9834192017434,40.25140414140566,40.679787585067594,149886400
2018-02-22,40.60213088989258,40.94342344573301,40.41618647942475,40.43736933792125,123967600
2018-02-23,41.30824661254883,41.34355136962207,40.84691076811192,40.87751061859656,135249600
2018-02-26,42.125,42.223856918735805,41.47536728050816,41.50831958675342,152648800
2018-02-27,41.98848342895508,42.4804155826652,41.93434826539465,42.155601009770486,155712400
2018-02-28,41.9249267578125,42.51336331613137,41.90845240177607,42.19325368474463,151128400
2018-03-01,41.19056701660156,42.315657645503855,40.639791153890215,42.02379176340598,195208000
2018-03-02,41.475364685058594,41.49654753956239,40.590353787227414,40.67273634345124,153816000
2018-03-05,41.61894226074219,41.83548648134679,41.077579913464824,41.23998897680121,113605600
2018-03-06,41.58362579345703,41.95551805347011,41.45652510304975,41.87549155982364,95154000
2018-03-07,41.19762420654297,41.390633141156364,41.01874076764662,41.17644135026552,126814000
2018-03-08,41.647193908691406,41.6895596245667,41.20704443328036,41.303545316618205,95096400
2018-03-09,42.362728118896484,42.36743661748297,41.753108642868185,41.88727391609229,128740800
2018-03-12,42.77227783203125,42.92997840234038,42.416863435501575,42.43569024525722,128828400
2018-03-13,42.36038589477539,43.19125831509463,42.1885633659631,42.9770664718366,126774000
2018-03-14,42.00025177001953,42.4898314572597,41.8519645959978,42.44275724707992,117473600
2018-03-15,42.0496711730957,42.423919519505,41.91315706460538,42.014366419439824,90975200
2018-03-16,41.90138244628906,42.16029232139367,41.80723046227115,42.049665984879475,157618800
2018-03-19,41.261173248291016,41.77193576305772,40.87515899977217,41.73663100526373,133787200
2018-03-20,41.24705123901367,41.61423508525341,41.17643813207561,41.24705123901367,78597600
2018-03-21,40.312618255615234,41.21174757208427,40.31026221047947,41.1999781210021,148219600
2018-03-22,39.743003845214844,40.64448542985486,39.68416019344019,40.01368320676567,165963200
2018-03-23,38.82268524169922,39.994849688004095,38.82268524169922,39.63472685455181,164115200
2018-03-26,40.66567611694336,40.743350176373866,39.175754267573126,39.55941606646361,150164800
2018-03-27,39.62297058105469,41.225871488689315,39.288738984896526,40.879870440874605,163690400
2018-03-28,39.185157775878906,40.01838577275935,38.881526158001726,39.36639720210921,166674000
2018-03-29,39.491153717041016,40.425591251933724,39.28402290078317,39.4982146683651,153594000
2018-04-02,39.23225021362305,39.76419929273477,38.712074178433,39.22283680663136,150347200
2018-04-03,39.634735107421875,39.719470120673925,38.808571421863356,39.45820412910777,121112000
2018-04-04,40.392635345458984,40.48678374906972,38.78267393960822,38.808565289330886,138422000
2018-04-05,40.672733306884766,41.00931727508891,40.503263300443166,40.62095060538697,107732800
2018-04-06,39.63238525390625,40.59741917707772,39.5900159487348,40.242004743708065,140021200
2018-04-09,40.02545166015625,40.7409888676697,39.978377458213366,39.98543840892823,116070800
2018-04-10,40.778648376464844,40.9551793218175,40.37380378780024,40.719804728013955,113634400
2018-04-11,40.58799743652344,40.93635084608589,40.413818935976494,40.53856718922922,89726400
2018-04-12,40.988136291503906,41.19055860890034,40.72922277220672,40.81631382407851,91557200
2018-04-13,41.12700653076172,41.388272503790546,40.91987930647764,41.138775980120656,100497200
2018-04-16,41.383567810058594,41.47065527100543,41.150545641067694,41.19761984721377,86313600
2018-04-17,41.95317840576172,42.117939940479125,41.522442370444146,41.541272773202145,106421600
2018-04-18,41.85901641845703,42.08968610363311,41.63305882226284,41.85195546804667,83018000
2018-04-19,40.672733306884766,41.2823526845261,40.63978100516176,40.89869092111922,139235200
2018-04-20,39.00627136230469,40.30083140884344,38.93801073041183,40.15490033470525,261964400
2018-04-23,38.8932991027832,39.28872669572375,38.622616165479386,39.26754384428721,146062000
2018-04-24,38.351951599121094,39.14987163450099,37.94710685517581,38.99452348103841,134768000
2018-04-25,38.51905822753906,38.93567234410934,38.227195973821644,38.27662263674322,113528400
2018-04-26,38.653221130371094,39.008635520485086,38.453151262893755,38.62968223130373,111852000
2018-04-27,38.206016540527344,38.67911831424249,37.80823279042604,38.60144424544765,142623200
2018-04-30,38.898014068603516,39.368763377105935,38.09303318204824,38.161293843039125,169709600
2018-05-01,39.801849365234375,39.82538467213006,38.90036414674838,39.16869106777445,214277600
2018-05-02,41.560096740722656,41.837837057450194,40.90810806336872,41.244692032779035,266157600
2018-05-03,41.63541030883789,41.778988949734845,41.058743292344964,41.39768327030047,136272800
2018-05-04,43.26891326904297,43.3677701703335,41.936692167378894,41.955522566414906,224805200
2018-05-07,43.581974029541016,44.17276314839865,43.48546955448886,43.58667893695889,169805600
2018-05-08,43.791446685791016,43.83145993830345,43.231253967553805,43.54195017510666,113611200
2018-05-09,44.09979248046875,44.109205885749084,43.59609089696965,43.90913959763727,92844800
2018-05-10,44.730587005615234,44.808261053907685,44.16804186028325,44.18922830365853,111957200
2018-05-11,44.56047058105469,44.90780579194199,44.29110894867078,44.77312677844062,104848800
2018-05-14,44.45650863647461,44.7825793299708,44.387988363034815,44.65971153736071,83115200
2018-05-15,44.052467346191406,44.20132633119791,43.73584996716356,44.132802453339124,94780800
2018-05-16,44.46359634399414,44.52975869729785,43.94850272011563,43.96504420978689,76732400
2018-05-17,44.182430267333984,44.63609186806556,44.03357125890981,44.421074101537734,69176000
2018-05-18,44.02174377441406,44.37616713616014,43.97921470158735,44.22967330036031,73190800
2018-05-21,44.33365249633789,44.721155353784866,44.16352893888487,44.42107580030773,73603200
2018-05-22,44.22257614135742,44.62898180206201,44.132787754226364,44.51084070547068,60962800
2018-05-23,44.5061149597168,44.53919432322176,43.891779802761654,44.03118903967131,80233600
2018-05-24,44.45650863647461,44.619543983222705,43.99812405110959,44.60300609875713,92936000
2018-05-25,44.5581169128418,44.810937101007575,44.33837249733596,44.475416665046545,69844000
2018-05-29,44.397430419921875,44.59827176139703,44.15406000681995,44.32654863387725,90056400
2018-05-30,44.30293273925781,44.42107389322916,44.13280918910851,44.35491513543576,74762000
2018-05-31,44.15406799316406,44.47541203441879,43.981582940289385,44.23676823234885,109931200
2018-06-01,44.95033645629883,44.955059505415925,44.36199235693021,44.41870139476438,93770000
2018-06-04,45.32602310180664,45.701711002839396,45.21260863468713,45.28112889878117,105064800
2018-06-05,45.67572784423828,45.82458683720972,45.45126039501794,45.619022403397,86264000
2018-06-06,45.83401870727539,45.8576483686855,45.34727796742021,45.75132210310027,83734400
2018-06-07,45.71116638183594,45.88601294210965,45.44652780606369,45.87183658375028,85388800
2018-06-08,45.29530715942383,45.36619255636937,44.839284141914064,45.170077853818505,106627200
2018-06-11,45.18425750732422,45.35910768515719,44.94325218766686,45.21261383139903,73234000
2018-06-12,45.43235397338867,45.51032755408102,45.16535385817376,45.222062900144905,67644400
2018-06-13,45.05902862548828,45.57412585411727,44.997596532601726,45.465434422445746,86553600
2018-06-14,45.08265686035156,45.2645952138166,44.94561271407489,45.25986855901223,86440400
2018-06-15,44.619544982910156,44.931439323743355,44.48250082757874,44.900721473557255,246876800
2018-06-18,44.595916748046875,44.70933122765769,44.2320400347811,44.39271385249596,73939600
2018-06-19,43.8752555847168,44.026476094306425,43.34598199846244,43.74529961427696,134314000
2018-06-20,44.066646575927734,44.23204345594069,43.884708205222694,44.031205674989806,82514800
2018-06-21,43.82090377807617,44.503759275692275,43.69803600948574,44.24384738163188,102847600
2018-06-22,43.693321228027344,43.983947439170635,43.641338835090274,43.97685925880483,108801600
2018-06-25,43.04353713989258,43.69331332875178,42.70329012231989,43.33416329849383,126652400
2018-06-26,43.577537536621094,44.07373174817735,43.130964188373,43.23729409469315,98276800
2018-06-27,43.51374053955078,44.25094001454132,43.483022692965825,43.76656067524056,101141200
2018-06-28,43.83035659790039,43.998118578793665,43.42867750109825,43.49956289591767,69460800
2018-06-29,43.73820495605469,44.2296724407701,43.21838475667249,44.01701626462684,90950800
2018-07-02,44.2273063659668,44.2556626854085,43.33888647337589,43.43340152921368,70925200
2018-07-03,43.457035064697266,44.40925233310828,43.36724664755097,44.371446304269696,55819200
2018-07-05,43.80672073364258,44.04536807559281,43.54208580949544,43.77364136812418,66416800
2018-07-06,44.41398239135742,44.52267022587005,43.75947943778977,43.811461830080724,69940800
2018-07-09,45.03066635131836,45.054292410316194,44.728225395253574,44.775481118629834,79026400
2018-07-10,44.97633361816406,45.19607440885067,44.936162457669376,45.061395383515986,63756400
2018-07-11,44.3927116394043,44.84164648596165,44.32891442044935,44.53920548515606,75326000
2018-07-12,45.13700485229492,45.22679327478882,44.73059903152891,44.78258142293258,72164400
2018-07-13,45.207889556884766,45.328392223058444,45.106286300581004,45.148818986242105,50055600
2018-07-16,45.10865020751953,45.519779060598594,44.992870594262484,45.25278254019406,60172400
2018-07-17,45.236236572265625,45.33547468578445,44.70460150352695,44.83455746362817,62138000
2018-07-18,44.988136291503906,45.31893358512692,44.87708335215528,45.314206930900376,65573600
2018-07-19,45.33784866333008,45.49615737093566,44.820389851915934,44.820389851915934,81147200
2018-07-20,45.23387908935547,45.46779623305728,44.93379959201506,45.31421419718475,82704800
2018-07-23,45.27404022216797,45.35674044845101,44.78966090832627,45.05429586382263,63957600
2018-07-24,45.602474212646484,45.75842136281019,45.378006796406545,45.47251825417673,74791600
2018-07-25,46.03251266479492,46.03960084432473,45.46779458945807,45.61665357034644,66839600
2018-07-26,45.888370513916016,46.301864389737084,45.74659974291089,45.98288195766578,76304000
2018-07-27,45.12519073486328,46.119940762134945,44.917264771321996,46.07268502521109,96096000
2018-07-30,44.87236785888672,45.413452684057695,44.673891612522105,45.342567280247074,84118000
2018-07-31,44.96214294433594,45.39926650211066,44.7376755519843,44.96450807402614,157492000
2018-08-01,47.61088180541992,47.67231390336049,46.620858425756325,47.05089392748525,271742800
2018-08-02,49.00257873535156,49.2364994753582,47.33915317811474,47.393497089492804,249616000
2018-08-03,49.144351959228516,49.321563666502755,48.55128113810663,48.917519387549675,133789600
2018-08-06,49.399539947509766,49.442069028994545,48.92697536897696,49.14671616741155,101701600
2018-08-07,48.93642807006836,49.50114263177163,48.85372782160956,49.458613547683214,102349600
2018-08-08,48.969486236572266,49.10180369248576,48.32443683630387,48.68594831598904,90102000
2018-08-09,49.35463333129883,49.567285896039586,48.95767731030051,49.5082153385693,93970400
2018-08-10,49.2076301574707,49.579896047747305,49.00371461649687,49.16732173423497,98444800
2018-08-13,49.52536392211914,50.018555141776424,49.2479445394418,49.629693321011686,103563600
2018-08-14,49.73402404785156,49.92608334729282,49.38072741362771,49.83124041014503,82992000
2018-08-15,49.8502082824707,49.96876375949691,49.397325491904326,49.60835409628994,115230400
2018-08-16,50.58051300048828,50.69669505828396,50.14185626620628,50.20824704723987,114001600
2018-08-17,51.590599060058594,51.67832895060167,50.54256913331326,50.60895990745815,141708000
2018-08-20,51.087913513183594,51.96996268783579,51.004923255185325,51.713886112694034,121150800
2018-08-21,50.98833084106445,51.49812149184136,50.74885011343215,51.40564837740656,104639200
2018-08-22,50.990699768066406,51.30131446817909,50.70379398713835,50.765445136673826,76072400
2018-08-23,51.09504699707031,51.46493955143377,50.884018367053905,50.89587102177528,75532800
2018-08-24,51.25389862060547,51.42935839026841,51.004931424758055,51.35822800690538,73905600
2018-08-27,51.675960540771484,51.86565002261064,51.294211770104596,51.48864086592092,82100400
2018-08-28,52.09326171875,52.29243399767741,51.90831551431382,51.92965462605068,91107200
2018-08-29,52.87098693847656,52.991915811799366,52.024502915342794,52.1999626640462,109019200
2018-08-30,53.3570671081543,54.122934324650984,52.733464265030115,52.93500998317282,195175200
2018-08-31,53.97356414794922,54.26757939647643,53.58707216000043,53.707997436279285,173360400
2018-09-04,54.14664840698242,54.34107747487814,53.73644753925483,54.15850467627464,109560400
2018-09-05,53.7933464050293,54.45725761999867,53.37366273510915,54.296023951605065,133332000
2018-09-06,52.89944839477539,53.907169818025736,52.47264800955837,53.6416031238765,137160000
2018-09-07,52.47264862060547,53.437688207559276,52.33275404266306,52.603060353443986,150479200
2018-09-10,51.768428802490234,52.60306027336048,51.32740233630588,52.38965826957899,158066000
2018-09-11,53.07727813720703,53.18397732206969,51.34873759393582,51.69254768650452,142996000
2018-09-12,52.41811752319336,53.349961785731736,52.126468460452756,53.33573570813967,197114800
2018-09-13,53.684288024902344,54.14428382079878,52.773782896668074,52.999037562836996,166825600
2018-09-14,53.07490921020508,53.78624199360212,52.76192466688371,53.527791950627346,127997200
2018-09-17,51.66173553466797,52.863886183544494,51.51709770879258,52.67419669776966,148780400
2018-09-18,51.747093200683594,52.603063844637035,51.48152648581652,51.640390382535884,126286800
2018-09-19,51.77791976928711,52.07430847267503,51.04999099513999,51.80874535220783,108495200
2018-09-20,52.1715202331543,52.70501985218735,51.962861446608656,52.22131512286209,106435200
2018-09-21,51.609561920166016,52.486871570041636,51.52182842256069,52.349346807062695,384986800
2018-09-24,52.35171890258789,52.463161325425574,51.36534021627481,51.41039187036139,110773600
2018-09-25,52.683677673339844,52.8330587157541,52.09327016010668,52.105126430112286,98217600
2018-09-26,52.26399612426758,53.053576036425326,52.10750202606852,52.401520911955295,95938800
2018-09-27,53.33810043334961,53.69139700467125,53.00377316968539,53.070167555499104,120724800
2018-09-28,53.525421142578125,53.549130064099145,53.11759006495077,53.300162870962296,91717600
2018-10-01,53.88582992553711,54.39799041479323,53.670061723826386,54.04943704999607,94403200
2018-10-02,54.36479949951172,54.53551967663719,53.73645691566524,53.8834645500687,99152800
2018-10-03,55.02632522583008,55.35827902007674,54.48333926906766,54.547360221538455,114619200
2018-10-04,54.05891799926758,55.092721717820574,53.760155935330346,54.720455850224305,128168000
2018-10-05,53.181610107421875,54.15850962149959,52.301930563207314,54.05181042417778,134322000
2018-10-08,53.05830764770508,53.30253158775628,52.21181998941142,52.688415218812985,118655600
2018-10-09,53.7933464050293,53.88819293175352,52.69789525204612,53.02747924410957,107564000
2018-10-10,51.30131530761719,53.67005453984067,51.22781150629926,53.45902598011087,167962400
2018-10-11,50.848445892333984,52.04585699323227,50.34340199543652,50.865045396592606,212497600
2018-10-12,52.66470718383789,52.84728360735787,51.41513160820397,52.26398914560435,161351600
2018-10-15,51.53843307495117,52.59831924587156,51.51709395908651,52.43945535328062,123164000
2018-10-16,52.67417907714844,52.8733549604978,51.39615161427865,51.910681775379494,116736000
2018-10-17,52.446571350097656,52.790381502292725,52.00791464755591,52.70976464801751,91541600
2018-10-18,51.220699310302734,52.1027521766626,50.50462335577934,51.6569825122801,130325200
2018-10-19,52.00079345703125,52.463159011161046,51.55502378534438,51.704404817457615,132314800
2018-10-22,52.31853485107422,52.96110718113566,51.913077112518764,52.11461926916067,115168400
2018-10-23,52.81171417236328,52.93501286374928,50.907713775149524,51.175650272384814,155071200
2018-10-24,51.00017547607422,53.167368654091696,50.869763775718056,52.78088040143124,163702000
2018-10-25,52.11698532104492,52.49162104030336,51.393796230641804,51.62142432490957,119423200
2018-10-26,51.28710174560547,52.20946324201055,50.42638779676054,51.192255190098145,189033600
2018-10-29,50.324424743652344,52.09090043654111,48.86619036324804,51.972344972346896,183742000
2018-10-30,50.57575988769531,51.02152595640416,49.620203170895984,50.06596923960483,146640000
2018-10-31,51.894100189208984,52.27110571342019,51.362970384025495,51.424621543624724,153435600
2018-11-01,52.690799713134766,52.72399510400599,51.40802850513527,51.939158377101236,233292800
2018-11-02,49.19578170776367,50.65875591880684,48.70970350884678,49.68660313899923,365314800
2018-11-05,47.7991828918457,48.46309409974298,46.98826409162313,48.441754988216736,264654800
2018-11-06,48.316097259521484,48.54135192892878,47.82290607013109,47.877440573286876,127531600
2018-11-07,49.78144073486328,49.80752308277761,48.40145695637346,48.837740214189594,133697600
2018-11-08,49.60774230957031,49.995579151171235,49.19372848709502,49.96226794458007,101450400
2018-11-09,48.65122985839844,49.01765313270148,48.123006700822515,48.90820358078531,137463200
2018-11-12,46.20047378540039,47.551965056743214,46.11005608033646,47.34971607351598,204542000
2018-11-13,45.738861083984375,46.916654497155434,45.55326957066767,45.59610033639789,187531600
2018-11-14,44.446868896484375,46.27423304000545,44.23986013584267,46.13622840979425,243204000
2018-11-15,45.543758392333984,45.67700322291198,44.47065462981965,44.82518390668914,185915200
2018-11-16,46.04819107055664,46.3908227451404,45.07978424233005,45.32723843472403,147713200
2018-11-19,44.22320556640625,45.37482588432456,44.0162004400595,45.20826982688179,167701200
2018-11-20,42.11030197143555,43.17864580539984,41.76053252405978,42.44103592697434,271300800
2018-11-21,42.06271743774414,42.89312311671695,42.007992664771145,42.764634447207605,124496800
2018-11-23,40.994361877441406,42.01987834396519,40.949156679114246,41.62490014735354,94496000
2018-11-26,41.548770904541016,41.6272909529889,40.51136011786917,41.45835684958667,179994000
2018-11-27,41.45835876464844,41.5844657368947,40.65888616156213,40.808784778569425,165549600
2018-11-28,43.05254364013672,43.135819841711424,41.62253256342079,42.05082210079535,184250000
2018-11-29,42.72181701660156,43.49511639250818,42.28162976574862,43.46180518000281,167080000
2018-11-30,42.491004943847656,42.90739680121857,42.12220000118936,42.897877239886725,158126000
2018-12-03,43.975738525390625,44.00428994671215,43.11678150436405,43.890080630777355,163210000
2018-12-04,42.04130172729492,43.397548760146584,41.94136811757415,43.05491716644746,165377200
2018-12-06,41.57257843017578,41.58685414670985,40.54944305431582,40.868279492410494,172393600
2018-12-07,40.09021759033203,41.517847109590086,40.045008741318256,41.27990885638041,169126400
2018-12-10,40.35432815551758,40.470915572966724,38.862454329799945,39.25981076673073,248104000
2018-12-11,40.12352752685547,40.875409623836234,39.73568702462761,40.84448012074256,189126800
2018-12-12,40.2353630065918,40.906347041677016,40.216327509267764,40.544679853820156,142510800
2018-12-13,40.67554473876953,41.061007188033315,40.34243262770178,40.56609517255429,127594400
2018-12-14,39.37401580810547,40.23059485626114,39.326428890018846,40.21155936289667,162814800
2018-12-17,39.00759506225586,40.05690355629538,38.71968819868233,39.36688049224076,177151600
2018-12-18,39.51441192626953,39.86179978211614,39.11467372768916,39.35023393206599,135366000
2018-12-19,38.281883239746094,39.84275751125947,37.853593682160245,39.497747789827606,196189200
2018-12-20,37.315853118896484,38.57216668527929,36.9518079167429,38.16529071370509,259092000
2018-12-21,35.86442565917969,37.632308461340656,35.602695804507725,37.322988059774715,382978400
2018-12-24,34.93648147583008,36.05955055678485,34.879374976058514,35.250558147947736,148676800
2018-12-26,37.39675521850586,37.41103093294613,34.91030117218417,35.28624405192659,234330000
2018-12-27,37.1540641784668,37.30158839364941,35.707402506101154,37.08030388620066,212468400
2018-12-28,37.1730842590332,37.71796477444169,36.7733498226303,37.47526679196917,169165600
2018-12-31,37.53237533569336,37.917834082129794,37.23257086122143,37.720344928030535,140014000
2019-01-02,37.57520294189453,37.796487372519124,36.697210336780685,36.854250431978905,148158800
2019-01-03,33.83244705200195,34.67236895047303,33.78723819464029,34.25835500640601,365248800
2019-01-04,35.276729583740234,35.34573372103441,34.215526843041836,34.38922077823549,234428400
2019-01-07,35.19819641113281,35.412342970908306,34.715182152458084,35.38140984290045,219111200
2019-01-08,35.86917495727539,36.12377051228679,35.338573916445704,35.586027986990906,164101200
2019-01-09,36.478309631347656,36.76859456375998,35.60269868355585,35.997673387913416,180396400
2019-01-10,36.59489822387695,36.63534728478305,35.895359290285356,36.28557781798725,143122800
2019-01-11,36.235618591308594,36.571112433090754,36.05002702578016,36.37600493397239,108092800
2019-01-14,35.69074249267578,35.992925129029125,35.505150922165875,35.89299148572764,129756800
2019-01-15,36.421199798583984,36.497338130009624,35.702625461765,35.75497215302889,114843600
2019-01-16,36.866146087646484,37.08980858139617,36.404545388741624,36.423580880831906,122278800
2019-01-17,37.085052490234375,37.5133420282532,36.46641164302394,36.69007415902539,119284800
2019-01-18,37.313472747802734,37.56568667566943,37.113601887219595,37.47526899184965,135004000
2019-01-22,36.47592544555664,37.29205169885072,36.314125587565776,37.21591336558636,121576000
2019-01-23,36.62345504760742,36.913740003402474,36.095231841531145,36.678179828590224,92522400
2019-01-24,36.33316421508789,36.756693941632484,36.10474556492736,36.66865796507572,101766000
2019-01-25,37.537139892578125,37.62517952067367,36.71863529953326,36.994640931413,134142000
2019-01-28,37.18974304199219,37.196880897858094,36.56158631124964,37.06839223097384,104768400
2019-01-29,36.804283142089844,37.625172928252375,36.66866024088639,37.177847900505746,166348800
2019-01-30,39.31929397583008,39.53343693856728,38.124843000043,38.84341749805906,244439200
2019-01-31,39.602447509765625,40.21156891959634,39.15512238601182,39.52392744246948,162958400
2019-02-01,39.62147903442383,40.206805105535146,39.481092705405594,39.72617244698673,130672400
2019-02-04,40.74692153930664,40.844477084128826,39.80230648382668,39.83323961527012,125982000
2019-02-05,41.44407653808594,41.658223109934525,41.00865279969011,41.12999998228332,144406400
2019-02-06,41.45835876464844,41.7748170482294,41.12762476808099,41.55591068027246,112958400
2019-02-07,40.67317199707031,41.3869868692389,40.530407570376525,41.02055986836159,126966800
2019-02-08,40.72096252441406,40.780702213471805,40.245433286874764,40.381641528112624,95280000
2019-02-11,40.48677444458008,40.91212432348893,40.44376362488432,40.87389005294555,83973600
2019-02-12,40.83565139770508,40.861937000103666,40.55128996618045,40.64687563227546,89134000
2019-02-13,40.66599655151367,41.21560238179154,40.60386859186247,40.955138230742534,89960800
2019-02-14,40.81415939331055,40.92407838764119,40.474838371237844,40.553695204329756,87342800
2019-02-15,40.72333908081055,41.029205909072424,40.563237197753175,40.921675228955706,98507200
2019-02-19,40.845218658447266,40.96708995832154,40.50112111056447,40.55369232889822,75891200
2019-02-20,41.10806655883789,41.416325336390706,40.859551104960914,40.90734211768104,104457600
2019-02-21,40.876285552978516,41.18932095016681,40.69467820512689,41.053116350833434,68998800
2019-02-22,41.33268356323242,41.33985203200279,40.952740133522454,41.00053114073161,75652800
2019-02-25,41.6337776184082,42.025669781395585,41.56686946713383,41.617052403699994,87493600
2019-02-26,41.65767288208008,41.88946312542803,41.38047989985893,41.50951964678491,68280800
2019-02-27,41.786705017089844,41.81777081362759,41.27533356556058,41.39003636221368,111341600
2019-02-28,41.375694274902344,41.796263888245086,41.320734799056915,41.655279141145016,112861600
2019-03-01,41.810604095458984,41.85361491133981,41.31356956114267,41.64572200880833,103544800
2019-03-04,42.02090072631836,42.474920926111714,41.57165707659591,41.98266644842253,109744800
2019-03-05,41.94443130493164,42.05674221504453,41.70786081733233,42.04240527268482,78949600
2019-03-06,41.70308303833008,41.93487332290462,41.56448652256851,41.73892539317305,83241600
2019-03-07,41.22039031982422,41.68397094507742,41.10569112422417,41.547762687747245,99185600
2019-03-08,41.31834411621094,41.35657837814415,40.503494184081475,40.69944204182424,95997600
2019-03-11,42.74972152709961,42.802292747007655,41.90142082977354,41.93487491096763,128044000
2019-03-12,43.23001480102539,43.65058075669441,42.862016399372486,43.01256153152322,129870400
2019-03-13,43.42119598388672,43.80113952056781,43.23241652986351,43.5502321043029,124130000
2019-03-14,43.90388488769531,43.99230209409539,43.6243036210394,43.94450743281071,94318000
2019-03-15,44.47499465942383,44.76413630754834,43.9062753998339,44.171519718082784,156171600
2019-03-18,44.92901611328125,45.01742966611717,44.396135583226894,44.3985275038249,104879200
2019-03-19,44.57297897338867,45.16081915056755,44.427213978176695,45.00788568396985,126585600
2019-03-20,44.962467193603516,45.2802826832525,44.1428370053045,44.50127503399161,124140800
2019-03-21,46.61845397949219,46.914764093298665,45.356752279123555,45.40693521269051,204136800
2019-03-22,45.653072357177734,47.239758396146875,45.58855247028683,46.67820384513992,169630800
2019-03-25,45.101070404052734,45.87529432805428,44.58969888594255,45.76298343726282,175381200
2019-03-26,44.635108947753906,46.09037069025252,44.107012085413366,45.79884068672037,199202000
2019-03-27,45.036556243896484,45.34481142938426,44.57775587798241,45.10346440270346,119393600
2019-03-28,45.09629821777344,45.29702270436908,44.811936705318935,45.15125771253195,83121600
2019-03-29,45.39020919799805,45.42127499911637,45.053276519812606,45.361535317717,94256000
2019-04-01,45.6984748840332,45.8036136763182,45.01505267996334,45.79405693019096,111448000
2019-04-02,46.362770080566406,46.46791249669149,45.65306241794264,45.662619162035575,91062800
2019-04-03,46.68059539794922,46.955396514481826,46.15488320701867,46.178780541596,93087200
2019-04-04,46.76182556152344,46.92431571682668,46.152480186695946,46.54676055770306,76457200
2019-04-05,47.07487487792969,47.09877221199074,46.81918725911717,46.9434468330364,74106400
2019-04-08,47.815635681152344,47.84669783165232,46.917148666525804,46.93626579941363,103526800
2019-04-09,47.67226028442383,48.47277338177323,47.60774041497689,47.868208167106985,143072800
2019-04-10,47.93988800048828,47.96856552079154,47.35682825266202,47.476307589635596,86781200
2019-04-11,47.54084396362305,48.030710144590735,47.41897631022419,47.9948677895385,83603200
2019-04-12,47.52172088623047,47.82519949055509,46.886093443343924,47.60057770371108,111042800
2019-04-15,47.60774612426758,47.7559030143288,47.31621618584424,47.45242441032009,70146400
2019-04-16,47.612525939941406,48.11911726997724,47.44764383635256,47.66270887651136,102785600
2019-04-17,48.53968048095703,48.59942015421328,47.45958616754238,47.68181600186989,115627200
2019-04-18,48.7141227722168,48.78341919378796,48.39391897587181,48.53729201415646,96783200
2019-04-22,48.874229431152344,48.97220338690037,48.35090922181928,48.468000313778205,77758000
2019-04-23,49.57916259765625,49.64368248392029,48.723689797691236,48.850337649033136,93292000
2019-04-24,49.5026969909668,49.81812065427212,49.47641138183958,49.55048801313775,70162400
2019-04-25,49.05344772338867,49.64606435188864,49.015213451557486,49.42383448353397,74172800
2019-04-26,48.81926345825195,48.986533820100895,48.298331592813334,48.96263649145658,74596400
2019-04-29,48.893341064453125,49.2183250510199,48.71412203464543,48.843158131769954,88818800
2019-04-30,47.951847076416016,48.604203377012624,47.579072047503665,48.52295828532061,186139600
2019-05-01,50.30558776855469,51.45019836505876,49.9973289961733,50.15265434268361,259309200
2019-05-02,49.97821807861328,50.814573652985054,49.73448279364687,50.14310018952764,127985200
2019-05-03,50.5994987487793,50.62100415414643,50.23628054673667,50.39399414520228,83569600
2019-05-06,49.81810760498047,49.90413288084334,48.62809432739427,48.81687009169931,129772400
2019-05-07,48.47517395019531,49.56482530679705,47.99008796158727,49.19683042262661,155054800
2019-05-08,48.48472213745117,49.06778198932402,48.209921071861906,48.24576342086202,105358000
2019-05-09,47.96379089355469,48.19318920528715,46.99361914811606,47.887322358830254,139634400
2019-05-10,47.29933166503906,47.699932750025205,46.241468231244326,47.35690393324207,164834800
2019-05-13,44.550315856933594,45.45225932989758,43.861864488539425,45.02767625266252,229722400
2019-05-14,45.255577087402344,45.50504965931673,44.475970267307716,44.7158492888753,146118800
2019-05-15,45.79769515991211,45.99679515575002,44.62228960308803,44.6822593490538,106178800
2019-05-16,45.596187591552734,46.16949808957643,45.298736399758674,45.555408612560825,132125600
2019-05-17,45.33712387084961,45.792892435075906,44.79979367764875,44.84057266200479,131516400
2019-05-20,43.91944122314453,44.22169107812748,43.24538188030595,44.022591087067156,154449200
2019-05-21,44.761417388916016,45.097246483732384,44.30564514850796,44.43038323812373,113459200
2019-05-22,43.84506607055664,44.54791316726557,43.78989494714465,44.29603958434583,118994400
2019-05-23,43.096656799316406,43.30774780477371,42.6528792389541,43.130239708838886,146118800
2019-05-24,42.93113327026367,43.6915490546367,42.84717417894699,43.226183335306224,94858800
2019-05-28,42.75362777709961,43.31974229243036,42.67686841007409,42.919144851959835,111792800
2019-05-29,42.54973220825195,43.0222940646248,42.218698063515376,42.319446790117254,113924800
2019-05-30,42.770408630371094,42.993494250593265,42.37940485182852,42.68644955121089,84873600
2019-05-31,41.9956169128418,42.69606313069183,41.97642615423815,42.27387376193739,108174400
2019-06-03,41.57102584838867,42.679265508249905,40.84419286883519,42.12274820633601,161584400
2019-06-04,43.091854095458984,43.13743168124543,41.86367505232312,42.0843632453702,123872000
2019-06-05,43.787506103515625,44.375212515342355,43.451677005554046,44.20489683406443,119093600
2019-06-06,44.43038558959961,44.490355335438046,43.693955353777504,43.91704471163313,90105200
2019-06-07,45.61297607421875,46.037562795872695,44.562308872858395,44.73981693459453,122737600
2019-06-10,46.195899963378906,46.86516078755191,45.96561450436803,46.01119210169146,104883600
2019-06-11,46.73081970214844,47.016276250741356,46.440568209735225,46.742814382224076,107731600
2019-06-12,46.58209991455078,47.00908420798785,46.390195997663135,46.524527641405655,73012800
2019-06-13,46.57250213623047,47.20578249203415,46.44057162647936,46.704436306244304,86698400
2019-06-14,46.234275817871094,46.43817075425028,45.6489705223586,45.94881924667748,75046000
2019-06-17,46.5101318359375,46.76680408242516,46.09753972812017,46.27265034565791,58676400
2019-06-18,47.603981018066406,48.04535744582771,46.826775495326416,47.02827295231363,106204000
2019-06-19,47.464847564697266,47.947006605902274,47.330515935793585,47.899027886783216,84496800
2019-06-20,47.84626007080078,48.12211941703031,47.503231246787394,48.06454714761381,86056000
2019-06-21,47.683135986328125,48.17968715515577,47.532011080987154,47.68793459006049,191202400
2019-06-24,47.63516616821289,48.014175378981264,47.536814912325745,47.62556895969275,72881600
2019-06-25,46.91313552856445,47.798285921333026,46.84596604435592,47.59918592168598,84281200
2019-06-26,47.92781448364258,48.213271017054275,47.34011179381618,47.44086051262108,104270000
2019-06-27,47.91341781616211,48.35239668831733,47.8726388381274,48.04534829675481,83598800
2019-06-28,47.476844787597656,47.855853995313346,47.26815125724798,47.659151485123374,124442400
2019-07-01,48.347599029541016,49.05284366874094,48.13170579658035,48.73620172450343,109012000
2019-07-02,48.63065719604492,48.72661096961243,48.30202421469893,48.314018893927646,67740800
2019-07-03,49.03365707397461,49.040853149657444,48.621064986934755,48.76259268904688,45448000
2019-07-05,48.990478515625,49.194377093814204,48.67143906259112,48.77938752178682,69062000
2019-07-08,47.980587005615234,48.31161745661008,47.59438176256944,48.17008975928739,101354400
2019-07-09,48.273231506347656,48.337996174432476,47.6903238717533,47.78387649702628,82312000
2019-07-10,48.75060272216797,48.870542208826045,48.350005275961514,48.419572227970285,71588400
2019-07-11,48.39557647705078,49.02885673658535,48.3859829299003,48.769787040376364,80767200
2019-07-12,48.76738739013672,48.93530190973537,48.50351910200883,48.56348883474135,70380800
2019-07-15,49.22555923461914,49.38387655433497,48.93530410465948,48.95689233094862,67789600
2019-07-16,49.055240631103516,49.44144585045324,48.81536170381206,49.07682885609688,67467200
2019-07-17,48.77939224243164,49.19677932673481,48.76020148472326,48.94730679705147,56430000
2019-07-18,49.33349609375,49.38626974525693,48.86333183312325,48.93529623611102,74162400
2019-07-19,48.59707260131836,49.53500011636719,48.54190147109845,49.364684461868244,83717200
2019-07-22,49.70772171020508,49.71011918227102,48.84175846024879,48.851352008775265,89111600
2019-07-23,50.096309661865234,50.113102942147556,49.72449662691352,50.005158166906504,73420800
2019-07-24,50.055538177490234,50.170679044292804,49.6957197660028,49.81565923649861,59966400
2019-07-25,49.65974426269531,50.19227585678172,49.59017731323345,50.108316755089824,55638400
2019-07-26,49.83245849609375,50.30981530335246,49.68852965013139,49.77008762138751,70475600
2019-07-29,50.297813415527344,50.5280988040165,50.00036587821219,50.005164481793365,86693600
2019-07-30,50.081932067871094,50.41296622439202,49.72930968208036,50.077133463501355,135742800
2019-07-31,51.103816986083984,53.10200935598429,50.686429897756184,51.91460912083272,277125600
2019-08-01,49.99797058105469,52.30081009363934,49.592578207557416,51.310108803582324,216071600
2019-08-02,48.94011688232422,49.5182225174267,48.36680619205547,49.302332871485405,163448400
2019-08-05,46.378196716308594,47.65195339366566,46.19589002649284,47.4936360636799,209572000
2019-08-06,47.25615692138672,47.51282917529694,46.54611356220465,47.09063984703528,143299200
2019-08-07,47.745513916015625,47.87025201923431,46.49334892007087,46.874755646547385,133457600
2019-08-08,48.7985725402832,48.82256189914169,47.829463202753935,48.02376456461598,108038000
2019-08-09,48.396453857421875,48.822650132296985,47.98710732234036,48.47109827819087,98478800
2019-08-12,48.27364730834961,48.651689913377716,47.95339570878828,48.06656746480503,89927600
2019-08-13,50.31795883178711,51.081263786709165,48.27364747421818,48.403676318422924,188874000
2019-08-14,48.82025146484375,49.708768589851594,48.781724120727965,48.91897640632679,146189600
2019-08-15,48.57704162597656,49.39572726363103,48.07860388821186,48.99120128008472,108909600
2019-08-16,49.72320556640625,49.88212807374593,49.08270237561469,49.18865071384114,110481600
2019-08-19,50.65024948120117,51.22332799188177,50.57319480881141,50.7152602275899,97654400
2019-08-20,50.65265655517578,51.372621001381795,50.64302655811778,50.77786856194401,107537200
2019-08-21,51.20166778564453,51.444864754007845,50.95124739959902,51.285945890829794,86141600
2019-08-22,51.15831756591797,51.635081413266526,50.746564465365324,51.33409348642569,89014800
2019-08-23,48.793758392333984,51.0595965612192,48.39886234899058,50.42872331972758,187272000
2019-08-26,49.72080612182617,49.889358650391884,49.37647397317021,49.56910700903226,104174400
2019-08-27,49.15975570678711,50.21682513114525,49.0080566199062,50.05067921202214,103493200
2019-08-28,49.489646911621094,49.535397672061855,48.95750222501035,49.14531842901057,63755200
2019-08-29,50.32758331298828,50.4022313982712,49.76172826714803,50.204781572848944,83962000
2019-08-30,50.2625732421875,50.67432263613486,49.89175408799683,50.60449505924294,84573600
2019-09-03,49.53056716918945,49.838778479131264,49.17419853097585,49.70634307075737,80092000
2019-09-04,50.37092971801758,50.44075729707975,49.9206529766744,50.178296719193554,76752400
2019-09-05,51.35576248168945,51.521908401116775,50.92956255891965,51.047551146061835,95654800
2019-09-06,51.350948333740234,51.63026601944907,51.17035557259266,51.54117476635039,77449200
2019-09-09,51.570072174072266,52.11666733290454,50.82362424500518,51.73140127816905,109237600
2019-09-10,52.179264068603516,52.19852773601174,50.977722666637575,51.495420409371455,127111600
2019-09-11,53.83831787109375,53.867215213888514,52.427286157903254,52.509157675957375,177158400
2019-09-12,53.71791458129883,54.51974683219561,53.6625338333997,54.12966766793136,128906800
2019-09-13,52.67288589477539,53.16409656259977,52.25631964309487,52.973873814174105,159053200
2019-09-16,52.94980239868164,53.00518683075822,52.38635379866361,52.427287721827014,84632400
2019-09-17,53.14244842529297,53.1713457760135,52.761999095978375,52.964265854340255,73274800
2019-09-18,53.64087677001953,53.66014044232136,52.839044322033956,53.22912358217891,101360000
2019-09-19,53.20504379272461,53.8792539149976,53.0629746766596,53.45787075149218,88242400
2019-09-20,52.427284240722656,53.5903021245644,52.364680069600674,53.3061712623539,221652400
2019-09-23,52.66566467285156,52.935348684134595,52.40801723951081,52.72104542356095,76662000
2019-09-24,52.41524124145508,53.57344590279538,52.297256322285335,53.221890377729395,124763200
2019-09-25,53.22189712524414,53.33506889719885,52.285222698801874,52.624738014666015,87613600
2019-09-26,52.947391510009766,53.200222119962206,52.69215431918571,52.97387859627467,75334000
2019-09-27,52.68974685668945,53.20503806562803,52.318927655185426,53.10390288400387,101408000
2019-09-30,53.9298095703125,54.07669181603619,53.16409442360201,53.190581506410176,103909600
2019-10-01,54.07910919189453,54.953179424877604,53.98520109304119,54.1946912167675,139223200
2019-10-02,52.72346496582031,53.83591538249209,52.475447485978464,53.710703351981884,138449200
2019-10-03,53.17131423950195,53.20502473353978,51.80121688509269,52.59582191229404,114426000
2019-10-04,54.66181182861328,54.77739383312959,53.910547170101694,54.331930250207414,138478800
2019-10-07,54.67386245727539,55.364929664081245,54.38009790316798,54.48363967592858,122306000
2019-10-08,54.033355712890625,54.91464931879182,54.016502298134355,54.37528125988171,111820000
2019-10-09,54.66663360595703,54.84963295173128,54.33193516189685,54.66663360595703,74770400
2019-10-10,55.40345764160156,55.48773574425298,54.73165409816712,54.88334953910222,113013600
2019-10-11,56.87709426879883,57.22142273038948,55.938009631955445,56.09211532003962,166795600
2019-10-14,56.79521942138672,57.33940797097047,56.50627173244244,56.561652484899206,96427600
2019-10-15,56.66279220581055,57.2238305403229,56.55684385407052,56.92043599375151,87360000
2019-10-16,56.43402099609375,56.643511053897996,56.15229678818635,56.19323069796759,73903200
2019-10-17,56.653160095214844,56.86264654927724,56.229370350741036,56.60740933532315,67585200
2019-10-18,56.92524719238281,57.206971459334895,56.414769154933225,56.48700699434459,97433600
2019-10-21,57.91248321533203,58.02806522366355,57.144365118829434,57.192522451883065,87247200
2019-10-22,57.780067443847656,58.31943560185108,57.69819591343356,58.06901519623092,82293600
2019-10-23,58.55539321899414,58.56984372572113,58.08344620931156,58.295342884612566,75828800
2019-10-24,58.65171813964844,58.94548268184734,58.225518160528814,58.87565141775758,69275200
2019-10-25,59.37408447265625,59.41020155520193,58.48316091956122,58.55058192309258,73477200
2019-10-28,59.968833923339844,60.01699125571224,59.40779199948748,59.57634449987535,96572800
2019-10-29,58.58188247680664,60.137389750244175,58.40851680551002,59.949573571684454,142839600
2019-10-30,58.57466125488281,59.06587564349659,58.08104395955555,58.935846792440884,124522000
2019-10-31,59.899009704589844,59.997734635760125,57.129920514953874,59.53301099623121,139162000
2019-11-01,61.5989875793457,61.625470989989275,59.995323006149384,60.08682083845471,151125200
2019-11-04,62.00351333618164,62.08779142591786,61.49303898464309,61.962575744593835,103272000
2019-11-05,61.91442108154297,62.16965825317563,61.71938149469798,61.895153739341644,79897600
2019-11-06,61.94091033935547,62.00110792982626,61.49063353836815,61.82773857533684,75864400
2019-11-07,62.65578842163086,62.877983882065635,62.336989123337645,62.48914366890488,94940400
2019-11-08,62.827274322509766,62.899725365413424,62.03269349012782,62.477077084206165,69986400
2019-11-11,63.324771881103516,63.38997779988767,62.37803677612519,62.382864387383655,81821200
2019-11-12,63.266815185546875,63.467275330366334,63.01564668730592,63.16779385877103,87388800
2019-11-13,63.8730354309082,63.947903979144904,63.05189152191041,63.06638173315607,102734400
2019-11-14,63.43103790283203,63.97202517641563,63.30061869566497,63.699114048809996,89182800
2019-11-15,64.18458557128906,64.1894131845919,63.520423907249736,63.682233712517835,100206400
2019-11-18,64.50820922851562,64.58790538111721,63.815067179568615,64.19423749036015,86703200
2019-11-19,64.31256866455078,64.72555427926248,64.09520820261831,64.7014014789589,76167200
2019-11-20,63.56388854980469,64.26185818201192,62.8900643522389,64.13144630150342,106234400
2019-11-21,63.27888870239258,63.761915200189335,63.07842857838323,63.68462919164599,121395200
2019-11-22,63.22334671020508,63.56146383115527,62.99632363533841,63.418971879126275,65325200
2019-11-25,64.33189392089844,64.34880162010587,63.40206627969878,63.44795439446141,84020400
2019-11-26,63.82952880859375,64.52267054717713,63.397218095772004,64.46953734576664,105207600
2019-11-27,64.6869125366211,64.72072793178671,64.07588426604244,64.14109019477613,65235600
2019-11-29,64.54440307617188,64.72553797722755,64.21835878019206,64.38742096933656,46617600
2019-12-02,63.79814910888672,64.78593754242002,63.626676743316004,64.54925187400944,94487200
2019-12-03,62.660621643066406,62.67993946193497,61.89743881575501,62.385292973988165,114430400
2019-12-04,63.21367645263672,63.59285402856833,62.957672994206355,63.05186670062485,67181600
2019-12-05,64.1410903930664,64.21596628682174,63.45278347643845,63.708786950569554,74424400
2019-12-06,65.38006591796875,65.4501068414007,64.55650464854209,64.59998264573508,106075600
2019-12-09,64.46472930908203,65.40179466423844,63.97928524744854,65.20858698429703,128042400
2019-12-10,64.84149932861328,65.22550462605452,64.2087282339851,64.87047974798217,90420400
2019-12-11,65.39454650878906,65.47425001658583,64.84631403047881,64.92118255574232,78756800
2019-12-12,65.56119537353516,65.8268614655368,64.56133418960256,64.67242823883937,137310400
2019-12-13,66.45238494873047,66.48861047070119,65.43319849834741,65.56120025624476,133587600
2019-12-16,67.58992767333984,67.81454070722793,66.89437536419949,66.89920297821743,128186000
2019-12-17,67.72274017333984,68.0511946985015,67.33389995738182,67.51986990125756,114158400
2019-12-18,67.5609130859375,68.08258258181048,67.41117605266273,67.57540329106736,116028400
2019-12-19,67.62855529785156,67.90871162556589,67.37014165427492,67.50297102835262,98369200
2019-12-20,67.48846435546875,68.26371983787888,67.27593151247044,68.16228839852033,275978000
2019-12-23,68.58975982666016,68.65013813636672,67.71306559045694,67.75170859311704,98572000
2019-12-24,68.65496826171875,68.80471266640946,68.32893127368419,68.75640706871576,48478800
2019-12-26,70.0171127319336,70.03402042966727,68.758830663586,68.78781107661511,93121200
2019-12-27,69.99054718017578,70.99766082354941,69.58480662948736,70.30934648588836,146266000
2019-12-30,70.40594482421875,70.68851858911005,68.88441419283483,69.90842808466655,144114400
2019-12-31,70.92035675048828,70.92760185239203,69.92290595614713,70.02192726243074,100805600
2020-01-02,72.53852081298828,72.59889913772518,71.29231130597061,71.5458973217052,135480400
2020-01-03,71.83329772949219,72.59406313642577,71.60869213351766,71.76567430155144,146322800
2020-01-06,72.40567779541016,72.44432080433776,70.7030121336898,70.95418800651902,118387200
2020-01-07,72.06515502929688,72.67134838279743,71.84537704823941,72.41534488187352,108872000
2020-01-08,73.22441864013672,73.52631026770732,71.76809372355218,71.76809372355218,132079200
2020-01-09,74.77975463867188,74.97296230565743,73.9513658951312,74.20253438813242,170108400
2020-01-10,74.94881439208984,75.51396196419593,74.44647000292952,75.01402769601006,140644800
2020-01-13,76.55003356933594,76.5766038580251,75.14684225138329,75.2651887494365,121532000
2020-01-14,75.51636505126953,76.6973684411486,75.39319829942681,76.48725308231118,161954400
2020-01-15,75.19273376464844,76.19742976100052,74.76042298692015,75.31590787968373,121923600
2020-01-16,76.13465881347656,76.24576025053994,75.37389330782143,75.73616329817168,108829200
2020-01-17,76.97752380371094,76.97993392443253,76.07667669301796,76.38339587903954,137816400
2020-01-21,76.45585632324219,77.04755940221253,76.31819199284013,76.60559336877427,110843200
2020-01-22,76.72877502441406,77.28183515069573,76.63458130371416,76.94130052804331,101832400
2020-01-23,77.0982666015625,77.17796271987189,76.23364516080848,76.78188487821575,104472000
2020-01-24,76.8760986328125,78.08849275649891,76.68530106036428,77.34463502870749,146537600
2020-01-27,74.61552429199219,75.29658608064733,73.63256355928529,74.8836004716033,161940000
2020-01-28,76.72634887695312,76.89782122944564,75.39802593452413,75.49704725649863,162234000
2020-01-29,78.3324203491211,79.1801343637196,77.6175430675433,78.35899064388555,216229200
2020-01-30,78.21890258789062,78.27203580279424,76.9823558087521,77.4146666313588,126743200
2020-01-31,74.75077819824219,77.93150399168975,74.4561316996704,77.50885574859744,199588400
2020-02-03,74.54548645019531,75.71199229580401,72.99014040911702,73.49248476536589,173788400
2020-02-04,77.00650024414062,77.19729777289353,75.7458008005722,76.15154128644726,136616400
2020-02-05,77.63445281982422,78.43386124893598,77.03066957303884,78.13437974665777,118826800
2020-02-06,78.54254150390625,78.54495899553537,77.34705504130429,77.90495019793212,105425600
2020-02-07,77.47492980957031,78.29076000098544,76.98349458931148,78.04141124169928,117684000
2020-02-10,77.84288787841797,77.84288787841797,75.97882681770385,76.05871208817942,109348800
2020-02-11,77.3732681274414,78.41182135364971,77.1553917397899,78.33919835373061,94323200
2020-02-12,79.21070861816406,79.21554768869724,77.82355026338463,77.82355026338463,113730400
2020-02-13,78.64662170410156,78.97343988034811,78.27865296968668,78.48200469564426,94747600
2020-02-14,78.66600036621094,78.91534913157656,78.15761730819476,78.61515688888446,80113600
2020-02-18,77.22557067871094,77.40713550005586,76.16280771158402,76.34437253292894,152531200
2020-02-19,78.34402465820312,78.57400976696101,77.46767279180867,77.46767279180867,93984000
2020-02-20,77.54029846191406,78.59337615293093,77.03433859303921,78.10436411115981,100566000
2020-02-21,75.78515625,77.57660179653178,75.16783878997336,77.13357947900434,129554000
2020-02-24,72.18533325195312,73.63785189891229,70.0186640363075,71.96261786330551,222195200
2020-02-25,69.74026489257812,73.23841723217687,69.26820072326095,72.85592387195561,230673600
2020-02-26,70.84660339355469,72.11271828103145,69.35777309270347,69.36503539122887,198054800
2020-02-27,66.2154769897461,69.23671826456818,66.07990918137826,68.05049624740387,320605600
2020-02-28,66.1767578125,67.3992989911438,62.0637108077199,62.27917132496963,426510000
2020-03-02,72.33786010742188,72.9745487284491,67.2322571583197,68.33617091013136,341397200
2020-03-03,70.04045104980469,73.59427823904339,69.18830204720706,73.5143929639958,319475600
2020-03-04,73.28926086425781,73.44903883256075,70.962813265488,71.76411894811032,219178400
2020-03-05,70.9119644165039,72.51699133415363,70.54641152199336,71.54138326049582,187572800
2020-03-06,69.97026824951172,70.40360519926115,68.08199630361696,68.26840026882246,226176800
2020-03-09,64.43614959716797,67.32181576257562,63.66873234822989,63.850297174318,286744800
2020-03-10,69.07695770263672,69.34325431741347,65.21083618798149,67.09185293080515,285290000
2020-03-11,66.6778793334961,68.07956216167183,65.81362880191305,67.15237416724361,255598800
2020-03-12,60.09312057495117,65.36334381218688,60.03744172378647,61.95960879581329,418474000
2020-03-13,67.29277801513672,67.76484959839499,61.23577335258076,64.12629016039305,370732000
2020-03-16,58.635765075683594,62.7197589173465,58.10075235573811,58.572820229839216,322423600
2020-03-17,61.213993072509766,62.36390026360826,57.71342062659293,59.91882880861676,324056000
2020-03-18,59.71546936035156,60.521617752082875,57.403542823432716,58.04507418797264,300233600
2020-03-19,59.25792694091797,61.20914333463061,58.73259973445275,59.88977278720958,271857200
2020-03-20,55.49589157104492,60.96462284533057,55.19570308410046,59.838918789748014,401693200
2020-03-23,54.316932678222656,55.316750844922225,51.4699975094161,55.215074984673336,336752800
2020-03-24,59.76631164550781,59.962401104198456,56.72086326951332,57.21956082962695,287531200
2020-03-25,59.437076568603516,62.51883657841549,59.14173075275606,60.703187887851634,303602000
2020-03-26,62.56483459472656,62.622932989619684,59.640429280826744,59.67916400672001,252087200
2020-03-27,59.97450256347656,61.94266302499107,59.80746231049624,61.187354431284916,204216800
2020-03-30,61.6860466003418,61.85792960202071,60.376358043352745,60.700756687792804,167976400
2020-03-31,61.560176849365234,63.54528548763572,61.00580036818153,61.87731327959148,197002000
2020-04-01,58.321048736572266,60.21174335831203,57.890135142365466,59.67431113291772,176218400
2020-04-02,59.29423904418945,59.34749836465027,57.35028492920916,58.18306300120028,165934000
2020-04-03,58.44209289550781,59.48064217824671,57.85140134510496,58.77859292542469,129880000
2020-04-06,63.54042434692383,63.69535581741941,60.3715139261483,60.7394826329803,201820400
2020-04-07,62.80448913574219,65.77489475614705,62.70039373005676,65.55701102978264,202887200
2020-04-08,64.41194152832031,64.72665094840988,63.240244033180964,63.6057895375852,168895200
2020-04-09,64.8767318725586,65.3802757210065,64.0802729370591,65.04861853557672,161834800
2020-04-13,66.15011596679688,66.25905781375604,64.353831433513,64.95420843019932,131022800
2020-04-14,69.49091339111328,69.78142008992293,67.31213531371759,67.78420685231022,194994800
2020-04-15,68.85663604736328,69.31659875028247,67.93671064152491,68.36520092897909,131154400
2020-04-16,69.40377807617188,69.76933104897813,68.35312357088294,69.57081834931556,157125200
2020-04-17,68.46205139160156,69.46671616167201,67.02405715552152,68.91959837030558,215250000
2020-04-20,67.041015625,68.1909265506525,67.02165195482027,67.28794859412912,130015200
2020-04-21,64.96875762939453,67.11848709049679,64.25702267570813,66.88366287260848,180991600
2020-04-22,66.8400650024414,67.2758176226008,65.89592940016834,66.23726476615465,116862400
2020-04-23,66.58102416992188,68.20784511921251,66.5422894582851,66.78437586509685,124814400
2020-04-24,68.50321960449219,68.5129051334423,67.05796285325819,67.10638311011488,126161200
2020-04-27,68.5516357421875,68.88329305683456,67.77211693615625,68.21997103964695,117087600
2020-04-28,67.4404296875,69.19555618187054,67.34844305638214,69.01399137210808,112004800
2020-04-29,69.65554809570312,70.12519647509855,68.72593686507632,68.92928862916094,137280800
2020-04-30,71.12501525878906,71.30174107464669,69.80564818279169,70.19540392633856,183064000
2020-05-01,69.97993469238281,72.38385146458401,69.2004159964793,69.29724910279991,240616800
2020-05-04,70.9700698852539,71.09837541785019,69.31419932975179,70.00414724151751,133568000
2020-05-05,72.03524780273438,72.868025831844,71.28477828502723,71.43003164134032,147751200
2020-05-06,72.7784652709961,73.41030748628177,72.3523906692474,72.73730731555251,142333600
2020-05-07,73.53132629394531,73.87751548674036,73.10283599340708,73.4054440161324,115215200
2020-05-08,75.28150177001953,75.33490525251078,73.86389080775889,74.19159365905105,133838400
2020-05-11,76.46609497070312,76.96128289724894,74.57998648849065,74.78874828363153,145946400
2020-05-12,75.59221649169922,77.60211807775983,75.47084560508229,77.15061452744153,162301200
2020-05-13,74.67951202392578,76.69427337454634,73.60173785754363,75.77185010542999,200622400
2020-05-14,75.13829803466797,75.19898348401253,73.19393386714296,73.91730709017112,158929200
2020-05-15,74.6940689086914,74.74019043820076,72.87350561087283,72.90749301488646,166348400
2020-05-18,76.45397186279297,76.82779639021302,75.32765351821324,76.01946928008294,135178400
2020-05-19,76.01217651367188,77.31812127307398,75.9806188920403,76.47095469800648,101729600
2020-05-20,77.49044036865234,77.56083013234239,76.83260498713224,76.87144455049015,111504800
2020-05-21,76.91273498535156,77.89341385727374,76.67484537253091,77.35209701743804,102688800
2020-05-22,77.40792083740234,77.49045214412094,76.54861296126474,76.65056034866812,81803200
2020-05-26,76.88361358642578,78.70659948141834,76.82778030514494,78.52697291852887,125522000
2020-05-27,77.21857452392578,77.36422105547973,76.00001360596808,76.74038038807967,112945200
2020-05-28,77.25255584716797,78.51238602297842,76.61657369756912,76.89329541865034,133560800
2020-05-29,77.17730712890625,77.95650601708448,76.82047648532915,77.49529820628362,153532400
2020-06-01,78.12642669677734,78.24779756086807,77.00010152222838,77.13118412965547,80791200
2020-06-02,78.48811340332031,78.51238905892326,77.4176214398733,77.85941318502095,87642800
2020-06-03,78.92021179199219,79.182377080961,78.23567814710795,78.80855263967156,104491200
2020-06-04,78.24053192138672,79.04157682827717,77.86670750782196,78.74300918140095,87560400
2020-06-05,80.4688949584961,80.52958039964126,78.46142323225453,78.49055105874169,137250400
2020-06-08,80.94467163085938,80.97865903574063,79.45424095843477,80.16547259371143,95654400
2020-06-09,83.5007553100586,83.89399586857483,80.5927130816821,80.62427070317408,147712400
2020-06-10,85.64900970458984,86.11749956722853,84.010502671639,84.44986470562118,166651600
2020-06-11,81.53697204589844,85.21693875406713,81.43502463468259,84.79214058891952,201662400
2020-06-12,82.24092102050781,84.42559727745287,81.12916680700161,83.6779557734375,200146000
2020-06-15,83.25800323486328,83.91097923516973,80.7310603407497,80.89370059767263,138808800
2020-06-16,85.46453094482422,85.73640798746258,83.67795482626669,85.3140322118676,165428800
2020-06-17,85.3455810546875,86.27042663858354,85.22421016537945,86.20974119392952,114406400
2020-06-18,85.37957763671875,85.79709383713187,84.77029333637671,85.30189848131818,96820400
2020-06-19,84.89164733886719,86.5520000635857,83.78231573429939,86.08594003974744,264476000
2020-06-22,87.11273956298828,87.25595632121572,85.23877276466217,85.2848942945191,135445200
2020-06-23,88.97213745117188,90.39217823600704,87.93805517776225,88.35800109154899,212155600
2020-06-24,87.40160369873047,89.520742080351,87.02777928766403,88.60074867063001,192623200
2020-06-25,88.56190490722656,88.60074447868466,86.7971749374644,87.55695784935237,137522400
2020-06-26,85.84076690673828,88.67841857898394,85.69269058598132,88.45752269581561,205256800
2020-06-29,87.8191146850586,87.9137875283765,85.27032617462565,85.74852774385108,130646000
2020-06-30,88.55219268798828,88.83863359997088,87.38703518205058,87.40645126373022,140223200
2020-07-01,88.38468933105469,89.1735999676267,88.33614542892262,88.62986085325258,110737200
2020-07-02,88.38468933105469,89.92853061349525,88.2706078274939,89.29254845481343,114041600
2020-07-06,90.74899291992188,91.21748265861531,89.7828782136953,89.81443582235464,118655600
2020-07-07,90.4674301147461,91.90688702119085,90.3557709756679,91.12768802006694,112424400
2020-07-08,92.5744400024414,92.60599762201831,91.3583012018077,91.44569210278156,117092000
2020-07-09,92.97254180908203,93.52113325517837,91.92389542563048,93.46772976135745,125642800
2020-07-10,93.13516998291016,93.19343305098592,91.95544841683225,92.56715507244024,90257200
2020-07-13,92.70551300048828,97.0530191182004,92.49189905133328,94.44111522553601,191649200
2020-07-14,94.23963165283203,94.43139230039652,91.15195631671575,92.08650612178975,170989200
2020-07-15,94.88777160644531,96.3660683335281,93.68862647798679,96.11604456670572,153198000
2020-07-16,93.72017669677734,94.57705491810681,93.1206041798998,93.75901627207651,110577600
2020-07-17,93.53085327148438,94.32704617200835,93.05750374313295,94.1716952539975,92186800
2020-07-20,95.50189971923828,95.64026431606665,93.2735318869254,93.61822848479565,90318000
2020-07-21,94.18379974365234,96.36847551090202,93.93377603549384,96.29322616043909,103433200
2020-07-22,94.44840240478516,95.13050624366167,93.79785618394567,93.88523967276372,89001600
2020-07-23,90.14945220947266,94.25906916667438,89.33869547436655,94.18139001162552,197004400
2020-07-24,89.92611694335938,90.27081352736032,86.55685988171646,88.34587300700521,185438800
2020-07-27,92.05738067626953,92.14962372831235,90.7660001713413,90.98931843723298,121214000
2020-07-28,90.54512023925781,91.80495076068121,90.54026066225798,91.62774658169793,103625600
2020-07-29,92.28071594238281,92.4652020656453,90.9917576836522,91.02816746906157,90329200
2020-07-30,93.3973388671875,93.50171606500183,91.0451701940575,91.45297464683811,158130000
2020-07-31,103.1749496459961,103.325448337203,97.8977392627561,99.89793620674538,374336800
2020-08-03,105.77473449707031,108.39634285363456,104.76007559751676,105.05864325676774,308151200
2020-08-04,106.48112487792969,107.57346303949086,105.24071035791958,105.96408362952798,173071600
2020-08-05,106.86707305908203,107.18749399981073,105.73589542861245,106.20196292493524,121776800
2020-08-06,110.59556579589844,111.09076104294732,106.60975038646124,107.19961106444998,202428800
2020-08-07,108.08110809326172,110.57369742283494,107.2834798046482,110.11651887547455,198045600
2020-08-10,109.65204620361328,110.67096868829299,106.99895752533313,109.52802230986417,212403600
2020-08-11,106.3910140991211,109.41373301574056,106.13081029496767,108.91521808960395,187902400
2020-08-12,109.92684936523438,110.18461900895711,107.2883506394418,107.48289124635573,165598000
2020-08-13,111.87228393554688,112.87661632039004,110.8193126888657,111.30810579171875,210082000
2020-08-14,111.77256774902344,111.86254295487012,109.96087794353791,111.69718271594931,165565200
2020-08-17,111.48075103759766,112.92037661537533,110.85335133570575,112.89605718665909,119561600
2020-08-18,112.40968322753906,112.83524719865467,110.89710698763825,111.23269576368891,105633600
2020-08-19,112.55073547363281,113.96604157696903,112.45589935232542,112.8182343383738,145538000
2020-08-20,115.0481948852539,115.1624895192386,112.57505670786055,112.59208104980983,126907200
2020-08-21,120.97691345214844,121.46083817482683,115.99659572706068,116.00875173086001,338054800
2020-08-24,122.42381286621094,125.27144919995426,120.55619671335445,125.18632749798864,345937600
2020-08-25,121.41947937011719,121.76479740598619,119.69533820222341,121.29546291447672,211495600
2020-08-26,123.0706787109375,123.52785723369402,121.66996279802345,122.73752407416738,163022400
2020-08-27,121.59945678710938,124.00693190797273,120.45407621046918,123.67377724193759,155552400
2020-08-28,121.40248107910156,122.99286935955308,121.17875271683349,122.57460040324597,187630000
2020-08-31,125.5195083618164,127.42604193210997,122.56245254538821,124.09934857269191,225702700
2020-09-01,130.51925659179688,131.12235167130845,126.96884284952722,129.13799921000313,151948100
2020-09-02,127.81510925292969,134.21559397124165,123.53515699483128,133.83623463401244,200119000
2020-09-03,117.58213806152344,125.32497171958425,117.21250792808853,123.44763328131734,257599600
2020-09-04,117.65994262695312,120.32518728542867,107.86467480854796,116.79422439020836,332607200
2020-09-08,109.74203491210938,115.7437026686739,109.6058549976613,110.84120348479703,231366600
2020-09-09,114.11923217773438,115.88957796939238,112.11543623257383,114.06087149467038,176940500
2020-09-10,110.39373779296875,117.2124914481067,109.43074927727804,117.07631155381702,182274400
2020-09-11,108.94439697265625,112.08627882927041,106.99896131243025,111.44428149919675,180860300
2020-09-14,112.21270751953125,112.76715627735999,109.7225527364754,111.59016882376729,140150100
2020-09-15,112.38780975341797,115.58805204226122,110.51046419860256,115.10169316714062,184642000
2020-09-16,109.0708236694336,112.8352435170387,108.98328264614454,112.08625421766197,154679000
2020-09-17,107.3296890258789,109.13894490518533,105.74416152788396,106.72660868027582,178011000
2020-09-18,103.92516326904297,107.85494396114845,103.19562493954624,107.38804358616923,287104900
2020-09-21,107.0767822265625,107.18378178328017,100.28720839881021,101.68792447129736,195713800
2020-09-22,108.75956726074219,109.78092384803477,106.18187120745131,109.60583435939168,183055400
2020-09-23,104.19752502441406,109.05138437794632,103.85706788480732,108.57475477224305,150718700
2020-09-24,105.26751708984375,107.24213295365429,102.13536471776598,102.30072495573343,167743300
2020-09-25,109.2167739868164,109.37241242635729,104.73254348972193,105.47181123504264,149981400
2020-09-28,111.82363891601562,112.17381792247089,109.70311378636897,111.87227777517529,137672400
2020-09-29,110.97737121582031,112.16408812965686,110.4715612207209,111.4248279384537,99382200
2020-09-30,112.65044403076172,114.0608892683136,110.52019713326597,110.68555737521241,142675200
2020-10-01,113.60369873046875,114.50832646966064,112.66989064827823,114.43050727416637,116120400
2020-10-02,109.93656158447266,112.22245433262894,109.15839180363562,109.81011094316419,144712000
2020-10-05,113.32162475585938,113.46753391146844,110.4521101876222,110.80228919258478,106243800
2020-10-06,110.07274627685547,112.95198998188178,109.18756954507073,112.5434428788478,161498200
2020-10-07,111.94039154052734,112.39757019740009,111.01630496863045,111.49294214180603,96849000
2020-10-08,111.83336639404297,113.22435314166701,111.46372888130158,113.07844398775582,83477200
2020-10-09,113.77880859375,113.80798894197643,111.7847340241306,112.13491304534423,100506900
2020-10-12,121.00609588623047,121.76481458334483,116.0257780752071,116.78449677232146,240226800
2020-10-13,117.79613494873047,121.96909558575003,116.38569697728092,121.85236676734615,262330500
2020-10-14,117.88367462158203,119.67347184273211,116.35650794568298,117.69885586154554,150712000
2020-10-15,117.41676330566406,117.89339294386203,114.92660814304054,115.48105698538242,112559200
2020-10-16,115.77286529541016,118.23384747833158,115.56859545500912,117.97120952549623,115393800
2020-10-19,112.81581115722656,117.1346730450766,112.50454176511802,116.68722375774855,120639300
2020-10-20,114.3040542602539,115.73395040729928,112.47534031056462,113.02978907969988,124423700
2020-10-21,113.68152618408203,115.47132328298426,113.27297908868262,113.48697818121386,89946000
2020-10-22,112.59207916259766,114.81960369273567,111.46372301440654,114.24569636322538,101988000
2020-10-23,111.90147399902344,113.37028018331699,111.16220627814569,113.21464174892209,82572600
2020-10-26,111.91118621826172,113.37026292295224,109.80038294532771,110.89955881245987,111850700
2020-10-27,113.41888427734375,114.08033262151682,111.41508815584027,112.33916701816054,92276800
2020-10-28,108.16621398925781,112.28081345722651,108.06894369566764,111.9111833730848,143937800
2020-10-29,112.1738052368164,113.73988133267714,109.13892333116605,109.30429098085882,146129200
2020-10-30,105.89008331298828,108.93468801697114,104.78118537371022,108.03005996953382,190272600
2020-11-02,105.80252075195312,107.66041546863478,104.392082791657,106.13324869085784,122866900
2020-11-03,107.42696380615234,108.44831311565359,105.76361714103741,106.66824505588045,107624400
2020-11-04,111.81391143798828,112.43645025464208,109.2848465676762,111.02601237155882,138235500
2020-11-05,115.78257751464844,116.35648477144684,113.68151130735686,114.73204070037939,126387100
2020-11-06,115.65104675292969,116.14798328794187,113.15658830155392,115.2905176092489,114457900
2020-11-09,113.34170532226562,118.86652704964207,113.07862175936398,117.4146795664127,154515300
2020-11-10,113.00068664550781,114.57920314699663,111.20779443592696,112.5914421772737,138023400
2020-11-11,116.43057250976562,116.56698735100086,113.45866925822499,114.18946623657861,112295000
2020-11-12,116.15774536132812,117.44394777392753,115.5341325209194,116.55725128655479,103162300
2020-11-13,116.20647430419922,116.6059728165846,114.85206439758592,116.38186588950428,81581900
2020-11-16,117.21984100341797,117.89216918384535,115.12488813037272,115.87516977446028,91183000
2020-11-17,116.33314514160156,117.58037091037836,115.91415453796073,116.48905207972464,74271000
2020-11-18,115.00794219970703,116.75211168169893,114.97871151334662,115.57309358284304,76322100
2020-11-19,115.60234832763672,116.01159288995271,113.81920174805022,114.57922948779476,74113000
2020-11-20,114.33560943603516,115.72899584722249,114.28689410227584,115.6023270585875,73604300
2020-11-23,110.93497467041016,114.60845147390663,110.83753656463605,114.17971488763942,127959300
2020-11-24,112.22118377685547,112.88377334383199,109.70724035208704,110.99345018861624,113874200
2020-11-25,113.05916595458984,113.76073225947121,112.22118480532058,112.59146004070323,76499200
2020-11-27,113.60482025146484,114.48177809334693,113.24429850772803,113.58533560344574,46691300
2020-11-30,116.00184631347656,117.87268484188316,113.8191939296174,113.97510085734369,169410200
2020-12-01,119.577880859375,120.30867787495882,116.93726853515172,117.91166455593012,127728200
2020-12-02,119.92864990234375,120.21122560718797,117.79472048917064,118.89578518676296,89004200
2020-12-03,119.7922592163086,120.61074837403658,119.08094679052397,120.35740330586026,78967600
2020-12-04,119.11991882324219,119.71430101700255,118.40860642554382,119.46095595882962,78260400
2020-12-07,120.58149719238281,121.38050156328545,119.1199032870206,119.17836466433876,86712000
2020-12-08,121.19537353515625,121.78001709074977,119.93840178511279,121.18563492753421,82225500
2020-12-09,118.66194152832031,122.7251709901087,117.9019138516176,121.34153047949344,115089200
2020-12-10,120.08454895019531,120.69842312660181,117.07366917962338,117.4147062587099,81312200
2020-12-11,119.27580261230469,119.61683968170229,117.46342569030537,119.29528725882003,86939800
2020-12-14,118.66194152832031,120.19174292308256,118.42808857411595,119.46094593639897,79184500
2020-12-15,124.60575866699219,124.62525075019607,120.95177364167792,121.15639591100933,157243700
2020-12-16,124.53756713867188,125.08322659319843,123.31957197478047,124.14781463346864,98208600
2020-12-17,125.40476989746094,126.26224318770603,124.76166492977711,125.59964613576102,94359800
2020-12-18,123.41699981689453,125.79452841437983,122.8908250895469,125.65811357033245,192541500
2020-12-21,124.94676971435547,125.02472316280411,120.28915896327408,121.81896007734119,121251600
2020-12-22,128.50332641601562,130.9685466687522,126.33041301688388,128.2402353796709,168904800
2020-12-23,127.60691833496094,129.03926690688297,127.43151930755751,128.7761906679344,88223700
2020-12-24,128.59103393554688,130.04288924480903,127.74331422195132,127.95768251910687,54930100
2020-12-28,133.19017028808594,133.82352163941158,130.09158377292042,130.5593044830477,124486200
2020-12-29,131.41676330566406,135.236393246922,130.9003346955004,134.5153498347467,121047300
2020-12-30,130.2962188720703,132.5081016930773,129.9844050523243,132.10859581206566,96452100
2020-12-31,129.2926025390625,131.2901172342019,128.34743726674927,130.6470123311244,99116600
2021-01-04,126.09658813476562,130.18904830293448,123.51443728468345,130.1013562325265,143301900
2021-01-05,127.65560150146484,128.36692121346996,125.1416582953915,125.58988695133853,97664900
2021-01-06,123.35853576660156,127.69460255545032,123.14416745080455,124.44986199518105,155088000
2021-01-07,127.56795501708984,128.2597828952079,124.58630487680068,125.07350300085072,109578200
2021-01-08,128.6690216064453,129.2341731884752,126.89561337992673,129.03928205334992,105158200
2021-01-11,125.67758178710938,126.83711531254554,125.2098759078761,125.88221147258122,100384500
2021-01-12,125.5022201538086,126.36943208463073,123.6118893484401,125.20989835135185,91951100
2021-01-13,127.53868865966797,128.08434802714223,125.20014426532036,125.46322047371517,88636800
2021-01-14,125.60938262939453,127.64586655028748,125.46321431935365,127.4509903383349,90221800
2021-01-15,123.88469696044922,126.8858381851589,123.74828212605794,125.48270567821912,111598500
2021-01-19,124.55703735351562,125.4145105561259,123.68982554382202,124.50831458189415,90757300
2021-01-20,128.6495361328125,129.09776495129427,125.25864133442315,125.36582551700964,104319500
2021-01-21,133.36557006835938,136.0938817254987,130.1695525142569,130.3741822074859,120150900
2021-01-22,135.50924682617188,136.26927444924834,131.56294040290453,132.7906739013892,114459400
2021-01-25,139.26065063476562,141.3750878076961,133.04400046392547,139.40681893054085,157611700
2021-01-26,139.4945068359375,140.60531745751035,137.75033002105468,139.92324336849194,98390600
2021-01-27,138.4226837158203,140.60533595593498,136.81493637532154,139.7576013848175,140843800
2021-01-28,133.57992553710938,138.35447419549072,133.19991174456135,135.94771521998626,142621100
2021-01-29,128.58131408691406,133.2389261898638,126.8761209359315,132.35222218300783,177523800
2021-02-01,130.70547485351562,131.91373120913244,127.5776572470742,130.32546101984542,106239800
2021-02-02,131.53372192382812,132.81991691760996,131.16344668453948,132.25476545115475,83305400
2021-02-03,130.51055908203125,132.29370495136607,130.18900672512515,132.2839514790338,89880900
2021-02-04,133.8722686767578,133.8820072844467,131.14395684543172,132.8101805826387,84183100
2021-02-05,133.45751953125,134.1015854508509,132.57925865202728,134.033283551068,75693800
2021-02-08,133.60386657714844,133.6526621426791,131.6619162354287,132.74511227281954,71297200
2021-02-09,132.7256317138672,134.5504851694013,132.56950670280034,133.3209020588762,76774200
2021-02-10,132.12059020996094,133.68195923048688,131.15449145334966,133.18426522390598,73046600
2021-02-11,131.86688232421875,133.09645045385943,130.53972304081887,132.61827762495054,64280000
2021-02-12,132.10110473632812,132.257244658681,130.46168022259064,131.10574623455432,60145100
2021-02-16,129.97372436523438,132.72561913740805,129.58337464875356,132.21818684146174,80576300
2021-02-17,127.68048095703125,129.02716157528442,126.3435683892599,128.08058387844284,97918500
2021-02-18,126.57776641845703,126.86075693989008,124.33330389453356,126.08007238065763,96856700
2021-02-19,126.73388671875,127.55361366522426,125.68973288562044,127.094962062069,87668800
2021-02-22,122.95734405517578,126.58751445183981,122.56700179136556,124.91880108792212,103916400
2021-02-23,122.82074737548828,123.65022018140999,115.5311309097856,120.77145942992851,158273000
2021-02-24,122.32305145263672,122.52797948716125,119.27839785951765,121.92295598861077,111039900
2021-02-25,118.06832885742188,123.40624037390658,117.62919844492515,121.66922504247013,148199500
2021-02-26,118.33181762695312,121.83512279314837,118.27326144324365,119.62969515081251,164560400
2021-03-01,124.70413208007812,124.84075076896436,119.82487191939815,120.76168897682948,116307900
2021-03-02,122.09860229492188,125.61166793035277,121.99125798161717,125.30915619930848,102260900
2021-03-03,119.11249542236328,122.67435679168018,118.89780678629857,121.79608848285189,112966300
2021-03-04,117.22911071777344,120.61531871405342,115.75557939943269,118.80999380846009,178155000
2021-03-05,118.48794555664062,118.99539275523834,114.73091692483256,118.05857574839611,153766600
2021-03-08,113.55014038085938,118.07809310772461,113.40376109045417,118.00978376489019,154376600
2021-03-09,118.1659164428711,119.1124940848032,115.92146128458052,116.15566368258474,129525800
2021-03-10,117.08273315429688,119.21984409787017,116.5655253098007,118.75143927948164,111943300
2021-03-11,119.01492309570312,120.23473823990125,118.3318295930165,119.58091910944964,103026500
2021-03-12,118.10736083984375,118.24397951783547,116.28252245017181,117.49257678888105,88105100
2021-03-15,120.99590301513672,121.00566362104152,117.51211122320834,118.47821018844054,92403800
2021-03-16,122.53772735595703,124.14788454004912,121.70825469904881,122.66458542743165,115227900
2021-03-17,121.74729919433594,122.82073491932013,119.38573166517871,121.05444515870833,111932600
2021-03-18,117.61944580078125,120.20545520924264,117.41451776473627,119.91269661765824,121229700
2021-03-19,117.09248352050781,118.49771283246503,116.78997177230154,117.00466041109058,185549500
2021-03-22,120.41038513183594,120.87879739667785,117.3559708631763,117.42428020959487,111912300
2021-03-23,119.58090209960938,121.23984748167706,119.19055981995824,120.35182605450146,95467100
2021-03-24,117.19007873535156,119.93222828376645,117.17056496861947,119.8541583265163,88530500
2021-03-25,117.67798614501953,118.7221549060971,116.1263850777415,116.6533460379,98844700
2021-03-26,118.28302001953125,118.5465042288051,116.04831804624526,117.44378670396847,94071200
2021-03-29,118.45866394042969,119.61993010735954,117.81460554489063,118.71238752420413,80819200
2021-03-30,117.00466918945312,117.49259524324971,115.98978210413694,117.2095972386284,85671900
2021-03-31,119.20032501220703,120.53723750663126,118.22447299809998,118.7123990051535,118323800
2021-04-01,120.02980041503906,121.18130611520114,119.53211379208796,120.6738663324064,75089100
2021-04-05,122.85977172851562,123.11349534026344,120.09810870436394,120.87879330428332,88651200
2021-04-06,123.16227722167969,124.0600592543952,122.6158024965763,123.44527518865387,80171300
2021-04-07,124.81147003173828,124.830983795515,122.11811647580448,122.79145672607788,83466700
2021-04-08,127.21206665039062,127.24134101901195,125.41650255345681,125.83611176390906,88844600
2021-04-09,129.788330078125,129.82735761061758,126.34357333569822,126.66560631746748,106686700
2021-04-12,128.07081604003906,129.6419382844939,127.47554575138676,129.31990535224077,91420000
2021-04-13,131.1837921142578,131.40824882078488,128.74416183713194,129.2418559434714,91266500
2021-04-14,128.84176635742188,131.7400486182492,128.48070580389006,131.68149986798167,87222800
2021-04-15,131.2520751953125,131.7400011254066,130.41284199993794,130.58850307773702,89347100
2021-04-16,130.9202880859375,131.41796717012542,130.0615336909614,131.05690674965481,84922400
2021-04-19,131.58392333984375,132.1987150667435,130.12014485890128,130.28603796656913,94264200
2021-04-20,129.89566040039062,132.25722045509355,128.6270498214987,131.75954129528387,94812300
2021-04-21,130.27627563476562,130.5202386977521,128.1294036585496,129.16380466316036,68847100
2021-04-22,128.75392150878906,130.91054619483594,128.2367211149233,129.8273498266732,84566500
2021-04-23,131.07644653320312,131.85711621347775,128.9686026596944,128.9686026596944,78657500
2021-04-26,131.46678161621094,131.79856771997257,130.33478973127393,131.57412593099494,66905100
2021-04-27,131.14471435546875,132.14008729661597,130.8714770603014,131.7497376675799,66015800
2021-04-28,130.35430908203125,131.7595383135996,129.86638309275443,131.06667685708592,107760100
2021-04-29,130.25668334960938,133.7600023392552,129.25155726974933,133.1744853514288,151101000
2021-04-30,128.28549194335938,130.33477191318826,127.9049103139399,128.59775679529238,109839500
2021-05-03,129.33941650390625,130.83248375117557,128.64656992797262,128.85149050777056,75135100
2021-05-04,124.76270294189453,128.31481181826024,123.64047141691725,128.0220531786448,137564700
2021-05-05,125.00664520263672,127.29988843260809,124.8797796797169,126.08007345167024,84000900
2021-05-06,126.60704803466797,126.61680119447594,124.06006618952057,124.80171581873422,78128300
2021-05-07,127.28153228759766,128.30790544082245,126.56793953638302,127.90713783845663,78973300
2021-05-10,123.99710083007812,126.62659678553494,123.9579995481262,126.49953067035334,88071200
2021-05-11,123.0782470703125,123.43014369302018,120.00885982186637,120.72244516785638,126142800
2021-05-12,120.00884246826172,121.83678798561996,119.50054079091288,120.62467824901435,112172300
2021-05-13,122.15937805175781,123.31283969833798,121.4653471184995,121.77814989768362,105861300
2021-05-14,124.58360290527344,125.01370954120979,123.01958894433238,123.41059429901935,81918000
2021-05-17,123.43013763427734,124.07529756948797,122.35487853339957,123.96777091361953,74244600
2021-05-18,122.04207611083984,124.13394612750437,121.97365073488565,123.71361668726954,63342900
2021-05-19,121.88568115234375,122.11050419640777,120.09683669552412,120.3900925748675,92612000
2021-05-20,124.44673919677734,124.84752169451296,122.2864439727993,122.41352498808429,76857100
2021-05-21,122.60901641845703,125.12121552562014,122.39396313602347,124.94526351797502,79295400
2021-05-24,124.24147033691406,125.06258229000034,123.10756306374581,123.17598843835246,63092900
2021-05-25,124.04597473144531,125.43404408732667,123.47901735071959,124.94528180981987,72009500
2021-05-26,123.99710083007812,124.52495694971883,123.57677137135352,124.10462749099422,56575900
2021-05-27,122.4623794555664,124.76930229302097,122.26688055387231,123.5962939672463,94625600
2021-05-28,121.8074722290039,122.9707110430963,121.74882403932074,122.74588055296678,71311100
2021-06-01,121.48490142822266,122.53083648398967,121.15255171788874,122.26691215271315,67637100
2021-06-02,122.24734497070312,122.42329699238253,121.26006567031901,121.4848886960278,59278900
2021-06-03,120.76152801513672,122.04206311064841,120.36074552880676,121.87588828071905,76229200
2021-06-04,123.05868530273438,123.32261707615766,121.0645647856299,121.27961809499506,75169300
2021-06-07,123.06846618652344,123.47901844884905,122.02253116137574,123.33239051007368,71057600
2021-06-08,123.88957214355469,125.57089740877028,123.37149321732436,123.75272138786391,74403800
2021-06-09,124.27080535888672,124.87686405712522,123.674523845825,124.34900792468662,56877900
2021-06-10,123.27372741699219,125.30694902913476,123.10755258677628,124.1632572111759,71186400
2021-06-11,124.48585510253906,124.57383485098319,123.26396801386512,123.68429747068124,53522400
2021-06-14,127.54545593261719,127.60410412556826,124.21215187864384,124.94528412175958,96906500
2021-06-15,126.7243423461914,127.66275811320399,126.47996494927916,127.01759820560862,62746300
2021-06-16,127.22285461425781,127.94621700907624,125.57087609933701,127.43790789607921,91815000
2021-06-17,128.8259735107422,129.56889029442954,126.73410372753868,126.88073910539828,96721700
2021-06-18,127.52588653564453,128.55225950252338,127.31083326824265,127.77026389263668,108953300
2021-06-21,129.3245086669922,129.43203530764706,126.304007918975,127.36948968462076,79663300
2021-06-22,130.96673583984375,131.06449276893142,128.65981252013916,129.15835197662773,74783600
2021-06-23,130.69300842285156,131.29907441491832,130.23357779534092,130.76144124276647,60214200
2021-06-24,130.4095458984375,131.6118784063628,129.94033059947196,131.4261492149737,68711000
2021-06-25,130.11627197265625,130.87872808294074,129.8230161804832,130.45840621612638,70783700
2021-06-28,131.74871826171875,132.20814888176557,130.35088695244318,130.40953513106874,62111300
2021-06-29,133.26388549804688,133.42029061372372,131.32842066728736,131.76829700396732,64556100
2021-06-30,133.87973022460938,134.31960659055045,132.81423335434383,133.10748923684247,63261400
2021-07-01,134.18275451660156,134.24140270940268,132.70670539157666,133.52782483763312,52485800
2021-07-02,136.812255859375,136.85134968212856,134.65195299080864,134.79857347065126,78852600
2021-07-06,138.82591247558594,139.9304881404482,136.91977180863466,136.91977180863466,108181800
2021-07-07,141.31857299804688,141.6313683204944,139.45152604310684,140.3117243665474,104911600
2021-07-08,140.01846313476562,140.8200131513889,137.50625661436462,138.39579381995796,105575500
2021-07-09,141.846435546875,142.37428423087343,139.44175508160217,139.53951201949036,99890800
2021-07-12,141.2501220703125,143.02919651124512,140.76136732266437,142.92166987013806,76299700
2021-07-13,142.36453247070312,144.14360753862073,140.39974306234285,140.79074103201313,100827100
2021-07-14,145.79554748535156,146.20611463354894,144.35860721349817,144.76917436169552,127050800
2021-07-15,145.140625,146.62644380694877,143.7818872173468,145.88354186128097,106820300
2021-07-16,143.0976104736328,146.39181260894236,142.59908601439943,145.12106223258928,93251400
2021-07-19,139.24624633789062,140.82982210985173,138.48379000590003,140.51701186307943,121434600
2021-07-20,142.86302185058594,143.79166790162552,139.74477876057173,140.23353355980825,96350000
2021-07-21,142.1299285888672,142.8435215304857,141.3772567310863,142.2570096444792,74993500
2021-07-22,143.49842834472656,144.86693597184757,142.5306883626531,142.65776939789095,77338200
2021-07-23,145.21881103515625,145.3752161371665,143.6156960285799,144.23153179548808,71447400
2021-07-26,145.63916015625,146.46026463758602,144.37816442398642,144.9353520535012,72434100
2021-07-27,143.4690704345703,145.85419595024982,142.27650767673055,145.76620876125995,104818600
2021-07-28,141.7193603515625,143.6646101370385,139.33423415868967,141.5531854827955,118931200
2021-07-29,142.36453247070312,143.25407000466194,141.32837442702208,141.4359011060239,56699500
2021-07-30,142.57955932617188,143.038990058725,140.8689174245079,141.13284920856503,70440600
2021-08-02,142.2471923828125,143.6450238649846,141.98326063074202,143.06829681635188,62880000
2021-08-03,144.0458221435547,144.71052154385873,141.91484335749328,142.53067920795002,64786600
2021-08-04,143.64501953125,144.46612394001684,142.99008994933277,143.95782973398676,56368300
2021-08-05,143.75254821777344,144.51500445327014,142.88256533800865,143.6743456659774,46397700
2021-08-06,143.06729125976562,144.01689744386482,142.56801978751224,143.2728824177294,54126800
2021-08-09,143.0183563232422,143.6155312622221,142.46034872273202,143.1260440970898,48908700
2021-08-10,142.5386505126953,144.60428668695926,142.2449552630066,143.36098526145494,69023100
2021-08-11,142.79319763183594,143.63511616058656,142.47013430752855,142.97920514625199,48493500
2021-08-12,145.7594757080078,145.91611517335826,142.7736012533468,143.11624821655573,72282600
2021-08-13,145.96505737304688,146.2979050117812,145.15250700463497,145.8377859484882,59375000
2021-08-16,147.94256591796875,148.01110127736936,143.3903421833443,145.4168108670683,103296000
2021-08-17,147.03213500976562,148.49079698288415,145.95525743273268,147.07128740440294,92229700
2021-08-18,143.28265380859375,147.5509815993363,143.07706266924538,146.65032719515608,86326000
2021-08-19,143.61550903320312,144.888178453154,141.46176882757268,141.9806239472667,86960300
2021-08-20,145.0741729736328,145.37765255184942,143.6938159198485,144.33994240518913,60549600
2021-08-23,146.5622100830078,147.03211343952145,144.78047016020776,145.191637464402,60131800
2021-08-24,146.47409057617188,147.68802375922274,146.0139715839325,146.3076667825046,48606400
2021-08-25,145.2406005859375,147.15939642783155,144.69237747052765,146.66011006790077,58991300
2021-08-26,144.43785095214844,145.98463202414845,144.40848292036043,145.23083262430814,48597200
2021-08-27,145.4755401611328,145.62238028371488,143.74275202487664,144.379079140009,55802400
2021-08-30,149.9005126953125,150.26274327805922,145.48534478526688,145.86714409511154,90956700
2021-08-31,148.63763427734375,149.5872403166816,148.1089799162903,149.45018454491938,86453100
2021-09-01,149.3033447265625,151.72141211238971,149.1369209108447,149.61662363000326,80313700
2021-09-02,150.4193572998047,151.46686670695442,149.1956397332981,150.63473278654652,71115500
2021-09-03,151.0557098388672,151.37877309131167,149.87114457990415,150.5270554483364,57808700
2021-09-07,153.39544677734375,153.95345421989785,151.1438034675188,151.71161021089787,82278300
2021-09-08,151.8486785888672,153.73809149809526,150.7424330368148,153.67935544010308,74420200
2021-09-09,150.83055114746094,152.82765179688866,150.7130640942289,152.2206926173688,57305700
2021-09-10,145.83778381347656,152.21090030495253,145.57345660401688,151.74099688432676,140893200
2021-09-13,146.40560913085938,148.236286286438,145.62242670552294,147.46290316436924,102404300
2021-09-14,145.00563049316406,147.8936158708618,143.8210802661935,147.18875336474773,109296300
2021-09-15,145.8965301513672,146.29791317586614,143.2924550814451,145.43641106239744,83281300
2021-09-16,145.66156005859375,145.83778317678434,144.12457838073104,145.3189280621593,68034100
2021-09-17,142.98898315429688,145.69096176910773,142.69528787817018,145.69096176910773,129868800
2021-09-20,139.93453979492188,141.79458433792297,138.29965507938874,140.77645799540764,123478900
2021-09-21,140.4142608642578,141.55967381165956,139.77793361611074,140.90374795912805,75834000
2021-09-22,142.7834014892578,143.35119341343096,140.67859787200524,141.41282856542696,76404300
2021-09-23,143.7427520751953,143.98749557155614,142.5777706424446,143.56652899007761,64838200
2021-09-24,143.8308868408203,144.369325635303,142.49948133899076,142.5973847336097,53477900
2021-09-27,142.3134307861328,142.89103673885643,140.7960331944483,142.41133415112495,74150700
2021-09-28,138.92620849609375,141.70649116246142,138.7108330139708,140.23803011414577,108972300
2021-09-29,139.82688903808594,141.41282248756633,139.04370667783795,139.4744577228724,74602000
2021-09-30,138.52484130859375,141.344291622089,138.30946580198176,140.63942904371518,89056700
2021-10-01,139.65066528320312,139.91499250291432,136.1851031474959,138.91643462464168,94639600
2021-10-04,136.2144317626953,139.21988889227816,135.36272922536708,138.77933867425367,98322000
2021-10-05,138.14305114746094,139.2492967831214,136.42984628272845,136.55711770997038,80861100
2021-10-06,139.01431274414062,139.16115287396872,135.4606322227177,136.5375096346514,83221100
2021-10-07,140.27720642089844,141.18766019383065,139.7191988951329,140.05204653772714,61732700
2021-10-08,139.89540100097656,141.14848672637,139.5625533728477,141.00164657806616,58773200
2021-10-11,139.80731201171875,141.76526053635698,138.82833774939965,139.27867248276962,64452200
2021-10-12,138.53460693359375,140.23802709057873,138.07448795333846,140.21844342772843,73035900
2021-10-13,137.94723510742188,138.4269228251495,136.27318293183075,138.27029833211344,78762700
2021-10-14,140.73731994628906,140.85480700337075,138.53462808500012,139.12201855652793,69907100
2021-10-15,141.7946014404297,141.85333749485733,140.4925641281013,140.74710694789957,67940300
2021-10-18,143.4686279296875,143.75252378778313,140.14990700858613,140.43380286668176,85589200
2021-10-19,145.63218688964844,146.03356986995644,143.4686624173773,143.91898215404882,76378900
2021-10-20,146.12168884277344,146.6013915952755,145.00565881312252,145.57346566160615,58418800
2021-10-21,146.33706665039062,146.4937061154404,144.76091751098588,145.68115569570142,61421000
2021-10-22,145.56369018554688,147.0223523235176,145.5147384832475,146.5426644796855,58883400
2021-10-25,145.5147247314453,146.2293717159997,144.51616686316274,145.55387712680738,50720600
2021-10-26,146.18043518066406,147.66846521408038,145.87694062980856,146.19021954502938,60893400
2021-10-27,145.72032165527344,146.58180882899126,145.36789033121931,146.2195931401995,56094900
2021-10-28,149.3621063232422,149.94948190193364,146.57202377608343,146.669927174846,100077900
2021-10-29,146.6503143310547,146.7873700992779,143.3315929295454,144.12455951269104,124953200
2021-11-01,145.82803344726562,146.55246494421348,144.6924195562031,145.857401484279,74588300
2021-11-02,146.86570739746094,148.3831203302802,145.5245026428988,145.53430194477542,69122000
2021-11-03,148.3047637939453,148.77466709062185,146.66987914808706,147.2278865120236,54511500
2021-11-04,147.7859344482422,149.22501261030823,147.4726555708135,148.39289360081148,60394600
2021-11-05,148.31533813476562,149.21730693838492,147.11924549176268,148.9133844562671,65463900
2021-11-08,147.4918212890625,148.5996814029073,147.2173096615232,148.44281334152436,55020900
2021-11-09,147.85458374023438,148.46242885300364,147.11928144197597,147.25653727259368,56787900
2021-11-10,145.02117919921875,147.18787595185904,144.9525587828528,147.08003104634736,65187100
2021-11-11,144.97216796875,146.50159405628088,144.7858890294142,146.0408184691879,41000000
2021-11-12,147.05062866210938,147.45258246065882,144.5898079376244,145.5211876519379,63804000
2021-11-15,147.06040954589844,148.9035714659964,146.50157280893995,147.42315376898895,59222800
2021-11-16,148.04083251953125,148.52123530858523,146.41336017433824,147.0016078768631,59256200
2021-11-17,150.4820556640625,151.9624587476381,148.03104826490704,148.04084690898938,88807000
2021-11-18,154.77621459960938,155.56053998029552,150.05067998656534,150.6977495476136,137827700
2021-11-19,157.40371704101562,157.8645076840942,153.46249248182252,154.56053914119423,117305600
2021-11-22,157.864501953125,162.45278100729988,157.84488970355858,158.5115565911854,117467900
2021-11-23,158.246826171875,158.6291826815126,155.94287351139204,157.96250097049108,96041900
2021-11-24,158.76646423339844,158.96254184147043,156.5115343411642,157.59978226969068,69463600
2021-11-26,153.73696899414062,157.30563478087385,153.29579070221752,156.44289044282164,76959800
2021-11-29,157.0997772216797,158.03115705077292,155.67818094806347,156.24681646555752,88748200
2021-11-30,162.0606231689453,162.27631303141865,156.78605010261836,156.85468549511577,174048100
2021-12-01,161.5409698486328,166.9625960118038,161.30566779650317,164.1978529983773,152052500
2021-12-02,160.55078125,160.98216094033538,154.70758806208025,155.62916922602187,136739200
2021-12-03,158.66842651367188,161.7272942117962,156.58997682835107,160.8057129483763,118023100
2021-12-06,162.08023071289062,164.59005999270414,161.06060321811478,161.0704018625744,107497000
2021-12-07,167.82534790039062,168.21751800507252,165.0410074760686,165.76651094991018,120405400
2021-12-08,171.6489715576172,172.51173104768282,167.3548013172171,168.7567854885737,116998900
2021-12-09,171.13912963867188,173.28621440591945,170.5116723744327,171.48227664120193,108923700
2021-12-10,175.93328857421875,176.10976886642817,171.26657639018677,171.77639006130698,115402700
2021-12-13,172.29600524902344,178.5607789713786,172.09011406463858,177.57056250136455,153237000
2021-12-14,170.91368103027344,174.2568593248658,168.83523116255722,171.8156501230515,139380400
2021-12-15,175.7862548828125,175.9823324841572,168.93323276156414,171.6783640596761,131063300
2021-12-16,168.88421630859375,177.59019978284007,167.4038131560954,175.76664959457935,150185800
2021-12-17,167.78611755371094,170.07045764089074,166.3645366300347,166.5998237038935,195432700
2021-12-20,166.42340087890625,167.23713712314685,164.17828470413107,164.98220734461725,107499100
2021-12-21,169.5998992919922,169.80577551895627,165.8057299805719,168.19791539703556,91185900
2021-12-22,172.1979522705078,172.41364208964774,168.7763410121153,169.64889893145047,92135300
2021-12-23,172.82545471191406,173.3842916513252,171.83525298109265,172.40388856584363,68356600
2021-12-27,176.7960662841797,176.8842989595941,173.5999580433746,173.61955533140323,74919600
2021-12-28,175.77645874023438,177.77648936801128,175.03135779720262,176.6294195784467,79144300
2021-12-29,175.8646697998047,177.0901733747063,174.64896486798852,175.81564666485653,62348900
2021-12-30,174.70777893066406,177.0313437787025,174.5999340224449,175.95289469651084,59773000
2021-12-31,174.0901336669922,175.7175909576372,173.7861962305415,174.59993235574382,64062300
2022-01-03,178.44313049316406,179.2960912081591,174.22740989529922,174.34505345884557,104487900
2022-01-04,176.1783905029297,179.35490114678188,175.60975505040156,179.05097865451486,99310400
2022-01-05,171.4920654296875,176.6391804132829,171.21755382734324,176.09015720859438,94537600
2022-01-06,168.6293182373047,171.86465117218228,168.27637255423144,169.31559735445745,96904000
2022-01-07,168.7959747314453,170.72736974687896,167.67831596269667,169.50186605484046,86709100
2022-01-10,168.8155975341797,169.11952007524562,164.8743732254317,165.76654355936012,106765600
2022-01-11,171.6489715576172,171.7470028889114,167.4724598584393,168.94306446572548,76138300
2022-01-12,172.09010314941406,173.70776179361494,171.39402553539196,172.6685372139698,74805200
2022-01-13,168.8155975341797,173.15877570962883,168.42342735235042,172.33524076743157,84505800
2022-01-14,169.67837524414062,170.37445308222146,167.7371662945372,167.98226707466006,80440800
2022-01-18,166.47242736816406,169.1587219328493,166.0900708080933,168.14890807010434,90956700
2022-01-19,162.97238159179688,167.72734198246087,162.68807131265714,166.66850497918634,94815000
2022-01-20,161.28611755371094,166.3548000670663,160.96258271756932,163.70771454199348,91420500
2022-01-21,159.2272491455078,163.070426973366,159.1194042209609,161.19785371976124,122848900
2022-01-24,158.4527130126953,159.11939476840692,151.66832669269064,156.88407733764427,162294600
2022-01-25,156.64877319335938,159.5703696285005,153.942866591661,155.86444788627315,115798400
2022-01-26,156.56057739257812,161.1684690871765,154.72722833633023,160.29591090449674,108275300
2022-01-27,156.09976196289062,160.6292188937634,155.17818077822113,159.26645936487785,121954600
2022-01-28,166.9920196533203,167.01163189910224,159.6095873711376,162.4625632621154,179935700
2022-01-31,171.35482788085938,171.57051772849903,166.1881001011021,166.82537099995082,115541600
2022-02-01,171.1881561279297,171.41364461299403,168.93322639800166,170.5999083862923,86213900
2022-02-02,172.39407348632812,172.4332979868797,169.93326714833051,171.32543772263608,84914300
2022-02-03,169.5116424560547,172.78619926092313,168.74692944934694,171.06068071470264,89418100
2022-02-04,169.22702026367188,170.90565209755536,167.5483884297884,168.53004061879486,82465400
2022-02-07,168.51039123535156,170.75836779564654,167.81341170266444,169.68837067678015,77251200
2022-02-08,171.62222290039062,172.1326861402394,168.28459707531294,168.57909567441112,74829200
2022-02-09,173.04563903808594,173.40884553875563,171.69095428385612,172.8198632386553,71285000
2022-02-10,168.96194458007812,172.26029603848204,168.40241070544232,170.94488589786454,90865900
2022-02-11,165.5457763671875,169.9043132142881,164.95677923370172,169.16807428684055,98670700
2022-02-14,165.78138732910156,166.46854070339387,163.5039475985097,164.2990832872494,86185500
2022-02-15,169.61965942382812,169.77672735442647,167.1262696855739,167.83306039444423,62527400
2022-02-16,169.38406372070312,170.15956224722075,166.9299336029845,168.6969102835062,61177400
2022-02-17,165.78138732910156,168.7557915611827,165.37890643172315,167.8919330456037,69589300
2022-02-18,164.23037719726562,167.4109199862711,163.14074291393072,166.70414435001902,82772700
2022-02-22,161.3050537109375,163.6315640117695,159.17485582320555,161.95293260639133,91162800
2022-02-23,157.133056640625,163.10148814384206,156.8189207831809,162.50267977205857,90009200
2022-02-24,159.75405883789062,159.86204116175165,149.21111050582687,149.7804704881103,141147500
2022-02-25,161.8253631591797,162.09039845532038,157.91837681162906,160.83388489976153,91974200
2022-02-28,162.0904083251953,162.38490698432935,159.44976148037279,160.06820716667184,95056600
2022-03-01,160.2056427001953,163.54326930615582,158.99821463810176,161.6781210613714,83474400
2022-03-02,163.50393676757812,164.28926127709886,159.9601728375973,161.3737539589708,79724800
2022-03-03,163.1800079345703,165.81084308627598,162.51249176371445,165.3789138092183,76678400
2022-03-04,160.17613220214844,162.5124684222201,159.1257725009118,161.47191984720897,83737200
2022-03-07,156.37718200683594,161.9922331985085,156.12194287523664,160.3626871229987,96418800
2022-03-08,154.55128479003906,159.89147377341504,152.94137619759366,155.90596926887457,131148300
2022-03-09,159.96017456054688,160.4117410265014,156.4851334154229,158.51714506516998,91454900
2022-03-10,155.61143493652344,157.44711886074091,153.11803117817527,157.2606026372247,105342000
2022-03-11,151.89102172851562,156.35754167605256,151.66524594480387,156.01395745746433,96970100
2022-03-14,147.85641479492188,151.29219668682538,147.34596655573256,148.671187726746,108732100
2022-03-15,152.24441528320312,152.7156190595178,147.6208424416319,148.1312907310734,92964300
2022-03-16,156.6618194580078,157.06430032250074,151.6259555145145,154.16843028106842,102300200
2022-03-17,157.67294311523438,158.04597567713608,154.73781315339022,155.6998279417029,75615400
2022-03-18,160.97128295898438,161.4621089351798,156.8287105215893,157.56494948588247,123511700
2022-03-21,162.34561157226562,163.2978152048177,160.0190861607253,160.50991215775952,95811400
2022-03-22,165.72247314453125,166.31145526950652,161.8842108013452,162.4731929263205,81532000
2022-03-23,167.08700561523438,169.4724129582103,164.57396373096856,164.90773681905242,98062700
2022-03-24,170.8761444091797,170.94485224956935,167.0869676759046,167.921362759599,90131400
2022-03-25,171.51422119140625,172.0639438588756,169.58036574981767,170.6896371902022,80546200
2022-03-28,172.3780975341797,172.5057021088352,168.84414433562662,169.01102337849983,90371900
2022-03-29,175.6764678955078,175.7255385178658,173.1045291861119,173.44811341555265,100589400
2022-03-30,174.50827026367188,176.31450624555694,173.45789549385026,175.27395758161924,92633200
2022-03-31,171.40625,174.76349791877144,171.200096496919,174.57698164903633,103049300
2022-04-01,171.1117706298828,171.67131950192206,168.78526000762312,170.83690924745642,78751300
2022-04-04,175.166015625,175.21510122926847,171.2394069446954,171.3670265200288,76468400
2022-04-05,171.84799194335938,175.0285497272662,171.21973527998745,174.2432251533462,73401800
2022-04-06,168.67724609375,170.44422249190762,167.00844087614192,169.1975203972604,89058800
2022-04-07,168.9815673828125,170.1791839693951,166.73359099058004,168.01955265843017,77594700
2022-04-08,166.9691925048828,168.62818685521674,166.0955227852114,168.62818685521674,76575500
2022-04-11,162.7088165283203,165.928633841103,162.46340353204835,165.61451299486157,72246700
2022-04-12,164.58377075195312,166.75321318939567,163.5824815614611,164.93716605572558,79265200
2022-04-13,167.2734832763672,167.90173991390134,163.71009694763094,164.3187163524491,70618900
2022-04-14,162.25726318359375,168.12755331525187,162.01185016741871,167.48947048590375,75329400
2022-04-18,162.0413055419922,163.54323192882495,160.56882751734665,160.91239673580466,69023900
2022-04-19,164.32855224609375,164.7408593011716,160.9025960723887,161.9922304806441,67723800
2022-04-20,164.1616668701172,165.7814017275046,163.05241024771163,165.66359329680822,67929800
2022-04-21,163.3665008544922,168.38274246164556,162.86586379792752,165.81081937992397,87227800
2022-04-22,158.82147216796875,164.78991818851023,158.53679967564108,163.40580023778472,84882400
2022-04-25,159.89149475097656,160.1761672620124,155.55259437743032,158.16377751272768,96046400
2022-04-26,153.92303466796875,159.36138008917553,153.84450071149385,159.27303500519898,95623200
2022-04-27,153.697265625,156.85817138310125,152.52909731194325,153.0493716898695,88063200
2022-04-28,160.6375274658203,161.5013859909982,156.01394010524191,156.3280759248776,130216800
2022-04-29,154.75738525390625,163.15051032482617,154.3647305635541,158.87050829319597,131747600
2022-05-02,155.06175231933594,155.326787567421,150.45780216717014,153.83468735250372,123055300
2022-05-03,156.5538787841797,157.76132169874938,153.45186941180674,155.24827964309745,88966500
2022-05-04,162.97384643554688,163.4253979042394,156.33787025741282,156.7403511160265,108256500
2022-05-05,153.8936004638672,161.06947475751667,152.10698649205247,160.84369897364428,130525300
2022-05-06,154.62107849121094,156.7445658918497,151.57347999950738,153.37254446386834,116124600
2022-05-09,149.4893341064453,153.19560424531912,148.92897809122042,152.3108102727315,131577900
2022-05-10,151.8979034423828,154.09021465537515,150.3446125608553,152.89083834180113,115366700
2022-05-11,144.0233154296875,152.82200644382692,143.34497796029567,150.90497555260774,142689800
2022-05-12,140.14993286132812,143.72839581595062,136.45350338099348,140.35638928215414,182602000
2022-05-13,144.6230010986328,145.59626984264398,140.69062395231782,142.14559929622243,113990900
2022-05-16,143.0795440673828,145.02608166695018,141.7425351609862,143.08938461134267,86643800
2022-05-17,146.71701049804688,147.2380493187645,144.20027628752518,146.343429833823,78336300
2022-05-18,138.4393310546875,144.86876045778243,137.53487119903903,144.3673878211131,109742900
2022-05-19,135.0280303955078,139.26516512783357,134.29070954879225,137.51525818502847,136095600
2022-05-20,135.26397705078125,138.32140173559216,130.36817033712612,136.73861889231387,137426100
2022-05-23,140.6906280517578,140.83808619870993,135.32292649026942,135.46055909436765,117726300
2022-05-24,137.9871063232422,139.56988862899178,135.00833201503448,138.4294957252956,104132700
2022-05-25,138.14443969726562,139.39295887874255,136.0012859433497,136.08976084581695,92482700
2022-05-26,141.34930419921875,141.89983463413682,134.82155832650707,135.0673319135833,90601500
2022-05-27,147.11024475097656,147.1495619264336,142.80428649817537,142.93209356986327,90978500
2022-05-31,146.32376098632812,148.11299992246586,144.35757226573517,146.54988348979353,103718400
2022-06-01,146.1959686279297,149.17474333360954,145.18336763808455,147.36583831364814,74286600
2022-06-02,148.6536865234375,148.71266977766248,144.377220582194,145.33082319437173,72348100
2022-06-03,142.9222412109375,145.46845161750497,142.01779633681872,144.4165336112239,88570300
2022-06-06,143.66944885253906,146.05837660760338,142.45040610913514,144.54440247457217,71598400
2022-06-07,146.1959686279297,146.48105939148104,141.66390303598558,141.9096766255686,67808200
2022-06-08,145.45864868164062,147.3363475160415,144.96710149969525,146.06816238698744,53950200
2022-06-09,140.2285614013672,145.4487894010345,140.12042043523653,144.5935022148915,69473000
2022-06-10,134.8117218017578,138.38034379484614,134.7428980025847,137.9084627463307,91437900
2022-06-13,129.65045166015625,132.9143161949929,129.21788786619382,130.62370519574654,122207100
2022-06-14,130.5155792236328,131.62648045825296,129.25721986088914,130.8793342743823,84784300
2022-06-15,133.1404266357422,135.01813996515114,129.92571973239964,132.01969996284308,91533000
2022-06-16,127.86124420166016,130.1518557555823,126.85848380018383,129.84709891808183,108123900
2022-06-17,129.33587646484375,130.83018391739205,127.61546153618984,127.87107564040531,134520300
2022-06-21,133.57305908203125,134.74294406124704,131.06617984180681,131.164480301734,81000500
2022-06-22,133.06182861328125,135.43107463782408,131.64617032424826,132.51128316690097,73409200
2022-06-23,135.9324493408203,136.24703170777948,133.33708105988757,134.5069656450009,72433800
2022-06-24,139.26516723632812,139.51094085562102,137.40711927450707,137.53491135597412,89116800
2022-06-27,139.26516723632812,141.0642319296519,138.5868296469467,140.28757889222084,70207900
2022-06-28,135.11648559570312,140.99538542275212,134.99851907769516,139.72720035167993,67083400
2022-06-29,136.87620544433594,138.29186353568556,134.35948661563768,135.13613945781051,66242400
2022-06-30,134.40867614746094,136.0307760106686,131.50855048251,134.9297150126528,98964500
2022-07-01,136.58131408691406,136.6894550838494,133.36660581596968,133.7401715319748,71051600
2022-07-05,139.1668243408203,139.2159820551499,134.6150930089742,135.44090360755794,73353800
2022-07-06,140.5038299560547,141.68354006887108,138.69494011634768,138.96037976700046,74064300
2022-07-07,143.87588500976562,144.07250090814313,140.85777771671903,140.86760326134686,66253700
2022-07-08,144.55416870117188,145.0555563580384,142.5486630761882,142.80426217519934,64547800
2022-07-11,142.4208984375,144.16097993966463,141.3493290099564,143.2073770543587,63141600
2022-07-12,143.39414978027344,145.94036067600746,142.59784571642712,143.29583433994398,77588800
2022-07-13,143.03038024902344,143.9741422785196,139.71734260162484,140.5726447543378,71185600
2022-07-14,145.96002197265625,146.43190306892052,140.82826817318988,141.64423829848138,78140700
2022-07-15,147.63125610351562,148.30959351033036,145.6945593046606,147.24784996064128,76259900
2022-07-18,144.58370971679688,149.0076347954927,144.21995456531678,148.19166459198905,81420900
2022-07-19,148.44725036621094,148.67335787183444,144.42639797966964,145.41931789638997,82982400
2022-07-20,150.4527587890625,151.12127077444447,147.8278985688421,148.5652193610668,64823400
2022-07-21,152.72372436523438,152.9400063380094,149.37136878805202,151.88808810670997,65086600
2022-07-22,151.48500061035156,153.63797957756256,150.8165036712,152.76302623024424,66675400
2022-07-25,150.36427307128906,152.4189365975324,149.70560167774437,151.40635064916066,53623900
2022-07-26,149.03709411621094,150.50189494637155,148.25061571701698,149.68592491978026,55138700
2022-07-27,154.13934326171875,154.67022256546406,149.5876270137746,150.0005248051165,78620700
2022-07-28,154.6898956298828,154.97498637932796,151.7995959592648,154.3261405347344,81378700
2022-07-29,159.7626495361328,160.86372535437394,156.8035410889223,158.51413057382698,101786900
2022-08-01,158.77952575683594,160.8243633244221,158.17001220333,158.28797869734385,67829400
2022-08-02,157.30491638183594,159.66435174491758,156.931350741657,157.39340627106276,59907000
2022-08-03,163.32144165039062,163.77365657473987,158.03239013819157,158.12086501458683,82507500
2022-08-04,163.00685119628906,164.36352602829535,161.65017636428277,163.2034670413035,55474100
2022-08-05,162.78042602539062,163.27265590146177,160.4669395991908,160.67368275667272,56697000
2022-08-08,162.3079071044922,165.20222176015508,161.64832074077538,163.78459702908208,60276900
2022-08-09,162.35711669921875,163.24313957743516,160.71307055191537,161.47110884266755,63135500
2022-08-10,166.61001586914062,166.7084528561764,164.30636805182522,165.07424565037454,70170500
2022-08-11,165.87167358398438,168.3328236251765,165.57633257470778,167.4172679985858,57149200
2022-08-12,169.425537109375,169.49444148391456,166.76748363956287,167.18096997345785,68039400
2022-08-15,170.4986572265625,170.69554625389674,168.68725414041566,168.85461056473326,54091700
2022-08-16,170.34109497070312,171.01053551269388,168.992389717206,170.09497999617207,56377100
2022-08-17,171.83746337890625,173.41259006684885,169.8882371550574,170.08512611334214,79542000
2022-08-18,171.4436798095703,172.18202470973497,170.42968734841074,171.049901871482,62290100
2022-08-19,168.85455322265625,171.04005523372263,168.6478100500787,170.34108214913311,70346300
2022-08-22,164.96595764160156,167.22036427123675,164.54263206053483,167.0530078857762,69026800
2022-08-23,164.63121032714844,166.0882216660332,164.06022183299058,164.4835473638596,54147100
2022-08-24,164.9265594482422,165.4975479706951,163.6664520268514,164.7198312893935,53841500
2022-08-25,167.38772583007812,167.49601702656614,165.73384030735204,166.15715087983543,51218200
2022-08-26,161.07733154296875,168.3918767523516,161.01826634968077,167.91934018438116,78961000
2022-08-29,158.8721466064453,160.36851486839709,157.33639153558275,158.645710009374,73314000
2022-08-30,156.44052124023438,160.0337937500244,155.26901159376436,159.61048321715364,77906200
2022-08-31,154.77679443359375,158.0845804641707,154.69803583504827,157.81877207178803,87991100
2022-09-01,155.5052947998047,155.95813794862076,152.2664132669702,154.20580050146393,74229900
2022-09-02,153.38870239257812,157.86799816901853,152.56175963985066,157.26747699870455,76957800
2022-09-06,152.12860107421875,154.64881624550407,151.3016582877034,154.03845585855234,73714800
2022-09-07,153.53636169433594,154.2353197614945,151.22287508520006,152.41407808901712,87449600
2022-09-08,152.0596923828125,153.9301603024717,150.3073398300262,152.2368879656222,84923800
2022-09-09,154.9244384765625,155.36745741692656,152.34515853161906,153.05397081020374,68028800
2022-09-12,160.89027404785156,161.7073775664421,156.82446488060694,157.10995164172124,104956000
2022-09-13,151.44927978515625,158.04515690767866,150.9865825148229,157.41510328747248,122656600
2022-09-14,152.89645385742188,154.6586453659871,151.22287515005883,152.3845305395428,87965400
2022-09-15,150.00213623046875,152.82754609590185,149.02753063381346,152.24670339235885,90481100
2022-09-16,148.35812377929688,148.99803181293044,146.06433010273614,148.86020800935316,162278800
2022-09-19,152.07936096191406,152.15811955641868,146.78297692105565,146.98970508767258,81474200
2022-09-20,154.46173095703125,155.62340128977206,150.70110246996018,151.01612178316293,107689800
2022-09-21,151.33116149902344,156.27315389590652,151.21303113007994,154.8949011643533,101696800
2022-09-22,150.3664093017578,152.06952070873675,148.5648458969192,150.01200313979504,86652500
2022-09-23,148.09230041503906,149.1161471568303,146.2513651484526,148.84049957750184,96029900
2022-09-26,148.42703247070312,151.38041235260212,147.31458790825445,147.33428131353384,93339400
2022-09-27,149.40162658691406,152.315634453065,147.619756600354,150.3664080888261,84442700
2022-09-28,147.511474609375,148.29904557000611,142.58917488251384,145.34566573388943,146691400
2022-09-29,140.2658233642578,144.43993818318944,138.49379277972724,143.82957793472042,128138200
2022-09-30,136.05235290527344,140.8762153477741,135.85546393289223,139.0844911492741,124925300
2022-10-03,140.23629760742188,140.84667290730152,135.55027429699052,136.0621976067289,114311700
2022-10-04,143.82962036132812,143.94775076125475,142.01820243966583,142.77624088975452,87830100
2022-10-05,144.12489318847656,145.08967450416395,140.7875754267863,141.83111532059078,79471000
2022-10-06,143.1699981689453,145.24720918960443,142.9632699990137,143.54409774342406,68402200
2022-10-07,137.91297912597656,140.8762129387206,137.28292541213156,140.32490279514894,85925600
2022-10-10,138.2378387451172,139.6849958050268,136.41659718830158,138.2378387451172,74899000
2022-10-11,136.82020568847656,139.15338540565426,136.07202171996317,137.7259068150969,77033700
2022-10-12,136.190185546875,138.1787988471096,136.0129899667056,136.96791731761857,70433700
2022-10-13,140.76791381835938,141.35858069211028,132.2818600306571,132.8922353283637,113224000
2022-10-14,136.22955322265625,142.27413585110418,136.04250345541635,142.0673926816115,88598000
2022-10-17,140.19692993164062,140.67930564113678,138.09018646721276,138.87775734642221,85250900
2022-10-18,141.51611328125,144.42026703642762,138.4249097380949,143.22907894720203,99136600
2022-10-19,141.62442016601562,142.69747799085852,139.30109390010128,139.48814370880504,61758300
2022-10-20,141.1616973876953,143.6228470143876,140.43319169039492,140.7974520498777,64522000
2022-10-21,144.98143005371094,145.55241866280005,140.43321458728877,140.64979699148353,86548600
2022-10-24,147.1274871826172,147.89536448436917,143.73110449845854,144.90261384954883,75981900
2022-10-25,149.97264099121094,150.12031901228244,147.0389542369439,147.75760587015327,74732300
2022-10-26,147.02908325195312,149.62805663114864,145.73942824213276,148.61406419672124,88194300
2022-10-27,142.5498046875,146.73375950209572,141.89021831932845,145.76899295091448,109180200
2022-10-28,153.3197784423828,155.05242232533004,145.52285843662315,145.89694295512044,164762400
2022-10-31,150.9570770263672,151.84309994681692,149.55914577499016,150.77988145527678,97943200
2022-11-01,148.30889892578125,153.03431011919787,146.812530481506,152.6700647115565,80379300
2022-11-02,142.77621459960938,149.80525751264736,142.7466820050657,146.63529551052576,93604600
2022-11-03,136.72177124023438,140.5808515547038,136.59378666921566,139.85234595133585,97918500
2022-11-04,136.45555114746094,140.68588340372804,132.51117923439392,140.11394767074316,140814800
2022-11-07,136.988037109375,137.21483428526327,133.78323487446542,135.2032111952328,83374600
2022-11-08,137.55996704101562,139.46311921929427,135.57792562085092,138.457315240062,89908500
2022-11-09,132.99435424804688,136.6231842073022,132.71824941976038,136.57387654941147,74917800
2022-11-10,144.82748413085938,144.82748413085938,137.55998303216782,139.2757903878347,118854000
2022-11-11,147.61813354492188,147.9238199974,142.36225553469492,143.79210256196848,93979700
2022-11-14,146.21786499023438,148.19005093835904,145.37967994364752,146.89827154979093,73374100
2022-11-15,147.95338439941406,151.45401749484597,146.49397099909157,150.10307492440734,89868300
2022-11-16,146.7207794189453,147.78576172673738,145.241639832554,147.05606249393267,64218300
2022-11-17,148.62393188476562,149.3733571163338,144.11747984279026,144.39358466739876,80389400
2022-11-18,149.1859893798828,150.57638399086812,147.88435456599078,150.1918083587428,74829600
2022-11-21,145.95159912109375,148.27877887780713,145.66563881154514,148.07170780282644,58724100
2022-11-22,148.09144592285156,148.32811366985848,144.8866435342383,146.06996722268715,51804100
2022-11-23,148.96908569335938,149.71851100166924,147.2631338671993,147.3716047055876,58301400
2022-11-25,146.05026245117188,146.80955841780482,145.07402477978664,146.24747807914994,35195900
2022-11-28,142.21434020996094,144.6006835742159,141.3860256630134,143.12154400613,69246000
2022-11-29,139.20675659179688,142.79613475713955,138.39816810033238,142.2833621487803,83763800
2022-11-30,145.9713592529297,146.6517658940868,138.59538713539368,139.4335572359168,111380900
2022-12-01,146.2474365234375,147.05603992895004,144.57108159207246,146.14883626075934,71250400
2022-12-02,145.75440979003906,145.94176987503505,143.62444521311474,143.93014669455255,65447400
2022-12-05,144.5908203125,148.82115263004172,143.7427797370437,145.7149657221435,68826400
2022-12-06,140.9225616455078,145.2515095410952,139.94632410744387,145.02471235222268,64727200
2022-12-07,138.97994995117188,141.37614872094412,138.05302012289312,140.21256620226913,69721100
2022-12-08,140.6661834716797,141.52409475387847,139.1377511085993,140.38022307533845,62128300
2022-12-09,140.18295288085938,143.54553286380045,138.94046635121737,140.36044235847584,76097000
2022-12-12,142.48057556152344,142.4904310742392,139.09826892356506,140.71546075742316,70462700
2022-12-13,143.4469451904297,147.8843635443182,142.23405505341051,147.420898645852,93886200
2022-12-14,141.21836853027344,144.62038597056736,139.19687510886934,143.3286067000526,82291200
2022-12-15,134.60166931152344,139.82796424282577,134.1382044845264,139.147557792699,98931900
2022-12-16,132.63934326171875,135.73567419543238,131.87019204577976,134.78903348962257,160156900
2022-12-19,130.52911376953125,133.31975851229708,129.49372825060226,133.23101376151752,79592600
2022-12-20,130.46011352539062,131.39689891358117,128.08362566369047,129.56276523870264,77432800
2022-12-21,133.56626892089844,134.90735575255198,130.90382132695478,131.13061846159687,85928000
2022-12-22,130.3910675048828,132.68866590052642,128.48791532003168,132.48159480562174,77852100
2022-12-23,130.0261993408203,130.57840891041715,127.83707208521685,129.09926968617603,63814900
2022-12-27,128.22166442871094,129.58247750765514,126.92988507827397,129.55289592303325,69007800
2022-12-28,124.28715515136719,129.20775681904706,124.1195211570346,127.86666981780208,85438400
2022-12-29,127.8075180053711,128.66541412512194,125.95366582047207,126.2100445910704,75703700
2022-12-30,128.12306213378906,128.14278820773606,125.6578370442106,126.62421153870504,77034200
2023-01-03,123.33064270019531,129.07955877586164,122.44315755676651,128.46818597294893,112117500
2023-01-04,124.60270690917969,126.87072372434358,123.34050912530462,125.1253349737568,89113600
2023-01-05,123.28132629394531,125.9930816643783,123.02494756660151,125.3619828345772,80962700
2023-01-06,127.81736755371094,128.4780480462767,123.15315196037015,124.25757880895641,87754700
2023-01-09,128.33999633789062,131.55466910779157,128.08361757784448,128.6555533163335,70790800
2023-01-10,128.91192626953125,129.43455432577363,126.33822308555574,128.44846138243565,63896200
2023-01-11,131.6335906982422,131.65330172929973,128.6457294148702,129.42473644612312,69458900
2023-01-12,131.55467224121094,132.39284227281698,129.6120678053339,132.01813716022232,71379600
2023-01-13,132.88584899902344,133.0436274447719,129.8289706071963,130.19382009723142,57809700
2023-01-17,134.0494842529297,135.38070076927318,132.26465833803292,132.95492042575748,63646600
2023-01-18,133.3296356201172,136.68234566241608,133.15213106325567,134.91724588612811,69672800
2023-01-19,133.3887939453125,134.35516079708475,131.90965456039046,132.21534095915428,58280400
2023-01-20,135.95262145996094,136.1005444209002,132.35338844252215,133.3986444948596,80223600
2023-01-23,139.14756774902344,141.32683964763805,135.9822029643826,136.19914460303502,81760300
2023-01-24,140.5478515625,141.16909504465488,138.3488681121143,138.35872362656914,66435100
2023-01-25,139.88711547851562,140.4491805111925,136.8795296384241,138.93060432532945,65799300
2023-01-26,141.9579620361328,142.2439224000094,139.92659771489312,141.178940100887,54105100
2023-01-27,143.9005126953125,145.18243632337052,141.09015728986634,141.16904651814795,70555800
2023-01-30,141.01132202148438,143.52586259132485,140.86341406597097,142.9440712375221,64015300
2023-01-31,142.28334045410156,142.3326481092963,140.301299106578,140.71545632636276,65874500
2023-02-01,143.40748596191406,144.57108343034756,139.35465851027638,141.96779872652098,77663600
2023-02-02,148.72254943847656,149.07752846410273,146.10939403157928,146.82923768896234,118339000
2023-02-03,152.35137939453125,155.19133225252133,145.7741404197881,145.97135602457382,154357300
2023-02-06,149.619873046875,150.97083056548323,148.68308779153134,150.44820252682044,69858300
2023-02-07,152.49925231933594,153.071187974496,148.54502543131906,148.54502543131906,83322600
2023-02-08,149.80723571777344,152.43024651571073,149.0676660222592,151.73998447588093,64120100
2023-02-09,148.7718505859375,152.1837390894266,148.32811173185976,151.64138491373802,56007100
2023-02-10,149.1372528076172,149.46316214008027,147.3694580195322,147.60648709847575,57450700
2023-02-13,151.94204711914062,152.3469510828992,149.0483754519819,149.07800220373113,62199000
2023-02-14,151.30010986328125,151.86304832604316,148.98913264360064,150.23350151506878,61707600
2023-02-15,153.4036865234375,153.57157647071767,150.98407305919312,151.21121650909475,65573800
2023-02-16,151.8037567138672,154.3912596999377,151.44822068703985,151.6062249781976,68167900
2023-02-17,150.6581573486328,151.10257366904202,148.97924287733272,150.46064065840176,59144100
2023-02-21,146.63861083984375,149.42364564911486,146.5694867858314,148.33728134701136,58867200
2023-02-22,147.0633087158203,148.0904046122651,145.3350111943411,147.02379633351947,51011300
2023-02-23,147.54722595214844,148.47557105445037,145.41402441253163,148.22867140254277,48394200
2023-02-24,144.89060974121094,145.3646528906462,143.91288161778817,145.28564318748033,55469600
2023-02-27,146.08560180664062,147.32010021469048,145.62142919964901,145.87821451304222,44998500
2023-02-28,145.5819091796875,147.2311969873109,145.0091001993268,145.2263730908277,50547000
2023-03-01,143.5079345703125,145.40412186804485,143.2116520085762,145.00908849876785,55479000
2023-03-02,144.10052490234375,144.89060684866965,142.11544194013547,142.58950014966683,52238100
2023-03-03,149.15699768066406,149.23600736765022,145.50288630750634,146.20407279147852,70732300
2023-03-06,151.92227172851562,154.36164111130708,151.55686512341583,151.88275935147126,87558000
2023-03-07,149.719970703125,152.11982833887177,149.25579810311828,151.79391895570362,56182000
2023-03-08,150.97418212890625,151.56674727343432,149.9470862905562,150.91492862836495,47204800
2023-03-09,148.7224884033203,152.6235003537422,148.36695225948466,151.65565782257428,53833600
2023-03-10,146.65838623046875,149.06812912915592,145.77942411442874,148.3471863994858,68572400
2023-03-13,148.60394287109375,151.24082897559975,145.86829089184172,145.97692732623966,84457100
2023-03-14,150.69764709472656,151.49759944522177,148.23853654610156,149.4038955086608,73695900
2023-03-15,151.0926971435547,151.34946732376167,148.06076257128353,149.3150168625453,77167900
2023-03-16,153.917236328125,154.5196720318581,149.7594399024329,150.27299535550645,76161100
2023-03-17,153.0777587890625,154.79618550631548,152.3666867039617,154.1443669167137,98944600
2023-03-20,155.447998046875,155.8628026785515,152.23830291826783,153.14690680049927,73641400
2023-03-21,157.30470275878906,157.42320976774403,154.59867718770118,155.36901795458434,73938300
2023-03-22,155.8726806640625,160.12922799549253,155.85292447362312,157.32445173541882,75701800
2023-03-23,156.95904541015625,159.54656410725272,155.72454710395584,156.86029458739586,67622100
2023-03-24,158.26268005371094,158.35156031348998,155.89244937558198,156.88991856429575,59196500
2023-03-27,156.31712341308594,158.77624963861064,155.91220432321953,157.95654089676907,52390300
2023-03-28,155.6949005126953,156.52449472162644,154.04561279409856,156.01093927220384,45992200
2023-03-29,158.77621459960938,159.0527409732352,157.37382654206215,157.39356766192319,51305700
2023-03-30,160.3465118408203,160.45514829132492,159.27003296644855,159.5268031814781,49501700
2023-03-31,162.85501098632812,162.95377687892702,159.90210067407045,160.42552675181378,68749800
2023-04-03,164.1092529296875,164.22775993608965,162.18343872786127,162.23282167038158,56976200
2023-04-04,163.57594299316406,164.7709287291007,163.0623875580335,164.53391473562277,46278300
2023-04-05,161.72914123535156,163.00315186770885,159.79345641920935,162.69699871298138,51511700
2023-04-06,162.61798095703125,162.9142635361202,159.9909651957649,160.41562533913125,45390100
2023-04-10,160.02061462402344,160.02061462402344,158.0948001913657,159.4181788200064,47716900
2023-04-11,158.80584716796875,160.34649846878187,158.51943515436048,160.33662790848967,47644200
2023-04-12,158.1145477294922,160.05023261805474,157.7985089324277,159.22065338009935,50133100
2023-04-13,163.50680541992188,163.7438344852104,159.41814822842684,159.625550544249,68445600
2023-04-14,163.1611785888672,164.2574136863755,161.7884170766324,162.5488571823505,49386500
2023-04-17,163.18089294433594,163.33891231813308,161.99577777997115,163.04262975965267,41516200
2023-04-18,164.40553283691406,165.33387789076258,163.5956947875371,164.04012619342146,49923000
2023-04-19,165.55117797851562,166.07460409367388,163.48708520430753,163.7438705155961,47720200
2023-04-20,164.5832977294922,165.78816920558748,163.50681889136789,164.03024493447634,52456400
2023-04-21,162.9735107421875,164.38576938158798,162.45008473615934,163.00313749199609,58337300
2023-04-24,163.27967834472656,163.54633418620037,161.85753394961128,162.95376899838274,41949600
2023-04-25,161.73902893066406,164.24752277490956,161.69951654722522,163.14141715156464,48714100
2023-04-26,161.72914123535156,163.23029532612622,160.78105501874768,161.0378252295865,45498800
2023-04-27,166.32147216796875,166.4696059197472,163.14140369362494,163.14140369362494,64902300
2023-04-28,167.57569885253906,167.7436038513408,165.79803368662212,166.40046934782268,55275900
2023-05-01,167.48683166503906,168.33616700655767,166.548616072207,167.18067853080987,52472900
2023-05-02,166.44985961914062,168.2374257243008,165.46226102978648,167.98064044655123,48425700
2023-05-03,165.37338256835938,168.80035091617836,165.08698560494395,167.39796271242133,65136000
2023-05-04,163.7339630126953,164.96846124572582,162.27232132426357,162.84513031273676,81235400
2023-05-05,171.41748046875,172.13842316096267,168.64231599957478,168.85958887715515,113453200
2023-05-08,171.3483428955078,171.6940084046762,169.97558155808977,170.34098818753938,55962800
2023-05-09,169.6398162841797,171.38785496168964,169.47192632998963,170.9039412906591,45326900
2023-05-10,171.40762329101562,171.87179587293446,169.76820587698572,170.87432663815136,53724500
2023-05-11,171.59523010253906,172.4248091810175,170.03482274851166,171.69399597502493,49514700
2023-05-12,170.66563415527344,172.13918180226995,169.11295243629542,171.70403494878815,45533100
2023-05-15,170.17112731933594,171.29854623618587,169.57774258819362,171.2490949935239,37266700
2023-05-16,170.17112731933594,171.229311478379,169.90410268128184,170.0920083491569,42110300
2023-05-17,170.78428649902344,171.0216283275313,168.5393327985131,169.81510548834717,57951600
2023-05-18,173.11827087402344,173.30617657836305,170.6755268984154,171.0908902546592,65496700
2023-05-19,173.22705078125,174.44347306887536,173.00947735219142,174.44347306887536,55809500
2023-05-22,172.27761840820312,172.781999977239,171.5358950094103,172.0600450039918,43570900
2023-05-23,169.66677856445312,171.46670153051892,169.38986966050507,171.2194603598222,50747300
2023-05-24,169.94369506835938,170.51729642087588,168.63826947571127,169.201971523099,45143500
2023-05-25,171.08099365234375,171.98093998050487,169.79533663873903,170.50739236656926,56058300
2023-05-26,173.49404907226562,173.83030849826073,171.19965909306288,171.40734829469508,54835000
2023-05-30,175.34341430664062,177.01476677794446,174.6214744245607,175.00716998790764,55964400
2023-05-31,175.29397583007812,177.37080753192686,174.80937774220615,175.37309480914308,99625300
2023-06-01,178.1026153564453,178.13228308457525,174.97748387661747,175.73899077622127,68901800
2023-06-02,178.95314025878906,179.77398268262323,177.2817876805341,179.03225923715402,61996900
2023-06-05,177.5982666015625,182.90900173212887,176.07525265044882,180.61461168229852,121946500
2023-06-06,177.2323455810547,178.13229186267904,175.47197477965813,177.9839532147194,64848400
2023-06-07,175.85769653320312,179.21028600208987,175.36321422162453,176.47084977063176,61944600
2023-06-08,178.5773468017578,178.84435638126445,175.50166626223591,175.93679801452896,50214900
2023-06-09,178.96302795410156,180.21900204187077,178.6366678484163,179.4970621604222,48900000
2023-06-12,181.76177978515625,181.8606822718443,178.9729077272824,179.26960009694577,54274900
2023-06-13,181.28709411621094,182.11782073883157,180.4266997635254,180.78272761470595,54929100
2023-06-14,181.9200439453125,182.35519080481038,180.0113494184458,181.3464426387383,57462900
2023-06-15,183.95730590820312,184.46168752877136,181.75191900244837,181.9299404833556,65433200
2023-06-16,182.87933349609375,184.92649747799743,182.2365125370702,184.66935702206612,101256200
2023-06-20,182.9683074951172,184.04629021451652,182.37493787924961,182.37493787924961,49799100
2023-06-21,181.92991638183594,183.36391189129432,180.575024752965,182.85953033754498,49515700
2023-06-22,184.93637084960938,184.98582209518955,181.64311708726814,181.7123518491607,51245300
2023-06-23,184.61985778808594,185.4901512458312,182.96828913288186,183.5023383330068,53117000
2023-06-26,183.22547912597656,185.97479955864205,183.18591209060443,184.76826151663462,48088700
2023-06-27,185.98468017578125,186.31104030447904,183.62105538648717,183.83862880561904,50730800
2023-06-28,187.1615447998047,187.80436573389431,185.5297592960992,185.8561043245189,51216800
2023-06-29,187.497802734375,187.97251662731944,186.85498175364998,186.99343619982474,46347300
2023-06-30,191.82949829101562,192.3338648928707,189.1493971154997,189.51532434310897,85213200
2023-07-03,190.33612060546875,191.7404484310712,189.6438333602496,191.64154594163958,31458200
2023-07-05,189.21859741210938,190.8503829545932,188.51642591121868,189.45595434700246,46920300
2023-07-06,189.6933135986328,189.90100282202306,187.11211517011608,187.74505196417672,45094300
2023-07-07,188.57577514648438,190.54382026308585,188.14064336966692,189.2977302172838,46815000
2023-07-10,186.52862548828125,187.89340155065938,184.9759437256739,187.17144648236777,59922200
2023-07-11,186.0044708251953,187.21100889013437,184.54080738706045,187.07255444450544,46638100
2023-07-12,187.6758270263672,189.5845215693785,186.39016995526782,187.5868087386057,60750200
2023-07-13,188.4373321533203,189.08016827912527,187.68572439450045,188.39778020407888,41342300
2023-07-14,188.58566284179688,189.07024584013215,187.53736277551775,188.13073248396137,41616200
2023-07-17,191.8492431640625,192.17560328436687,189.69329254549467,189.7822957354681,50520200
2023-07-18,191.5921173095703,192.185502135392,190.296576033276,191.21632100425936,48288200
2023-07-19,192.94700622558594,196.0424552700726,190.52403079875788,190.96907695660155,80507300
2023-07-20,190.9987335205078,194.3018715848771,190.3756810082794,192.9370956401489,59581200
2023-07-21,189.82188415527344,192.8184459451999,189.11971258876892,191.95805149771712,71951700
2023-07-24,190.62294006347656,192.7591073714878,190.12845772868155,191.27566036710277,45377800
2023-07-25,191.48333740234375,192.2942956871053,190.79106514120798,191.19654428358876,37283200
2023-07-26,192.35362243652344,193.4810415222525,191.18665140498055,191.53277997466063,47471900
2023-07-27,191.08773803710938,195.02381285425056,190.42513357699178,193.85684188907683,47460200
2023-07-28,193.6689453125,194.4601200346163,191.99759267326004,192.5217427199515,48291400
2023-07-31,194.28207397460938,194.32164100543085,193.10520379928346,193.89637842130432,38824100
2023-08-01,193.45138549804688,194.55902113270218,193.12502533632087,194.07443808774235,35175100
2023-08-02,190.45480346679688,193.026102358892,189.73286353794578,192.88764791924382,50389300
2023-08-03,189.06036376953125,190.247118290272,188.58566497931545,189.45595867004647,61235200
2023-08-04,179.98167419433594,185.312192820491,179.91243942847825,183.47271804853088,115956800
2023-08-07,176.87632751464844,181.10909486166798,175.39288059142936,180.1201302461886,97576100
2023-08-08,177.8158416748047,178.2806562533865,175.6203390114105,177.7070549630004,67823000
2023-08-09,176.22357177734375,178.93332462049432,175.05658591895383,178.87398916997267,60378500
2023-08-10,176.0060272216797,178.7553475423464,175.64011515660735,177.49935830249015,54686900
2023-08-11,176.0654296875,176.88738049769475,174.8374673630278,175.60000259117115,52036700
2023-08-14,177.71925354003906,177.94701832041608,175.5900993670502,176.2437010263368,43675600
2023-08-15,175.72874450683594,177.73905244130324,175.3326305229056,177.1448814654077,43622600
2023-08-16,174.85728454589844,176.80816171418965,174.78795629022963,175.4118501481314,46964900
2023-08-17,172.3122100830078,175.78815784652573,171.79724982185638,175.42175166053434,66062900
2023-08-18,172.7974853515625,173.4015690710498,170.29202708322546,170.62872552076746,61172200
2023-08-21,174.13436889648438,174.42156439236868,172.05474771785234,173.37184868637627,46311900
2023-08-22,175.51087951660156,175.95651153189084,174.54038966607246,175.34253031574917,42038900
2023-08-23,179.36314392089844,179.78898080878903,176.60021337314086,176.78837280424742,52722800
2023-08-24,174.66915893554688,179.34337721750424,174.3027375760952,178.9175402621367,54945800
2023-08-25,176.87750244140625,177.41225784961358,174.1145717959043,175.6594375427037,51449600
2023-08-28,178.4421844482422,178.83829845949455,176.81809282485807,178.34314839003864,43820700
2023-08-29,182.3340301513672,183.10646293821267,177.75884901223952,177.9569059889832,53003900
2023-08-30,185.82980346679688,186.027875570887,182.9480417259573,183.14609871926743,60813900
2023-08-31,186.0476531982422,187.28552817850573,185.6614368088311,186.01794540757814,60794500
2023-09-01,187.62225341796875,188.0777829772235,186.45369150574666,187.65196121049496,45766500
2023-09-05,187.85992431640625,188.1372071331358,185.7902007519677,186.453699999912,45280000
2023-09-06,181.13577270507812,187.01815699545173,179.70973831822653,186.57250991647675,81755800
2023-09-07,175.83767700195312,176.4813811102254,171.8566665123906,173.48075801343515,112488800
2023-09-08,176.45164489746094,178.49167556913386,176.06542850593996,176.6200091931817,65551300
2023-09-11,177.62022399902344,178.5511084974291,175.619813594627,178.3233437087065,58953100
2023-09-12,174.58993530273438,178.38278703454566,173.12429517881725,177.748995485491,90370200
2023-09-13,172.5201873779297,175.58021106580875,172.29240747476095,174.7978655233742,84267900
2023-09-14,174.0353546142578,174.39186327435525,171.89630265367322,172.31222690532334,60895800
2023-09-15,173.31240844726562,174.78796097983732,172.13396406629226,174.76815074757482,109259500
2023-09-18,176.2436981201172,177.64002479353724,174.46115503817452,174.76814563074643,67257600
2023-09-19,177.33302307128906,177.88758863735939,175.41183870970377,175.79805509398693,51826900
2023-09-20,173.7877655029297,177.95692035427507,173.69862701203755,177.52118590379774,58436200
2023-09-21,172.2428741455078,174.5898954535224,172.17356100214752,172.856870429388,63149100
2023-09-22,173.09454345703125,175.36233909077248,172.36173107244514,172.97571228348323,56725400
2023-09-25,174.37203979492188,175.2534062611611,172.46075278406465,172.51027081019092,46172700
2023-09-26,170.29200744628906,173.50057001651604,169.99491440180657,173.12426626356617,64588900
2023-09-27,168.77684020996094,171.3615240971404,167.41023633579258,170.94559986493434,66921800
2023-09-28,169.03431701660156,170.36131544966938,165.99408862675534,167.69740591218968,56294400
2023-09-29,169.54928588867188,171.39124466953126,168.68771453081845,170.35142654777866,51861100
2023-10-02,172.06463623046875,172.6093042881744,169.2719827950215,169.55917827580257,52164500
2023-10-03,170.72772216796875,171.9458021063211,169.1630613901914,170.58908076573104,49594600
2023-10-04,171.9755096435547,172.5201776911012,169.31160010164683,169.43043127173715,53020300
2023-10-05,173.21340942382812,173.7481648763392,171.00502912591972,172.10426293848624,48527900
2023-10-06,175.7683563232422,176.26350633418187,171.50015053588783,172.1141468247828,57266700
2023-10-09,177.25381469726562,177.3132302836497,174.09475506108697,175.09495269037185,42390800
2023-10-10,176.65960693359375,177.97670767634264,176.2238725392073,176.37242659771795,43698000
2023-10-11,178.05596923828125,178.10548726772782,175.87731193966172,176.4714829606774,47551100
2023-10-12,178.95712280273438,180.57130155585352,177.30330847610173,178.3233313959954,56743100
2023-10-13,177.11517333984375,180.1652842541005,176.41205364228972,179.6602366589199,51427100
2023-10-16,176.98641967773438,177.34292828713865,174.79784999846225,175.0355274416581,52517000
2023-10-17,175.43165588378906,176.6893412361662,173.1044597256959,174.93650583601004,57549400
2023-10-18,174.13436889648438,175.85749653944856,173.4114540423014,173.87689630601963,54764400
2023-10-19,173.75807189941406,176.11497599372035,173.49068662646167,174.33243269200634,59302900
2023-10-20,171.20309448242188,173.7184502104905,170.96541700693638,173.60951658974062,64244000
2023-10-23,171.32191467285156,172.32211231863303,168.2816861592976,169.25219112217718,55980100
2023-10-24,171.7576446533203,171.98540943587548,169.78694209599936,171.3714282347356,43816600
2023-10-25,169.44033813476562,171.38131769667615,168.99469104064445,170.21277093543313,57157000
2023-10-26,165.27117919921875,169.71763198356828,164.06301189675906,168.71741923518283,70625300
2023-10-27,166.58827209472656,167.32109955610002,165.21175565878588,165.29098147440297,58499100
2023-10-30,168.63818359375,169.5096524459554,167.23195938000526,167.38051344932887,51131000
2023-10-31,169.11354064941406,169.24226937820893,166.27136928302133,167.70731641765212,44846000
2023-11-01,172.28250122070312,172.53997379429074,168.46983997695696,169.34130885799144,56934900
2023-11-02,175.8475799560547,176.05553449603235,173.7580463313888,173.81746191423957,77334800
2023-11-03,174.93650817871094,175.10487249469713,171.66852990822986,172.5498964006483,79829200
2023-11-06,177.49147033691406,177.6895273209714,174.50077512285628,174.66912431484397,63841300
2023-11-07,180.0563507080078,180.67033186387974,177.23398970359145,177.4419442386158,70530000
2023-11-08,181.115966796875,181.67053238037917,179.8285737718667,180.5812114444328,49340300
2023-11-09,180.64064025878906,182.3340449245472,180.04645416963677,181.18530832204868,53763500
2023-11-10,184.83511352539062,185.00369964258533,181.989212824357,182.42552132152326,66133400
2023-11-13,183.24856567382812,184.46823531200093,182.66352248721634,184.26000678217753,43627500
2023-11-14,185.86639404296875,186.53076740007103,184.7359652497266,186.12420582715117,60108400
2023-11-15,186.43162536621094,187.9091220632552,186.20356048367708,186.2729800870119,53790500
2023-11-16,188.11732482910156,189.356830641734,187.06621119021287,187.9785007833142,54412900
2023-11-17,188.09751892089844,188.78172866103995,186.98692637498098,188.65281519385715,50922700
2023-11-20,189.84271240234375,190.29885721130628,188.28590092727276,188.29581152699646,46505100
2023-11-21,189.03952026367188,189.91213724546566,188.14708208188244,189.80306012274144,38134500
2023-11-22,189.7039031982422,191.31029805901488,189.22793715258507,189.88239992204348,39617700
2023-11-24,188.3751678466797,189.29735306155973,187.66121116968733,189.26760612757576,24048300
2023-11-27,188.19667053222656,189.06928760823715,187.31414285514808,188.3255839995523,40552600
2023-11-28,188.80154418945312,189.47584330827428,187.80993940877178,188.18675406725092,38415400
2023-11-29,187.78021240234375,190.47737890246535,187.38357650025696,189.29736666732592,43014200
2023-11-30,188.35531616210938,188.7222202024886,186.61009727764167,188.2462390361622,48794400
2023-12-01,189.63450622558594,189.95181189166442,187.64137090627887,188.73214223180454,45704800
2023-12-04,187.83966064453125,188.45446581331387,185.87628768397204,188.38504622543272,43389500
2023-12-05,191.7961883544922,192.76795676998717,188.58338352707358,188.61314558971708,66628400
2023-12-06,190.7054443359375,193.12494736273675,190.4972006683192,192.81755229252437,41089700
2023-12-07,192.63905334472656,193.3629205543118,191.96475426663108,192.0044269286476,47477700
2023-12-08,194.06695556640625,194.3446036620394,192.04407357743747,192.56962283922067,53406400
2023-12-11,191.55819702148438,191.8656072016425,189.81297812056516,191.48879255742054,60943700
2023-12-12,193.07534790039062,193.08525849983545,190.11044455227926,191.45902748039885,52696900
2023-12-13,196.29808044433594,196.33773797632358,193.214189106248,193.45216455954898,70404200
2023-12-14,196.4468231201172,197.9441408874326,194.51319682969313,196.35758232148717,66831600
2023-12-15,195.91134643554688,196.734365015635,195.34612449787411,195.87167377464695,128538400
2023-12-18,194.24546813964844,194.9792611555933,192.75806090539803,194.44378607807738,55751900
2023-12-19,195.28665161132812,195.2965622122741,194.24546354583867,194.51320107826476,40714100
2023-12-20,193.19435119628906,196.0204155959587,193.19435119628906,195.24696511767544,52242800
2023-12-21,193.04562377929688,195.42548448345963,191.87553732603428,194.45371597287163,46482500
2023-12-22,191.9746856689453,193.76948784569112,191.349969834571,193.54140785907617,37149600
2023-12-26,191.4292755126953,192.26221976472212,191.21112128516174,191.98457168071317,28919300
2023-12-27,191.5284423828125,191.87551008122907,189.48573911500236,190.87399477798158,48087700
2023-12-28,191.95484924316406,193.0257841884141,191.5482876644632,192.51014548202977,34049900
2023-12-29,190.91366577148438,192.76796185552627,190.12037892679615,192.27215946893213,42672100
2024-01-02,184.0814971923828,186.85799339797134,182.34618895522584,185.5788148528252,82488700
2024-01-03,182.70318603515625,184.3195067154423,181.8900628291485,182.67343910134508,58414500
2024-01-04,180.38282775878906,181.552914127362,179.36147605378457,180.62080322049852,71983600
2024-01-05,179.658935546875,181.2256728170181,178.65742022872922,180.46214807824285,62379700
2024-01-08,184.00218200683594,184.04185467153414,179.97626898919978,180.56131218264795,59144500
2024-01-09,183.58570861816406,183.59561921893004,181.19593746369003,182.37594957443397,42841800
2024-01-10,184.62689208984375,184.83512061558696,182.375945055311,182.80234296869347,46792900
2024-01-11,184.0319061279297,185.47965559618967,182.07844372761645,184.97392753345,49128400
2024-01-12,184.35916137695312,185.1722845702879,183.6352941143493,184.49798544280438,40477800
2024-01-16,182.08839416503906,182.71309489982514,179.41104910197012,180.63073389939075,65603000
2024-01-17,181.14634704589844,181.39424823145328,178.786338048284,179.74819585869176,47317400
2024-01-18,187.04641723632812,187.55213023449687,184.2699207854721,184.52773258500528,78005800
2024-01-19,189.95179748535156,190.33852272040096,187.23481023986653,187.74052319933506,68903000
2024-01-22,192.26222229003906,193.69013538694645,190.6459018913611,190.68557454998964,60133900
2024-01-23,193.54139709472656,194.10661903356933,192.20273983497614,193.38275184285894,42355600
2024-01-24,192.8671417236328,194.73136366797482,192.70848131758476,193.77941636237554,53631300
2024-01-25,192.5398712158203,194.62224701298916,191.4887727178786,193.58105911440475,54822100
2024-01-26,190.8045654296875,193.12491668531047,190.3285994330514,192.63904008919584,44594000
2024-01-29,190.120361328125,190.5864167388377,187.98841731539085,190.39800942846193,47145600
2024-01-30,186.4613494873047,190.18979301004535,185.89614265093053,189.33701232459805,55859400
2024-01-31,182.85189819335938,185.52924295226458,182.80233006356883,185.46973396127981,55467800
2024-02-01,185.291259765625,185.38050055962896,182.2767880551107,182.44535904290282,64885400
2024-02-02,184.28973388671875,185.75730456104918,177.7451370154647,178.35001646911297,102551700
2024-02-05,186.10435485839844,187.66118143341563,184.27980591994816,186.57041025788217,69668800
2024-02-06,187.71078491210938,187.72069551270494,185.2020260688322,185.291266866256,43490800
2024-02-07,187.8198699951172,189.44610127224303,187.02658312392904,189.03953967028943,53439000
2024-02-08,186.739013671875,187.94875754592414,185.77715585449096,187.8000228857875,40962000
2024-02-09,187.5034942626953,188.63536538849903,186.65954875354646,187.30490815466524,45155200
2024-02-12,185.8156280517578,187.32479480430874,185.45819421957458,187.0765772861258,41781900
2024-02-13,183.7206573486328,184.88232857566155,182.20156746712615,184.44546335353002,56529500
2024-02-14,182.83702087402344,184.2071864451767,181.13922150541597,183.9986922104331,54630500
2024-02-15,182.549072265625,183.17458519121215,180.05697410890977,182.24128500065143,65434500
2024-02-16,181.01016235351562,183.5320611262248,180.37472603637573,182.11224887308603,49752500
2024-02-20,180.26548767089844,181.12927978468986,178.7166127841021,180.49384354523508,53665600
2024-02-21,181.02008056640625,181.5860086349742,179.37191259479573,180.64278508736416,41371400
2024-02-22,183.0554656982422,183.64127060390982,181.15909521547567,182.17181186595948,52292200
2024-02-23,181.21865844726562,183.72068024032762,180.93071762862238,183.69089534874325,45119700
2024-02-26,179.86834716796875,181.45693020455124,179.36197373162466,180.94064867140935,40867400
2024-02-27,181.32786560058594,182.60866132395924,178.27974721589908,179.8087756065873,54318900
2024-02-28,180.12648010253906,181.814356133641,178.84568442217187,181.20870480571682,48953900
2024-02-29,179.4612579345703,181.26828866128915,178.2499552858893,179.97755459220346,136682600
2024-03-01,178.3790283203125,179.24282037465971,176.11528592616577,178.26981201401622,73563100
2024-03-04,173.8515625,175.63871657984365,172.55088992856452,174.89406399657693,81510100
2024-03-05,168.9070281982422,170.81333665210278,168.41059323161204,169.54246434952904,95132400
2024-03-06,167.91416931152344,170.01906401050476,167.47730408815008,169.8403395327639,68587700
2024-03-07,167.7950439453125,169.51270494606766,167.28868565722726,167.94396839769192,71765100
2024-03-08,169.5126953125,172.4615205019895,167.73546463179477,167.79503440936114,76267000
2024-03-11,171.51829528808594,173.13667826239134,170.8232893067872,171.7069430151515,60139500
2024-03-12,171.99488830566406,172.78918743932962,169.79071540599014,171.9154568772979,59825400
2024-03-13,169.9098663330078,171.9551763303205,169.54249409126064,171.53817270319811,52488700
2024-03-14,171.76651000976562,173.06716728584055,170.82328653971078,171.67715534575908,72913500
2024-03-15,171.38922119140625,171.38922119140625,169.0758321837892,169.94956266563446,121752700
2024-03-18,172.48138427734375,176.44294118443133,172.282813299669,174.31819990832292,75604200
2024-03-19,174.82456970214844,175.350789645184,171.7963128554373,173.09697026746844,55215200
2024-03-20,177.39608764648438,177.39608764648438,173.84161109695287,174.46712406809783,53423100
2024-03-21,170.14813232421875,176.22450721449738,169.6219124199128,175.78764197696165,106181300
2024-03-22,171.05165100097656,171.8161651814705,168.84747827799018,170.53535433298114,71160100
2024-03-25,169.63186645507812,170.71409125238694,168.24183919385965,169.35386403283357,54288300
2024-03-26,168.5,170.19779947429063,168.37092203236526,168.787925677805,57388400
2024-03-27,172.07431030273438,172.36225110852925,168.89712909220745,169.19499314475576,60273300
2024-03-28,170.25735473632812,171.00200728609337,169.29426955996547,170.5254338962422,65672700
2024-04-01,168.8177032470703,170.02900599080004,168.2716216576847,169.96943620832081,46240500
2024-04-02,167.6361846923828,168.13261974429108,167.0305333230549,167.87447897129715,49329500
2024-04-03,168.44039916992188,169.46305411699578,167.37803608655156,167.5865303145986,47691700
2024-04-04,167.61631774902344,170.69420560535343,167.61631774902344,169.07582268557752,53704400
2024-04-05,168.3708953857422,169.1751176568126,167.74538244157907,168.38081863168355,42104800
2024-04-08,167.24896240234375,167.99361496437555,167.04046816897213,167.82482886831443,37425500
2024-04-09,168.4602813720703,168.86736178126412,167.14970061441764,167.49719608690285,42373800
2024-04-10,166.583740234375,167.88439761067826,165.91851910107465,167.59647195447172,49709300
2024-04-11,173.7919464111328,174.20896511499808,166.96101157389893,167.1397208898473,91070300
2024-04-12,175.2912139892578,177.0883063929916,172.96790166012116,173.0175330436537,101670900
2024-04-15,171.45870971679688,175.37061964403054,171.27006200710903,174.10967059769038,73531800
2024-04-16,168.17234802246094,172.52110890421707,167.0702615685236,170.52544539032877,73711200
2024-04-17,166.8021697998047,169.43326939438703,166.8021697998047,168.4006911997193,50901200
2024-04-18,165.84901428222656,167.4376124969012,165.36251763085394,166.83196113193097,43122900
2024-04-19,163.8235626220703,165.21357466916862,162.9101239696921,165.02494208062998,68149400
2024-04-22,164.65756225585938,166.06743588145892,163.59519920100377,164.33985172403135,48116400
2024-04-23,165.7100067138672,165.85894631264824,163.74412823991455,164.17107024309314,49537800
2024-04-24,167.81491088867188,168.09291330855643,165.0249482926904,165.35258209827205,48251800
2024-04-25,168.67869567871094,169.39356334150216,166.9510963019663,168.3212618473153,50558300
2024-04-26,168.0928955078125,170.1183436596222,167.97374080476908,168.66876193087458,44838400
2024-04-29,172.262939453125,174.77489926024026,171.86579752591055,172.13386150928326,68169400
2024-04-30,169.1155548095703,173.74233280675443,168.78790588015656,172.09416491333778,65934800
2024-05-01,168.0928955078125,171.47858587357683,167.90424778215495,168.37089789825708,50383100
2024-05-02,171.79629516601562,172.1835138606425,169.67155396857694,171.27999852318183,94214900
2024-05-03,182.072509765625,185.66669440285864,181.3576421366733,185.3191838346203,163224100
2024-05-06,180.4144287109375,182.88666551151155,179.1336178251023,181.04986495546194,78569700
2024-05-07,181.0994873046875,183.5816623782166,180.02720100491794,182.1420038655686,77305800
2024-05-08,181.4370880126953,181.76473696457006,180.15627709627628,181.5463043299869,45057100
2024-05-09,183.2540283203125,183.34338298682428,180.81156138569682,181.25834986825006,48983000
2024-05-10,181.9913787841797,184.01957427538,181.07670119634082,183.83067066594327,50759500
2024-05-13,185.20269775390625,186.01796278299403,183.5522942832241,184.36755931231187,72044800
2024-05-14,186.34603881835938,187.21101770983566,185.2126323262415,186.4255779791011,52393600
2024-05-15,188.62281799316406,189.54743236218252,186.2864023770235,186.82328796013638,70400000
2024-05-16,188.7421112060547,189.99483406684226,188.56315946625315,189.36847263644847,52845200
2024-05-17,188.7719268798828,189.70649303935699,188.08591490450098,188.4140082479681,41282900
2024-05-20,189.93516540527344,190.81008101901142,187.91690657220929,188.2350632210391,44361300
2024-05-21,191.23757934570312,191.61537135801854,189.81584164268895,189.98485665329835,42309400
2024-05-22,189.7959747314453,191.7048842739564,189.1696284842733,191.15806201805708,34648500
2024-05-23,185.79920959472656,189.89537727616252,185.55065543598812,189.8754886957117,51005900
2024-05-24,188.88128662109375,189.47782271626807,186.9525037733123,187.72800676525614,36327000
2024-05-28,188.8912353515625,191.88382214222983,188.00638309980087,190.40243380522858,52280100
2024-05-29,189.1894989013672,191.13817040866115,188.41401104911338,188.5134387924459,53068000
2024-05-30,190.1837158203125,191.06856812279528,189.52754429358754,189.6567821553814,49889100
2024-05-31,191.13816833496094,191.45632497373828,188.81170480343985,190.33285520255313,75158300
2024-06-03,192.90786743164062,193.86232215027837,191.40660565779223,191.7843976924141,50080500
2024-06-04,193.2260284423828,194.19041988861153,191.91365507081835,193.51434462038463,47471400
2024-06-05,194.7372283935547,195.76127042413225,193.74301165159252,194.269945311189,54156800
2024-06-06,193.35525512695312,195.36357706257476,193.04705038431933,194.55826398135935,41181800
2024-06-07,195.75135803222656,195.8010719096083,193.01726165223073,193.5243067922154,53103900
2024-06-10,192.0031280517578,196.15896182874013,191.03873662001607,195.76126603853862,97010200
2024-06-11,205.9519805908203,205.9619324668351,192.51018190883102,192.53005531977516,172373300
2024-06-12,211.8377685546875,218.92652361101457,205.7034379048798,206.17072098738436,198134300
2024-06-13,213.00100708007812,215.49648572091758,210.37627540407073,213.4981154669776,97862700
2024-06-14,211.26113891601562,213.9256327290686,210.0780184652403,212.61327440682388,70122700
2024-06-17,215.4169464111328,217.6837594401996,211.4897931914233,212.13602802573277,93728300
2024-06-18,213.05068969726562,217.36560169939582,211.76815683093403,216.33160783720555,79943300
2024-06-20,208.4673614501953,213.00100258632773,207.64217489543017,212.6927826496957,86172500
2024-06-21,206.2900390625,210.66458669732776,205.91223184266303,209.17326157128963,241805100
2024-06-24,206.936279296875,211.46990537136972,205.39524025887107,206.51871007112354,80727000
2024-06-25,207.8609161376953,210.1575545458077,207.40356972919952,207.94044013256496,55549700
2024-06-26,212.01670837402344,213.6173978459433,209.42180221570723,210.2768291728298,66213200
2024-06-27,212.86180114746094,214.49231592564604,211.12192192565487,213.44838535845383,49772700
2024-06-28,209.4019317626953,214.82042530908265,209.08379028418835,214.52215724323335,82542700
2024-07-01,215.49647521972656,216.25207446959737,210.6944066158183,210.86342163866271,60402900
2024-07-02,218.99612426757812,219.10548871515067,213.85602557275527,214.89994100712372,58046200
2024-07-03,220.2687225341797,220.2687225341797,217.76329209306175,218.72768354780237,37369800
2024-07-05,225.03102111816406,225.14038557018992,220.36814201808318,220.36814201808318,60412400
2024-07-08,226.50245666503906,226.53228195249955,221.95887904834774,225.77666754871936,59085900
2024-07-09,227.3574676513672,228.0733048889389,225.0608295018841,226.61180512644188,48076100
2024-07-10,231.6326141357422,231.73204187894612,227.9241899064988,227.97390377810078,62627700
2024-07-11,226.25390625,231.04602295166967,224.46431311990926,230.0518062316796,64710600
2024-07-12,229.20672607421875,231.29458734662404,227.357482286545,227.59609977127653,53046500
2024-07-15,233.04440307617188,235.8580383346859,231.7419815445035,235.11237576276483,62631300
2024-07-16,233.4619903564453,234.9036016458956,230.9863851256273,233.64094209406048,43234300
2024-07-17,227.55633544921875,230.1214164943178,225.32928445945876,228.1230311101644,57345900
2024-07-18,222.8834991455078,229.10730558155058,220.9845567217071,228.94822726389444,66034600
2024-07-19,223.01275634765625,225.4883615119168,221.9887143107171,223.5198165983548,49151500
2024-07-22,222.664794921875,226.4626951020567,221.799816014305,225.69714393989972,48201800
2024-07-23,223.70870971679688,225.6275559695254,221.3921828247117,223.07241159149987,39960300
2024-07-24,217.276123046875,223.4999296447353,215.8742889513949,222.70455320631825,61777600
2024-07-25,216.23220825195312,219.57277716709376,213.3787958392943,217.663867640833,51391200
2024-07-26,216.69949340820312,218.22064384945838,214.76075857434793,217.4352041073067,41601300
2024-07-29,216.97787475585938,218.0317421116191,214.50226952108,215.70527849563507,36311800
2024-07-30,217.53463745117188,219.05578793157815,214.87012855591783,217.92238139381377,41643800
2024-07-31,220.795654296875,222.52559687691686,219.35404306544518,220.1593561933901,50036300
2024-08-01,217.09715270996094,223.18175387696277,215.76490601283376,223.07238943641994,62501000
2024-08-02,218.58848571777344,224.29529507499745,216.45092586682142,217.88258518105536,105568600
2024-08-05,208.0597381591797,212.26527065556354,194.866477978878,197.9386040162881,119548600
2024-08-06,206.0315399169922,208.77558795019922,199.90717605667754,204.11270880558044,69660500
2024-08-07,208.6065673828125,212.40446750854989,205.19639601521322,205.70344110024527,63516400
2024-08-08,212.07638549804688,212.9612378528938,207.62229843313003,211.87754516998305,47161100
2024-08-09,214.9894561767578,215.52632659839892,210.7441459978426,210.87339904235876,42201600
2024-08-12,216.5222930908203,218.49311650663688,214.60124108809114,215.0690650325273,38028100
2024-08-13,220.24497985839844,220.86210287308924,217.99543949730662,217.99543949730662,44155300
2024-08-14,220.69288635253906,221.99681536538918,218.68223972219693,219.54821978702563,41960600
2024-08-15,223.67898559570312,224.30607198028108,221.72805861485108,223.55954635601313,46414000
2024-08-16,225.0028533935547,225.77923892160575,222.61396199423214,222.88271550412813,44340200
2024-08-19,224.84356689453125,224.94310972106823,222.00676340736013,224.67435623990076,40687800
2024-08-20,225.460693359375,226.11763957317405,224.4056062095116,224.72413110884563,30299000
2024-08-21,225.35122680664062,226.92390949473165,224.00748961035802,225.4706812509204,34765500
2024-08-22,223.4898681640625,227.28221598709214,222.86278176595104,226.7347608131935,43695300
2024-08-23,225.78916931152344,227.16278137803022,223.29080225181497,224.61464290366072,38677300
2024-08-26,226.12759399414062,226.22713682494347,222.85284141893553,225.7095414433551,30602200
2024-08-27,226.97366333007812,227.7898720189865,223.84820980142854,224.9530683997657,35934600
2024-08-28,225.4407958984375,228.79517959293358,224.63453544627717,226.86416416696267,38052200
2024-08-29,228.7255096435547,231.8410150307569,227.8197366882459,229.03408635152135,51906300
2024-08-30,227.9391632080078,229.33267166766268,226.42620031745173,229.123652992766,52990800
2024-09-03,221.738037109375,227.9391727978887,220.1454429272487,227.4912604304481,50190600
2024-09-04,219.82691955566406,220.75260404502964,216.47252073588626,220.6331648046219,43840200
2024-09-05,221.34983825683594,224.43546851590304,220.49382156548631,220.60331260233696,36615400
2024-09-06,219.7970733642578,224.19659618640478,218.75193438162455,222.9125635200513,48423000
2024-09-09,219.88665771484375,220.24499065438135,215.70611687897429,219.79707827698536,67180000
2024-09-10,219.09034729003906,220.45399594379384,215.72600018375593,217.905857501112,51591000
2024-09-11,221.6285400390625,222.05654079085224,216.88063262193214,220.43410202901993,44587100
2024-09-12,221.738037109375,222.51442259643306,218.8017058249269,221.46928361366915,37455600
2024-09-13,221.46926879882812,223.00212806640087,220.8820056188433,222.54426752163744,36766600
2024-09-16,215.3179168701172,216.21374159471785,212.92902562434276,215.5368837592455,59357400
2024-09-17,215.7857208251953,215.8952118613641,213.50633585708556,214.75054527350213,45519300
2024-09-18,219.6676483154297,221.67829484771394,216.53223168732617,216.54219508236315,59894900
2024-09-19,227.80975341796875,228.75536468744528,223.58940496515828,223.94773787040657,66781300
2024-09-20,227.1428680419922,232.01021467188832,226.56555305015522,228.90467282845125,318679900
2024-09-23,225.42088317871094,228.38707413181643,224.7639369712135,226.2868480598011,54146000
2024-09-24,226.3167266845703,228.2875654709032,224.68432442569429,227.59079599939528,43556100
2024-09-25,225.32135009765625,226.2370864319121,222.98224544035924,223.88801837861104,42308700
2024-09-26,226.4660186767578,227.44147457763864,224.36579263659118,226.24703661091274,36636700
2024-09-27,226.73475646972656,228.45675318264773,226.24703611440785,227.40166606122023,34026000
2024-09-30,231.92063903808594,231.92063903808594,228.58615167195362,228.97434440874213,54541900
2024-10-01,225.16209411621094,228.5861456381701,222.70353511874544,228.45675818805825,63285000
2024-10-02,225.72943115234375,226.31669430804922,221.98685497396562,224.8435547212975,32880600
2024-10-03,224.6245880126953,225.75930638603796,222.28548343692833,224.09704443839323,34044200
2024-10-04,225.74937438964844,226.9438124702923,223.091744724082,226.84426963519522,37245100
2024-10-07,220.6630401611328,224.64451046166124,220.3047072265611,223.4600206171574,39505400
2024-10-08,224.72413635253906,224.93315503301397,222.2158058701156,223.26094483680066,31855700
2024-10-09,228.47666931152344,228.68570318762718,223.78849648056692,224.1866374402548,33591100
2024-10-10,227.97897338867188,228.43684913724616,226.11764095959848,226.72481576308653,28183500
2024-10-11,226.49588012695312,228.34726430462075,226.28684626691359,228.23777327090536,31759200
2024-10-14,230.228515625,230.65651637799863,227.54102629778745,227.64055393917852,39882100
2024-10-15,232.76670837402344,236.3898456598821,231.29355345996072,232.52781469355565,64751400
2024-10-16,230.70626831054688,231.04468960128423,228.77525301100687,230.52710945831018,34082200
2024-10-17,231.07456970214844,232.76670668063704,229.4521309302649,232.348638945834,32993800
2024-10-18,233.91136169433594,235.0858880500012,232.92594240501305,235.0858880500012,46431500
2024-10-21,235.38450622558594,235.75280253487685,233.36391138062547,233.36391138062547,36254500
2024-10-22,234.7674102783203,235.12574323334508,231.5225172658939,232.80653482833821,38846600
2024-10-23,229.69100952148438,234.05072423456664,226.7049068825192,232.99563706556216,52287000
2024-10-24,229.50189208984375,229.75073396519565,227.35189464165862,228.91461372105516,31109500
2024-10-25,230.3380126953125,232.13962556438537,228.5065400142299,228.6757506783198,38802300
2024-10-28,232.3187713623047,233.64261197661628,231.47271808946843,232.23915532682838,36087100
2024-10-29,232.5875244140625,233.2444706163013,231.24378738741356,232.0201728307493,35417200
2024-10-30,229.03407287597656,232.38845656475567,228.48661770128336,231.5324398883544,47070900
2024-10-31,224.86349487304688,228.76533398541918,224.32598787156826,228.27759840083363,64370100
2024-11-01,221.8773956298828,224.30609500692114,219.24962577022424,219.94638005344729,65276700
2024-11-04,220.98153686523438,221.75792231303782,218.69220372782075,219.96627293386246,44944500
2024-11-05,222.41485595703125,222.91253968716026,220.1155595539316,220.77250572284638,28111300
2024-11-06,221.68826293945312,225.02275032206146,220.16535179621147,221.5787719009408,54561100
2024-11-07,226.4261932373047,226.82434934768688,223.52968537330023,223.5894049928319,42137700
2024-11-08,226.15716552734375,227.8511489598711,225.60910803907555,226.366414165256,38328800
2024-11-11,223.43682861328125,224.90163000948098,220.71648967954502,224.20410915529405,42005600
2024-11-12,223.43682861328125,224.79201850347917,222.56991092342136,223.7557039779463,40398300
2024-11-13,224.32366943359375,225.8482560889112,221.97201694486657,223.21759527142092,48566200
2024-11-14,227.41270446777344,228.06039910056816,224.20409355692922,224.22402706703753,44923900
2024-11-15,224.20408630371094,226.1172926822584,223.47667285882866,225.59912786989784,47923700
2024-11-18,227.21340942382812,228.92732633570628,224.3734848929754,224.45320372664565,44633700
2024-11-19,227.4724884033203,229.34584301691135,225.8582238051146,226.17708394083317,36211800
2024-11-20,228.18994140625,229.11664435033194,225.0909420304879,227.25326410482543,35169600
2024-11-21,227.71163940429688,229.34583747298603,224.9115819089953,228.07036655131708,42108300
2024-11-22,229.05686950683594,229.90386885981255,227.2532745036032,227.2532745036032,38168300
2024-11-25,232.04624938964844,232.42491005721112,228.92733167542056,230.64124862727573,90152800
2024-11-26,234.22850036621094,234.73670603206307,232.50462429580293,232.50462429580293,45986200
2024-11-27,234.09896850585938,234.85628986853752,232.9829351774668,233.640604190904,33498400
2024-11-29,236.490478515625,236.96877632211965,233.14236346053607,233.97938842310504,28481400
2024-12-02,238.7424774169922,239.93822952974793,236.32108052902282,236.4306920263062,48137100
2024-12-03,241.79165649414062,241.90126799408412,238.05492154808562,238.96170621081686,38861000
2024-12-04,242.15037536621094,243.24649032811607,240.39660663197557,242.01087120786053,44383900
2024-12-05,242.18028259277344,243.67497660990782,241.27351311137042,243.1269343008096,40033900
2024-12-06,241.98098754882812,243.7646642163996,241.22368140458013,242.05074723300527,36870600
2024-12-09,245.8771514892578,246.36542364679892,240.89483838917155,240.97455722335047,44649200
2024-12-10,246.8935546875,247.33200068563022,244.47214254503118,246.0166626912396,36914800
2024-12-11,245.61807250976562,249.91282389632013,245.38887516358946,247.0828737526952,45205800
2024-12-12,247.08290100097656,247.86014070071687,244.81095202694985,246.01667859977562,32777500
2024-12-13,247.2522735595703,248.40815863747187,245.36895982515324,246.9433725816478,33155300
2024-12-16,250.1519775390625,250.490786396497,246.7739697560149,247.1127786134494,51694800
2024-12-17,252.58334350585938,252.93211150871377,248.89643481128522,249.1953766416157,51356400
2024-12-18,247.1725616455078,253.38051965426092,246.86366065893745,251.26802371656945,56774100
2024-12-19,248.90640258789062,251.1085917693189,246.21595643132494,246.6245097734382,60882300
2024-12-20,253.58978271484375,254.09797318748596,244.82090844231297,247.1625865233097,147495300
2024-12-23,254.36703491210938,254.74568039470608,252.55346551957817,253.8688035675433,40858800
2024-12-24,257.2866516113281,257.2965955586333,254.38692663500538,254.58623131585566,23234700
2024-12-26,258.1037292480469,259.1799258751944,256.7186620602343,257.27667867815336,27237100
2024-12-27,254.68588256835938,257.78489719249416,252.16483330495137,256.917949151404,42355300
2024-12-30,251.30787658691406,252.60328106925755,249.86300878941353,251.33776924994547,35557500
2024-12-31,249.5341796875,252.38406352835983,248.54767617168994,251.5470385357527,39480700
2025-01-02,242.9874267578125,248.21885574509324,240.96460876578237,248.0494437119358,55740700
2025-01-03,242.4991455078125,243.31623695542578,241.03434422978034,242.4991455078125,40244100
2025-01-06,244.1333465576172,246.45510633108967,242.33971076643533,243.4457849039297,45045600
2025-01-07,241.3532257080078,244.681407317594,240.496267218822,242.12049100282684,40856000
2025-01-08,241.8414764404297,242.84791342439922,239.20085656180404,241.06423680804883,37628900
2025-01-10,236.01217651367188,239.31046533751606,232.1757893628752,239.16098682233465,61710900
2025-01-13,233.5708465576172,233.8398957390806,228.90740850459227,232.7039288898965,49630700
2025-01-14,232.45480346679688,235.28475371553364,231.6476711610837,233.91960476413306,39435300
2025-01-15,237.028564453125,238.11472029161553,233.60073052224158,233.80999436776753,39832000
2025-01-16,227.45257568359375,237.16808723307213,227.2233935146464,236.51043339153568,71759100
2025-01-17,229.16647338867188,231.4682996512766,227.67177943063626,231.2989028272768,68488300
2025-01-21,221.85244750976562,223.62614984013746,218.60398468999986,223.2076373446938,98070400
2025-01-22,223.03822326660156,223.32719072748344,219.0125058897086,219.0125058897086,64126500
2025-01-23,222.8688507080078,226.2269251350915,221.51366083038826,223.94503224654224,60234800
2025-01-24,221.991943359375,224.831867935065,220.6267944226493,223.9848686181573,54697900
2025-01-27,229.04690551757812,231.32879829775732,223.18770026542342,223.2275672861503,94863400
2025-01-28,237.41717529296875,239.34035603116672,229.99353191106584,230.03339893004483,75707600
2025-01-29,238.5133056640625,239.01153699982427,233.1822242894862,233.2918357915463,45486100
2025-01-30,236.7495574951172,239.93823493591583,236.37091202718113,237.82573898228924,55658300
2025-01-31,235.16519165039062,246.31561143302469,232.61424963135997,246.31561143302469,100959800
2025-02-03,227.2034454345703,231.00994009075862,224.90161912474946,229.1764524471141,73063300
2025-02-04,231.9765167236328,232.3053512351318,225.84826207175638,226.44614576626617,45067300
2025-02-05,231.64767456054688,231.84696405052938,227.46253445166022,227.72160926815613,39620300
2025-02-06,232.39501953125,232.9729696905443,229.61488023403817,230.47183871784506,29925300
2025-02-07,226.82479858398438,233.17226081850333,226.45609706307513,231.77721918612997,39707200
2025-02-10,227.0941162109375,230.02693972945139,226.64521806905947,229.0094413336025,33115600
2025-02-11,232.05198669433594,234.65561423976854,227.57296005864194,227.64278121837336,53718400
2025-02-12,236.29161071777344,236.38140252594314,230.11672290007743,230.63545743654387,45243300
2025-02-13,240.9402313232422,241.74825103145727,234.99479296308533,236.33151730066413,53614100
2025-02-14,244.00274658203125,244.9504238462646,240.40156080072015,240.66092045804314,40896200
2025-02-18,243.87306213378906,244.58131995427482,241.2494791133952,243.55383619329416,48822500
2025-02-19,244.27207946777344,245.40929524371262,242.56626341463,244.06260076305156,32204200
2025-02-20,245.22975158691406,246.17742890005937,243.69350332551406,244.34192533458386,32316900
2025-02-21,244.95042419433594,248.08275639920348,244.6212281548445,245.34944139409683,53197400
2025-02-24,246.49664306640625,248.25234005966587,243.82317911276243,244.3319283268952,51326400
2025-02-25,246.43678283691406,249.38956194785018,244.3119941197594,247.3944454522674,48013300
2025-02-26,239.77310180664062,244.3818160551289,238.54610942000366,243.7334092806253,44433600
2025-02-27,236.72056579589844,241.86796980219768,236.48114634623442,238.82541422357912,41153600
2025-02-28,241.24948120117188,241.49887076126774,229.63790389196947,236.37142201455794,56833400
2025-03-03,237.4487762451172,243.43412542285543,235.53346633482454,241.19958958341564,47184000
2025-03-04,235.35391235351562,239.4838181516717,234.10696453181083,237.1295800554318,53798100
2025-03-05,235.1643829345703,235.97240266650644,228.67026910680244,234.84515699420854,47227600
2025-03-06,234.75538635253906,237.27920752401755,232.59068676229822,233.86756011302523,45170400
2025-03-07,238.4862518310547,240.78062356819368,234.1867631010968,234.53591456798168,46273600
2025-03-10,226.92454528808594,235.583358769024,223.6725108894593,234.96486230654432,72071200
2025-03-11,220.30075073242188,225.28854176632854,216.91902902029437,223.26349982428485,76137400
2025-03-12,216.45018005371094,221.20853706339403,214.38524243690583,219.60246770742089,62547500
2025-03-13,209.16799926757812,216.31051974194543,207.9110813961123,215.42269353923288,61368300
2025-03-14,212.9687042236328,213.4275724686152,209.06824803363213,210.73416839029963,60107600
2025-03-17,213.4774627685547,214.69448503570536,209.4573042902151,212.78914514941675,48073400
2025-03-18,212.17066955566406,214.624654360469,210.97360268345204,213.6370814211214,42432400
2025-03-19,214.7144317626953,218.22582565599035,213.22806456968678,213.6969181399133,54385400
2025-03-20,213.5772247314453,216.9589465476154,211.70181037410745,213.46749271646212,48862900
2025-03-21,217.73704528808594,218.30564558008663,210.76410758323678,211.0434226778215,94127800
2025-03-24,220.19102478027344,220.93919345594836,218.04628066528426,220.460369765545,44299500
2025-03-25,223.2036590576172,223.55281053469957,219.54262209652958,220.23093972638688,34493600
2025-03-26,220.98907470703125,224.47055842890478,219.93166541277708,222.9642357514217,34466100
2025-03-27,223.3034210205078,224.4406368200556,220.02144584411215,220.84942102067788,37094800
2025-03-28,217.36793518066406,223.26350805320467,217.1484711493609,221.12873402087155,39818600
2025-03-31,221.58761596679688,225.06908447075043,215.7020132379398,216.48010744476517,65299300
2025-04-01,222.64503479003906,223.13382860511078,218.3655012478301,219.27328293515097,36412700
2025-04-02,223.34332275390625,224.64015156252358,220.48033536050963,220.7796058888877,35905900
2025-04-03,202.69384765625,206.98335084549154,200.75858236471802,205.0381002304481,103419000
2025-04-04,187.92002868652344,199.39194860307396,186.88255957870848,193.4165691841804,125910900
2025-04-07,181.0169219970703,193.6759230716255,174.19361217758157,176.76731422169505,160466300
2025-04-08,171.9989776611328,189.8752182218586,168.79682446290911,186.24410709579757,120859500
2025-04-09,198.3644561767578,200.1201531468693,171.47028013366514,171.53013119082922,184395900
2025-04-10,189.9550323486328,194.30438674913324,182.553152263757,188.60833789927736,121880000
2025-04-11,197.66615295410156,199.05275825525484,185.60567786476867,185.64558871717136,87435900
2025-04-14,202.02549743652344,212.42005238891582,200.66881763194172,210.9237150406947,101352900
2025-04-15,201.6464080810547,203.01305790446213,199.3121256140358,201.36709301089155,51343900
2025-04-16,193.79563903808594,200.2099310657198,191.9002692932641,197.8756484915953,59732400
2025-04-17,196.4990234375,198.34451232255947,193.9452767059697,196.71848747425943,52164700
2025-04-21,192.6883544921875,193.3267911609043,189.34652827875263,192.79808650813246,46742500
2025-04-22,199.25228881835938,201.097762433896,195.49148998245192,195.64111763020085,52976400
2025-04-23,204.1004180908203,207.49210995336898,202.30481024884085,205.49699351150966,52929200
2025-04-24,207.8612060546875,208.32008954356945,202.44447210591895,204.38970763388747,47311000
2025-04-25,208.76898193359375,209.2378355121778,205.69650080604464,205.86608387594285,38222300
2025-04-28,209.62689208984375,210.98357193193158,206.95344326011445,209.48723454234343,38743100
2025-04-29,210.6942901611328,211.72177396764008,207.86121308906752,208.18043904370694,36827600
2025-04-30,211.9811248779297,213.0584895980106,206.16535854293033,208.78894157113288,52286500
2025-05-01,212.79913330078125,214.0360957896086,208.3899124386699,208.56948083895412,57365700
2025-05-02,204.8485870361328,206.48458191182934,201.66637387157866,205.58677037884885,101010600
2025-05-05,198.40435791015625,203.60164304236298,197.72602561272546,202.6040848015313,69018500
2025-05-06,198.02528381347656,200.1600578713198,196.538931754607,197.72602851406054,51216500
2025-05-07,195.7707977294922,198.95301083885846,192.77812311451905,198.6836658614824,68536700
2025-05-08,197.00778198242188,199.56152863729463,194.20463054641704,197.2372161152265,50478900
2025-05-09,198.0452423095703,200.0503289543839,197.05765414160055,198.51409591462888,36453900
2025-05-12,210.55104064941406,211.03050749278242,206.5156271207593,210.7308445260501,63775800
2025-05-13,212.68861389160156,213.1580823159532,208.76307628033234,210.19144790738707,51909300
2025-05-14,212.08929443359375,213.69746987061376,210.34127831689767,212.18917192393894,49325800
2025-05-15,211.21029663085938,212.71859464512332,209.30245815432872,210.71086343228015,45029500
2025-05-16,211.0205078125,212.32903558469047,209.53220664773164,212.11926693678467,54737900
2025-05-19,208.54331970214844,209.24252311349682,204.02843943795537,207.67431083672193,46140500
2025-05-20,206.62550354003906,208.2336790492342,204.79757620413463,207.4345828831543,42496600
2025-05-21,201.86090087890625,206.80528635778637,200.4824756537251,204.93741112479617,59211800
2025-05-22,201.13172912597656,202.52015274475195,199.4736073247078,200.48247209416806,46742400
2025-05-23,195.04864501953125,197.4758830409797,193.24069928507132,193.45045269257122,78432900
2025-05-27,199.98304748535156,200.51244545494848,197.20618488735448,198.07520901450675,56288500
2025-05-28,200.1927947998047,202.50017366149785,199.67338002302156,200.36260025266836,45339700
2025-05-29,199.72332763671875,203.57895243464628,198.28495762525483,203.3492174371598,51396800
2025-05-30,200.622314453125,201.73105672211125,196.55692105301176,199.14398126681596,70819900
2025-06-02,201.47134399414062,201.9008644592711,199.89313329888972,200.05295557621693,35423300
2025-06-03,203.03956604003906,203.5389992121068,200.7321872237246,201.1217444882778,46381600
2025-06-04,202.590087890625,206.00620910456834,201.8709028727957,202.67998220748078,43604000
2025-06-05,200.40257263183594,204.5178973620389,199.92310578136215,203.26931435006063,55126100
2025-06-06,203.68882751464844,205.4668084267123,201.82095228760733,202.76987228695742,46607700
2025-06-09,201.2216339111328,205.76647909477697,199.79326227022588,204.15830357568726,72862600
2025-06-10,202.44024658203125,204.11835001917973,200.34263633745982,200.3726011094186,54672600
2025-06-11,198.55465698242188,204.26817387189894,198.18508130061548,203.26930749599725,60989900
2025-06-12,198.97418212890625,199.45363372918547,197.13627162659284,198.85432303920933,43904600
2025-06-13,196.227294921875,200.1428492549886,195.47814514596445,199.50357538920457,51447300
2025-06-16,198.195068359375,198.46476655376847,196.33717625414866,197.07634287373045,43020700
2025-06-17,195.418212890625,198.16509536417735,194.98870767431248,196.97644196425614,38856200
2025-06-18,196.35714721679688,197.3460303816964,194.84886452825484,195.71787336797544,45394700
2025-06-20,200.7721405029297,201.47134391409438,196.6368343380514,198.01527480684123,96813500
2025-06-23,201.27157592773438,202.07067208145295,198.73446202428119,201.40143343464243,55814300
2025-06-24,200.07293701171875,203.2093768046809,199.9730442780961,202.36033429336192,54064000
2025-06-25,201.33151245117188,203.43912119943792,200.39257558111612,201.2216365357081,39525700
2025-06-26,200.7721405029297,202.41028074115465,199.23389299836737,201.20164572639828,50799100
2025-06-27,200.85205078125,202.98962419564972,199.77327327657756,201.66113009938155,73188600
2025-06-30,204.93740844726562,207.15489297707504,199.0341046248948,201.78098710410558,91912800
2025-07-01,207.58441162109375,209.95171998702364,205.90630823197938,206.4357061767528,78788900
2025-07-02,212.1991729736328,213.09814660534315,207.9040445567577,208.6731759252599,67941800
2025-07-03,213.30792236328125,214.40666625629999,211.56988934364432,211.90950026104147,34955800
2025-07-07,209.7119903564453,215.9848699115094,208.56330013289198,212.43889126622693,50229000
2025-07-08,209.7719268798828,211.1903153368944,208.213697736729,209.86183643928914,42848900
2025-07-09,210.90065002441406,211.09043707809712,206.98509558510867,209.2924745188519,48749400
2025-07-10,212.16920471191406,213.23798377907798,209.7918979255535,210.27134950514616,44443600
2025-07-11,210.92062377929688,211.88952536572023,209.6220944658076,210.33129628612954,39765800
2025-07-14,208.3834991455078,210.67091168904602,207.3047216270235,209.69201166358403,38840100
2025-07-15,208.87295532226562,211.64980271899068,208.6831682659836,208.9828312368767,42296300
2025-07-16,209.92176818847656,212.1592191902425,208.40348697906978,210.06160887608695,47490500
2025-07-17,209.78192138671875,211.5599023237274,209.35240091776063,210.33130094399476,48068100
2025-07-18,210.9405975341797,211.54990664350106,209.46227954032304,210.63095139102305,48974600
2025-07-21,212.23912048339844,215.53538252867688,211.39009321998003,211.8595616297783,51377400
2025-07-22,214.15695190429688,214.7063314773177,211.9894136266437,212.89838571641525,46404100
2025-07-23,213.9072265625,214.90609293027538,212.1692088371252,214.75626907170553,46989300
2025-07-24,213.51766967773438,215.44548969662856,213.28793468034502,213.65751035981805,46022600
2025-07-25,213.63754272460938,214.9960015887686,213.15807589620647,214.45660521718813,40268800
2025-07-28,213.80735778808594,214.60645396318566,212.81847455673218,213.78737619229818,37858000
2025-07-29,211.03050231933594,214.5664825639156,210.58101550100253,213.93719187335407,51411700
2025-07-30,208.81301879882812,212.14922883427738,207.48452469073794,211.65977882345743,45512500
2025-07-31,207.33470153808594,209.60211724381097,206.92516266487007,208.25365677749065,80698400
2025-08-01,202.1505889892578,213.33788973606855,201.27158167093614,210.63095505795985,104434500
2025-08-04,203.11949157714844,207.64435521756303,201.4513712516652,204.27816503495924,75109300
2025-08-05,202.68995666503906,205.1072113881769,201.93082373064988,203.1694082424696,44155100
2025-08-06,213.0082550048828,215.1358452662651,205.35693489516686,205.39689808550258,108483100
2025-08-07,219.7805633544922,220.59964108330854,216.33447747046458,218.63187314031333,90224800
2025-08-08,229.0900115966797,230.73813503605493,219.00145500716468,220.57966572513484,113854000
2025-08-11,227.17999267578125,229.55999755859375,224.75999450683594,227.9199981689453,61806100
2025-08-12,229.64999389648438,230.8000030517578,227.07000732421875,228.00999450683594,55626200
2025-08-13,233.3300018310547,235.0,230.42999267578125,231.07000732421875,69878500
2025-08-14,232.77999877929688,235.1199951171875,230.85000610351562,234.05999755859375,51916300
2025-08-15,231.58999633789062,234.27999877929688,229.33999633789062,234.0,56038700
2025-08-18,230.88999938964844,233.1199951171875,230.11000061035156,231.6999969482422,37476200
2025-08-19,230.55999755859375,232.8699951171875,229.35000610351562,231.27999877929688,39402600
2025-08-20,226.00999450683594,230.47000122070312,225.77000427246094,229.97999572753906,42263900
2025-08-21,224.89999389648438,226.52000427246094,223.77999877929688,226.27000427246094,30621200
2025-08-22,227.75999450683594,229.08999633789062,225.41000366210938,226.1699981689453,42477800
2025-08-25,227.16000366210938,229.3000030517578,226.22999572753906,226.47999572753906,30983100
2025-08-26,229.30999755859375,229.49000549316406,224.69000244140625,226.8699951171875,54575100
2025-08-27,230.49000549316406,230.89999389648438,228.25999450683594,228.61000061035156,31259500
2025-08-28,232.55999755859375,233.41000366210938,229.33999633789062,230.82000732421875,38074700
2025-08-29,232.13999938964844,233.3800048828125,231.3699951171875,232.50999450683594,39418400
2025-09-02,229.72000122070312,230.85000610351562,226.97000122070312,229.25,44075600
2025-09-03,238.47000122070312,238.85000610351562,234.36000061035156,237.2100067138672,66427800
2025-09-04,239.77999877929688,239.89999389648438,236.74000549316406,238.4499969482422,47549400
2025-09-05,239.69000244140625,241.32000732421875,238.49000549316406,240.0,54870400
2025-09-08,237.8800048828125,240.14999389648438,236.33999633789062,239.3000030517578,48999500
2025-09-09,234.35000610351562,238.77999877929688,233.36000061035156,237.0,66313900
2025-09-10,226.7899932861328,232.4199981689453,225.9499969482422,232.19000244140625,83440800
2025-09-11,230.02999877929688,230.4499969482422,226.64999389648438,226.8800048828125,50208600
2025-09-12,234.07000732421875,234.50999450683594,229.02000427246094,229.22000122070312,55824200
2025-09-15,236.6999969482422,238.19000244140625,235.02999877929688,237.0,42699500
2025-09-16,238.14999389648438,241.22000122070312,236.32000732421875,237.17999267578125,63421100
2025-09-17,238.99000549316406,240.10000610351562,237.72999572753906,238.97000122070312,46508000
2025-09-18,237.8800048828125,241.1999969482422,236.64999389648438,239.97000122070312,44249600
2025-09-19,245.5,246.3000030517578,240.2100067138672,241.22999572753906,163741300
2025-09-22,256.0799865722656,256.6400146484375,248.1199951171875,248.3000030517578,105517400
2025-09-23,254.42999267578125,257.3399963378906,253.5800018310547,255.8800048828125,60275200
2025-09-24,252.30999755859375,255.74000549316406,251.0399932861328,255.22000122070312,42303700
2025-09-25,256.8699951171875,257.1700134277344,251.7100067138672,253.2100067138672,55061300
