Price,Close,High,Low,Open,Volume
Ticker,BABA,BABA,BABA,BABA,BABA
Date,,,,,
2014-09-19,89.16686248779297,94.68458808934047,85.4250618894518,88.03672312531783,271879400
2014-09-22,85.36808776855469,88.27415231330177,84.99770727738489,88.03672854995712,66657800
2014-09-23,82.784912109375,85.92840751289796,82.26258420232769,84.46587633108929,39009800
2014-09-24,86.01387786865234,86.01387786865234,82.8324009934825,84.01951977120244,32088000
2014-09-25,84.4468765258789,86.89709133188536,84.0480063701842,86.50771290923262,28598000
2014-09-26,85.90941619873047,85.90941619873047,84.19996939947487,85.21614284680521,18340000
2014-09-29,84.28543090820312,85.18763825630533,83.5921503729515,85.11166816326777,25302000
2014-09-30,84.3803939819336,86.30827355111339,84.01001353492848,84.52284967207342,24419400
2014-10-01,81.76873779296875,84.46587535217242,81.71175841173978,84.23794333606091,24029600
2014-10-02,82.6804428100586,83.76309450983486,81.3043371577677,81.93018290484561,21469700
2014-10-03,83.66812896728516,85.41557155413551,83.24076911084347,83.66812896728516,18485700
2014-10-06,83.86756134033203,85.14015638086535,83.63013759540245,84.66530889100619,9268400
2014-10-07,83.25975799560547,85.18763766511255,82.68044347232727,83.52567143338607,12791700
2014-10-08,83.85807037353516,84.0480064729751,82.68044337109473,83.5731589787775,10252600
2014-10-09,84.32342529296875,85.8049472687872,83.57316532568682,84.0575118353191,21507000
2014-10-10,81.55980682373047,84.27593519769523,80.95200258227243,83.81058666030351,15431400
2014-10-13,80.83804321289062,82.51900022066772,80.6480998603521,82.48101155016002,14845000
2014-10-14,80.67658996582031,81.55980663426196,79.03362162012012,81.49332827193186,15559200
2014-10-15,81.29389953613281,82.13912759990636,78.64424932380052,79.81237749097446,16824300
2014-10-16,84.3803939819336,84.68904918483611,79.78861981584937,80.70507920079092,15232000
2014-10-17,83.4876937866211,86.32727990508505,83.25976176198594,85.85243238882562,17360700
2014-10-20,83.82007598876953,84.99769566530938,83.44019657019618,83.57315327985727,9891400
2014-10-21,86.32727813720703,87.84678870899988,84.0480086567188,84.61782421544137,23243800
2014-10-22,87.02055358886719,88.7964859155944,86.43174730340112,87.60936711993138,20364500
2014-10-23,89.69868469238281,89.93610842872644,88.15068453983744,88.24565258525541,20641000
2014-10-24,90.94279479980469,93.0701095610031,90.01209051613162,90.28750293430429,32132600
2014-10-27,92.87067413330078,93.87734850618776,91.45563062404683,92.12041422018017,28302400
2014-10-28,94.66560363769531,95.60579971601439,93.64943021581958,94.81755107921032,32127600
2014-10-29,93.36450958251953,94.9694963901035,91.94946611507432,94.85553038602025,28655400
2014-10-30,93.76338958740234,94.4376721610941,92.40532546134774,93.52596583980956,15484600
2014-10-31,93.63993072509766,95.17843931852552,93.19927517695248,95.06447330381293,18128300
2014-11-03,96.678955078125,97.62865008971524,94.06729379625186,94.65610006625512,40883700
2014-11-04,100.7341537475586,101.008617008392,94.50415653296223,95.37312837390762,67814000
2014-11-05,103.20335388183594,104.59940669073632,101.12352675943134,103.02291675889356,48344000
2014-11-06,105.95747375488281,106.0809314998404,101.81680286211387,103.80166923405034,33609000
2014-11-07,108.79705047607422,108.9964855448609,106.12841000177947,107.24905032562664,51457000
2014-11-10,113.15615844726562,113.44106259423721,109.40485892455932,111.37072724561382,75971000
2014-11-11,108.77806091308594,111.63664475372052,107.970821651213,111.3517333692489,70983600
2014-11-12,112.25394439697266,113.0801816428399,108.28421906743652,109.26241098888302,53908000
2014-11-13,109.06297302246094,113.96340282168023,108.78756784176812,113.29861920345964,62163000
2014-11-14,109.30989074707031,109.58530316073747,107.64792453209783,109.27190207839922,29849000
2014-11-17,108.5026626586914,109.81323925788205,107.4390015629435,109.63280212007365,22573000
2014-11-18,105.23570251464844,108.62611343549743,104.85583030432872,108.57863303200645,41098000
2014-11-19,103.34580993652344,105.11224322174934,101.82629938084466,104.3050039183198,46841000
2014-11-20,104.2955093383789,106.78371295959603,101.8642923467518,102.38662027307265,36489000
2014-11-21,105.15972900390625,107.79038092746508,104.87956347633917,107.51496851201128,27432000
2014-11-24,108.18925476074219,108.19875373969393,105.93848220424287,106.36584206429774,20646000
2014-11-25,107.76189422607422,109.37637284906113,106.6792424914881,109.15794705372421,23485000
2014-11-26,107.00213623046875,108.01830961267173,106.67924340135659,107.62893842194248,11794700
2014-11-28,106.02395629882812,107.53397521735238,105.52061907451949,107.44849889393484,8077800
2014-12-01,100.65817260742188,104.51393929518825,98.66951681070343,104.48544235843701,38464200
2014-12-02,104.36199188232422,104.46645892089299,101.24699317561516,101.94976550686087,18785000
2014-12-03,105.07426452636719,106.06194829271406,103.32492344044151,104.846339732779,16221100
2014-12-04,103.6781997680664,104.94129583699358,103.43128428880972,104.56141639389396,10779300
2014-12-05,102.47209167480469,104.79884152033691,102.33913495480844,104.08657027224365,12148100
2014-12-08,99.7844467163086,101.9972376579196,98.967708491041,100.63917360851858,19217300
2014-12-09,102.07322692871094,102.51957751488801,96.1091359420431,97.12530935339606,24866800
2014-12-10,98.65431213378906,101.97824457119486,98.3029296275887,101.70283215690952,18466700
2014-12-11,99.68949127197266,101.46541639101255,99.04369834352227,99.18615405116246,15684300
2014-12-12,99.82244110107422,102.04472390251502,98.93827529615808,99.43306267680936,14537600
2014-12-15,99.43306732177734,102.34863079103127,98.4833722862471,101.03805425041485,16521800
2014-12-16,100.44923400878906,102.26315488334782,98.48336570640834,98.53085335325136,21700600
2014-12-17,103.5357437133789,103.69719736691671,100.93358149237602,101.72183006610389,17311100
2014-12-18,103.75418090820312,105.60608329848563,102.8139848674134,105.01727702342042,22788100
2014-12-19,105.08375549316406,105.08375549316406,102.60505090940455,104.39997391894103,14857800
2014-12-22,103.29832458496094,105.39715696438208,103.07039980794072,105.0647579094633,13041200
2014-12-23,100.2118148803711,103.01341952437393,98.654315634088,102.85197311062947,19096300
2014-12-24,100.62018585205078,101.81680362244511,100.28779403960738,100.3637713811939,5870400
2014-12-26,100.62018585205078,101.56038915158823,100.19282598542328,100.65817452284404,6529100
2014-12-29,100.648681640625,102.24416956774184,100.32578156536665,100.62018470365672,8068600
2014-12-30,100.43024444580078,101.3419507599505,99.84143094796342,100.32577741802967,10205700
2014-12-31,98.7113037109375,101.1140309769125,98.47387995349969,101.10453199784753,10221600
2015-01-02,98.3884048461914,99.45206590104254,97.36273246247048,98.99620909307829,12303400
2015-01-05,95.919189453125,97.83757005412463,94.874526462656,97.59065458523386,18337000
2015-01-06,98.12248229980469,98.62581946583335,95.07396236872752,96.15661403600362,15720400
2015-01-07,96.99234771728516,99.47105224631198,96.8973796664285,99.3285965472281,11052200
2015-01-08,99.74647521972656,100.04087838221182,97.51469318326404,97.77110767226756,12942100
2015-01-09,97.83757781982422,100.0028885527775,97.71412007557957,99.94590192454321,10222200
2015-01-12,96.50801086425781,98.16047817582856,96.11863242686579,98.00852349423225,7997200
2015-01-13,95.70075988769531,97.6761271838242,94.97899692016942,97.42920446040867,11294400
2015-01-14,94.57063293457031,95.14044850410279,93.1270924297834,94.28572152700502,17808000
2015-01-15,91.46512603759766,95.10245974211283,91.18971360937503,94.6561019186347,18260100
2015-01-16,92.01595306396484,92.8801790396917,90.71486823352708,91.25619412366868,13327900
2015-01-20,95.00749206542969,95.16893848225696,92.68073488490313,93.35502473513111,12105600
2015-01-21,98.093994140625,98.63531998270697,95.27339892560933,95.68176805178327,15186900
2015-01-22,98.76828002929688,99.64199769061256,97.91355307992377,99.33809558034633,11433000
2015-01-23,97.92305755615234,99.9079167402853,97.83758123361743,98.78727628721558,9873800
2015-01-26,98.75878143310547,99.84143315797284,98.13198649820231,99.14815986261634,10664900
2015-01-27,97.76161193847656,98.35991721873931,95.52033101393917,97.71412428716755,15659900
2015-01-28,93.49746704101562,96.38454062369541,92.87067212756938,95.25440853467627,42144700
2015-01-29,85.29210662841797,86.17532327856611,82.9653567494589,85.97588819570659,76561400
2015-01-30,84.59883117675781,87.37193879971846,83.67762588011732,85.09266938191061,36806900
2015-02-02,85.59600830078125,87.04904774657611,84.15247507941373,86.54570330698559,18865300
2015-02-03,86.05186462402344,87.03954829457841,85.37758204275568,87.03954829457841,13512300
2015-02-04,85.47254943847656,87.25797341833176,84.97871122978394,86.41274545353242,14643600
2015-02-05,82.62345886230469,85.32058898406103,81.76873197667862,85.07367351923362,28926200
2015-02-06,81.36986541748047,83.00334192714455,81.12294269621557,82.72792951604093,17632100
2015-02-09,81.67376708984375,82.38603831446449,81.17042991707405,81.5123206845398,12109500
2015-02-10,82.8703842163086,83.0698192883838,82.16760472926543,82.63296047637179,12043300
2015-02-11,81.67376708984375,83.28824563407836,81.50282170611086,83.17428687532151,12391900
2015-02-12,82.71842956542969,83.85806786476822,81.24640672481402,81.29388712545467,15177800
2015-02-13,84.57034301757812,84.80776676861501,83.24076856265198,83.76309646757441,14665200
2015-02-17,82.48101043701172,84.51335718535837,82.3385547359299,84.313922102083,15191700
2015-02-18,82.37654113769531,83.03183299726952,82.14861636959905,82.71843191263858,7422300
2015-02-19,82.51900482177734,83.44970918711533,82.3480594177601,82.44302747652559,7604100
2015-02-20,82.28157806396484,82.89888129192045,82.03465532366296,82.86089262067415,7821700
2015-02-23,81.1704330444336,82.31956312829071,80.9614989845327,82.1581167167665,9367900
2015-02-24,80.42967224121094,81.2274125670198,79.66041436064054,81.2274125670198,15846400
2015-02-25,81.85421752929688,82.4620217731187,80.11627387324472,80.13526458591497,13645700
2015-02-26,81.07546997070312,82.77542499946384,80.91401630366902,82.5474929679798,8763300
2015-02-27,80.83804321289062,82.2055991231777,80.72407720136752,81.62628457773182,8377200
2015-03-02,79.77437591552734,80.7430615778673,79.53695217768352,80.72407086690268,11213400
2015-03-03,77.47611236572266,79.06210112379726,76.00408235947316,78.77718975304022,39246100
2015-03-04,81.18942260742188,81.50851873267557,76.13704555411178,76.23201360392332,36607200
2015-03-05,81.76873779296875,81.93018420351603,79.78387872711627,81.43634599313673,18514800
2015-03-06,80.15425872802734,81.6737692652378,79.82186693013722,81.42684653869179,10673700
2015-03-09,78.37833404541016,80.10677880675021,77.38115855555924,80.10677880675021,17616500
2015-03-10,78.79619598388672,78.96714137517414,76.59290385484778,77.01076473141865,13817000
2015-03-11,77.86548614501953,79.1855615327039,77.10573453995657,78.8246800637188,12768700
2015-03-12,77.79901885986328,78.72972322208223,77.42863836000024,77.96996426330765,11232000
2015-03-13,77.74203491210938,77.79901429471454,76.70686357266152,77.68505552950421,12663300
2015-03-16,79.77437591552734,80.91400695893876,77.81800663428537,77.88448499105775,16905700
2015-03-17,80.24922180175781,80.81903731217746,79.30902584728554,79.78387331356812,17639000
2015-03-18,80.3346939086914,81.62627964551791,79.10959377543456,79.65091961766349,35663000
2015-03-19,81.42684173583984,82.6614480501505,80.72406951238166,80.82853653492782,30454700
2015-03-20,80.91400909423828,82.43352685301646,80.80954206718233,81.98716905479519,21181500
2015-03-23,80.01180267333984,81.22741109768664,79.97381400437929,80.9614976605605,11184000
2015-03-24,79.42298889160156,80.24922613597292,78.24536914038542,80.10677043927471,14545100
2015-03-25,79.53695678710938,80.2302373298541,78.51128444123957,79.71740115691921,13507200
2015-03-26,79.93582153320312,80.71932420775083,78.78669152279721,79.01461628012137,12208000
2015-03-27,80.32520294189453,80.86652878928606,79.14757595287624,80.51513903916965,9703800
2015-03-30,79.67940521240234,80.8665238620341,79.53694952532709,80.75255786325444,10020500
2015-03-31,79.05260467529297,80.20173468174526,79.01461600827008,79.43248409992451,11812900
2015-04-01,78.21688079833984,79.50846657829634,78.04593540847509,79.17607477733647,14896400
2015-04-02,78.14090728759766,78.82468888055602,77.16272254873707,78.71072286653023,19868200
2015-04-06,77.70404815673828,78.43531015205143,77.50840976054853,77.92248120477103,12810500
2015-04-07,78.07442474365234,78.77719701185262,77.76102365606113,77.81801028282177,9443000
2015-04-08,81.0944595336914,81.2369152399489,78.88737061965855,79.10960036212452,26161500
2015-04-09,81.80673217773438,83.27876242417365,80.91401649958941,82.65196020447229,27800400
2015-04-10,80.32520294189453,82.32905992421705,79.91683381171512,82.319560945674,18300300
2015-04-13,80.04029846191406,81.39836268693412,79.6034396039801,80.87603475152535,15797100
2015-04-14,80.72407531738281,80.84753305945299,79.3280225025983,80.37268555758604,11819000
2015-04-15,80.4106674194336,81.06595923512263,79.92632822536517,80.8000458158857,12225800
2015-04-16,79.83135986328125,81.10395493867368,79.66991345125022,80.86653118724055,12048600
2015-04-17,77.78002166748047,79.0621084637185,77.504609249006,78.90066205324658,22791800
2015-04-20,78.06492614746094,78.53028191456382,77.41913325725898,78.11241379572787,13471000
2015-04-21,78.27386474609375,78.74871227390882,78.00795128981302,78.69173288916245,10056000
2015-04-22,77.92247772216797,78.67273039675366,77.41913328538823,78.61575101529091,13316900
2015-04-23,78.14090728759766,78.58726511886759,77.51411232445128,77.76102781977654,11483300
2015-04-24,80.31570434570312,80.71457449923835,78.63474741546314,78.71071750737624,21058400
2015-04-27,80.62910461425781,81.93018208939853,80.39168087113315,81.22740983851683,17434200
2015-04-28,80.80005645751953,81.2654050024721,79.60343866775762,81.23691531031555,11110500
2015-04-29,78.30235290527344,80.15426257485001,77.53310224386671,79.83136249454718,21098000
2015-04-30,77.20071411132812,78.49230000293227,76.39347474047516,78.08393082771039,14209700
2015-05-01,77.08674621582031,78.11241861869325,76.0800717716663,76.95378948718104,17910500
2015-05-04,76.53591918945312,77.45712453025173,76.08956861049121,77.08674404723345,21551500
2015-05-05,75.53873443603516,76.83032010055251,73.85777037833958,76.39346130896534,32661900
2015-05-06,75.9756088256836,76.78284822033675,75.51026025039391,75.64321698619096,24953500
2015-05-07,81.67376708984375,84.79826439798506,80.63860305461513,84.36140558302273,69448800
2015-05-08,82.6804428100586,83.82957286874752,82.51899640207037,83.40221302510867,30140600
2015-05-11,82.35755157470703,83.25975892663672,81.73074939670278,82.33855361716869,19776900
2015-05-12,82.40503692626953,83.09831750609793,81.806731648641,82.6709576285916,16077800
2015-05-13,83.1268081665039,84.01952384927054,82.62347093961577,82.6994482840211,19015900
2015-05-14,83.95304107666016,84.02901841707656,83.12680380222723,83.3262388866218,12087900
2015-05-15,84.01002502441406,84.4848725594236,83.6206538134174,84.05751267615436,13424600
2015-05-18,82.72793579101562,83.5066854365989,82.25308826942586,83.20278331260538,13490200
2015-05-19,83.77259826660156,84.3329221056229,82.12013093252165,82.61396916324045,20727700
2015-05-20,86.13733673095703,86.23231203088557,82.90837941013378,83.70611976122711,29812300
2015-05-21,89.15735626220703,90.0025841592833,86.34626017538298,86.75462927980388,40729400
2015-05-22,88.57804870605469,90.27800361101984,88.50207861335734,89.5372426766368,22183300
2015-05-26,87.86578369140625,89.1953582234405,86.94458557026086,88.93894374551307,15674900
2015-05-27,87.9417495727539,88.31213001792827,86.9920546373125,87.58086810570123,9519300
2015-05-28,86.374755859375,87.30546013135731,86.02337335262881,87.0775353640628,14213000
2015-05-29,84.8267593383789,86.89709478258575,84.8267593383789,86.7546390797242,13893200
2015-06-01,86.21330261230469,86.41273767356707,84.98819531118107,85.55801080701605,9905900
2015-06-02,85.95689392089844,86.93507858249438,85.65299181976575,85.99488258923972,9865300
2015-06-03,86.22280883789062,86.46023258491238,85.37758087814102,85.9568954005219,9428000
2015-06-04,86.03286743164062,86.81162429519487,85.72896531842835,86.14683344119445,8689000
2015-06-05,86.14683532714844,86.99206332444902,85.90941156957865,85.90941156957865,11353900
2015-06-08,83.84857177734375,86.99205988467902,83.80393164939734,86.08985253982743,15603000
2015-06-09,83.1742935180664,83.744109094152,81.78773962620546,83.61115236791863,16081800
2015-06-10,84.42788696289062,84.51335603501761,82.81340111526859,83.28824861534603,12551300
2015-06-11,82.8228988647461,84.97871054063508,82.71843183663178,84.55134344954983,13716200
2015-06-12,82.27207946777344,83.37372920225043,82.12963100693436,83.02233942578486,9977100
2015-06-15,81.7877426147461,82.78491809793334,81.72126424920027,81.95868801837797,10230400
2015-06-16,81.75923919677734,82.3385537273085,81.30338965361707,81.6766176444892,10974200
2015-06-17,82.43353271484375,83.38322775881385,82.12963059059724,82.22459864587462,10241500
2015-06-18,82.38603973388672,83.1837800413193,81.97767060157784,82.59497378933746,11737200
2015-06-19,81.42684173583984,82.24357995996584,80.88551591246306,82.158110893663,10317000
2015-06-22,81.36986541748047,82.0536469560001,81.27489736948554,81.740245876579,7154200
2015-06-23,80.80005645751953,81.99666700168325,80.56263269541746,81.65478345020662,11411300
2015-06-24,80.88551330566406,81.49331746510927,80.58161122594146,80.87886909311118,9434300
2015-06-25,80.95199584960938,81.2938866126947,80.6291030431385,81.1704288770907,8949800
2015-06-26,79.0905990600586,80.39168382866254,78.65374022610932,80.37268587097897,12668600
2015-06-29,76.99176788330078,79.09059281452733,76.7353534396041,79.09059281452733,15199800
2015-06-30,78.13140869140625,79.47998117106256,77.8370055440607,78.42581908435002,12551400
2015-07-01,78.31185150146484,78.82468768842759,77.86549367694552,78.4448082263517,5950000
2015-07-02,77.94146728515625,78.17889103188155,77.66605486948318,77.9889549327404,6760200
2015-07-06,76.19403076171875,77.40014018762243,76.08956373519193,76.50742459570155,11864200
2015-07-07,75.61471557617188,75.7761619809677,72.37625227386843,75.45326192577848,34221700
2015-07-08,74.01923370361328,74.82647303813836,72.38575707623652,72.7276478701339,22714900
2015-07-09,75.06388854980469,77.10573410966195,75.06388854980469,76.8588113977357,19778700
2015-07-10,76.26050567626953,77.11522531566003,75.82363963292231,77.04874696047195,11224500
2015-07-13,77.74203491210938,78.06492774100266,76.64038521108948,76.84931927477243,10350500
2015-07-14,77.400146484375,77.89398472173356,77.04875670787106,77.47612382722961,7519300
2015-07-15,76.66887664794922,77.40013857278255,76.17503121547172,76.83032305081409,9514200
2015-07-16,77.42863464355469,77.87499246699045,76.83032938301629,77.2956779189906,8604500
2015-07-17,79.16657257080078,79.48946537982604,77.47611669861543,77.86548786512223,14505400
2015-07-20,78.51128387451172,79.47047785283264,77.92247761196842,79.35651184447046,8126100
2015-07-21,78.38783264160156,79.06211527780229,78.08393050633364,78.92915854647248,5750700
2015-07-22,79.91683197021484,80.48664749450779,77.87498636636742,78.0269410371642,11209200
2015-07-23,79.66040802001953,80.6955792601311,79.06210282328537,80.40117615079168,7452300
2015-07-24,78.84368133544922,81.08496227495603,78.49229879756953,80.8855271802031,8759900
2015-07-27,77.30516815185547,77.59007228128853,75.6716917256225,76.78283304616565,12185700
2015-07-28,76.5074234008789,76.73535540734011,75.2633253260676,76.61189042577425,12122800
2015-07-29,76.22252655029297,77.27573945942818,75.9851027883894,76.906308143871,7177100
2015-07-30,75.93761444091797,76.58340735719344,75.45326794231184,76.0800701458725,6934700
2015-07-31,74.39910125732422,75.88537621965565,74.26614453976843,75.83314270593034,12687000
2015-08-03,74.06671905517578,74.55106558647977,73.2309899729403,74.26615415733657,9277000
2015-08-04,74.9024429321289,75.36208914131325,73.88626963064591,74.14268407777264,8501200
2015-08-05,75.80464935302734,76.37446486439035,75.48175655330733,75.5862163301129,7502600
2015-08-06,74.9879150390625,76.68786992925708,74.68401293412032,75.8331429948579,9297800
2015-08-07,74.85496520996094,76.16554179958793,74.70301776630485,75.64321385787208,8738800
2015-08-10,76.42195892333984,76.91579714247574,75.50075360061528,75.84264438524704,11276700
2015-08-11,73.44940948486328,75.97560171993827,72.31927733628584,75.48271267016024,22976600
2015-08-12,69.6886215209961,70.13497936250529,67.45683955904849,68.68194706693595,41093200
2015-08-13,71.33159637451172,72.87010497663871,69.95454143887335,70.27743428065405,23230700
2015-08-14,70.99919891357422,71.6924721931972,70.7142875206128,70.78076587955744,12367300
2015-08-17,71.4075698852539,71.45505028823875,70.42938518747201,71.08466981520672,12677400
2015-08-18,70.16346740722656,71.35058621501693,70.02101894677027,70.32492107174068,11155100
2015-08-19,69.44170379638672,69.85956468615662,69.14729340756008,69.47019348823488,18179400
2015-08-20,66.78255462646484,69.11880354502023,66.50714219661587,68.35905186375238,20995600
2015-08-21,64.75020599365234,67.10545280367926,64.75020599365234,65.83285772410079,29128600
2015-08-24,62.48993682861328,62.48993682861328,55.082312583004445,55.234263645218014,31376400
2015-08-25,65.1205825805664,66.7920477251553,64.09491029327795,65.37699702958979,29948400
2015-08-26,65.20606231689453,65.95631499236784,62.44244638311604,65.48146749135555,26389200
2015-08-27,67.2763900756836,67.98866132307458,66.49764046836002,67.2763900756836,18123800
2015-08-28,66.54513549804688,66.95350468167393,65.57169656951274,66.17475498796635,10604600
2015-08-31,62.79383850097656,65.81386901067866,62.69886320072831,65.69990299773963,18479900
2015-09-01,61.568729400634766,63.47761115897006,60.8279684501646,61.14136229764187,23460900
2015-09-02,62.24301528930664,62.67987414875037,61.702638566680235,62.38547099785528,13376300
2015-09-03,63.126224517822266,63.52509465808124,62.11955018890272,62.50987052415705,15803200
2015-09-04,60.69500732421875,62.271500879803696,60.15368146387205,62.11480033528257,18186400
2015-09-08,57.845924377441406,63.44912290449888,57.21912579989805,62.47093817875068,50328400
2015-09-09,60.8184700012207,61.416775255906636,59.384428491051935,59.574368219770854,33147900
2015-09-10,60.61903381347656,61.017903976010494,60.15368166772137,60.32462705817847,13281600
2015-09-11,61.378787994384766,61.5307426790868,59.545879895155,60.182173834748895,17747000
2015-09-14,59.45090866088867,60.07770724876593,58.3872512196301,59.40342463296446,26763300
2015-09-15,61.58771896362305,62.07206543973814,58.03586171184059,58.35875815498435,29035000
2015-09-16,63.84799575805664,64.65523503011063,61.977095515570674,62.309487304581424,25801000
2015-09-17,62.679866790771484,63.29716995828494,62.29998736110186,63.06924519872216,16594600
2015-09-18,62.44244384765625,62.44244384765625,60.789976639998905,62.110052059563905,20127300
2015-09-21,60.68551254272461,63.05975006594859,59.792796915401055,62.09105709893838,22355100
2015-09-22,58.7861213684082,60.08720249117194,58.48221926123418,59.77380140532435,14897900
2015-09-23,56.9817008972168,59.16599870705031,56.67779878225556,58.84310225705413,22684600
2015-09-24,56.90572738647461,57.3046012034523,55.2817496710922,56.43087984704355,20645700
2015-09-25,56.25993347167969,57.7794440246573,55.95602773828524,57.580008943853784,17009100
2015-09-28,54.502994537353516,57.09566140823559,54.43176668901303,55.85156329812375,20661600
2015-09-29,54.91136169433594,55.69961024142275,54.32255183998594,54.41751988582349,16771000
2015-09-30,56.003517150878906,57.05767921519111,55.41470362310152,55.90854547407657,16767100
2015-10-01,55.90854263305664,56.82025257003491,55.3007384236037,56.506851486711376,8147700
2015-10-02,60.02072525024414,60.058713920048596,55.27225020865519,55.424201265074075,22356300
2015-10-05,60.7140007019043,61.5164941238029,59.071028812021055,60.2771418781247,13583500
2015-10-06,60.70450210571289,61.47375997568201,60.0966978909211,60.514566005689616,9620900
2015-10-07,62.9457893371582,63.30667810814711,61.14136721900919,61.57822609046025,15770100
2015-10-08,64.29434967041016,64.96863950774376,62.64188237171156,62.71785971191788,18667500
2015-10-09,65.25354766845703,65.95631999448598,63.9239731156683,64.29435361489966,14762900
2015-10-12,66.76356506347656,66.92501148339629,65.52895859745905,66.13676285117893,15549100
2015-10-13,66.17474365234375,66.78254783377537,64.94013733316227,65.99429929530714,13052800
2015-10-14,65.09210205078125,66.1937445826078,64.03319405887244,66.00380846368552,12286100
2015-10-15,68.16910552978516,68.79590770389379,65.77587733227443,65.85184742516213,18203000
2015-10-16,68.36854553222656,69.93554383473753,67.62778454264641,68.85289204295141,15953500
2015-10-19,68.9953384399414,69.32773021789403,67.9240841188838,68.18809919474293,10886900
2015-10-20,68.1786117553711,69.32774195111641,67.95068696128571,69.3182429713966,11093400
2015-10-21,65.98481750488281,68.17861082635828,65.42449363862637,68.17861082635828,16800200
2015-10-22,67.4188461303711,68.02665035170719,66.54512846790018,66.63060478574944,10811400
2015-10-23,71.8159408569336,71.9488975816337,69.17578258429319,70.25844158564823,22510800
2015-10-26,72.50921630859375,73.52538973194275,71.35058717726908,71.64499757257835,24819700
2015-10-27,75.44377899169922,78.62525604024961,72.50921744554013,72.50921744554013,50815800
2015-10-28,78.20738220214844,78.3925724382747,75.21584148767981,75.48176217534639,25027100
2015-10-29,78.08392333984375,78.37832646853987,76.75434890297466,77.84649959203134,16431700
2015-10-30,79.6129379272461,80.19225248846217,78.4448098255289,78.53977788158437,20740500
2015-11-02,80.10678100585938,80.56263784630441,78.5872702803737,79.31853232633914,13827400
2015-11-03,79.2425537109375,80.33469717262311,78.94814333173022,79.77438059632165,11641300
2015-11-04,81.10395812988281,81.2938942402636,79.8028733124201,80.20174349157865,23728500
2015-11-05,81.0849609375,82.07264466112677,79.964320486231,80.93301349687955,20657200
2015-11-06,79.40400695800781,82.00616947267649,76.70686913797579,81.22741978964724,38531000
2015-11-09,77.28617095947266,79.27103713510763,76.18452860603864,79.24254744644257,19091500
2015-11-10,77.33366394042969,78.28335893798102,75.61471831345305,77.02026285229427,22004400
2015-11-11,75.83314514160156,78.34033938974964,74.19017683092164,78.14090430701036,29636600
2015-11-12,74.79798889160156,76.45045635421701,74.50357848049748,75.01641470936407,18839800
2015-11-13,72.03436279296875,74.0762084493459,71.83492771661531,73.26896916536359,24235500
2015-11-16,74.36111450195312,74.78847431408043,71.95838028848168,72.01536691020324,17045500
2015-11-17,74.19966888427734,75.15886287781655,73.57287394233542,74.93093810307386,12471400
2015-11-18,73.78180694580078,74.37061320923432,72.31927577479857,74.31363382776601,16735400
2015-11-19,73.95275115966797,75.16835958231151,73.5092408769126,74.13318827998062,15692700
2015-11-20,75.92811584472656,76.72111758233359,74.45609287436693,74.49408154558628,21025800
2015-11-23,77.2197036743164,78.05543997148902,75.94711576085574,76.40296533604229,18766400
2015-11-24,76.7923355102539,77.0297592516916,75.28231674699947,76.78283653182908,15283600
2015-11-25,77.59957885742188,78.516038315213,76.75435087316156,76.83982719227893,16330900
2015-11-27,77.28617095947266,77.31466789373503,75.28706718510246,76.5169203831266,12599900
2015-11-30,79.85035705566406,80.22073752470226,77.28617621740212,77.40014222541303,97914100
2015-12-01,79.77437591552734,80.14475636691593,79.29952843983969,79.55594288864813,26235500
2015-12-02,80.72407531738281,81.5028249306207,80.01180406458238,80.03079477659399,36611500
2015-12-03,78.43531799316406,80.81905481902993,77.96996940417155,80.77157440947497,23029200
2015-12-04,80.58162689208984,80.72408260462947,78.27386753486296,78.42582222706486,15555000
2015-12-07,80.49614715576172,80.84752965516479,79.96431304905839,80.5341358237832,11875500
2015-12-08,80.13526916503906,80.41068161088327,78.45431204213993,78.60625948897898,14667400
2015-12-09,79.22354888916016,80.91400469603606,78.79618907123212,80.12576341509318,21919200
2015-12-10,80.08778381347656,80.09727554696902,78.68223197759758,79.14758051466103,10474700
2015-12-11,75.72868347167969,78.87217910606661,75.42667968341031,78.68223574315589,20793600
2015-12-14,76.51692199707031,76.69736635655154,75.0164022338835,76.11805185615152,12077700
2015-12-15,78.34033966064453,79.19506662219557,76.83032806656931,76.98227550106841,13054800
2015-12-16,80.37268829345703,80.77156571525737,78.81994212632736,79.10959940215,16575600
2015-12-17,79.35651397705078,81.02797924995812,78.6822313787161,80.72407713175662,13003000
2015-12-18,78.4922866821289,79.53694964627395,77.90347322260118,79.0146145414028,12168700
2015-12-21,78.70122528076172,79.51796353988604,78.28335717267086,78.96713871478403,8094600
2015-12-22,80.5721206665039,80.81904339632673,78.72021830682742,78.72021830682742,12778200
2015-12-23,80.53414154052734,80.80954672343717,79.50846916793202,80.77156529831711,11238500
2015-12-24,79.49897003173828,80.53414138136684,79.21406587031247,80.30620935750851,3775300
2015-12-28,78.00794219970703,78.58725669578295,77.41912872541418,78.40681233764859,9319400
2015-12-29,79.07160949707031,79.30903325237989,78.26437017813734,78.34983925216174,6942700
2015-12-30,77.57109069824219,78.92915488723406,77.40014530222929,78.77720020384567,6984300
2015-12-31,77.18171691894531,78.0364439506454,77.16272620517354,77.38115926434078,6744500
2016-01-04,72.83211517333984,74.37061650596654,71.39807362950299,74.24715875877988,23066300
2016-01-05,74.67451477050781,74.72200241844737,73.37343726589815,74.0002321942332,14258900
2016-01-06,73.4399185180664,74.53681512005207,73.09802772711008,73.24048343094157,11569300
2016-01-07,69.06182098388672,71.70197190259387,67.94118060339974,69.6031468395526,27288100
2016-01-08,67.23841094970703,70.90423434120044,67.11494595875746,70.59083324269498,20814600
2016-01-11,66.40267181396484,68.12162466904289,65.54794487574894,67.70375655578228,16961400
2016-01-12,69.0238265991211,69.10929566344464,67.42833885470695,67.85569866751905,13456000
2016-01-13,66.75406646728516,69.55471481555395,66.68758810307797,69.10930615256669,12480200
2016-01-14,68.61546325683594,69.06182106292346,64.8356739959396,66.75406193968624,17719600
2016-01-15,66.08926391601562,67.42833718877792,64.14334291211611,65.2440360435787,20722500
2016-01-19,66.60210418701172,68.67243946634126,66.29820209305497,68.32105697227725,17421700
2016-01-20,65.25354766845703,65.63532549397837,62.053072660495395,64.60300886132474,19464400
2016-01-21,67.16243743896484,68.0456541561091,63.76632399597979,65.3200266590815,16576500
2016-01-22,66.83003997802734,69.65062805099397,66.37418318846629,68.86238670505807,15834700
2016-01-25,66.21273803710938,67.23841039894502,65.54794717491309,67.23841039894502,14782800
2016-01-26,66.26021575927734,66.65909315869186,65.41498780426653,65.53845278920818,11473300
2016-01-27,66.04179382324219,67.82721788657102,65.28678800684712,66.44066400032659,18257600
2016-01-28,63.5535888671875,69.47019201753686,63.31616511268163,68.90037645584238,33165100
2016-01-29,63.65805435180664,65.46247629131997,62.11005411846298,64.5602689443622,25594700
2016-02-01,63.65805435180664,64.29434825947571,62.06256647047666,63.154717163781925,16213800
2016-02-02,61.815643310546875,64.33233647866089,61.407281421351804,63.6770518637405,19150800
2016-02-03,60.24864959716797,62.423455643097995,57.80793373288508,62.29999065570764,31918600
2016-02-04,61.59722137451172,62.41395969519539,59.925756061763956,61.093884158517916,22911500
2016-02-05,59.488895416259766,61.597219517939145,59.05203657694931,61.45476381595578,12842800
2016-02-08,58.026363372802734,58.92857435236786,57.40906379305739,57.83642726998813,16157900
2016-02-09,58.30177688598633,59.090025494069394,56.26943011628644,57.08616841576561,12738300
2016-02-10,58.672157287597656,59.91625907036519,57.8079349626703,58.786123298629114,8998600
2016-02-11,57.52302932739258,58.52970739227799,56.8392477268818,57.21912719889871,15008500
2016-02-12,57.82693099975586,59.62185406413942,57.247616439759234,58.187816133045395,13669600
2016-02-16,62.95528793334961,63.52510353413678,60.818473996198826,61.179355519391066,21735400
2016-02-17,63.04075622558594,63.99995027638333,62.37597257390362,63.914481197852055,14457100
2016-02-18,63.173709869384766,65.05410920678264,62.898304688285236,63.629566669407836,14547800
2016-02-19,63.89548110961914,64.34183893755917,62.7653416938219,63.43963154811309,12334900
2016-02-22,65.37699890136719,66.03229075571797,64.56026788506607,64.86416998863787,13405400
2016-02-23,63.601078033447266,65.20606497078313,63.12147740072247,65.05411028638767,12930600
2016-02-24,63.84799575805664,64.28485457298471,61.929607869027315,62.84131416699862,10781500
2016-02-25,63.306671142578125,63.363650523054986,61.4072811736405,62.36646789112364,14686100
2016-02-26,63.544097900390625,65.3675106180486,63.4966102506774,64.66473107940283,12084100
2016-02-29,65.3485107421875,67.02947495257186,64.16139199017509,64.23736932924737,17984200
2016-03-01,67.29537963867188,68.22607656163215,66.34568476061621,66.49763217339473,14007700
2016-03-02,67.665771484375,68.41603143416475,67.1909239651864,68.41603143416475,10503000
2016-03-03,67.44733428955078,68.93835511828296,66.9155074193577,67.72274670321438,11596400
2016-03-04,68.58697509765625,69.28974737952835,67.16243257608964,67.39035735077287,10763600
2016-03-07,69.22327423095703,70.25844564228959,68.3780461841618,68.56798230310064,11244500
2016-03-08,67.49482727050781,68.99534719638433,67.39036023480766,68.75792343262913,8670700
2016-03-09,68.78640747070312,68.957352856379,67.12444126103118,67.98865992234981,7283400
2016-03-10,68.34955596923828,69.37522839311643,67.05322421565803,68.85289320162336,11247900
2016-03-11,70.28692626953125,70.28692626953125,68.58697141558491,68.92886218205443,11219200
2016-03-14,69.66012573242188,70.67629907701173,69.22326690859423,70.28692790069485,11069800
2016-03-15,68.59647369384766,69.17578098343584,68.1406169014266,68.96685416774068,8373700
2016-03-16,69.80258178710938,69.95453646344443,68.24508258266387,68.38753828032854,7701200
2016-03-17,70.51485443115234,70.62882044066845,69.81208215313117,70.04950590542461,9423900
2016-03-18,72.41424560546875,72.46173325492467,70.9517143985226,71.1986371336169,13350100
2016-03-21,74.18067932128906,75.6717002275268,73.06953787590639,73.21198633382873,15493300
2016-03-22,74.24716186523438,74.59855165429579,73.03914670570954,73.12652137767464,9148400
2016-03-23,72.70864868164062,75.006916145199,72.31927748971086,74.22816651574144,10806800
2016-03-24,72.04386138916016,72.31927380140486,69.83107035828206,71.36957882632561,8833400
2016-03-28,72.63267517089844,73.02204634451822,71.13215536536399,72.60417823523073,6082100
2016-03-29,74.15219116210938,74.30413860223267,71.76845456044042,71.79694425261364,12535000
2016-03-30,74.8929443359375,75.54823617002246,74.58904224176428,75.03540002755564,10696000
2016-03-31,75.05438995361328,75.82364053647038,74.46558372795866,74.55105279467728,11318500
2016-04-01,74.76949310302734,75.04489828634901,74.26614864945795,74.3041373202329,9262200
2016-04-04,75.10188293457031,75.548240747406,74.38011270007861,74.38961167892136,9817300
2016-04-05,73.430419921875,74.36112424557533,73.0410487246766,74.26614894546039,9603900
2016-04-06,74.72200775146484,75.1683655898019,73.3069641381652,73.41143117460997,9071900
2016-04-07,73.70582580566406,74.64602177939331,73.30030420627998,73.69632682737661,10937900
2016-04-08,73.5728759765625,74.79798344877436,72.76658581428873,74.33262766191064,8401200
2016-04-11,73.80079650878906,74.63557631493417,73.53488307194633,74.14268728347193,7896500
2016-04-12,73.94325256347656,74.30413405156605,73.00305655135016,74.076209282541,7115400
2016-04-13,75.63370513916016,75.70968247400391,74.55105347722782,74.77897823616162,14150900
2016-04-14,75.60521697998047,75.84074237540383,74.41809827001418,75.32030559134952,12611500
2016-04-15,74.9974136352539,75.73817455942348,74.51306716729776,75.45326316754395,11709100
2016-04-18,75.03540802001953,75.13987505529373,73.80080155528704,74.57005222812599,7767000
2016-04-19,75.4627685546875,76.43146157286492,74.52257247459626,75.21584581046213,14742000
2016-04-20,77.1247329711914,77.62332431399837,75.016408832875,75.02590781199841,14911900
2016-04-21,76.71636199951172,77.666057012619,76.16553715296598,77.00127340168308,8819000
2016-04-22,75.87113189697266,77.34316202438639,75.17310550220009,76.08956493194545,8649300
2016-04-25,74.87395477294922,75.82364982940325,74.72200733162767,75.78566840327157,9207600
2016-04-26,74.65552520751953,75.55773256747243,73.88627456912604,74.8834499808217,9632700
2016-04-27,73.74382019042969,74.66502552460072,72.71814782378989,74.36112340621834,11491900
2016-04-28,72.55670166015625,73.98124420356666,72.26229127417808,73.74382044633158,9959900
2016-04-29,73.06954193115234,73.39243478116046,71.8539333854302,72.94607693330344,10124300
2016-05-02,72.75613403320312,73.12651450102804,72.1198401264883,73.02204747209304,7718100
2016-05-03,72.09135437011719,72.4332379204915,71.63075169347643,72.13883477502559,8019200
2016-05-04,72.00587463378906,72.09135095152797,71.23662400212811,71.83492924390909,14326600
2016-05-05,74.86446380615234,75.91862590926338,74.17118321977546,75.51974847481176,27950900
2016-05-06,75.2158432006836,75.7096886719993,74.31363582374634,74.40860387727689,12862100
2016-05-09,75.41529083251953,75.95661674584558,74.92144532649664,74.96893297939835,11795800
2016-05-10,75.70968627929688,75.95660900715107,75.16836042112278,75.7761646392271,9319700
2016-05-11,75.78565979003906,76.43619851118326,75.41527933976454,75.43427005067203,11072500
2016-05-12,75.17786407470703,76.40296432023162,74.38011646033944,75.98510342279931,8791400
2016-05-13,73.27847290039062,75.17786298391844,73.09802852386407,74.85970876880116,10078000
2016-05-16,75.30131530761719,75.90911951092326,73.68682950553736,73.94325120588071,11661000
2016-05-17,75.3582992553711,76.16553858254407,75.32031058466202,75.81415605828182,10970700
2016-05-18,75.05438995361328,75.97559520476666,74.52256310577107,74.75048786261812,9085800
2016-05-19,74.38011169433594,75.2728273079363,73.69633013886313,74.69351278152728,8317500
2016-05-20,74.82646942138672,75.45326434950356,74.38011161506226,74.38011161506226,11043900
2016-05-23,75.02590942382812,75.50075695182703,74.64602995230933,74.97842177278892,7187500
2016-05-24,77.03926086425781,77.21969798691364,75.09238321966171,75.18735127036445,16707700
2016-05-25,71.78744506835938,75.2158447649797,70.3913994366703,74.57955082293392,49606600
2016-05-26,74.40859985351562,74.89769218606766,71.78743969334722,71.78743969334722,26968600
2016-05-27,76.89680480957031,76.92529450008952,74.44658998654992,74.54155803681319,24552900
2016-05-31,77.87499237060547,77.90348206217708,76.16553842032857,76.92529734169565,78861400
2016-06-01,72.83211517333984,77.87499353356854,72.69915844695477,77.87499353356854,62531500
2016-06-02,73.41142272949219,73.83878255989568,72.70864324778326,72.79411956122243,45379500
2016-06-03,72.76563262939453,73.88627300568092,71.90140671194756,73.35443888509904,23685700
2016-06-06,74.13318634033203,74.38960803734794,72.84160061366737,73.23097902558133,19166100
2016-06-07,73.92425537109375,74.42759980772944,73.43041715882958,74.25665441779226,12878000
2016-06-08,73.73431396484375,74.57954187495122,73.48264538742959,74.07620472012287,11614100
2016-06-09,73.65834045410156,74.14268692348358,72.91757952775124,73.49689404617345,8994400
2016-06-10,72.10084533691406,73.17400536392455,71.94889789898575,72.58519183365686,10421100
2016-06-13,71.65447998046875,72.60892802776505,71.08466446832612,71.46454389162032,11300800
2016-06-14,73.85777282714844,74.50356568081885,72.88908716944152,73.02204388235037,22358900
2016-06-15,74.44658660888672,74.80651890848523,73.61085766065031,74.3706092738841,14734800
2016-06-16,74.3326187133789,74.45608369101328,72.36675050523442,73.92424960513647,13570700
2016-06-17,73.12651062011719,74.50356538939991,72.63267243775847,74.50356538939991,15582600
2016-06-20,74.21867370605469,74.82647799197863,73.92426329728627,73.9812499304407,9625600
2016-06-21,74.66502380371094,75.10188263596694,74.45608974358896,74.78848154578398,8881800
2016-06-22,74.76949310302734,75.1398735860854,74.27564762855121,75.06389624453553,8170900
2016-06-23,75.15885925292969,75.46276135312884,74.59854269921152,75.1778572098408,8279500
2016-06-24,72.45223236083984,73.60136244043817,71.63549408185297,72.96506852989657,18224800
2016-06-27,70.49586486816406,72.14833218229538,69.61264820541149,71.98688576704765,15131300
2016-06-28,72.44273376464844,72.74663587618349,71.70197282063161,71.70197282063161,11266200
2016-06-29,74.11419677734375,74.53206488526693,73.03154508463156,73.10752242163535,11460000
2016-06-30,75.52924346923828,75.74767651099889,74.34212469914313,74.37061439032973,12485300
2016-07-01,75.64320373535156,76.02308316205414,75.13986657434955,75.13986657434955,7271300
2016-07-05,74.9974136352539,75.54823846190224,74.42759809709251,75.0638919939461,6845200
2016-07-06,74.68401336669922,74.8549587545692,73.77230704659193,74.52256695748807,7737600
2016-07-07,75.3582992553711,75.4912559800538,74.75049501522217,75.02590744366435,6819200
2016-07-08,75.01641082763672,75.35830162918995,73.88627863223414,74.49408289152916,14029100
2016-07-11,77.36215209960938,77.78002020885121,75.25382808748586,75.33930440328427,17417500
2016-07-12,77.62806701660156,78.71071873340249,77.40964122485282,77.67555466468492,15294100
2016-07-13,76.51692199707031,77.76102006566829,76.32698590489873,77.71353966542414,10739200
2016-07-14,77.62806701660156,78.10291451504399,76.79233802775809,77.09624013693734,9361500
2016-07-15,77.16272735595703,78.34034725852955,76.89206077288263,77.66606460279857,8919900
2016-07-18,78.4922866821289,78.62524339144205,76.54540919553345,76.54540919553345,12113600
2016-07-19,78.60625457763672,79.47997951336512,77.92248024118564,78.33084939459845,9799400
2016-07-20,80.17324829101562,80.43916172551754,79.04311619438249,79.08109761737047,13991000
2016-07-21,79.94532775878906,80.72407739204131,79.45148953221855,80.44866496440845,10163500
2016-07-22,80.2397232055664,80.24922218370452,79.59393035852453,79.77437471516188,5988400
2016-07-25,79.00513458251953,80.52464523367976,78.45430970722447,80.22074310344772,13185900
2016-07-26,79.385009765625,79.42299843901765,78.4733033409974,78.69173640160544,7714700
2016-07-27,78.91966247558594,79.43249870630136,78.82469441336428,79.39451003229296,11629000
2016-07-28,78.93865203857422,79.29003455597719,77.98895702618059,79.26154486490105,7476500
2016-07-29,78.33084869384766,79.22355708856065,77.82275837859888,79.17607668476417,8709300
2016-08-01,80.09727478027344,80.53414086707973,78.43530848964288,78.62525184164518,13401200
2016-08-02,79.5844497680664,80.0972787297645,78.73922173537363,80.0972787297645,7691600
2016-08-03,79.46097564697266,79.62242205139731,78.98612816647835,79.1095931485893,5365800
2016-08-04,80.48664855957031,80.70508159033179,79.47997421181175,79.5369535913158,10731600
2016-08-05,80.3346939086914,80.80004966009342,80.19224545989242,80.73357130212136,9401700
2016-08-08,80.72407531738281,80.74306602939443,80.05929171300822,80.71457633857807,11528200
2016-08-09,80.95199584960938,81.32237630201891,80.53413499685868,80.77155873535696,15349200
2016-08-10,82.9368667602539,83.31674621244831,81.68326963993091,81.68326963993091,28195900
2016-08-11,87.15351104736328,88.1317030295194,86.66917179148973,87.50490082225032,54169200
2016-08-12,93.30753326416016,93.4025013145461,88.23616546845305,88.302643828283,71968300
2016-08-15,92.2818603515625,93.88684720172685,91.94946855449828,93.33602236910743,33813400
2016-08-16,91.79752349853516,92.26287202646252,90.26851394689018,91.3131770127997,27514000
2016-08-17,92.12041473388672,92.35783848320087,91.21820738473211,91.33216614722029,14980900
2016-08-18,92.12041473388672,93.0131303498992,91.75953324334444,92.35783848320087,15009000
2016-08-19,91.98746490478516,92.3483464223614,91.49361941168254,92.03495255644445,14267100
2016-08-22,90.83833312988281,91.76903022286686,89.98360613436812,91.61708278232993,16222900
2016-08-23,90.97128295898438,91.62657481345373,90.61040147517681,90.78133961571906,9646800
2016-08-24,89.15735626220703,91.45562346961619,88.85345417837733,90.86681001224736,12726600
2016-08-25,89.21434783935547,89.92661906716656,88.43559825343925,89.03390347638543,13039900
2016-08-26,90.27801513671875,90.64839565119637,89.34731798337454,89.41379635147055,14133900
2016-08-29,90.1070556640625,90.37297634054461,89.47076177650338,89.84114223317795,8818300
2016-08-30,91.17072296142578,91.81651587222646,90.38247434687824,90.55341974225485,13994200
2016-08-31,92.30085754394531,92.31034927692723,91.18021717627474,91.30367491541894,28617000
2016-09-01,92.519287109375,93.07011195991804,92.1299159188863,92.40532834415782,13387400
2016-09-02,94.25723266601562,94.65135697686168,93.04162417480755,93.04162417480755,17482600
2016-09-06,98.55935668945312,99.05320220084603,95.3968702556132,95.3968702556132,32803800
2016-09-07,97.17279052734375,98.76827839117901,97.1158111468632,98.61632371576722,15758800
2016-09-08,97.41020965576172,98.55933966309767,96.51749409403075,96.80240547412284,15475500
2016-09-09,94.6086196899414,97.06832629277265,94.06729382300493,96.67895510562084,21250400
2016-09-12,95.72925567626953,96.28007325107625,92.12041189949363,92.48129337893218,17318200
2016-09-13,95.23541259765625,96.38454266801212,93.86784949117096,95.330380647696,20004900
2016-09-14,97.24877166748047,97.42920879458993,94.98849287873819,95.04547950704465,19604700
2016-09-15,99.19564056396484,99.22413750047163,97.3722278898166,97.45770420814118,20795900
2016-09-16,99.37608337402344,100.08835461795744,98.63532243962773,98.76827915884759,20363500
2016-09-19,97.84707641601562,100.19282426667323,97.05408194650471,99.8699314388667,15234600
2016-09-20,96.2610855102539,98.51186526237015,95.85271637157284,97.76160534499806,12863800
2016-09-21,100.66767120361328,100.84811557436204,97.06832624110667,97.30574999394538,22997100
2016-09-22,103.85865020751953,104.23852967283474,102.07322613981565,102.15869521557254,35627700
2016-09-23,102.2916488647461,102.94694074156425,101.34195385282318,102.80448504065623,23083000
2016-09-26,100.56320190429688,101.67434330357435,100.00288533812366,101.1615071395391,16805300
2016-09-27,102.81398010253906,103.03240588942492,101.0190571780355,101.16150562791859,17556700
2016-09-28,103.27933502197266,104.34299606923496,101.7693233947109,102.98493187981175,16371600
2016-09-29,100.24031829833984,101.32297010671769,99.30961393460531,101.15202470299495,30236700
2016-09-30,100.4682388305664,101.71233701040617,100.4682388305664,101.14252143734359,15577500
2016-10-03,100.078857421875,100.94308335779544,99.69898521482214,100.14533578266904,10849500
2016-10-04,100.14533996582031,100.88610818995085,99.76546774289989,100.60119677716231,11068800
2016-10-05,101.57937622070312,102.0447247414326,100.34477706939664,100.54421214970928,13176500
2016-10-06,101.69334411621094,102.1017132631718,100.84336301882125,101.90227817915807,9885600
2016-10-07,100.66767120361328,102.13970136945245,100.24980308002581,101.51289918407126,8954400
2016-10-10,102.95643615722656,103.51675271698205,101.19949464949688,101.41792768274249,11516600
2016-10-11,99.93640899658203,102.53857129277273,99.48055220414673,102.46259395310052,14916600
2016-10-12,98.40740203857422,99.82244561056855,96.69794807901201,99.76546622711584,18435000
2016-10-13,97.01134490966797,97.39122435569618,94.01980423489273,96.92586859265268,22390000
2016-10-14,96.7264404296875,99.43306990206612,95.94769077016807,99.02470073636701,12789500
2016-10-17,97.6666259765625,98.26493843712397,96.17560518272747,96.39403821107162,10351700
2016-10-18,98.14147186279297,99.70846996676171,98.11298217381857,99.21463178481146,11107200
2016-10-19,98.70179748535156,99.52803470898951,98.43588405583982,99.08167691848158,8918900
2016-10-20,98.62582397460938,99.47105194216539,98.35991053478472,98.9582157743902,7109800
2016-10-21,98.7113037109375,98.7113037109375,97.58116430694213,98.48337168696659,8073100
2016-10-24,99.24312591552734,100.0028848016365,98.34091857817073,99.69898269631237,10898800
2016-10-25,98.97721862792969,99.90791571335443,98.7872752718035,99.58502287633716,8985700
2016-10-26,97.60964965820312,98.76827870227547,97.53367232025792,98.46437659609236,7579800
2016-10-27,97.22977447509766,98.87275006357571,96.72643726894832,98.17946950423922,8807100
2016-10-28,96.80241394042969,97.86607497412388,96.4415324402682,97.20128411096576,8479500
2016-10-31,96.57449340820312,98.01802671788998,96.31807168330455,97.48619980046824,15837900
2016-11-01,96.06165313720703,96.1471222114893,94.21924247185451,95.3778715605567,21287300
2016-11-02,93.55445861816406,98.86325031167817,92.40532851135758,98.62582655624878,36939900
2016-11-03,92.83268737792969,94.30471754405418,91.60757994357273,93.10809980074772,17412600
2016-11-04,92.6617431640625,93.82037225216563,91.80701619369151,92.02544923718555,9048500
2016-11-07,94.35220336914062,95.55832016063836,94.17176623358615,95.03598497603724,11198300
2016-11-08,94.8270492553711,94.96000598266994,93.41200566020578,94.39019040201798,8091100
2016-11-09,91.80701446533203,93.62093540417035,90.98078444752637,92.4812970499312,20948000
2016-11-10,89.59422302246094,93.54495770918241,87.58087425514137,93.39300303095565,27346700
2016-11-11,88.31214141845703,89.35680453318238,86.51721833840757,89.138378727368,23725800
2016-11-14,85.25411224365234,87.88477130559653,83.45918937263798,87.80024416588066,27356200
2016-11-15,86.42224884033203,88.78698746664615,86.18482507978166,86.42224884033203,16723000
2016-11-16,88.18867492675781,88.96742450732623,86.73564279129704,86.7926221705394,14079700
2016-11-17,89.33781433105469,90.20204031670205,88.92944516393749,89.94561859202936,10380200
2016-11-18,88.6920166015625,90.50593755258487,88.00823503354565,90.07857044977537,10032600
2016-11-21,88.71101379394531,89.89813254884386,88.32163536445161,89.31881801680554,8960000
2016-11-22,88.52106475830078,89.67019476973891,88.47358435851419,89.4992493901929,10403600
2016-11-23,88.35012817382812,88.70151794609657,86.84960827572802,87.8752806551077,11721700
2016-11-25,88.33113861083984,89.03391091892573,88.10320658205667,88.84397480720465,4868500
2016-11-28,89.04341125488281,90.92475259798692,88.32164097726879,88.34063169049095,14340100
2016-11-29,90.21153259277344,91.2229601600431,88.69202193120287,88.95793539127793,14146900
2016-11-30,89.29032135009766,90.67688243613355,88.60654703151289,90.48693908741731,11447700
2016-12-01,85.33959197998047,89.32356215448324,84.69379909999157,89.27132864045481,24030700
2016-12-02,85.92841339111328,87.12502396623472,85.42506891613229,85.83343808733676,11718800
2016-12-05,86.41275024414062,86.80212869105614,85.06418501718102,85.52004182752135,8902600
2016-12-06,85.85243225097656,87.30546448910168,85.43456411874782,86.9540747192186,7787800
2016-12-07,86.48872375488281,87.03954859634008,84.99770288790218,85.9663886042599,13240000
2016-12-08,87.66634368896484,88.39761290115048,86.45073524052926,87.18200445271489,10919500
2016-12-09,88.5875473022461,88.92943807750021,87.63785231445084,87.85628534970675,9177600
2016-12-12,87.81830596923828,88.21717616735721,87.08703669375507,87.41943577111935,9355900
2016-12-13,87.52389526367188,89.01491613382716,87.24848284235684,88.131699488092,10491300
2016-12-14,86.60269165039062,87.61886503734075,86.2608008617347,87.21049588675717,9153700
2016-12-15,84.3803939819336,86.042360127171,84.27592695887088,85.47254461220908,19215500
2016-12-16,84.20945739746094,85.56752159351085,84.10499036348801,84.52285849937972,11341500
2016-12-19,84.45637512207031,85.30160307723301,83.96253691900806,84.1524730173556,10226300
2016-12-20,85.32059478759766,85.76695259409698,84.46587508943057,84.70329883794315,8434700
2016-12-21,84.7602767944336,85.8809171584024,84.7602767944336,85.43455935940499,9044900
2016-12-22,82.43353271484375,83.82008660956832,81.68327276063559,83.46869683488404,14404500
2016-12-23,82.42403411865234,83.26926213206556,82.26258769937075,82.26258769937075,6344000
2016-12-27,83.13630676269531,83.51618623737231,82.34805812072024,82.3575571001267,5228000
2016-12-28,82.97486114501953,84.28543773747985,82.8324054349351,83.85807785282495,6421100
2016-12-29,82.9368667602539,83.763096779759,82.7754203478906,83.40221528525315,5467100
2016-12-30,83.39271545410156,83.66812787298772,82.81340092568546,83.16479068335356,7211100
2017-01-03,84.14297485351562,84.52285429948681,83.64913664567153,84.52285429948681,8789400
2017-01-04,85.95689392089844,86.31777540174426,84.12398233561753,84.50860763987636,11490200
2017-01-05,89.62271881103516,90.04057967961151,87.0300483003786,87.28647000520282,16821500
2017-01-06,89.16686248779297,89.74617701430563,88.32163452201506,89.65120896393915,7639800
2017-01-09,89.95510864257812,90.8383252537645,88.61603525810948,89.42328177841347,10829500
2017-01-10,91.88299560546875,92.9789430498066,90.7433644496867,91.55060378883216,14780600
2017-01-11,92.06343078613281,92.54776999387914,90.79083578522113,92.04443282959524,8735900
2017-01-12,91.07575225830078,91.97795961312443,90.03108920387396,91.97795961312443,8424700
2017-01-13,91.42713928222656,92.4813013674527,90.9428000235213,91.12323715602791,10701100
2017-01-17,91.2846908569336,91.73104144433898,90.2210297920228,91.47462696878277,6342400
2017-01-18,91.17072296142578,91.42713743169163,90.46795066736559,91.42713743169163,6610700
2017-01-19,91.33216857910156,91.83550578175414,90.77185199368772,91.56959233473754,7090000
2017-01-20,91.22769927978516,92.26287059634289,90.85826798316147,91.59807974972473,9685800
2017-01-23,93.4594955444336,93.70641104640472,91.41764968983608,91.62658376504118,14090300
2017-01-24,96.32756805419922,97.99903335088842,94.91252447546479,97.96104467987297,37181500
2017-01-25,98.82525634765625,99.02469142206222,96.77391897833938,97.30574584342197,23322800
2017-01-26,97.58116149902344,99.30960611361044,97.03033665867427,98.69230291291554,12504800
2017-01-27,96.93536376953125,97.53366898278162,96.1946028639077,97.10630915125957,8031000
2017-01-30,95.93818664550781,96.35605476816538,95.05496999708936,96.10913203699519,8619800
2017-01-31,96.21359252929688,96.95435342686983,95.0264738484178,95.19741922828827,7530000
2017-02-01,96.46051788330078,97.22976849096956,95.79573430205585,96.93536536864647,5736400
2017-02-02,95.76724243164062,96.36555493200267,95.50132898507883,96.18511055943658,5371600
2017-02-03,95.33988189697266,96.45102332465576,95.2544128235807,96.39404394239446,6197600
2017-02-06,95.82422637939453,96.58968031298438,94.9884901471808,95.1309458454534,6866700
2017-02-07,95.75774383544922,96.48900576108572,95.44434276206323,95.95717890607736,5655600
2017-02-08,98.35990905761719,98.75877921136394,96.07114791727226,96.44152838083677,10178500
2017-02-09,98.14147186279297,98.93921938206324,97.40071096706892,98.35990488759239,8435800
2017-02-10,97.21078491210938,98.71130481484043,97.16329726185153,98.65431818541138,7680300
2017-02-13,97.91355895996094,99.18615410447289,97.45770938998523,97.64764550320872,9729000
2017-02-14,96.4795150756836,98.38840412377066,95.82043373548832,97.95154527737823,10240700
2017-02-15,96.4415283203125,96.9923459032181,95.07396522764161,96.92586754430202,12384400
2017-02-16,95.74824523925781,96.9638536244695,95.44434314295489,96.73592886364169,7464000
2017-02-17,95.46334075927734,96.61247811606698,95.25441394000453,95.62479442023992,8258200
2017-02-21,96.98285675048828,97.3817269145968,95.83372666116735,95.9476854248567,8189600
2017-02-22,98.95822143554688,99.90791648673483,97.267765403728,97.32475203380608,15779400
2017-02-23,97.30575561523438,99.58502522327748,96.69795135250267,99.45206849365482,10095600
2017-02-24,97.77110290527344,97.81859055620993,96.2041118627448,96.28958093971258,7356600
2017-02-27,98.3884048461914,98.6020847814004,97.07782829739122,97.34374174970446,6865900
2017-02-28,97.72361755371094,98.75878163222828,96.897380290184,98.6638135807603,8017500
2017-03-01,98.80626678466797,99.70847411921855,98.01801821076091,98.46437601154196,10331800
2017-03-02,97.99903106689453,99.31910656012333,97.60015365332771,98.57834560658175,7983000
2017-03-03,98.11298370361328,98.21745072854655,97.2867537280833,97.80908160715217,6320900
2017-03-06,97.16329193115234,98.05600753871595,96.9638568530877,97.59065902323178,6290700
2017-03-07,97.46719360351562,98.1110881358841,96.9733553998783,97.153799765437,4985200
2017-03-08,98.02751922607422,99.04369258797917,97.3817263351516,97.46719540741005,7066700
2017-03-09,98.0465087890625,98.53085526297801,97.59065925116371,97.79009432969416,4523600
2017-03-10,98.18896484375,98.48336797327993,97.46719461958864,98.2269535129793,4120700
2017-03-13,99.888916015625,100.90508933130222,98.26493850621175,98.31241890677384,16118900
2017-03-14,99.00570678710938,100.66767308809203,98.59923598145043,99.34759757724508,7748400
2017-03-15,98.47388458251953,99.2336362946758,97.43871318371876,99.11967752293148,11695200
2017-03-16,100.3162841796875,100.33528213796808,99.05414446011116,99.95540267393564,12445200
2017-03-17,100.29729461669922,101.14252262992112,99.58502333057301,99.87942647691375,8778900
2017-03-20,101.85478973388672,102.75699709436263,100.6106915904604,100.88610401259255,12447900
2017-03-21,99.80343627929688,103.23183554124967,99.43305583786461,103.0039107878138,13877700
2017-03-22,100.75313568115234,100.78163261649543,98.74928596454419,99.37608087573781,7153000
2017-03-23,102.80448150634766,103.3553063332697,101.08553591245403,101.56987513505314,13410800
2017-03-24,102.60505676269531,103.64022091645944,101.8358060706101,102.94694756931061,7578400
2017-03-27,102.6430435180664,102.74751055400316,101.15202256813069,101.28497929648687,7709400
2017-03-28,102.37712860107422,103.46927210476507,102.05422851853048,102.78549775965713,6472000
2017-03-29,104.0010986328125,104.21952441930055,102.27265406993472,102.53856750336243,8788700
2017-03-30,103.37429809570312,104.89380862886851,103.19386097481326,104.20907790423875,10592500
2017-03-31,102.4056167602539,103.62977504431858,102.35812911054417,103.04191069101526,9002800
2017-04-03,102.65253448486328,103.96311829115147,102.11120859614371,103.3743047516888,8391400
2017-04-04,102.1112060546875,102.81398559108315,101.50340181741421,102.44360511041968,6480100
2017-04-05,102.03523254394531,103.34580902814913,101.92126653617193,102.9089502000812,8205400
2017-04-06,102.60505676269531,102.9659382827455,101.75982872567373,102.17768963162699,5211100
2017-04-07,103.50725555419922,103.58323289279988,101.38943977128977,102.45309352930785,8354900
2017-04-10,106.0809326171875,106.25187801348211,103.36480423472747,103.51675891836629,14798600
2017-04-11,104.88431549072266,106.16640225948049,103.95361122597834,105.79602179840818,10012100
2017-04-12,105.06476593017578,106.0809393937306,104.76086378908272,104.94130817603124,8099800
2017-04-13,104.66587829589844,105.84349799079563,104.29549784955499,105.15022474326962,6857000
2017-04-17,106.1379165649414,106.24238359590437,104.75136271695777,105.33067725389861,7128100
2017-04-18,105.63458251953125,106.55578062231021,105.28983695970915,105.60608558202011,8305100
2017-04-19,105.18821716308594,106.55577299622237,105.00777279975364,106.3563379215066,9603800
2017-04-20,107.27754974365234,107.88535398334231,105.87200515646857,105.9194855606205,13773500
2017-04-21,107.42000579833984,107.47698518174758,106.65075513994299,107.1256026566024,8968300
2017-04-24,109.08197021484375,109.36688161813743,108.28422263298023,108.30322059085206,13386600
2017-04-25,109.67078399658203,109.9936768251974,109.02499109375333,109.72776337913815,11434600
2017-04-26,109.18643951416016,109.92720048339184,108.85594604718604,109.5663189779092,6678800
2017-04-27,109.62329864501953,110.12663585640955,109.05348307072136,109.21492948841285,9441500
2017-04-28,109.68978118896484,110.15512974705956,109.21493365135028,110.06966066817618,6984900
2017-05-01,110.81041717529297,111.34224407726947,109.68977674212954,109.8132344884889,7332100
2017-05-02,112.14948272705078,112.7193055420995,111.11431862120187,111.18079698354448,10048200
2017-05-03,110.70594024658203,112.06400431754224,109.32888546464783,112.01651667171107,10591100
2017-05-04,110.03166198730469,110.55399712940888,109.357379414696,110.10763932535579,6977800
2017-05-05,110.20260620117188,110.30707322847987,109.0249864563154,110.2121051797265,7099400
2017-05-08,110.98136138916016,111.59866460557552,110.35455919371124,111.01935005969628,6461900
2017-05-09,113.9634017944336,113.9634017944336,112.1304901257492,112.65282528221287,15219900
2017-05-10,113.94441223144531,114.276804040912,113.10867597267416,113.97290192288558,9347300
2017-05-11,114.11534881591797,114.43824162144439,112.30142798120995,114.08685188107964,11375500
2017-05-12,114.28630065917969,114.40786730806471,113.49805926178121,114.11536250323171,9823900
2017-05-15,115.29297637939453,115.37844545293852,113.99284077252895,114.94158661509623,11125500
2017-05-16,117.78116607666016,118.08506817487618,115.61586272117131,115.84379472903149,18222100
2017-05-17,114.64717864990234,117.65770998456082,114.43824459590878,117.04990577963285,19834700
2017-05-18,115.16950988769531,116.46109567211786,108.26523040023464,110.45902353975333,37121900
2017-05-19,117.02141571044922,120.04144601384778,116.87896001540636,117.72418796157032,21101700
2017-05-22,118.47444915771484,119.27218946573961,117.3395639425811,118.69288219192032,13493200
2017-05-23,116.74600982666016,119.35292528123681,116.67003248564271,118.39847714300045,14370100
2017-05-24,116.63204193115234,117.46207589208525,115.81530364240281,116.87896466267144,8371500
2017-05-25,117.41079711914062,118.18954677493342,116.15719993553274,117.5152641549078,12486500
2017-05-26,117.75267791748047,118.37948007884604,116.90744996940701,117.69569853757366,7558900
2017-05-30,117.67671203613281,118.59791010850621,117.31582329555145,117.83815844870979,8343400
2017-05-31,116.29965209960938,117.92838283810244,115.8627932568014,117.4202925209335,11582200
2017-06-01,117.73368835449219,117.7621780447235,116.1097108009278,116.64153767350625,8901400
2017-06-02,117.8856430053711,118.2655224714529,117.0404149972781,117.49627180569591,7342100
2017-06-05,119.06327056884766,119.24370770064667,117.63872799932824,117.78117645980163,10030600
2017-06-06,118.35099792480469,119.8515105741435,118.0185988659226,119.06326920138382,9257100
2017-06-07,119.3196792602539,119.57610096787444,117.86664706906365,118.78785237866737,9431600
2017-06-08,135.17958068847656,136.47116644773837,128.40826529936615,135.34102709698485,81381500
2017-06-09,132.42547607421875,140.83026831708938,130.11770963728955,135.17958583920992,54367400
2017-06-12,132.08358764648438,132.37799078972313,129.20601284014987,132.16905672203183,32177600
2017-06-13,129.72833251953125,135.0884080085315,129.06353447923934,134.74272056300086,40879600
2017-06-14,129.79481506347656,132.245029924175,128.45574162370025,130.86797506018755,32862000
2017-06-15,128.28480529785156,128.84512188288838,126.40441321201483,128.8166321915269,30510400
2017-06-16,128.08535766601562,129.6333651248354,126.83176782440587,129.42443106936787,36431300
2017-06-19,132.45396423339844,133.33717363712051,130.48808860648805,130.8774670385615,24951600
2017-06-20,131.41879272460938,133.5556063768475,130.99141840120575,133.03327125250584,20580500
2017-06-21,136.08180236816406,136.2812447121622,131.0769197033374,131.83667866965854,30911600
2017-06-22,135.1131134033203,137.4018673687374,133.79303791640007,134.90417934140234,21897600
2017-06-23,135.8158721923828,136.12927327084822,134.4768133004608,134.95166078458504,11759000
2017-06-26,135.54995727539062,138.0476596517,134.16341075200913,136.78456361882547,17828100
2017-06-27,134.4103240966797,137.11696048016765,134.00196222704466,136.6610964739583,17374800
2017-06-28,136.70860290527344,137.10747309712158,134.36285491489275,135.4739964117262,17759800
2017-06-29,133.7265625,136.33822398179197,130.6020720488192,135.95835174455556,24130300
2017-06-30,133.81202697753906,135.2175860876061,132.88132988448118,133.93549197143324,12276700
2017-07-03,133.89749145507812,135.32203382941228,132.4776877013129,134.61925437457745,6975700
2017-07-05,137.58230590820312,137.7057708917023,133.27069711296124,134.05894567838823,16995800
2017-07-06,135.046630859375,136.3951960679407,134.69524833417861,135.81588151788395,11934200
2017-07-07,135.2650604248047,136.16632590568534,134.6961940113653,135.47399449727692,8046200
2017-07-10,136.5756378173828,136.90803686918133,135.0941159122615,135.80638717366182,10351500
2017-07-11,138.47503662109375,138.53201600702445,136.05331128066115,137.0314960489964,13519900
2017-07-12,141.50454711914062,141.7894585015121,139.46270877933568,139.9660459420075,14955800
2017-07-13,141.99839782714844,142.45424736116948,140.55485739635387,141.99839782714844,11683400
2017-07-14,144.19219970703125,144.59106988501188,142.15985290044642,142.56821481199933,11469400
2017-07-17,143.6223602294922,145.96810786626548,142.85310965465945,145.80666146708282,15342700
2017-07-18,146.01559448242188,146.82284096384316,142.9100880251637,143.47991077571925,15313000
2017-07-19,145.44580078125,148.54181612445993,144.96146149037855,147.33569927323407,16896100
2017-07-20,144.45811462402344,146.36699645754572,144.20169290300817,146.2150562628667,16739800
2017-07-21,144.24917602539062,144.49609151378957,142.74865615466777,144.15420072690088,11452700
2017-07-24,144.60055541992188,145.5217607288146,143.97376773350473,145.08490914407525,10649100
2017-07-25,144.77149963378906,145.0659027479433,143.26148815017515,144.6955222992985,8460300
2017-07-26,147.95297241210938,148.15241473114256,144.69552563373037,144.85697203904525,14466300
2017-07-27,146.39549255371094,152.32159514131828,143.71735993118637,149.90937598510973,26058500
2017-07-28,149.63394165039062,150.9635233430553,145.13239663170575,146.2150483503864,14449400
2017-07-31,147.1552276611328,151.3718755020448,145.77817290005527,150.90651976585946,17782400
2017-08-01,146.9462890625,148.7317201267853,146.06307975380204,148.38982938024543,12035300
2017-08-02,144.26817321777344,147.91499859777045,141.59953254400693,147.6490851528454,19529300
2017-08-03,145.6072540283203,146.06310360106716,142.0743872343398,144.44862489205806,12435400
2017-08-04,145.6167449951172,146.5569483194521,144.5056035161013,146.5569483194521,10035600
2017-08-07,150.8495635986328,150.99202655588863,146.60442541571553,147.04129153029095,15906400
2017-08-08,149.5769805908203,151.7992636817108,148.91219690865614,150.5836550939828,15447100
2017-08-09,149.56747436523438,149.7764084295567,147.39266464784163,148.19991121374122,11022600
2017-08-10,144.1352081298828,148.62726123293464,143.64136269317166,148.34234984670917,19298900
2017-08-11,144.0687255859375,144.8949700726546,140.08000956767333,142.93858624100366,22327400
2017-08-14,146.83233642578125,147.27869421044184,145.3983022717579,146.98429109528163,14601800
2017-08-15,149.81439208984375,150.35572521671912,146.25303570102022,147.905510282265,18635700
2017-08-16,151.4763641357422,152.28361074422958,150.55991186823135,151.95121167221788,21318300
2017-08-17,155.67401123046875,159.54876878270662,155.28463278114762,157.7633374472411,56840300
2017-08-18,159.07391357421875,160.97330358704522,155.84495634889203,157.04156684014222,31492500
2017-08-21,160.7358856201172,162.01797972139428,158.58007382043942,159.82417200502294,22352300
2017-08-22,165.6837921142578,165.97819523862668,161.106255367943,161.46714409649596,24481900
2017-08-23,166.95639038085938,167.36475229094142,164.05981762015145,164.2022660792042,21939000
2017-08-24,166.19662475585938,168.0960147530692,165.53184115507506,168.0960147530692,20795200
2017-08-25,163.1006317138672,166.139652949729,162.5023192002832,166.00669622350992,24184700
2017-08-28,159.8336639404297,162.7207302295936,158.65603697854712,162.5402858694218,24615900
2017-08-29,158.9884490966797,160.71688652288603,156.08238461165416,156.8421290457866,19587300
2017-08-30,162.63526916503906,163.7179208881541,160.64090386347124,160.64090386347124,17770000
2017-08-31,163.1006317138672,164.20226694916963,161.6855808845957,163.86037615443541,16486800
2017-09-01,162.4358367919922,163.7141342267951,162.065456297999,163.33805869253666,11166600
2017-09-05,161.37217712402344,163.28105890998572,160.2496456021183,160.94481726044336,14943600
2017-09-06,159.6817169189453,162.50231223174887,158.59906519724666,161.6095966120473,19988300
2017-09-07,161.90399169921875,162.36934744350557,159.54875227085031,160.7453626960515,15141900
2017-09-08,160.49844360351562,162.6067675131059,160.42246626996706,161.43864680358524,12345300
2017-09-11,165.3039093017578,165.43686602204593,162.87269242152058,162.87269242152058,18257900
2017-09-12,166.49102783203125,166.78543096291057,164.6486172167529,166.09215767169198,15629700
2017-09-13,169.9669189453125,170.09038393513634,166.72845544814672,166.90889982059818,22060700
2017-09-14,168.1909942626953,170.87861842382168,167.16532189956482,168.6088478999446,22827700
2017-09-15,167.81109619140625,170.70766871173592,167.81109619140625,168.95072724284225,26567600
2017-09-18,170.92611694335938,171.22052010043336,168.8083009662685,169.89095278100342,22919800
2017-09-19,171.01158142089844,171.77132580934997,170.2328245841817,171.60038766930697,14751900
2017-09-20,168.99822998046875,171.4199552380264,167.28973242402154,170.96410567498378,15396700
2017-09-21,168.4663848876953,169.8633795369542,166.48152594026638,169.09318702620806,14578800
2017-09-22,169.1786651611328,169.4445785993864,166.8424091065386,167.3362545595219,12749700
2017-09-25,161.0587615966797,168.0960045887037,159.07390264750208,167.60215916175602,34033700
2017-09-26,158.61807250976562,163.2525745348496,158.3996322129499,161.4576514564043,23696200
2017-09-27,162.3883514404297,163.3000505151061,160.92581304180945,161.2961935079959,19444200
2017-09-28,161.67608642578125,163.23358568860684,161.03693773174626,162.31238035418966,13957000
2017-09-29,164.02183532714844,164.8100694513323,162.15093495510587,162.50231747970804,13401800
2017-10-02,164.87655639648438,166.32009691414024,163.88887993147537,165.78827001058184,12563400
2017-10-03,169.57752990722656,169.7864639579294,164.87654274880228,167.20329250487137,16714600
2017-10-04,169.72000122070312,170.9451014046436,168.38092778181309,169.10269077091334,11420600
2017-10-05,169.89093017578125,170.68867046129407,167.17480202074898,169.99539720063615,11895300
2017-10-06,170.18533325195312,170.82162713366054,168.67532174948946,168.9032537558065,8749300
2017-10-09,172.92996215820312,173.91955143756672,169.75798427948328,169.96691834250757,15011600
2017-10-10,173.90814208984375,175.18074439091018,172.2366841227534,172.51208929397794,13201300
2017-10-11,175.399169921875,175.4086616549392,173.41525279950014,173.79418307109708,11974400
2017-10-12,171.4484405517578,175.11426390326997,171.27560405750955,174.78186485027538,15441200
2017-10-13,169.4730682373047,172.2746655623766,169.01721869918205,171.85681193896158,18107700
2017-10-16,170.5272216796875,170.99257741867822,169.5300390911044,170.94508977328002,12855900
2017-10-17,166.5005340576172,171.05905845649758,166.48153610011641,170.546229533542,20132200
2017-10-18,170.57472229003906,170.94510276638505,167.41223614991742,168.1814867937748,21736500
2017-10-19,168.97923278808594,170.57472800276219,166.62399312862675,168.0969797689497,13539000
2017-10-20,168.39993286132812,170.4892590686168,168.17200083298528,170.0144115446332,11953200
2017-10-23,164.4207000732422,169.0552018216549,164.34472273425894,168.85577398662008,17610900
2017-10-24,164.96202087402344,167.12732434455367,164.54415274967621,165.24693227618707,11946000
2017-10-25,161.65708923339844,166.61449845136417,160.78337154437713,165.90222717856676,18109400
2017-10-26,161.75204467773438,162.82519007633974,160.0995703108562,162.03694155892512,13527400
2017-10-27,167.2887725830078,168.09601914941277,162.5023160409813,164.47768342868628,19712600
2017-10-30,172.44561767578125,172.74951253654743,168.65632945648375,169.4540697685899,20219700
2017-10-31,175.58909606933594,175.80752184699676,172.66499034749629,174.33550628972307,21256700
2017-11-01,176.71925354003906,179.378402531588,174.34501595672683,178.4287074982631,28594700
2017-11-02,175.5131378173828,181.6006864945102,174.08859525905825,181.38226069310207,41239900
2017-11-03,173.99363708496094,177.5264893512091,172.90147907898734,177.12761916778103,19697300
2017-11-06,178.3907012939453,178.78007971303987,174.74387605417974,174.8103616584524,19873100
2017-11-07,179.02699279785156,180.30908679824358,177.5929586162299,180.04317336709778,17781000
2017-11-08,176.5482940673828,178.68510780968344,175.78854966307688,178.52366139920866,13944600
2017-11-09,175.81704711914062,175.81704711914062,171.94228962301892,174.94332942264205,19755600
2017-11-10,177.0326385498047,177.75440149270125,176.07343737896105,177.6214447797678,15031000
2017-11-13,175.2567138671875,178.42870626996583,174.74388492884867,177.3745442105842,17139100
2017-11-14,172.64505004882812,175.10477114597347,172.03724582011483,175.02879380598483,14475300
2017-11-15,172.35064697265625,172.73053367273016,167.84529069903124,170.3467899147535,16567000
2017-11-16,176.10194396972656,176.89969881508782,173.90815075017468,174.08859512601597,18389500
2017-11-17,175.81704711914062,177.11812468473576,175.38018102529318,176.56729982344825,13422700
2017-11-20,178.54266357421875,180.44205361224235,177.22353000517816,178.16279136309242,25992300
2017-11-21,181.29676818847656,181.9235703611255,179.3024173998602,180.77444753579798,19639500
2017-11-22,180.29010009765625,182.10402107359053,179.84374227653743,181.9045787421816,14417600
2017-11-24,181.5721893310547,182.0565285641241,179.2074435647131,179.86273543316895,9887300
2017-11-27,178.57115173339844,181.81910693160864,178.11530218571872,180.9074078362492,14952800
2017-11-28,177.29856872558594,179.58733724199067,177.11812435001596,179.3309155245388,13378100
2017-11-29,170.85963439941406,176.08295700554157,164.88604461297305,175.9310023245672,40204100
2017-11-30,168.1719970703125,170.75516870228338,167.45023406683677,170.4987469875344,25851100
2017-12-01,165.8262481689453,170.7551676457089,165.0569975206543,166.45305036058835,26782300
2017-12-04,161.04928588867188,168.64684617407008,159.79568148580697,168.28595742333087,35895100
2017-12-05,160.46046447753906,164.25924426213692,155.98739490504937,156.9655795402877,31609900
2017-12-06,163.9458465576172,164.51565484229104,159.42055062593514,163.9458465576172,23897800
2017-12-07,165.69329833984375,166.97539246780482,163.5944658803275,166.47204075391457,15697900
2017-12-08,168.68482971191406,169.95743208896496,167.49771090245358,168.63735655249278,23543400
2017-12-11,170.27081298828125,171.59088848045295,169.18816125003391,170.85012752750455,15626200
2017-12-12,165.854736328125,169.19766682814358,165.02850630480742,165.854736328125,22656500
2017-12-13,167.59268188476562,168.76080270563685,165.5318454235943,166.37707341450047,18653400
2017-12-14,163.11012268066406,164.6676219624211,161.077775880186,164.40170851123304,32830000
2017-12-15,164.819580078125,164.819580078125,161.44815972676787,164.19277786247508,41356700
2017-12-18,164.6486053466797,165.91170134229108,163.6989104168541,165.81674054402527,17023300
2017-12-19,162.6637725830078,164.29724928432108,161.93250331189506,163.31906450857147,23936200
2017-12-20,163.95535278320312,164.20226827926825,162.20791736982724,163.148106194565,17121400
2017-12-21,166.5005340576172,167.38374345026168,163.9657920788188,164.10729860436803,14812400
2017-12-22,167.42172241210938,167.77311941032585,166.2346036816919,166.99436256739818,12524700
2017-12-26,163.6609344482422,166.33906670415263,163.09111167488504,165.76925842199057,12913800
2017-12-27,164.2687530517578,165.12347279556496,163.0911259794224,163.62295288589763,10152300
2017-12-28,163.63246154785156,164.8005824127717,163.0341490235575,164.33522661707667,9508100
2017-12-29,163.7559051513672,164.93353219162088,162.58778433566778,163.61345669501213,9704600
2018-01-02,174.41148376464844,174.83885811449332,166.86141129119713,167.52525297593854,29916900
2018-01-03,174.74388122558594,176.29662734464586,172.27466841178955,175.8740206021036,20121900
2018-01-04,176.3678741455078,178.302390906054,175.15225114937354,176.54830403243747,19473800
2018-01-05,181.10684204101562,181.1543296914676,176.9291315705392,177.7544196940944,18168300
2018-01-08,180.75546264648438,182.01855881619048,179.5588520868033,180.87892764156138,16230100
2018-01-09,181.20181274414062,182.80679964679683,178.5426637894626,181.51521383973585,19495100
2018-01-10,180.24261474609375,180.8124375649303,177.19410179154815,178.63764230572346,17943800
2018-01-11,179.2549285888672,180.85040920940753,178.63763264450952,180.1856256175157,12400400
2018-01-12,178.34323120117188,180.63199980266148,177.8304022384,180.35659460789813,11789600
2018-01-16,173.224365234375,182.0945277028822,172.60706927005262,180.82192536730716,27428500
2018-01-17,174.58242797851562,175.50363325820717,170.29930888298952,174.07909080398665,21346500
2018-01-18,175.12374877929688,176.49606498323766,173.4997784761202,175.00979001870775,14190700
2018-01-19,174.79136657714844,175.9205495199055,173.6042478344229,175.83602237602955,15349300
2018-01-22,174.76287841796875,175.73155688685998,172.54058109880512,175.66983888430173,16016300
2018-01-23,182.6073455810547,182.72130433896714,174.30700642148128,175.95948086718712,31305900
2018-01-24,185.69387817382812,188.85636453497452,182.7213279307909,184.91513574222162,34497300
2018-01-25,188.35301208496094,189.5496225744582,184.3358062712526,186.46311380813663,23421600
2018-01-26,194.8964080810547,194.9058998141766,189.18874637653352,190.2524001340121,23768600
2018-01-29,192.79759216308594,195.34278250220356,191.6674671952445,194.5260441571908,21908600
2018-01-30,189.61610412597656,192.35121582794133,186.60557276337516,188.68539260729568,23377500
2018-01-31,194.01318359375,195.82710450686363,192.5981473296399,192.61714528701992,26982500
2018-02-01,182.55038452148438,189.4546716247124,181.52471212375832,183.0537217410356,52628900
2018-02-02,177.8873748779297,185.83631769221708,177.40303562639116,184.99108968980894,32233900
2018-02-05,171.4484405517578,180.8884113554091,170.85012805284595,174.4589720218324,31084000
2018-02-06,175.8550262451172,176.2538964171382,165.40838095795044,165.930716120548,35804500
2018-02-07,171.23001098632812,177.43151816211412,171.23001098632812,174.26903208077832,19672100
2018-02-08,164.96202087402344,173.88916269170738,162.76822771239642,173.10091409190622,32051300
2018-02-09,167.78262329101562,168.6810339997347,160.38450520354678,166.310593060482,28049500
2018-02-12,168.51388549804688,171.69535509825258,166.2782997267338,171.36297053827664,18280300
2018-02-13,170.2328338623047,172.98694364853577,168.09602004813348,168.4948902211686,15507000
2018-02-14,177.36502075195312,177.52646715187618,169.90041798706955,170.20432732188567,21047400
2018-02-15,178.02032470703125,180.02418173504995,175.1531981707422,179.7297786038806,14361100
2018-02-16,174.43997192382812,178.79908301911306,174.30701520250065,177.35554255098918,16008400
2018-02-20,177.77340698242188,179.33090618186847,173.79418266724184,174.43047656975767,14854900
2018-02-21,179.32142639160156,183.45259116656828,178.9795355937729,179.8437470764206,22071600
2018-02-22,179.2549285888672,181.1448268276411,178.32423156021866,180.63198342018495,12282800
2018-02-23,183.5665283203125,183.6757484550902,180.39455070302566,180.6129764813863,16937300
2018-02-26,184.42127990722656,185.33297901953762,181.0593513911898,184.67770162246234,19463100
2018-02-27,178.78956604003906,183.829603630895,177.79239793566305,182.90174691178944,23218500
2018-02-28,176.77622985839844,178.77059519027972,175.69357811882756,177.83039190675925,19367600
2018-03-01,172.8350067138672,178.04882324431898,170.99259600523098,176.8142167857404,17286300
2018-03-02,170.71717834472656,171.16353618111359,166.62399496488504,169.0552119938547,18909100
2018-03-05,172.46461486816406,172.79699941780302,168.1624977505063,170.38478053488672,15656700
2018-03-06,177.94435119628906,178.55215542922286,175.52264048911587,175.87402300920692,17856100
2018-03-07,179.5398406982422,179.55883865557064,175.04778745456554,175.09526061109338,13728900
2018-03-08,177.76390075683594,180.66047336617376,177.18460072616386,179.53984023699792,14331400
2018-03-09,180.96438598632812,181.10683444050957,178.55215256008694,180.10016005443873,14208400
2018-03-12,183.04421997070312,184.62070266130343,181.29677015306146,182.62635185107567,17826200
2018-03-13,178.93203735351562,184.47825264232722,177.96334440179723,184.12687013161968,14826700
2018-03-14,182.87327575683594,183.8894564119284,180.6509928268684,180.7174639446727,20032300
2018-03-15,189.04627990722656,191.36353797097505,186.63406104044296,188.45747365834453,33504600
2018-03-16,190.2049102783203,190.2998855732195,187.33682736847084,188.41947907082263,26948700
2018-03-19,184.74417114257812,188.44797592532817,183.10214474270737,188.0396140223668,19681400
2018-03-20,188.9418182373047,189.18874821282725,184.7536597897884,185.14303821950034,11952000
2018-03-21,185.47543334960938,188.8753431326691,184.78216006853938,188.79936579497445,12047300
2018-03-22,175.36117553710938,182.711820036485,175.31370238017865,181.15432081983127,25355700
2018-03-23,172.08473205566406,177.72592270552573,171.32592957213353,177.45051753012518,18714400
2018-03-26,180.91690063476562,181.03085939955758,175.04779238884493,178.43819606216903,16758700
2018-03-27,172.74002075195312,182.57886140524647,171.5718999744894,182.5693696721988,16627900
2018-03-28,169.90994262695312,174.21205998727774,168.63735475466558,171.63838005967875,20081100
2018-03-29,174.30702209472656,175.81704822881957,169.63452421464106,171.78084428961765,16378900
2018-04-02,168.6753387451172,174.2785337547659,166.9089053689614,173.613750116685,16028700
2018-04-03,165.88320922851562,170.54621474367383,164.29722045783706,170.24230541479932,19975100
2018-04-04,163.41403198242188,163.73692481713465,157.77284114370326,158.48511242149712,24573600
2018-04-05,163.88888549804688,167.67815956020334,162.55930370279467,166.65248714370478,18250900
2018-04-06,159.09292602539062,163.60397771681443,158.0292576672935,161.2962111055688,18210000
2018-04-09,161.32469177246094,164.03132843234962,160.12808123915238,161.2107330048686,14717300
2018-04-10,168.1909942626953,168.931755220868,165.10448543991043,166.29160421790462,20436200
2018-04-11,166.53851318359375,169.19766204038126,165.94970692995486,167.6021669298306,10170500
2018-04-12,167.07034301757812,168.95073506405603,165.7787572351741,167.07983475076793,11133900
2018-04-13,163.38552856445312,167.9060862363842,162.46433770609354,167.83010889412023,13526200
2018-04-16,165.91171264648438,165.9971817181053,162.40733579807036,163.35703079260225,9876200
2018-04-17,169.7104949951172,170.31829922045955,166.03517995212474,166.03517995212474,16285800
2018-04-18,173.49026489257812,173.68021547376293,168.7038087653335,169.90041917434596,16972700
2018-04-19,172.26516723632812,174.39248915147567,170.48924230839737,174.04109216425888,11989000
2018-04-20,170.09988403320312,172.26518762670793,168.59936408837143,170.33730779995759,14473100
2018-04-23,166.73797607421875,170.2993327080068,165.92123770655547,169.64404076879822,12033900
2018-04-24,164.38272094726562,169.04572735384613,162.09395228441895,168.69434480495661,14567500
2018-04-25,161.65708923339844,162.68276160517027,158.2571792856352,161.94200064075665,17132900
2018-04-26,165.15196228027344,165.58882837644182,163.3950351443875,164.53466629843174,13398000
2018-04-27,168.2479705810547,169.2356470102305,165.25642262027844,168.20048293256065,15062500
2018-04-30,169.55853271484375,170.98307516267872,168.1434964910259,169.1311728787323,14654000
2018-05-01,170.47024536132812,171.24900218449056,168.51387606184505,168.64683277662948,10787700
2018-05-02,172.32215881347656,174.99461069078887,171.04957096210651,171.7048628457631,20681800
2018-05-03,173.2718505859375,174.35450231087702,166.92789491483123,174.26903323840185,26257600
2018-05-04,179.3878936767578,181.01187855454356,169.63452165896408,171.32497765344255,57788300
2018-05-07,185.52293395996094,186.71005277339506,180.72697105544785,180.83143809067792,29862200
2018-05-08,186.4346160888672,187.41280074262073,183.3006198090143,184.43075913491478,21856300
2018-05-09,185.59889221191406,187.4508091079308,184.7156827923827,185.9882706509573,13780600
2018-05-10,186.10223388671875,189.72056942695255,185.34247500762402,186.42512670069553,21295000
2018-05-11,184.5827178955078,186.57708316082375,183.65202086758492,186.5200892891099,12741100
2018-05-14,188.6474151611328,189.93900094722176,186.016755940479,186.0452456313254,17627100
2018-05-15,186.7195281982422,186.88097460382428,184.1078670368001,185.4089445054997,12694900
2018-05-16,188.1440887451172,189.70158806245266,186.42514300667216,186.85250288504412,12887500
2018-05-17,186.1592254638672,188.44797949284586,185.73186559487428,186.14022750556637,13470500
2018-05-18,185.19053649902344,187.8306876036625,184.92462304180773,186.54859347757525,14242300
2018-05-21,187.6977081298828,189.7395464627587,186.52008118263464,187.84966279879123,13830500
2018-05-22,186.01675415039062,188.6350668470679,185.8553077400826,188.32452052511292,9700100
2018-05-23,186.8999786376953,186.99493944284555,183.10214057070874,184.1268709805046,12807400
2018-05-24,187.44129943847656,189.6730885078829,185.85247023674435,188.153570695794,18527700
2018-05-25,189.1792449951172,191.36354643830978,187.28936118058812,187.63125196727216,21270000
2018-05-29,188.03961181640625,192.10430529637432,187.08991680723247,187.98263243444714,18768700
2018-05-30,188.02059936523438,190.45181608271903,187.56474985350468,189.6540758143934,13930600
2018-05-31,188.0491180419922,189.44517097236246,186.94748275976005,188.03962630799944,17982500
2018-06-01,194.0606689453125,194.67797937769774,189.41666106773488,189.46414871502535,23131900
2018-06-04,198.4387664794922,199.1985253743917,194.43105243781307,194.80143290653717,19357000
2018-06-05,197.887939453125,201.05042549317093,196.71032694569817,199.38845926886782,17787700
2018-06-06,197.82147216796875,199.87281685383758,196.86132901214845,199.3029940551421,13800500
2018-06-07,193.37689208984375,198.48625584887787,190.7747370530802,197.02373191874912,26747800
2018-06-08,194.75396728515625,195.8556025096298,190.34736842247742,190.99316858004786,17525200
2018-06-11,195.35226440429688,197.15669365261112,194.6969725162415,196.11202332510308,12061400
2018-06-12,198.56224060058594,199.24602218833192,196.4918978790228,196.53938552923776,15910900
2018-06-13,196.22596740722656,199.10354196806725,196.20698394174417,198.9041141421369,13844200
2018-06-14,200.252685546875,200.49960102667498,197.07120154381323,197.27064386721761,18838300
2018-06-15,197.53656005859375,199.51192739812316,195.64666179120272,197.05222082528053,28665600
2018-06-18,198.07789611816406,198.10638580930168,193.62382418183475,194.83943264102618,14645200
2018-06-19,194.14614868164062,194.2221260232403,189.46415912373064,193.2914289482376,24484200
2018-06-20,195.85560607910156,196.805301128981,194.70648318381745,194.7349728760181,15559600
2018-06-21,192.03782653808594,195.6371641034754,190.9266706693241,195.4852094301684,13963800
2018-06-22,191.84788513183594,193.54784732702106,190.17642711905577,193.1489771588984,9585000
2018-06-25,181.62916564941406,188.13458208483857,178.40970023402127,187.89715833889161,32750900
2018-06-26,181.7906036376953,183.91792551967885,178.9415188182934,183.61401618316916,20740400
2018-06-27,175.71258544921875,183.86097086744377,175.58912045325883,183.7280141376395,23887000
2018-06-28,178.90354919433594,179.45437403468696,172.88247186564152,173.98412154634354,19553800
2018-06-29,176.19691467285156,179.46386783746556,174.99079794832576,176.03546825952068,26023400
2018-07-02,176.98516845703125,176.98516845703125,171.95178184045042,172.52160466164688,17325900
2018-07-03,175.45614624023438,179.01750238854765,175.08576578045762,178.42869614254235,11673700
2018-07-05,177.47900390625,178.0108307806739,173.69920742223132,177.75440907650685,18412100
2018-07-06,182.5978546142578,182.80678866543713,176.2063970788823,176.65275487083855,17035600
2018-07-09,183.0537109375,184.89612155294606,181.26827970336538,184.6681895365047,15466400
2018-07-10,182.86376953125,185.31398429493072,181.8475889566899,183.1866623434448,12611400
2018-07-11,177.99183654785156,180.48953905449463,177.99183654785156,179.11248419200467,15947000
2018-07-12,180.60350036621094,182.89226884422115,180.24261162112498,181.17332317516815,17440400
2018-07-13,180.48004150390625,182.45540895317643,179.7772764390212,181.97106969295592,12550500
2018-07-16,180.7744598388672,181.74313836303722,179.6348141778728,180.03369885393877,12205600
2018-07-17,182.96824645996094,183.24365164028023,178.44768887979941,179.15996014646896,13270700
2018-07-18,181.1923065185547,183.5095646863154,180.35658475483473,182.768803729893,10796600
2018-07-19,177.91586303710938,180.13814592436105,177.46950521473025,179.188450896524,13373100
2018-07-20,177.83038330078125,179.96719698530333,177.2225790990539,179.9577052524246,12807500
2018-07-23,177.63095092773438,178.36222015381063,175.5036433481614,177.76390765145769,10996200
2018-07-24,179.4923553466797,183.35762095991916,178.87505939196566,180.62249471745378,18414800
2018-07-25,188.02059936523438,188.3719963455546,180.57499454513894,181.02135232433906,20735400
2018-07-26,184.41177368164062,186.2541843555548,182.93025175574562,183.49058283587962,13885500
2018-07-27,179.89122009277344,186.3966364559671,177.5264743925677,186.2351900494592,19907100
2018-07-30,175.52264404296875,181.00237398368853,172.90147646127352,180.65099145648293,19906300
2018-07-31,177.81138610839844,179.4429642780797,174.73438366382084,177.02313754021972,17016600
2018-08-01,175.95001220703125,179.54935019797207,174.70591396602953,176.64328556056714,14370700
2018-08-02,173.41432189941406,173.69921882141244,170.73617490305776,172.40763297396617,20976500
2018-08-03,171.7428436279297,175.21873087272277,171.02108063086717,174.88633181984628,18185100
2018-08-06,169.634521484375,171.76184356668702,168.56137595535535,171.6098888841227,35419000
2018-08-07,170.869140625,173.79420327146337,170.69820246280273,171.2205231747592,20620300
2018-08-08,168.58985900878906,171.1160366737721,167.66865370740962,170.94509853101496,21152400
2018-08-09,168.27645874023438,171.54341184662664,167.86808235633754,170.28980749553375,35220900
2018-08-10,170.95458984375,171.37245795772296,165.95919941579035,166.73795626295734,22049200
2018-08-13,168.74179077148438,171.56238591575269,168.0960051650419,170.61269097131742,14674000
2018-08-14,163.8508758544922,167.33625473712524,162.17941788495344,166.32958036392606,38508600
2018-08-15,161.2866973876953,161.30569534449964,157.07004943122823,158.70352592771897,41278600
2018-08-16,163.3380584716797,166.86141902673862,162.939188285703,163.66095131396605,34263300
2018-08-17,164.0883026123047,165.43686778709932,159.9096503662142,163.84138712661976,24695400
2018-08-20,167.42172241210938,169.8624454776215,165.5888180481186,166.40555631429365,25900700
2018-08-21,168.96974182128906,170.63170816138802,168.06753442061748,168.6943366324848,20337400
2018-08-22,168.90325927734375,170.698182223582,166.6714702608485,169.18815618055976,27138500
2018-08-23,163.5659637451172,177.1181152830203,163.2620688843428,175.6650831105035,78843400
2018-08-24,165.46536254882812,167.49770935216608,163.77490653909825,166.19663178622247,30442800
2018-08-27,171.56240844726562,171.78084874683407,167.3552662466615,168.1910025447052,23533800
2018-08-28,169.22616577148438,173.20539040820603,168.5708738587378,172.98695010982607,15319000
2018-08-29,169.5205535888672,170.6222032413372,167.93456471440217,170.32780011672088,11892600
2018-08-30,165.81675720214844,169.1406897904637,165.3627915030598,168.40942056349945,17086200
2018-08-31,166.20611572265625,167.79306104297913,164.06930198564783,164.40170103010516,13730800
2018-09-04,161.8660125732422,165.19943669221234,160.49844950150205,164.77207685509234,23450500
2018-09-05,155.96841430664062,159.81468216484404,153.87908809082532,159.05492322513035,35694700
2018-09-06,151.82772827148438,158.10521252240437,150.6880972203245,155.9019277556546,33052000
2018-09-07,154.2019805908203,156.32930271909237,151.48585216888577,151.90372030936746,19452400
2018-09-10,148.49432373046875,152.6349948712421,147.20273783817623,150.61213970763768,39092700
2018-09-11,149.5389862060547,150.4791750139426,145.16089152621652,145.47427813471504,25884100
2018-09-12,153.33775329589844,154.6293390100123,148.32430703729122,150.24173847862235,32490500
2018-09-13,157.20301818847656,158.808005118303,155.75947767586632,157.0890594213113,25696500
2018-09-14,156.4527587890625,159.54875925783045,155.16211494313745,159.4348004955432,23417700
2018-09-17,150.89703369140625,153.5181866002485,150.32626898339387,153.37573815076613,20423200
2018-09-18,148.7697296142578,151.38139110407286,147.6965840197296,148.98816991797693,27240600
2018-09-19,154.4488983154297,154.92374580260378,150.8305627817543,150.8305627817543,23028300
2018-09-20,157.53541564941406,159.26385306240218,156.4299692472981,158.4946024094484,22818100
2018-09-21,156.34828186035156,161.29618435897817,156.22481688156074,160.93531013751948,22081900
2018-09-24,154.9522247314453,155.17920030746728,152.04616063035087,154.61982571702973,13123400
2018-09-25,155.98741149902344,157.11755092375694,154.63884627097391,155.79747538782706,9588700
2018-09-26,157.0795440673828,158.96944229648088,156.57620688672773,157.19351731912036,13592500
2018-09-27,157.95327758789062,158.6465508725964,156.6236959080545,158.0197487017249,12689200
2018-09-28,156.47174072265625,157.3264749050255,155.08519415775697,156.60469744108764,10486500
2018-10-01,153.85060119628906,157.60189382104565,153.4327330472879,157.573404128268,10615200
2018-10-02,152.1696319580078,152.9274925403197,150.30823779765822,151.75176382248551,14730500
2018-10-03,154.2019805908203,156.26281710983554,153.78411245033863,154.94274157033007,13118800
2018-10-04,148.27589416503906,152.02718674899427,146.1295740578227,152.00818879028355,32176100
2018-10-05,146.85134887695312,149.21608025548167,144.59107004142163,148.28538317252014,20271000
2018-10-08,143.5369110107422,144.9576569094318,140.87776194039031,142.6441953343701,25060400
2018-10-09,139.54818725585938,143.01456825005087,139.10182944132677,140.52637195804041,31070200
2018-10-10,131.3333282470703,136.7560936129899,130.98194569927557,135.33155097118794,55828800
2018-10-11,134.76171875,135.7209200031671,128.34178557405968,128.71216605553323,43210300
2018-10-12,139.8805694580078,141.50455427582284,137.24992475513153,141.14366554048715,30764400
2018-10-15,136.9080352783203,138.3610674753972,135.1416019909255,137.48734981050882,18567100
2018-10-16,142.0743865966797,142.22632679278226,137.95269902807033,138.3800733974988,18365900
2018-10-17,140.6878204345703,143.10003942212782,139.00685618265734,143.10003942212782,16872400
2018-10-18,134.8756866455078,138.92138208932215,133.71705759748292,138.51302019906848,20618900
2018-10-19,135.7399139404297,139.38675414454224,135.43601904328537,138.0286826135864,14855100
2018-10-22,141.31463623046875,142.64420359706182,138.75046231421214,141.49508062119156,22589300
2018-10-23,139.27276611328125,140.08950439386595,135.44549641818665,136.01531921531856,19950500
2018-10-24,132.58692932128906,139.31077215679323,132.33050759481736,137.87672332652247,18512300
2018-10-25,137.32591247558594,137.62031562774496,133.9164961719722,135.3315470385393,13655100
2018-10-26,135.68292236328125,138.49306956917334,131.58024742763152,132.0076072867956,19476900
2018-10-29,126.67033386230469,136.7560909313055,124.75194575142766,135.25557097242114,35121700
2018-10-30,129.471923828125,129.53839494410954,123.5173319946115,125.62565609851205,25230000
2018-10-31,135.1226043701172,135.47398688535148,132.14056262925365,134.23939496981615,23654600
2018-11-01,143.641357421875,144.65562510983017,131.646705880638,137.6867661839428,47039300
2018-11-02,140.1654815673828,146.59492077470063,138.9213834360161,144.8854668765192,45985800
2018-11-05,137.3638916015625,141.85594513540696,136.9745131527524,138.864411521136,16197300
2018-11-06,140.02304077148438,142.41627635982033,138.01443051987428,138.53201258421902,17849800
2018-11-07,144.8284912109375,145.11340261647692,141.44757924289976,143.18552287637456,17884400
2018-11-08,141.4950714111328,144.2396895394622,139.31076988716765,143.39446152045963,17067100
2018-11-09,137.56332397460938,138.38955397197967,135.31253701267678,138.2471055211211,16220000
2018-11-12,135.63543701171875,139.04104164339435,132.92880066168087,137.71525673816666,16516500
2018-11-13,139.58616638183594,142.39726994465772,136.67061028105636,137.54432793797776,19575100
2018-11-14,142.8721160888672,144.49608640072654,140.97272611585103,142.65369029950506,21786000
2018-11-15,148.36135864257812,149.48199182142358,143.29948239725962,145.2083641893997,30083500
2018-11-16,146.34799194335938,147.96247039781161,144.48848188353307,147.24069298930297,20039400
2018-11-19,142.00790405273438,145.50278948008662,141.28614100927538,144.3726500170939,18087800
2018-11-20,138.636474609375,140.62134820943444,135.63544936711853,137.21193208299903,19473200
2018-11-21,141.89393615722656,143.85979730961827,141.1721586689779,141.56153710435458,14718600
2018-11-23,142.7676544189453,143.56539475966534,139.60516825623802,139.89007966112263,7437500
2018-11-26,148.1619110107422,148.65575646586902,144.70502180724557,145.50277661666448,16152700
2018-11-27,148.58929443359375,149.99483905511443,145.85416804257278,146.86084248060232,17911800
2018-11-28,151.32440185546875,151.76126794323895,147.44964441324862,151.01100075817197,20767100
2018-11-29,148.4183349609375,151.0015065466923,145.8161654174533,150.1277888766864,20532200
2018-11-30,152.7679443359375,152.7679443359375,148.83620745971663,149.9568406483688,35071200
2018-12-03,155.50306701660156,160.30852147525977,155.28462672942916,160.1565667949301,31174000
2018-12-04,150.3747100830078,156.68068460784613,148.5892932508114,156.58572379797832,22198600
2018-12-06,147.99098205566406,148.02896348171092,142.93859741083787,145.30334331295794,25335500
2018-12-07,145.3603057861328,150.09928877274325,144.09720977187723,147.5825884768404,17447900
2018-12-10,143.8123016357422,145.12288532500344,140.061009421147,142.8246252479826,15525500
2018-12-11,144.19219970703125,148.38035831262215,143.30897578413422,147.4496467394711,13651900
2018-12-12,143.8787841796875,148.31385783426978,143.81229857775833,147.4306484911185,16619200
2018-12-13,143.8597869873047,145.74019342221126,142.94808795025446,145.3508150147735,12255800
2018-12-14,141.50454711914062,143.11902563098582,138.38954885192092,140.27944701349662,15560700
2018-12-17,136.73709106445312,140.4978898887188,135.08463092978815,139.13032667989492,15788100
2018-12-18,133.73605346679688,137.46834776644366,133.0617636577578,137.02198996845908,17846600
2018-12-19,130.2411651611328,134.21563621737877,128.90209180068442,133.94496967812316,27657800
2018-12-20,128.31329345703125,130.82524081750947,126.2239673320283,128.99707502393343,24103800
2018-12-21,125.35973358154297,130.2886526977721,123.67876946007407,130.18418567347302,28790600
2018-12-24,125.2552719116211,127.80046202552941,123.24192316582172,123.46034895644067,11240700
2018-12-26,131.0579071044922,131.07690506160725,123.6312854127972,126.18596722494703,14862400
2018-12-27,131.48526000976562,131.48526000976562,127.15465345251349,128.25630304793927,11457400
2018-12-28,132.09307861328125,133.88800164534027,129.908777139949,132.1975456465205,11955300
2018-12-31,130.17471313476562,134.87570093898483,129.19651385871634,134.6952565530262,11186400
2019-01-02,129.8232879638672,130.8195140731909,126.33790947264274,127.38257964328503,16708400
2019-01-03,124.03016662597656,128.08535364057008,123.29889745482241,127.51554536363545,19531300
2019-01-04,132.71987915039062,133.98297526693713,126.93623995188497,127.50604826961985,22845400
2019-01-07,135.9013671875,136.83206427715717,132.0171034272356,133.47964191646474,17239000
2019-01-08,139.40573120117188,140.12750871968746,134.9136776339326,137.70578342331402,16487600
2019-01-09,144.27764892578125,145.63572018191422,141.029694073931,142.34976941861163,20214100
2019-01-10,144.05923461914062,144.38212743621176,141.3905940294021,142.2738034098371,14221100
2019-01-11,143.70787048339844,145.6642400843608,142.58722272221192,144.192209770923,9589400
2019-01-14,141.760986328125,142.99559281015055,139.16830836851238,141.02971707096273,13356700
2019-01-15,143.2899932861328,146.41448361371164,142.42007227554956,143.1000426838319,15003100
2019-01-16,147.05078125,147.5731164370558,143.87880319216555,145.1229014160278,14810800
2019-01-17,148.12393188476562,150.57414674977,144.2586662378801,144.45810856612752,16153200
2019-01-18,149.12110900878906,151.46685675596902,146.9462994013087,150.4791658670536,19611400
2019-01-22,144.49609375,147.62059852959774,142.65084278941833,146.63290757832453,21295000
2019-01-23,144.38214111328125,147.3736748034737,143.35646869319325,146.87033757294859,10195800
2019-01-24,148.01947021484375,148.15242694142538,143.60339405441442,143.85030954915277,10997900
2019-01-25,151.20095825195312,152.42605851435314,149.51048769789918,150.91604683312622,16451800
2019-01-28,150.925537109375,151.65680636268908,147.48764563133696,149.86188327997021,10141100
2019-01-29,148.9881591796875,152.30733863305844,148.07644558555512,151.0394894068924,18348200
2019-01-30,158.42811584472656,159.39679424374074,152.42603690610824,153.17628952783818,36997700
2019-01-31,160.0141143798828,161.19172689531044,157.36445723777956,159.35882251697137,21219500
2019-02-01,159.52027893066406,160.87833589828713,159.19738609110007,159.54876862290814,10771500
2019-02-04,158.3141632080078,159.12140980346848,157.27899907308267,157.9532889401236,7380400
2019-02-05,163.18609619140625,163.300054956041,159.5487625444552,160.07109770102446,12801800
2019-02-06,162.8916778564453,164.3826913556807,161.43864577814566,163.21457065357978,11267800
2019-02-07,158.5610809326172,161.07776684418107,156.0690735268827,160.65040699954508,11911100
2019-02-08,158.9409637451172,159.21636893279327,155.51256404365202,155.58854138640316,8331500
2019-02-11,159.02642822265625,161.76155451781554,159.02642822265625,160.3560099455569,7260300
2019-02-12,160.22305297851562,161.9135089524797,160.12807768016873,161.06828096549768,8594400
2019-02-13,160.87832641601562,162.44533185306247,160.4889624812303,161.36268013800992,8661800
2019-02-14,159.90965270996094,160.0236114756095,158.22868846066444,159.2068731756707,8722100
2019-02-15,157.79180908203125,160.28001968826578,157.08904409813474,160.12806501940364,12099500
2019-02-19,161.6190948486328,162.5403001961426,158.12422405942985,158.58007362080494,12982300
2019-02-20,162.12245178222656,163.9933377382994,162.02747647874412,162.39785697641085,12454900
2019-02-21,163.02464294433594,163.13860170419395,161.25820971056024,162.39784078272626,8434800
2019-02-22,168.02005004882812,168.11502535230872,163.84139753722297,164.10731099753255,16175600
2019-02-25,174.0316162109375,174.47797403936903,171.63838065080193,172.14171786308492,22831800
2019-02-26,174.30702209472656,175.07628725339117,170.34679549802962,170.74566567778368,13871000
2019-02-27,175.29470825195312,175.62709281370726,171.7808395817768,172.57857991942194,16741600
2019-02-28,173.8226776123047,175.0287943401118,172.34115570599465,173.80367965445058,12370400
2019-03-01,174.6299285888672,177.49799717594811,174.15508106887674,175.77905147217413,14348500
2019-03-04,177.83038330078125,177.91585237027527,175.1807407080998,176.6432645871579,14761700
2019-03-05,175.69358825683594,178.61865081648796,175.69358825683594,177.53599901444505,11513200
2019-03-06,174.90533447265625,176.2538996958698,173.8131909687963,175.1047768079749,10009100
2019-03-07,168.39993286132812,172.65456261868644,167.83960176971817,171.80933460564344,16488900
2019-03-08,166.22511291503906,166.52902226756655,162.93442325307814,162.93442325307814,14674200
2019-03-11,171.33448791503906,172.5785861153361,168.64684917727536,168.88427294042202,13764000
2019-03-12,171.54342651367188,173.01544229107677,170.47975817268647,172.8824855598532,8660000
2019-03-13,171.60987854003906,173.35257518976343,170.24231546178473,171.63836822990308,8868200
2019-03-14,171.2869873046875,171.72385337195072,169.05519830348632,170.05238093149526,9272000
2019-03-15,171.86630249023438,172.32215202522244,170.6222043792322,171.57189936365467,10844100
2019-03-18,172.68304443359375,173.6897188199264,171.66686382284934,172.7780052393408,7847800
2019-03-19,172.97744750976562,174.1360765743489,171.75234733030075,172.4931082743857,10238600
2019-03-20,172.1607208251953,172.79701478202404,169.4540840840134,171.83782797985478,15901500
2019-03-21,172.36964416503906,172.5880699596142,169.53955709523606,169.94791899340677,9754500
2019-03-22,167.39324951171875,171.4009639068847,166.51573508385349,170.726688515446,11688400
2019-03-25,169.7769775390625,169.90042803383622,165.34190367159138,165.56032946191002,7511400
2019-03-26,169.12168884277344,171.56239747905445,168.1862386798076,170.66019011927116,7897900
2019-03-27,168.12451171875,170.78366072814853,168.01339322564058,168.76080565640527,8371000
2019-03-28,168.78929138183594,169.54905029398103,167.1178333680735,168.54237589414706,7146800
2019-03-29,173.2718505859375,173.41431353125856,169.9954057202939,171.63837401972057,13850900
2019-04-01,171.79031372070312,176.22538726387953,171.79031372070312,175.77902949160833,12714800
2019-04-02,172.59756469726562,174.32885672889446,171.84729757488086,172.33165127168985,8021500
2019-04-03,169.34962463378906,171.60988895022027,167.86808821501057,170.4797495464066,26811600
2019-04-04,171.96127319335938,172.80650112727787,167.9915407290535,168.13398917643497,16993200
2019-04-05,176.02598571777344,176.16843418074012,172.8445014603488,173.32884072563218,18705000
2019-04-08,177.1181182861328,178.37172264747082,174.75337250880654,174.92432514498705,14725600
2019-04-09,177.77340698242188,178.43819057525965,176.79522230484724,177.1086233895841,11578200
2019-04-10,176.82371520996094,177.97283805035917,174.7438808314733,177.2985627122204,10655000
2019-04-11,175.67459106445312,176.7002634852637,174.5064701787509,175.836037488396,8900300
2019-04-12,179.40689086914062,180.24261263814515,177.72592661530845,178.26725973599187,12600000
2019-04-15,173.8606719970703,178.70410784111183,173.3763182688291,178.59964081062805,14616600
2019-04-16,176.43434143066406,176.44383316412896,174.17406262315023,176.21591563140228,12195900
2019-04-17,178.11529541015625,178.73259134725717,176.43433124733716,177.91585308933557,11614200
2019-04-18,177.53599548339844,177.85888832345307,176.06396525336578,177.0326582647261,7882500
2019-04-22,176.05445861816406,177.08962266017832,174.37349445950557,175.2187224052816,8677800
2019-04-23,177.86837768554688,178.6851159996869,176.11145055606636,176.64327745993498,11410600
2019-04-24,176.3298797607422,177.4980006250826,175.29471562493487,177.3650438965495,9085300
2019-04-25,178.42869567871094,178.66611942131465,174.7011400215939,175.92150153646375,10328900
2019-04-26,177.6784210205078,179.24542635011875,176.177901291787,178.42868813046553,9421100
2019-04-29,177.53599548339844,178.54266992074312,176.41534778570778,177.991845051193,8660600
2019-04-30,176.2349090576172,178.78008471558974,174.57294279864092,176.92818235382677,15076500
2019-05-01,179.78677368164062,183.4763483501269,176.52932650566936,177.35555658994954,17397500
2019-05-02,180.81243896484375,183.00623219931592,177.2605742811482,179.89123361227024,11468100
2019-05-03,185.3899688720703,185.87430810927873,182.22748275675525,182.22748275675525,14521100
2019-05-06,178.7705841064453,179.4923470576777,175.5321208218565,175.8550136296819,23941200
2019-05-07,172.30316162109375,177.0706347094167,170.5937221671545,176.6907624954738,22663200
2019-05-08,170.55572509765625,173.98412469817225,169.59653834465942,171.84731090400234,16611100
2019-05-09,170.0333709716797,171.60512938574237,164.36370566882428,166.60497175359595,22727800
2019-05-10,169.0457000732422,171.6953425915229,165.3418955872165,171.11602809589377,18987000
2019-05-13,161.4576416015625,163.79389767578428,160.28952081004945,161.24870754243716,22330700
2019-05-14,166.044677734375,166.3390808789259,162.85370181228149,164.05981857365754,17874100
2019-05-15,168.6658477783203,171.17304214705118,164.6020960248375,168.15300433290005,37610400
2019-05-16,166.73797607421875,169.28315199272458,165.95921913452244,169.21666637978586,20579200
2019-05-17,161.03977966308594,163.62293659576105,160.01410737791446,163.0531283203513,22539400
2019-05-20,152.56851196289062,156.29132950578673,151.9702139041229,156.16786450564865,33413800
2019-05-21,155.20863342285156,157.25997792269155,154.34442206116972,154.9522262287674,22006100
2019-05-22,150.84005737304688,154.6293456093325,150.11829439569533,154.23996718458426,25831200
2019-05-23,148.1524200439453,150.50765958710915,146.64240847138439,147.63008489555125,26891900
2019-05-24,147.20272827148438,150.46017523810508,147.10775297289536,149.68618596850806,21489700
2019-05-28,147.02227783203125,149.16859776552948,145.5122662886696,148.5322893753929,38603000
2019-05-29,144.8094940185547,146.61866189018076,143.12854425025708,145.85416434732392,30073100
2019-05-30,143.47042846679688,145.65471534127516,142.6916716226333,144.69552862240596,17344700
2019-05-31,141.75146484375,143.1000299511554,140.50736676183632,142.10286183378312,26881200
2019-06-03,142.3687744140625,144.13520761289038,141.35734696674723,142.0743712961237,25254400
2019-06-04,146.39549255371094,147.39267529799446,143.06206799948015,143.93578574468944,27417200
2019-06-05,144.02125549316406,148.25690199689916,141.79897244670082,147.3641862881839,23208600
2019-06-06,143.8787841796875,145.01841521554505,142.9955748365362,144.3536316522277,15763000
2019-06-07,146.47145080566406,147.85801183458298,144.5568740977769,145.2558424063466,17817800
2019-06-10,151.80874633789062,153.8315867644735,149.48198207476582,150.79256576698205,36473300
2019-06-11,154.46788024902344,157.34545483345897,153.77936009416788,155.9399103429005,23408400
2019-06-12,151.98919677734375,153.5656941144835,150.82107586687863,152.39757320401839,16329300
2019-06-13,152.26461791992188,153.20482129068023,151.7612806735798,152.47355200231263,17571400
2019-06-14,150.1467742919922,150.72608877918117,149.32052984853584,150.4031814895388,14981600
2019-06-17,151.86572265625,152.47352684349704,149.50097701821963,149.60544404217748,16079800
2019-06-18,157.18402099609375,160.6029289396723,153.80310896921955,154.69582462622043,35754800
2019-06-19,157.13653564453125,159.45377919182883,155.1991497964295,159.3303287001091,20798100
2019-06-20,159.78619384765625,161.9040097739564,157.91054030764644,161.62860458267832,24004700
2019-06-21,159.12139892578125,160.94575350054117,158.38063799076784,159.0549133205181,17415800
2019-06-24,159.64373779296875,160.38449874525705,157.4404384027399,159.9286347044674,18422600
2019-06-25,157.4594268798828,158.9219507385684,156.3387792944111,158.63703935302848,20439200
2019-06-26,160.4889678955078,162.62578170713587,159.69121305919097,159.81467804993446,22416400
2019-06-27,162.30287170410156,163.3285440556877,160.85934571996924,162.0369582601195,18349400
2019-06-28,160.9258270263672,162.29339024841948,159.51079064367994,161.63809833025303,19974300
2019-07-01,166.24412536621094,168.99823528042697,165.5888334474886,167.0181291690149,25846800
2019-07-02,166.62399291992188,166.71896822099896,165.4843617629785,166.3200980406286,14155200
2019-07-03,165.88320922851562,167.00385676474738,165.10446693286488,166.85190210031013,8532600
2019-07-05,164.5821533203125,165.07599879861766,164.12630375867494,165.00951319004747,12618600
2019-07-08,159.9761199951172,161.71406358561805,159.8811591897495,161.53361921686505,16531000
2019-07-09,160.3085174560547,160.47945559874296,158.1242160774662,158.67979402359416,15782800
2019-07-10,158.5325927734375,162.74924124788896,158.46612165324947,162.6257907414835,16675600
2019-07-11,158.1717071533203,159.95142888196636,156.69967698642083,159.1308938986491,14796400
2019-07-12,160.56494140625,161.63808690758697,159.21636174727465,159.54876079541003,18103600
2019-07-15,164.77207946777344,165.00950321340423,161.84701718265856,162.87268950272707,22199000
2019-07-16,165.4273681640625,166.69046420563222,164.73409489759922,165.43685989687606,19039700
2019-07-17,166.02569580078125,167.3552630759364,163.81290459261868,164.05982008909135,15031600
2019-07-18,164.1072998046875,165.62680311836309,163.40452028397524,164.6866143375352,15603800
2019-07-19,164.28775024414062,166.33908051795203,164.28775024414062,166.07316706595432,13647200
2019-07-22,165.24691772460938,165.5128311455603,162.81284625846732,164.7720702598835,18490900
2019-07-23,169.13119506835938,169.65353026600042,166.04943913907283,166.5670212240817,20881500
2019-07-24,169.6820068359375,169.95742650575463,168.0371401684851,169.04571291391292,14933100
2019-07-25,168.3714141845703,170.13784740138263,166.5470596606906,169.51105973698742,14049000
2019-07-26,169.74850463867188,170.37529238119978,167.98207120166344,169.28314883038576,15281000
2019-07-29,168.11500549316406,170.83113365221476,166.52901665252605,169.45406437040063,15130300
2019-07-30,165.34190368652344,166.87091320128312,164.19276637158663,165.48435213865812,14300600
2019-07-31,164.40170288085938,166.09215883031627,161.5336199084747,164.97152568028798,14628900
2019-08-01,157.3169708251953,166.8756533109894,153.94556517090197,165.75975878866055,32728200
2019-08-02,152.90090942382812,155.60754622563556,152.2836134120741,154.38243144499543,27104700
2019-08-05,145.93963623046875,149.32054828144268,144.21119877920296,147.2312220748944,28912600
2019-08-06,149.51046752929688,150.74507385020362,148.2568777432401,150.50765011507522,24996300
2019-08-07,151.1629638671875,151.4573670228556,147.48764855151677,147.8960104793927,17917400
2019-08-08,154.0595245361328,154.13550187531146,151.11546423054224,153.57518530146416,19267700
2019-08-09,151.11544799804688,153.84108221771444,151.10595626586752,152.88188109341564,11894300
2019-08-12,151.29592895507812,151.34341660985322,147.71557425475993,149.5769830870817,13566900
2019-08-13,155.77847290039062,158.94095905449453,151.54284122818854,152.55900736370404,22842900
2019-08-14,153.90757751464844,154.80029318041525,151.2009553163345,153.22379591921836,20803700
2019-08-15,158.57058715820312,162.39785713489346,156.09188244333845,161.55262910138313,36343500
2019-08-16,165.81675720214844,168.61835462834637,160.09009735928953,161.44815428959853,25952500
2019-08-19,169.31163024902344,169.8054757264166,166.75694827770386,168.50438367008434,16012800
2019-08-20,168.29544067382812,169.03620154123655,166.78541475993165,167.06083439774935,10338100
2019-08-21,166.424560546875,169.52056109571407,166.09216149334617,168.30495262922534,10615700
2019-08-22,163.2620849609375,166.17764132611987,161.92301141795164,165.34191950829918,11568900
2019-08-23,156.2628173828125,162.86320958306652,155.5894839391518,161.1537555922899,20871500
2019-08-26,157.5543975830078,159.02642775814996,157.2030150637685,158.11472865655722,8640500
2019-08-27,157.83932495117188,159.72922344369687,156.88013810345478,158.7890200645859,12777600
2019-08-28,159.05491638183594,159.54876184508174,155.9399179051086,156.35778602853227,9507400
2019-08-29,164.11679077148438,165.20894871713395,162.35035749032886,162.39784513860855,11565400
2019-08-30,166.22511291503906,166.4340469721028,163.9743404262651,165.57932727771146,10293400
2019-09-03,163.73692321777344,165.93071641335837,163.48999323618463,164.29723980627773,8499300
2019-09-04,165.56033325195312,167.66865733879357,165.23744042562154,167.3932376701257,7208900
2019-09-05,169.9384307861328,169.947922519591,167.64017055519008,167.98206134523423,11154300
2019-09-06,167.80160522460938,170.2043323201795,167.3457557001932,170.00489000195017,8304000
2019-09-09,168.83677673339844,169.03621906046092,167.01336406378095,168.93175203032263,6931700
2019-09-10,166.1871337890625,167.43123192438068,163.55647457326103,167.4122339667862,9835000
2019-09-11,167.23179626464844,167.77312939370478,165.3893855668162,167.14632718885943,7039300
2019-09-12,169.27365112304688,171.41995672167872,168.096024042865,168.94125205868693,12509400
2019-09-13,170.1568603515625,171.11604713513034,169.62503344221017,170.69819348577954,9479700
2019-09-16,168.16250610351562,170.1568569739996,166.54801295777642,168.8082917688544,10725100
2019-09-17,169.99539184570312,170.10935059970234,167.1937947107307,167.95355355017946,7481000
2019-09-18,170.94509887695312,171.106545286949,168.64683873099534,170.13785233577815,9233300
2019-09-19,171.38197326660156,174.8673523238901,171.35346908350562,171.79982691152858,15119800
2019-09-20,173.32882690429688,174.57293951018517,169.84344804007046,173.13889080508804,24517800
2019-09-23,168.07701110839844,172.2081900090228,167.90607297020745,172.13221267276174,14047400
2019-09-24,162.92019653320312,170.4607779101544,162.6827727593253,170.15686852381614,14324600
2019-09-25,167.7731170654297,168.0865181448231,163.08162158979974,163.63244641195823,11766400
2019-09-26,166.19662475585938,169.26413554381844,166.03517834504,168.0960147530692,9982400
2019-09-27,157.63037109375,167.62116649115413,154.94273252098236,167.14631899401206,33287500
2019-09-30,158.81748962402344,161.6380849125676,158.07672868876895,161.34082701779715,14866800
2019-10-01,156.8421173095703,159.7671795339308,155.40808313257594,159.55824548281967,14155500
2019-10-02,157.4309539794922,158.4851160745733,153.7556242473463,154.6293564538323,11526500
2019-10-03,160.9542999267578,161.6190835094546,156.69967050630316,158.2666614148881,10305000
2019-10-04,161.77102661132812,162.11291735671568,159.13087593518856,161.06826165611616,8715200
2019-10-07,159.8526611328125,163.6324429808424,158.7984991573917,160.3370003410672,11993000
2019-10-08,153.7841033935547,156.90860803829315,153.5466796450996,156.0348903829219,15833100
2019-10-09,156.880126953125,158.20020248729762,155.19916266432224,157.17453009876692,10943100
2019-10-10,157.71585083007812,160.09008825818532,155.83544435335665,157.61138380359358,11462400
2019-10-11,164.24024963378906,166.0826601852442,161.03978223759452,162.179413297828,19247400
2019-10-14,162.5498046875,164.6201328955314,162.19840767265725,164.14528538089712,7667600
2019-10-15,166.47203063964844,167.85859171965402,164.00283232745724,164.21176638733746,13753000
2019-10-16,168.20997619628906,168.42841648311008,165.36089115507173,166.95638631357528,10858700
2019-10-17,167.9535675048828,169.60602753994712,166.4150517420904,169.04571096463673,8020600
2019-10-18,160.62191772460938,167.3647434349103,160.4984527391659,167.14631764552192,14575700
2019-10-21,164.79107666015625,165.1614571219735,162.27437627343267,163.955340442232,8970800
2019-10-22,161.34368896484375,166.53852196714593,160.74537645543168,165.7502733489162,10867100
2019-10-23,161.37217712402344,162.43583091625763,159.66272317850704,161.87551432864825,8853700
2019-10-24,163.86988830566406,164.05982442267526,161.6476053051197,162.66377150128784,7397700
2019-10-25,165.5413360595703,166.9658785847682,162.2838891077252,162.9296747633742,9891800
2019-10-28,169.69149780273438,170.60321139045766,167.5357005589731,167.62116963217332,11739600
2019-10-29,167.99156188964844,168.79880850301285,166.61450692378878,168.15300831408194,8026400
2019-10-30,168.59934997558594,168.93174901769703,165.18615175504888,166.5954929722655,10213200
2019-10-31,167.78262329101562,170.22334653323924,166.6714818178403,170.1473691900482,15119000
2019-11-01,167.5831756591797,172.95843801174541,167.20328898807597,170.00488616568995,28924100
2019-11-04,170.65069580078125,173.22436111960752,169.0647068996487,171.57190110431267,44541200
2019-11-05,172.84449768066406,173.98412883306653,171.2395107407522,172.29367281724365,23690200
2019-11-06,174.8958282470703,175.6935685398509,173.03441973938712,174.37349311803712,14834900
2019-11-07,177.2700653076172,178.60913868360709,175.39916507083004,177.6594437204134,20162600
2019-11-08,177.7449188232422,178.80857258094525,175.83602260805543,178.44958219212265,19718100
2019-11-11,177.31756591796875,177.78290720959058,172.24618343042988,175.522642885951,20561500
2019-11-12,177.56448364257812,178.21026931711157,175.82653997207117,176.55780921392517,11797600
2019-11-13,173.30035400390625,176.33368031888816,171.89480934415218,176.139947507693,14977700
2019-11-14,173.604248046875,175.2187266407184,172.19964543901713,173.67071916112727,12712800
2019-11-15,176.158935546875,176.26340257935752,174.4684795603004,174.74388474164738,11296400
2019-11-18,175.3231964111328,177.5739689481044,174.89583655478572,177.5739689481044,11822900
2019-11-19,175.93099975585938,177.31756083991291,174.6204160111837,176.93767414302357,13407200
2019-11-20,173.1768798828125,174.45895937025378,171.95176528256994,174.43046968105696,16684600
2019-11-21,175.5606231689453,175.58911286044307,172.46462259955328,172.62606901510603,10254700
2019-11-22,177.384033203125,177.384033203125,174.68214973436852,176.45333614878933,10541000
2019-11-25,180.86941528320312,181.12583699843816,178.42870659533128,178.84657472647103,19157700
2019-11-26,184.90562438964844,185.19053580451006,179.53034689815343,180.8124410194325,51832300
2019-11-27,190.71775817871094,190.86969836645616,187.08991629777205,187.31784831618356,33040500
2019-11-29,189.9390106201172,190.3473725371761,188.3720195789798,189.75856624143663,18593100
2019-12-02,186.4346160888672,188.67589678385096,183.77546729107704,188.5904277149665,19357700
2019-12-03,185.09555053710938,185.19052583401538,180.29960235846713,181.36325612607473,18355300
2019-12-04,183.99392700195312,186.76703485118213,183.5095732447215,185.69387479117898,14849300
2019-12-05,189.9390106201172,190.83172628862317,186.54859232477378,187.02343985132407,22290200
2019-12-06,191.7339324951172,191.83839952995461,189.4736536456507,190.99317151761406,14087300
2019-12-09,188.74240112304688,193.19645877433305,188.56195674335962,190.24292105426088,14258100
2019-12-10,190.36636352539062,192.2942432532986,189.20773444373611,190.61329350452104,11623900
2019-12-11,194.3455810546875,194.4975357300993,190.62277845427113,190.98366718557529,11760000
2019-12-12,194.21263122558594,195.637173752913,191.83839368004087,193.46237853731992,22448600
2019-12-13,194.6020050048828,196.68183936360938,193.5193532896657,195.40923705633668,19270400
2019-12-16,196.55836486816406,198.62869290241483,195.81760396680875,195.9505606800983,16734300
2019-12-17,197.70748901367188,198.3627808520004,196.41591778486725,198.19184271566863,11287600
2019-12-18,199.4359588623047,199.483446512654,197.57455020346345,198.03990599097284,13481800
2019-12-19,199.55941772460938,200.73703026639785,198.70468351816726,199.0655722603003,12167300
2019-12-20,201.57276916503906,203.2157375016409,199.83482552940757,200.7180494385562,26670000
2019-12-23,204.02297973632812,204.23191379679878,202.1995670650171,202.52245988894603,12535000
2019-12-24,203.4816436767578,204.59278507795014,202.61743224773858,204.1939149204346,5523000
2019-12-26,205.4949951171875,206.07430960843897,203.5481175979854,203.8520124424218,6907100
2019-12-27,204.63079833984375,207.13799275048058,204.34588691998113,207.02403397901423,11674200
2019-12-30,202.1995849609375,204.92520523031757,201.10742691341525,204.92520523031757,8732600
2019-12-31,201.43032836914062,202.89285238793113,200.12923628068776,201.33535306649853,6773600
2020-01-02,208.7144775390625,208.9139053771762,205.64695220643736,205.7039460799515,15873500
2020-01-03,206.0838165283203,207.22630240410257,205.1436132545173,205.4665205702207,8604500
2020-01-06,205.74192810058594,206.2357735674345,203.32020290667376,204.07996181924173,11885500
2020-01-07,206.68212890625,207.9262270462006,205.78941328152936,206.69162063948474,9388000
2020-01-08,207.03350830078125,209.55019423364737,205.43802766965,205.70394110817188,11959100
2020-01-09,210.6233673095703,211.8579737744501,209.7116681754289,210.3574538545127,13122500
2020-01-10,212.5702362060547,214.59309121814218,210.89022839675087,212.6367073214513,12296000
2020-01-13,218.88571166992188,219.51251388253706,215.6187583703236,217.29972267099294,17544800
2020-01-14,215.096435546875,218.59605946240524,213.56742594770589,218.4773475820076,17266900
2020-01-15,213.73834228515625,216.35950961117982,213.10204841010997,215.24835377181208,10743400
2020-01-16,212.67469787597656,214.94446831705818,211.52556056466955,214.91597862672123,13700500
2020-01-17,215.98912048339844,216.53045357310492,214.01376769428157,214.53608833582192,12956200
2020-01-21,211.07920837402344,211.40211569175455,209.62617616341896,211.25965274508602,15831100
2020-01-22,211.1836700439453,214.2321973344322,210.83228753523582,213.38696937396125,10059600
2020-01-23,208.10667419433594,209.05636921353528,205.8653933693776,206.96702857833992,18519900
2020-01-24,202.997314453125,208.7714620254019,200.69430108682104,207.49887415186353,18143900
2020-01-27,195.1338348388672,197.55556001229448,189.4641544706016,191.09763104688693,24574700
2020-01-28,199.65438842773438,200.30018860402603,196.74832386241332,199.18904712265015,16196700
2020-01-29,201.35433959960938,203.21573369971975,198.98010208024712,201.86716852766546,12871900
2020-01-30,198.08740234375,199.30301089187657,194.71598189758146,197.42261868324277,14376000
2020-01-31,196.19749450683594,197.47008238041565,194.4291628090384,196.11202543126632,18181400
2020-02-03,202.38002014160156,204.2034328913611,198.17286355151546,198.17286355151546,14118800
2020-02-04,211.66802978515625,213.0925723090344,209.39825927675824,210.21499757009622,16695100
2020-02-05,209.14183044433594,215.29584988043058,206.5966403529071,215.12491173915913,15766100
2020-02-06,209.78761291503906,212.39927408052876,208.72395918664026,211.90544313016943,10790800
2020-02-07,205.637451171875,206.88154926687002,204.07046026421773,206.52067503144556,13790300
2020-02-10,204.9156951904297,204.9156951904297,201.52527706839334,202.75988347255438,17420300
2020-02-11,206.2832489013672,208.94238319980965,204.4598218235851,208.84742239840534,16073500
2020-02-12,213.02609252929688,214.1752299061185,209.13235155223748,210.00606925183905,18671900
2020-02-13,209.2747802734375,213.68136427256619,207.97370282593803,208.9328895109536,28069700
2020-02-14,208.58151245117188,210.49039413825324,207.25193078855602,209.9775652267611,10690000
2020-02-18,209.42674255371094,209.74014363830892,206.56815136898172,207.5558422703564,12987000
2020-02-19,210.9652557373047,212.31382095600077,209.6451802105306,210.3764494493209,10798100
2020-02-20,207.0714874267578,211.30713342112293,203.44366013220778,211.30713342112293,14950100
2020-02-21,201.89566040039062,206.6536417149751,200.91747569113826,206.59664784129004,17681200
2020-02-24,195.78912353515625,196.8527772917656,192.3227281106706,193.31041901997548,19380200
2020-02-25,195.2667999267578,199.38847296833205,193.83276561723216,198.02090977692393,18132400
2020-02-26,198.23934936523438,202.36102239210948,196.3874324302758,196.39693865511327,19482100
2020-02-27,194.71597290039062,199.40746871678652,191.70544136240298,194.69697494205485,22741200
2020-02-28,197.53656005859375,198.41027771990943,188.57239335625826,188.97030709851802,31251100
2020-03-02,200.3666534423828,200.49011843350902,193.50605747068482,198.09688289953183,21542200
2020-03-03,196.9762420654297,200.75602408175067,192.0663206883344,200.46162095237833,20813800
2020-03-04,201.29736328125,202.00012832331117,198.34381118256584,198.95161541712483,12474400
2020-03-05,200.822509765625,204.32687212015233,198.6192104242291,199.43594869854715,13462900
2020-03-06,194.3455810546875,196.58686179782745,190.98366718557529,196.3019504042292,21700500
2020-03-09,187.7167205810547,189.83453641191434,184.17434773317314,185.7793346308617,25502600
2020-03-10,196.00755310058594,197.01422749550323,190.698761457234,195.19081480997826,19022600
2020-03-11,188.90383911132812,192.88306354697804,186.24469016827652,191.50599418081487,18908200
2020-03-12,175.78855895996094,180.90455991689905,174.67740300294705,177.11812622900845,30247100
2020-03-13,184.24082946777344,186.13072772914444,178.362215116164,185.0955491688261,23650500
2020-03-16,169.8529510498047,178.54265422211574,165.721772137017,167.28876303982878,26628500
2020-03-17,175.5131378173828,179.86274283441068,170.65070385548447,172.14171753110878,19276500
2020-03-18,170.94509887695312,173.2338672898037,161.4481489393446,167.14631890190972,22054200
2020-03-19,171.7808380126953,177.8303905880404,168.46639721160707,170.2423222427803,20905700
2020-03-20,172.17971801757812,178.82758346620125,170.94511153602306,178.29575654890286,21006100
2020-03-23,167.46922302246094,169.52056782529283,161.4006721824807,166.45305684598924,22554700
2020-03-24,176.40585327148438,179.30242603501583,172.06573999296086,173.87966099304734,20801500
2020-03-25,179.07449340820312,185.370976124876,175.2329787321335,176.47233828772664,19605200
2020-03-26,185.4944305419922,186.44412552246638,178.16278413343582,179.150460537003,15416800
2020-03-27,179.10296630859375,183.04420902745773,178.5426497685897,180.4135499706732,13376400
2020-03-30,181.64816284179688,181.8475906724832,177.60245295353025,178.04881075332676,12254400
2020-03-31,184.69668579101562,186.89047899664345,181.01187892036646,182.34144616886934,19084800
2020-04-01,178.1248016357422,183.1676800433051,175.73156604715086,179.96721235522617,17948600
2020-04-02,179.39736938476562,181.67664594838135,176.3507550717073,176.71923717423084,13412100
2020-04-03,177.6974334716797,180.96438661678263,176.08295485681717,180.5560102280469,9483100
2020-04-06,186.5675811767578,186.97595756507982,183.00622490146517,184.943610830294,13248700
2020-04-07,188.03961181640625,191.31605669981658,187.13740445593032,189.98648948345163,14934500
2020-04-08,186.12123107910156,188.8563574490812,184.13067687044057,188.36251196756902,13608000
2020-04-09,186.49160766601562,190.27140430412112,183.67101227878035,188.65691116655236,17821300
2020-04-13,189.40716552734375,190.24764035182793,185.69385474828255,187.46977968992263,16117900
2020-04-14,194.47854614257812,197.5080755922027,193.97520893841062,194.63999255795298,16757100
2020-04-15,197.69801330566406,198.6287103805868,191.18310479881245,194.46905598953424,10768100
2020-04-16,201.96214294433594,202.52245951857537,198.6002145165078,199.93928794947655,16353800
2020-04-17,198.9611053466797,204.1654299636069,198.34475131205843,204.1654299636069,13558500
2020-04-20,201.45880126953125,205.22909150925125,198.82814211054173,199.31248133477345,19295400
2020-04-21,196.90975952148438,201.45880672581316,194.7159663711428,199.34097642387496,14107600
2020-04-22,199.39797973632812,201.3353512686357,198.68570844646266,201.3353512686357,13471100
2020-04-23,194.9154052734375,199.96777509282555,193.2249493478532,199.66388023096545,20424000
2020-04-24,194.07968139648438,196.11202822801303,192.61715739260532,195.53271366667468,14673900
2020-04-27,193.44338989257812,197.3276392262065,191.86689260855013,197.1092134190353,17286800
2020-04-28,191.03114318847656,194.86791909822284,189.37582839958975,194.50703036154093,17203800
2020-04-29,196.3019561767578,196.6628449186744,192.3227317559689,192.7216019222576,19117800
2020-04-30,192.4746856689453,196.30195539460448,189.26471190244573,195.8745955389405,20107400
2020-05-01,184.69668579101562,187.45081007890897,183.15818447614856,185.90280253935506,22276200
2020-05-04,181.53419494628906,185.19052652283358,179.9956936708205,184.96259450412884,25709400
2020-05-05,185.20953369140625,188.29604262028576,184.43077679049924,186.5011195459083,22957200
2020-05-06,185.3519744873047,188.9038390630847,185.1240424666913,187.72621202670942,18598900
2020-05-07,186.6055908203125,188.1250942481735,184.98160586317945,188.03962516916567,16164600
2020-05-08,191.0691375732422,192.8070811458554,188.6853938712754,189.7490621152939,23819700
2020-05-11,195.06735229492188,196.24497934248924,192.19928375372407,192.57915596716074,17920700
2020-05-12,190.2333984375,197.58404277295716,189.95799327042155,196.5393725022556,17826800
2020-05-13,189.42616271972656,194.38355706913464,188.0206037480709,193.37688273213465,22429700
2020-05-14,191.17361450195312,191.61997233016956,184.2693275017505,185.66538037022383,20025900
2020-05-15,193.4338836669922,194.20314884138665,190.0339880903494,190.60379643399384,17209500
2020-05-18,204.45033264160156,204.6307770050747,199.7873268459778,201.8101817757834,23556600
2020-05-19,206.2737579345703,209.49322351156715,204.36487613816914,205.82740011048907,21438100
2020-05-20,205.88438415527344,210.03170662501842,199.98678599145612,208.93291165140448,38324100
2020-05-21,201.4873046875,203.78556496273092,198.98960207623495,200.66106014244025,29850700
2020-05-22,189.6540985107422,194.5735264031925,188.97982314058245,193.00652087660274,51979300
2020-05-26,191.57247924804688,196.39693165470234,190.88869767915423,195.58019336359146,28683200
2020-05-27,191.0596466064453,192.778606850169,186.85250441578054,192.778606850169,23605400
2020-05-28,189.45465087890625,192.1897624821436,187.67871146758216,188.98929513636344,18763200
2020-05-29,196.95724487304688,197.42260063846606,186.8050030352439,189.9389994239787,43179500
2020-06-01,196.1785125732422,196.77681059810266,193.6808099655218,195.54220414028208,16169700
2020-06-02,203.5481414794922,203.7760735079579,196.74832145449392,196.7863173715031,22485800
2020-06-03,207.61282348632812,207.95471426425786,202.99730522987474,204.75424676752382,19999500
2020-06-04,207.0714874267578,208.932895966953,205.43802539018867,206.3497244575205,14962400
2020-06-05,208.5055389404297,209.49321535858226,207.69829239862753,208.93289878971498,11983200
2020-06-08,207.9832000732422,209.3127672452688,204.49782124474817,208.55302285622236,12731200
2020-06-09,209.61668395996094,209.61668395996094,205.32405845326423,205.4285254841085,14140100
2020-06-10,212.4277801513672,213.6813845632458,209.50273217270976,210.83229943573588,13372400
2020-06-11,204.412353515625,208.88540877394027,202.81685840753113,207.03350645389907,15560300
2020-06-12,206.69161987304688,208.45805315827278,203.12077187860123,207.5083581552738,12716500
2020-06-15,206.11228942871094,206.76758124877986,202.04759628898486,203.33918197299465,17419900
2020-06-16,211.4210968017578,213.52942086642787,209.02787582931805,209.88259553501857,17212400
2020-06-17,212.96910095214844,213.6813721927911,211.30713472398227,213.11154940379876,12486700
2020-06-18,212.29481506347656,214.659560843001,211.70600879749847,212.48476565745275,10358800
2020-06-19,209.54071044921875,215.10592389429968,209.01837528545252,214.99196512809473,19545200
2020-06-22,210.27197265625,210.9082665649715,208.40582546598517,209.80661689112728,13303600
2020-06-23,217.24273681640625,218.64354277377734,213.23502265442102,213.79533924089105,18263400
2020-06-24,214.8400115966797,219.40804238835182,212.97100956844642,216.81537900492637,12159500
2020-06-25,210.9842529296875,213.38698021436485,209.7591382167025,213.29200491417203,14953100
2020-06-26,204.85870361328125,211.07919392984908,202.75987140203375,211.03172077540407,19340600
2020-06-29,204.20343017578125,205.60897476793008,201.1644089665961,204.2129219092863,12333000
2020-06-30,204.84921264648438,205.54248595263817,202.18057196238368,204.88720856230418,12933800
2020-07-01,205.08663940429688,205.65646222037026,203.9375165298503,204.95368267937258,11788100
2020-07-02,212.351806640625,213.7051104153023,208.98987824385478,210.68984039967128,18128700
2020-07-06,227.9268035888672,228.38265313851008,221.1080003372743,221.57334162023616,33702900
2020-07-07,224.61236572265625,229.16141301915664,224.25149146624295,228.88599334612965,16491600
2020-07-08,244.71739196777344,245.48664257190836,231.74456974103342,232.5423100348626,39922700
2020-07-09,248.42120361328125,254.51825822296405,243.03644923101655,252.1914938962529,36803900
2020-07-10,247.87989807128906,248.72511153969427,242.84651173707547,247.1201246915187,20335000
2020-07-13,239.00975036621094,252.29598926981842,238.06954705431886,248.29778124326364,21568700
2020-07-14,236.0751953125,237.18633677285268,229.0949309563399,234.16631349464225,19782600
2020-07-15,236.67349243164062,239.79798254089906,234.1377940818275,238.82928960339714,12614700
2020-07-16,230.301025390625,232.72275041152827,228.62956749534175,229.60775213461253,18032100
2020-07-17,234.70762634277344,235.4578790314231,232.1814341151347,234.1473097596253,18742400
2020-07-20,241.9917755126953,244.7079182260858,239.73149682332308,243.54928919129796,19015000
2020-07-21,244.92633056640625,248.74412295064937,243.61574685136105,248.06981864471746,17120700
2020-07-22,239.03822326660156,243.37832178431196,237.04387250583142,242.8939825619525,19682200
2020-07-23,239.2091827392578,244.69841871443091,236.17965335164305,239.41811679986543,25712000
2020-07-24,236.4740447998047,236.92989432260703,229.72171306141547,232.63728354142765,17221500
2020-07-27,238.24049377441406,240.14937555160998,233.4445310155611,234.67913744227513,18966900
2020-07-28,236.52154541015625,238.99074374427224,236.0276999468547,238.51589623872735,9878700
2020-07-29,239.75050354003906,241.5074451135458,237.51872895042325,237.74664647956425,11493600
2020-07-30,240.0259246826172,241.0895784683263,237.0628663648338,239.03823374629073,7032900
2020-07-31,238.39244079589844,241.6024000127789,235.6193331599872,241.4124639127403,12304100
2020-08-03,244.96434020996094,247.53800564566103,241.2225394448626,241.24153740314125,11530300
2020-08-04,249.01004028320312,249.35191657123002,245.80006655001353,246.9966625404989,10994500
2020-08-05,251.58370971679688,252.59609364454974,248.58742310596776,250.4725537978104,10673800
2020-08-06,252.31494140625,252.33395385353086,246.16093682419802,250.16865057792197,10359500
2020-08-07,239.41812133789062,244.7933986514159,235.11600403862784,244.46099959654995,22529600
2020-08-10,235.6478271484375,239.08571844278566,233.71994744005153,236.79694999390716,13621700
2020-08-11,235.92323303222656,240.15887915990018,235.3629164532945,238.64885307821456,10681800
2020-08-12,242.35267639160156,243.19788989525105,236.17015248807624,236.71148560953716,11112300
2020-08-13,240.95660400390625,244.04311259307931,240.1588637233606,243.49230227403226,8794500
2020-08-14,241.1940460205078,242.90349995922494,238.98125487916786,242.63758651222406,7876400
2020-08-17,244.03363037109375,244.4277619293913,237.50449143532725,240.2728461122331,9760000
2020-08-18,246.16094970703125,248.269273715915,243.178893566787,245.69557946013254,13267800
2020-08-19,247.4810028076172,248.14580086359874,244.43249014224014,247.76592868120488,14096500
2020-08-20,244.99282836914062,245.85705432545913,241.3934760856585,243.96717048765044,21460800
2020-08-21,252.4289093017578,253.9769167269703,245.31570331088037,245.99948484280276,25648200
2020-08-24,262.1347961425781,263.03701796032755,257.9561440558034,259.49464527563674,22475800
2020-08-25,271.6127624511719,274.5758061316385,262.1538086291305,264.072182042153,27535500
2020-08-26,277.27294921875,277.7668091766245,269.808360292088,274.7087900607084,19530300
2020-08-27,269.8748474121094,275.6489803991395,267.9089717589151,275.57301754955927,14805800
2020-08-28,274.46185302734375,274.9367005239308,269.3050161701817,270.7485421261457,9681500
2020-08-31,272.5909423828125,274.64228696807817,269.342972877211,274.10095388674625,13253800
2020-09-01,283.00909423828125,283.00909423828125,274.3383747339999,274.6517902966839,13797100
2020-09-02,281.17620849609375,283.95880791892324,275.2121249940823,283.95880791892324,12638600
2020-09-03,268.2888488769531,276.1076897665298,264.16717588005804,274.46186663872373,16766200
2020-09-04,267.23468017578125,269.5044360718224,253.9389506626526,265.53471807296194,15885800
2020-09-08,256.4366149902344,260.1879215629115,253.17916833070538,256.6360717931854,12734000
2020-09-09,259.4092102050781,261.77397070697003,257.25341276642257,260.6438312218331,9465700
2020-09-10,254.0908966064453,263.16050163671173,253.94844814678513,261.0711609537204,10676800
2020-09-11,257.9466552734375,260.71977753572355,254.63222886629063,258.91536276060503,9412800
2020-09-14,260.3114318847656,262.3912664657919,258.08914883566797,261.5080279989602,7883300
2020-09-15,263.97723388671875,265.0599001794809,260.97619398371404,264.0152298046385,8291400
2020-09-16,264.148193359375,269.338273295173,264.015222141712,266.8927969647522,9583500
2020-09-17,261.8498840332031,262.02082216272396,258.62188352629056,259.3711652255957,8016900
2020-09-18,258.7064208984375,263.32192473096603,256.9399731107251,262.0968390365887,11753500
2020-09-21,260.0455017089844,260.42537392689957,252.9987517897285,255.56293997984298,9076400
2020-09-22,261.4415283203125,262.41971294986286,256.4651071234014,262.134787078241,9673300
2020-09-23,259.2192687988281,263.8537561779809,257.8421994189194,261.54600422182875,7353200
2020-09-24,256.1612548828125,257.604780917333,253.88578926508254,254.4517864126351,9562100
2020-09-25,257.45281982421875,258.1366013987917,251.25131249495806,254.109903783191,11466600
2020-09-28,262.12530517578125,264.81292905771363,260.40540326356535,261.6694411787261,8761700
2020-09-29,262.9990539550781,265.2498266780898,261.0711740843337,261.5745113220435,7673300
2020-09-30,279.1913757324219,280.1600543000686,269.43798851364977,269.7229144328831,24777700
2020-10-01,275.4590148925781,280.7203331497949,273.74957553682214,280.40694656144944,16304000
2020-10-02,273.67364501953125,277.2910245508039,272.09714770271665,272.2016002503736,11482800
2020-10-05,273.7685852050781,275.4115680966959,270.5491340143785,274.51885241944615,17876400
2020-10-06,277.68133544921875,281.90746081720596,272.47699640641787,272.9518439072518,15860400
2020-10-07,281.5845642089844,284.4431553999399,278.13716676209316,282.9996004680809,16669300
2020-10-08,285.4213562011719,287.0927997680219,280.57886210667783,283.11357522117214,15105800
2020-10-09,284.66156005859375,287.38717997597723,282.76217012509835,283.53142072957274,11442200
2020-10-12,290.9295959472656,294.06360719353796,286.1288941314332,288.6598397096754,14780100
2020-10-13,293.246826171875,294.414961476374,287.78607982446186,290.9485514786243,10898500
2020-10-14,285.89617919921875,294.36744202193245,285.66823270053374,293.45574297436286,15157800
2020-10-15,284.3956298828125,284.7783713071427,277.89021394713257,279.02035320961426,9709900
2020-10-16,291.85076904296875,294.4054509195393,287.71011274158377,288.69777467734684,12338000
2020-10-19,289.9324035644531,298.0237947791549,288.1469722724672,294.3010064950243,14107300
2020-10-20,294.2250061035156,296.11488988218287,291.613344849325,292.1261882652175,8806100
2020-10-21,292.4775695800781,298.2042292565045,292.2211623643783,296.0674155118321,11139700
2020-10-22,290.8725891113281,296.162397320228,288.90671346722905,295.79200235145925,8008400
2020-10-23,294.32952880859375,294.7188783091938,288.7643002501057,291.81281351649096,6231400
2020-10-26,291.4328918457031,299.5907681891999,287.94752752351616,294.329478903964,9350100
2020-10-27,301.186279296875,303.2566073935702,290.23626837517105,292.2686295400597,13175900
2020-10-28,292.4490966796875,297.7293988510866,290.6066859599123,297.7293988510866,13644500
2020-10-29,296.836669921875,299.70473841759144,293.3702889328475,293.8736261287075,11174500
2020-10-30,289.3625793457031,295.1936917255352,285.0889517352728,293.0283882288795,14918500
2020-11-02,295.20318603515625,295.77300882335953,290.0273657497546,295.30766755448246,11857600
2020-11-03,271.20440673828125,279.47624203150264,266.6553595961493,271.80271922244697,58132500
2020-11-04,280.8343200683594,284.12028586657664,270.9479909457882,273.3127513699793,28791200
2020-11-05,273.27471923828125,276.598651531362,265.5347112665854,274.547306981174,50065200
2020-11-06,284.8610534667969,285.7537691688237,275.20835119347595,276.82661214855574,25259600
2020-11-09,275.9148864746094,288.70727925070435,275.88639678397897,288.4888389676104,22559900
2020-11-10,253.13172912597656,265.9146165042913,251.03288217838747,265.8861268118187,61064000
2020-11-11,252.2864532470703,258.24105902788324,248.06505231257086,248.74410969441635,41699000
2020-11-12,251.01388549804688,257.5572980212881,249.80778327033624,257.40534334196843,27119100
2020-11-13,247.71844482421875,252.08704770009325,244.2330803410139,251.40326612837035,33942800
2020-11-16,245.3157196044922,249.36142968561055,244.10011113171188,247.31959117821134,20864200
2020-11-17,243.8816680908203,247.1866171744017,243.63476709511704,247.1866171744017,19739500
2020-11-18,242.96046447753906,245.31570393167902,239.8454661536521,244.79338329422342,28307100
2020-11-19,246.81625366210938,248.25027344010894,240.8046679309461,242.17223108389356,20752800
2020-11-20,257.12042236328125,258.66842989464055,248.72512180158495,250.6909974634606,34178400
2020-11-23,256.5221252441406,261.8594359617738,253.00922724155112,260.9287243457323,25317100
2020-11-24,265.8766174316406,266.4939134161499,259.07679741241026,262.33899758257775,20660500
2020-11-25,263.7492980957031,265.27829314306206,260.2639046731476,261.830924618189,15229300
2020-11-27,262.5716857910156,264.888943925116,261.7986094787737,264.7749561791444,9583200
2020-11-30,250.1116485595703,255.43945230926698,249.31390827805652,255.43945230926698,30476100
2020-12-01,250.72897338867188,252.30547048585245,248.41171538870913,252.11551990262015,14573100
2020-12-02,248.17430114746094,249.86475706631165,247.02514934499501,248.82008678333852,13919700
2020-12-03,253.48309326171875,255.08808011342862,249.90275358303813,250.5105433058018,15520500
2020-12-04,253.80599975585938,257.652253079689,252.87528818183978,257.38633962745376,15527600
2020-12-07,250.71946716308594,252.59036737659093,249.38990002763848,252.33396017337995,11388700
2020-12-08,252.704345703125,254.89813889209927,250.5960215885065,251.85913220178995,9447700
2020-12-09,250.52952575683594,254.43278722080905,249.8647566559564,254.10038817917382,9060700
2020-12-10,251.54571533203125,252.70434441582742,248.0603508384685,248.81058903701137,10290300
2020-12-11,251.23233032226562,251.97309128333592,249.294944353931,250.99490656573806,7771300
2020-12-14,243.15040588378906,247.73269578000242,243.15040588378906,247.22460548507044,18369900
2020-12-15,242.27670288085938,242.81802151968247,239.60806212992625,242.49512868310754,16595600
2020-12-16,248.71563720703125,249.9407228884558,244.10961066526642,244.77437977515135,15804800
2020-12-17,251.1278533935547,251.5267380640721,247.110661908335,251.38428960402757,14306600
2020-12-18,246.9207000732422,251.57419977814425,246.16095566597338,250.62450477786254,15981800
2020-12-21,247.3290557861328,247.35754547613357,241.69737153098805,242.33366542633053,10901800
2020-12-22,242.96046447753906,245.34419362131496,242.5615943314408,244.89783582875845,11468400
2020-12-23,243.29286193847656,244.40401785805767,239.82648093089523,242.6470762841792,10729200
2020-12-24,210.83229064941406,218.33487537604555,200.6040714103739,216.75363957230107,141830000
2020-12-28,211.1741943359375,213.67189698345967,204.48834748286686,205.96986945938158,73512100
2020-12-29,224.37493896484375,227.15755289344392,218.04998118000674,220.10131139852896,69715900
2020-12-30,226.39779663085938,231.14627176007005,222.8411933962633,231.10639198847707,44812300
2020-12-31,221.02252197265625,226.90113657211768,219.40518854182932,225.51458993273357,23451800
2021-01-04,216.3880157470703,218.79074298441716,213.71936057266117,215.10592167570363,24897900
2021-01-05,228.30667114257812,228.64856192063718,216.6444177560684,217.5276416373858,35823800
2021-01-06,216.1600799560547,226.31232184467277,214.4981137027762,223.13083779191854,37146100
2021-01-07,215.4857940673828,218.38236677428122,209.01837330500064,217.77456254162024,49361800
2021-01-08,224.3084716796875,226.59724018217443,215.27971742658832,216.41650829104864,34884900
2021-01-11,215.93214416503906,219.21334207811137,214.49810995410255,218.33487131849188,23036900
2021-01-12,214.25119018554688,218.19241849906274,213.81432412493973,216.89607965328267,18969900
2021-01-13,223.46322631835938,228.3921454646192,214.90646547996872,218.3728607683255,38805100
2021-01-14,230.7568817138672,233.3400532135127,229.3228475138121,232.9696727517133,31381600
2021-01-15,231.21275329589844,234.5651755187879,229.96864066134987,233.8623959952104,21561600
2021-01-19,238.99075317382812,240.15888851721922,234.5651852608444,237.42376214018148,23681900
2021-01-20,252.134521484375,255.46796027760433,249.48489324695925,254.04341774817533,44640800
2021-01-21,246.9207000732422,251.28930287101628,244.92633477617235,250.84294506158824,20709900
2021-01-22,245.61013793945312,247.23410841770914,242.64709391512852,243.88168593113247,13518200
2021-01-25,248.2312774658203,251.85911922993975,244.8788553598122,250.3585849377104,19478600
2021-01-26,252.5428924560547,252.618855299382,247.9843393318952,250.52951482801018,14681200
2021-01-27,247.1581268310547,252.5429103004332,246.87322992045972,251.79264312601083,16050400
2021-01-28,247.64247131347656,248.4117219257477,244.38499551789914,246.13245977892984,10244900
2021-01-29,241.0610809326172,245.87602699413804,239.60804875792425,243.15040701135513,14693000
2021-02-01,251.374755859375,251.66915897203413,242.35740704584234,245.78103875407226,15289300
2021-02-02,241.6973876953125,251.66918561594426,241.26052160075847,251.26082370449262,30534300
2021-02-03,250.17816162109375,254.78418843870818,248.10783335499673,251.38429289082376,29179700
2021-02-04,253.5305633544922,256.408137980156,252.19911232562643,256.01875956107,16763000
2021-02-05,252.30548095703125,253.0462418905565,249.96921041235146,251.29877760298768,11018700
2021-02-08,249.38040161132812,251.6691699936859,248.64914690953546,251.65018652772443,10721100
2021-02-09,253.084228515625,253.7585328788801,249.33295039952432,249.7698020142129,12432800
2021-02-10,254.31884765625,256.7975378456852,251.28931810312267,255.18307363677908,13090800
2021-02-11,255.40147399902344,260.4633646704267,253.75852016813204,255.23053585171542,15295800
2021-02-12,254.3758087158203,256.65507089397875,252.31495783650098,255.5534212283508,9355100
2021-02-16,257.0824279785156,260.49182928387296,256.7975021113738,257.3673248632684,16708700
2021-02-17,257.2059020996094,258.6171707631425,254.3378334325339,257.2629104673994,13262400
2021-02-18,251.20382690429688,252.78980128109924,249.13346983388868,251.88760844502818,15382300
2021-02-19,250.33009338378906,255.83834159304848,249.6273283811418,252.66633489230077,14718400
2021-02-22,241.2225341796875,246.40786085446462,241.2225341796875,245.0118080209794,14403500
2021-02-23,240.03543090820312,242.0772695289455,229.4653200553592,234.86908736650332,15980300
2021-02-24,237.74664306640625,239.32314024591312,235.6193355385856,239.32314024591312,12831700
2021-02-25,228.09774780273438,237.74665288919192,227.9932952598593,237.4237600534064,17967300
2021-02-26,225.79946899414062,232.58029044454972,225.6950019686516,232.32388323841812,17470700
2021-03-01,229.53179931640625,230.57645517834192,227.22403280583126,228.92399506309204,14043300
2021-03-02,222.62750244140625,229.0664334480639,222.48505398642544,226.7776649967333,14644200
2021-03-03,224.3844451904297,227.5554666428485,222.65694972675635,225.55256600102646,13571700
2021-03-04,218.9047088623047,224.47941416447856,216.87236203646302,223.17833658412843,22964800
2021-03-05,222.12416076660156,224.53637966654324,216.8533506706555,223.57719294289,15988400
2021-03-08,215.286376953125,219.19911599009743,215.13442226459097,217.49916819711277,17138400
2021-03-09,226.16036987304688,226.73019267746852,221.35016231240087,221.63982682686057,15291300
2021-03-10,222.51353454589844,229.18513591896712,221.88673238731394,228.8764879517111,10491200
2021-03-11,228.68655395507812,229.56027159724883,223.1783201759019,225.26764623250105,15162500
2021-03-12,220.20578002929688,223.60568994569326,218.15063861132418,221.93898503673734,17778400
2021-03-15,218.6957550048828,218.85720140971182,214.87797719461238,216.91983006056876,14499700
2021-03-16,215.51426696777344,218.2873889601287,214.18469984091394,216.59693311689526,19336600
2021-03-17,221.60183715820312,223.7766469148975,214.4506346662185,215.10592656241724,16949500
2021-03-18,224.536376953125,227.45194749473947,223.71014695848947,226.5592318957931,14822300
2021-03-19,227.72735595703125,229.44631606667633,224.96755123441403,227.60390546197502,15959700
2021-03-22,225.19168090820312,226.5307543785792,223.1783320815017,223.99031727473138,12063200
2021-03-23,225.71401977539062,228.9904647848572,223.6531832651395,225.36263724566007,12295600
2021-03-24,218.04046630859375,225.36262095796226,217.70808176133494,224.91626315944174,15949900
2021-03-25,211.5160675048828,217.70808284372694,211.3071334495921,213.6813709040819,24819800
2021-03-26,215.8276824951172,217.70713262738354,209.33177211244922,210.83229196538056,22030800
2021-03-29,220.1962890625,220.69013453300428,213.77635591072848,214.1467363908077,18029100
2021-03-30,217.71759033203125,218.85722149441764,215.23888567052254,217.7365882905767,14828700
2021-03-31,215.3243408203125,219.8733879331542,215.0774253399778,218.32538046374432,16825400
2021-04-01,213.07357788085938,219.61697606928672,212.2568395739917,219.07564294547151,23497500
2021-04-05,213.96629333496094,215.17241008159766,211.3261423086637,215.13441416529625,14962100
2021-04-06,218.97119140625,220.32924835195553,214.38416264342737,214.65956782774097,18100400
2021-04-07,214.0802459716797,216.71090518917558,213.49143970663278,214.7355378427523,18034900
2021-04-08,216.75839233398438,217.87902547985013,215.2198765777202,217.00530781751522,12211300
2021-04-09,212.07638549804688,213.74785795165738,210.1865017458789,213.53892389495607,19763000
2021-04-12,231.73507690429688,232.5898111180875,224.74532096867387,225.92294801178286,57500300
2021-04-13,229.7217254638672,233.33056940127852,227.6323993394277,231.40268968964799,20793000
2021-04-14,227.19554138183594,232.76075492087315,226.64471651721902,232.07697332970707,12405200
2021-04-15,227.0625762939453,228.8290095908779,226.14802243451717,227.9268022302888,11288900
2021-04-16,226.68270874023438,229.7217299341199,225.8564787023707,229.7217299341199,14418800
2021-04-19,222.96939086914062,226.4262800883833,221.09849056044547,225.4955830462168,11216000
2021-04-20,218.31590270996094,222.82695419702245,216.93883329463765,221.15548163481918,12093900
2021-04-21,217.8980255126953,217.9455131614562,214.69755796471355,217.79355848189968,14315900
2021-04-22,217.81256103515625,222.22863713037108,216.3595287978303,217.25698306620401,11986200
2021-04-23,220.40521240234375,221.27893004383088,218.91418432996562,219.04714104733984,8967000
2021-04-26,220.9940185546875,221.74428570262242,219.208601849476,219.85438747895358,7792900
2021-04-27,224.0520477294922,225.01123448436016,220.4052223248818,221.69680813374748,11646300
2021-04-28,224.81179809570312,227.18603555912412,224.44141763105728,225.61904462974445,9187700
2021-04-29,222.39956665039062,226.07489612971685,220.89906131272156,225.82796615701022,9552800
2021-04-30,219.33204650878906,222.08617056735267,218.9141784108556,220.11080332606412,9326400
2021-05-03,219.10414123535156,224.28946785363274,218.81447672306675,219.63596812018082,13620900
2021-05-04,216.43548583984375,219.83539569663733,214.10873597586706,218.6672748980393,13260500
2021-05-05,215.371826171875,217.76506157641802,215.32433852468733,216.53045520551592,10013800
2021-05-06,215.02993774414062,216.94832568011293,211.6680238580543,215.68522960536652,12247700
2021-05-07,213.9757843017578,217.28071893952634,213.72886881146803,216.4354909448006,10550000
2021-05-10,208.48654174804688,211.6585195634252,207.5653364407071,211.6585195634252,17266700
2021-05-11,210.24346923828125,210.25296097079624,202.2850210499326,202.95931082955804,13887700
2021-05-12,208.83792114257812,213.9567765256475,207.98320145363041,213.43445587751026,20366900
2021-05-13,195.71315002441406,204.6592753082245,194.1081631338,202.42748623112283,51693900
2021-05-14,198.9705810546875,200.3286523501597,195.6561549985782,199.363756149801,31626800
2021-05-17,200.43313598632812,202.4274868248254,198.90412643121562,200.02002097303927,20529800
2021-05-18,202.96881103515625,204.34586584943824,200.78450969636657,201.81018200739464,19519400
2021-05-19,201.84817504882812,202.1995720635041,199.54991481803236,200.4806263799351,17030400
2021-05-20,206.07432556152344,206.6821297886437,201.93365473576813,202.28028414026272,19123400
2021-05-21,200.44264221191406,205.02967120889969,199.31250274279046,204.40286897525513,22825500
2021-05-24,199.85382080078125,201.34483443537002,198.20134626177332,199.4644423676685,15884200
2021-05-25,200.5091094970703,203.28221715134842,200.39513624333586,202.12358809488487,14116100
2021-05-26,201.12640380859375,202.99730409805628,200.89847179417956,201.62024926089336,9405800
2021-05-27,202.03811645507812,204.62128797522755,201.83867413197444,203.39617332872376,18680200
2021-05-28,203.19674682617188,203.73806543608822,201.39231764699443,202.05710124303008,10401500
2021-06-01,208.43905639648438,211.9054518720346,207.261443860375,211.80098484145756,23052800
2021-06-02,208.54351806640625,208.87591710729674,206.52067760442415,208.3915633910737,13126400
2021-06-03,206.12179565429688,207.69829282629783,205.4237692522552,207.033509227019,12448100
2021-06-04,208.002197265625,208.05917664547445,206.2167660773001,207.29941776802588,8999100
2021-06-07,205.98883056640625,207.41337300321734,204.83970778244785,207.03350081654574,9928600
2021-06-08,204.9631805419922,207.25193446401292,203.9375082096231,206.35921885114377,9443000
2021-06-09,202.5889434814453,205.67545221812463,202.5794372571211,204.383866444051,10233600
2021-06-10,202.35153198242188,203.99450036725838,201.53479365685521,202.75989389960694,10735900
2021-06-11,200.9934539794922,202.72190587619255,200.38564974474838,202.71239965160223,12276600
2021-06-14,203.17774963378906,204.3411173084328,201.567067733103,201.57276277297711,10773100
2021-06-15,199.49295043945312,203.70010726897326,199.09408023629274,203.39619788111932,12167000
2021-06-16,198.7901611328125,200.97444800444237,197.75118589308076,199.19852302041787,10917800
2021-06-17,200.95547485351562,201.80070285355,199.21753120354003,199.34098170386224,11233700
2021-06-18,201.62025451660156,203.08277846309562,199.99626966535808,201.3448348472722,13724600
2021-06-21,200.44264221191406,201.12642383203595,198.47678092246136,199.9583029356598,9273800
2021-06-22,200.68954467773438,201.01243748427623,199.3029836684737,199.8348105242356,11092100
2021-06-23,204.0514678955078,205.44752070217532,202.4084996061356,203.41517398564918,13785800
2021-06-24,207.39439392089844,208.53402499619384,204.71624712731864,206.07431848120214,13488200
2021-06-25,217.0053253173828,218.6672917038398,209.97758753684346,210.55690211405636,27383900
2021-06-28,217.0907745361328,219.27507591388652,215.31484953997088,217.95500045591464,13564900
2021-06-29,217.8980255126953,218.08796161654305,214.2530984971684,215.29585596727415,10273800
2021-06-30,215.371826171875,216.5114572484018,214.32715589852813,215.57126849358497,9348600
2021-07-01,210.70883178710938,217.33771353388892,210.40493691276092,216.59695256936908,13316400
2021-07-02,206.7960968017578,208.45806313655953,205.57099656537324,208.13517029797092,12989200
2021-07-06,200.95547485351562,204.56430438729186,198.84049926113096,204.48834153687642,23719900
2021-07-07,197.53656005859375,201.38282770797377,197.36562191431696,200.9649595892585,18340400
2021-07-08,189.7965545654297,192.10430649636345,188.28652847810213,191.56298787317485,33992500
2021-07-09,195.5802001953125,196.8413979993775,191.36355187025006,191.8858870440657,16911300
2021-07-12,195.14332580566406,196.06928423313624,192.80708420561072,193.64280595700745,11259500
2021-07-13,198.9705810546875,202.10457724535166,197.7169912731387,198.7046676315955,17375900
2021-07-14,200.86048889160156,205.46651535533394,200.4141310903246,204.65926882335762,19484200
2021-07-15,203.9564971923828,205.70394704175504,202.43793578347956,204.28889624572108,14283600
2021-07-16,201.43032836914062,204.3743743654894,200.82252410934245,204.0419897886353,11150200
2021-07-19,198.40078735351562,198.56223376573223,193.0160184037663,195.73214670293115,15865800
2021-07-20,199.99627685546875,200.86050282779226,197.03037817460287,198.48626520571435,9986800
2021-07-21,200.46163940429688,201.1929086740848,197.93544701135446,198.62872036283824,7650300
2021-07-22,203.272705078125,205.50449405493148,201.90515649342137,201.94313791610958,10563100
2021-07-23,196.14051818847656,196.48240898729452,193.31992272102764,195.91258615886576,25539900
2021-07-26,182.11349487304688,188.58566815071453,181.2777731872225,188.39097895078646,55736800
2021-07-27,176.70974731445312,177.49798137521654,170.63169090492156,174.35449339130207,59265700
2021-07-28,186.14971923828125,188.03961758130788,180.2141252489723,180.66048307626403,34535200
2021-07-29,187.60275268554688,191.02166064169953,185.10506457290958,190.9314384531902,23363200
2021-07-30,185.3709716796875,186.18295685727605,180.90740802227754,180.99287709545615,17250600
2021-08-02,190.02447509765625,191.9048816909435,186.37764965990493,186.39664761804212,17889200
2021-08-03,187.4508056640625,187.5077850460569,182.34144187435874,185.20001863691274,20115900
2021-08-04,190.61329650878906,193.04925209658623,187.00445248402838,187.5552773422831,22327300
2021-08-05,189.25521850585938,190.21440523935917,187.69771928497101,189.24572677268657,9881400
2021-08-06,186.51060485839844,189.2932188092869,185.83631501640826,189.22673320194878,11967700
2021-08-09,185.42794799804688,185.66537174708407,183.12019611317928,184.79165408957067,14657200
2021-08-10,185.88380432128906,188.46697596436547,185.25985688871413,187.34634278379357,9983700
2021-08-11,185.0575714111328,187.01394082564656,184.93410642186095,186.7100459559259,8985100
2021-08-12,182.0185546875,183.27214460379813,180.14290118863713,181.55319890147018,12873400
2021-08-13,179.13148498535156,179.73928926923045,177.31757835907368,179.12199325118996,15377000
2021-08-16,173.51878356933594,176.89018929910858,172.37913795179455,175.69357879012531,21020700
2021-08-17,164.99050903320312,168.9412437288272,164.43968419178665,167.070343411132,40558000
2021-08-18,163.679931640625,166.53850824445556,163.45199963410755,165.34189781542779,34339800
2021-08-19,152.47354125976562,158.8497980347361,151.48585030510688,158.31415994739416,66663000
2021-08-20,150.01382446289062,158.5325750474146,147.67756845082243,155.8639344891775,75948900
2021-08-23,152.9578857421875,153.3472641989951,145.1134096763781,151.2674296759264,88699200
2021-08-24,163.06263732910156,165.39128565212886,159.6988248785578,160.53644501600925,62786400
2021-08-25,160.5934295654297,161.07776879639445,157.72534662095092,160.2135428724416,26055400
2021-08-26,156.92759704589844,159.97610968713118,156.5287269101855,159.03592097123453,18816500
2021-08-27,151.44786071777344,153.63216208584697,150.57414306878312,151.94170616848814,31718100
2021-08-30,154.12599182128906,155.07568680063108,150.27023252375176,152.1126431022665,23769400
2021-08-31,158.58956909179688,160.49845077471315,157.7823225665702,159.2638444089763,24629100
2021-09-01,164.5631561279297,165.99719042808718,160.811863600935,161.03028940360352,29550200
2021-09-02,163.3475341796875,169.21664211478864,163.03413310191095,169.05519570948468,29302400
2021-09-03,161.73304748535156,163.404505324736,160.3844824403037,160.99702522894958,16423500
2021-09-07,166.3485870361328,167.94406775093321,164.64862479586728,165.38938576933836,24608500
2021-09-08,162.12245178222656,165.59832472525426,160.7453823377148,165.4843659540327,18993000
2021-09-09,158.90296936035156,160.53643137710048,157.25049489546984,158.883971403414,17295800
2021-09-10,159.64373779296875,163.0056517694159,159.17838201886113,162.58778364429,15064300
2021-09-13,157.0890655517578,158.46801885657788,154.81929490622855,156.2153478232692,15458600
2021-09-14,152.09365844726562,154.86582436275603,151.45736449439963,154.66733844250265,20925900
2021-09-15,149.91885375976562,150.0803001713392,146.17705312919114,150.00432283215238,31796600
2021-09-16,148.3993377685547,149.70897959818697,145.93963115856158,147.1267499268435,24358900
2021-09-17,151.99868774414062,152.31208883328185,150.1372791668401,150.50765963742597,25489000
2021-09-20,143.8693084716797,147.33568961084174,141.59003165489676,146.6329100563743,36177500
2021-09-21,142.6251983642578,144.90447522230036,142.04684021208163,143.95478015424848,19494700
2021-09-22,144.24917602539062,146.25303309747792,143.4229459950746,143.85030585588646,19832000
2021-09-23,143.58438110351562,144.9994172976974,142.08386135094582,144.90445649788097,24707500
2021-09-24,137.78176879882812,140.55487679116968,137.29742950779772,140.2794715843949,32067400
2021-09-27,142.6251983642578,143.3944635419851,137.1739579480059,137.6298075231357,24287400
2021-09-28,144.72401428222656,145.99660204992614,141.37159223486546,144.5055884991008,26299600
2021-09-29,140.15599060058594,144.4486160814479,140.06101530359155,142.8911168526319,17361300
2021-09-30,140.60235595703125,142.05538823360146,139.4760132151474,139.63366294225227,14291500
2021-10-01,136.94601440429688,140.9822181042676,136.12927613477262,139.69063234062915,20211000
2021-10-04,132.6059112548828,134.76170836990235,131.46626571548808,134.57177227706825,25218500
2021-10-05,135.93934631347656,136.5946382042089,132.18805383496687,132.36849820965503,14032100
2021-10-06,136.85105895996094,137.60321000060372,132.91932213435675,133.48913045489303,14875900
2021-10-07,148.1524200439453,150.32721521846432,143.1665212924664,143.45143269079003,46035900
2021-10-08,153.39474487304688,154.59135539066122,149.96634524471156,151.81824764977998,33499200
2021-10-11,155.70248413085938,161.25820538400234,155.70248413085938,161.07776102493827,42193600
2021-10-12,154.80029296875,157.39295639467935,154.0785299484258,155.58378848584334,24512700
2021-10-13,158.97894287109375,159.8004342922102,155.37011333539613,156.11087430250848,18595000
2021-10-14,158.39012145996094,160.48895366045744,156.1868367272645,159.79566591829462,17403700
2021-10-15,159.5487518310547,161.25820564176928,157.1127819621858,158.5895651469958,20762800
2021-10-18,158.42811584472656,160.7358675785596,158.20018384373782,158.20018384373782,18945900
2021-10-19,168.09600830078125,168.51387640271903,161.87550340045115,162.01796633949093,33538900
2021-10-20,168.26695251464844,172.92995842508859,167.26978436133592,171.8473067087872,33714400
2021-10-21,168.49490356445312,170.73618458889877,167.82062815587682,168.0960333598311,16444000
2021-10-22,168.7607879638672,172.92994817141494,166.96586510665858,170.0713716184367,20807300
2021-10-25,167.30776977539062,169.31162684533334,165.08548690859047,168.91275667625607,13119700
2021-10-26,161.43865966796875,166.1016511451305,159.05491592291483,165.70278098061215,17577000
2021-10-27,160.71688842773438,163.7749076323091,158.92196537210978,159.10240974927356,11801800
2021-10-28,161.2487030029297,161.78054436012803,158.38063461967084,160.01411113164906,12440100
2021-10-29,156.6427001953125,160.08059155857677,154.5343760744167,158.66555524159807,17155400
2021-11-01,161.60958862304688,163.2478182155784,157.45942631022695,157.4974077322705,17609500
2021-11-02,154.70530700683594,158.69403753026447,154.57235028880135,158.69403753026447,19072900
2021-11-03,157.87730407714844,158.26666801892097,154.90475405117368,157.04156782905937,13569700
2021-11-04,156.50022888183594,161.39116670804475,156.22482371463516,160.76436454534536,16669200
2021-11-05,150.74508666992188,156.50498929256432,150.3367247665464,156.50498929256432,22098200
2021-11-08,154.00254821777344,154.00254821777344,151.45735802384823,153.62741462661586,16223100
2021-11-09,152.13165283203125,156.20583823256163,151.51434235297143,154.00255324540947,14010100
2021-11-10,155.7214813232422,158.10521041885642,153.67964298754666,155.44606167406596,17216800
2021-11-11,159.4063262939453,161.0967823910421,158.1812115155343,158.1812115155343,16747500
2021-11-12,158.4186248779297,159.35882816996295,155.18016136323348,156.86492230919728,13741800
2021-11-15,158.16220092773438,159.98562810308877,157.33597090444894,158.8080010713382,9655700
2021-11-16,159.95712280273438,161.39117153524455,158.28566481007144,160.1185837059036,11887500
2021-11-17,153.45172119140625,159.8336728069499,153.02909995690752,159.5677593639019,18829500
2021-11-18,136.376220703125,141.02972084705402,134.75223572330495,139.51970913203346,61571500
2021-11-19,133.28018188476562,137.7627430762097,132.9572890891501,135.8443552761032,28575700
2021-11-22,129.747314453125,133.62207143938537,128.4082556383158,132.86231261030002,26390400
2021-11-23,126.93623352050781,129.96576280181011,126.60383448360686,129.18890431505352,24102900
2021-11-24,129.65235900878906,129.8802765230875,124.61897286090424,126.40440400928175,20010400
2021-11-26,126.64183807373047,127.24013608874347,124.61898302222039,126.2429534087936,14814900
2021-11-29,124.98936462402344,127.7814703564167,123.98269020158423,127.49655894656502,18648900
2021-11-30,121.1146011352539,124.71395326895701,119.78502669772088,123.36633004736345,32625400
2021-12-01,116.32814025878906,122.6578583978058,115.76782367830675,121.91234433378332,29203800
2021-12-02,115.86278533935547,118.71187022474945,113.33659326308597,116.8314710123265,34478600
2021-12-03,106.32784271240234,112.24444527091062,103.23183523457377,112.06400091694475,70266500
2021-12-06,117.3823013305664,117.59123539124987,107.72390485535612,107.9233399372091,43111400
2021-12-07,119.22471618652344,122.93802002507074,117.24934876445525,122.7955715655547,38542800
2021-12-08,118.78784942626953,120.58277235261026,115.21699428505939,117.0119172114001,22275000
2021-12-09,117.67671203613281,121.33303637144748,117.01381952916509,118.36048635627021,23499300
2021-12-10,118.76885223388672,118.91130793043047,116.60354883233435,117.02141694336997,15008300
2021-12-13,116.09071350097656,117.04990746924852,113.72597500561875,116.81248372184639,15820500
2021-12-14,120.21239471435547,121.22856807347839,114.2483112798323,114.84661652079699,17691500
2021-12-15,116.30915069580078,117.37280448501542,111.84557973766731,116.46109813186087,24893500
2021-12-16,114.20082092285156,119.3671639135452,112.91873415371039,116.16668923436073,22533400
2021-12-17,115.957763671875,116.68903291485769,111.88357105490881,113.4790590220732,19781100
2021-12-20,109.21493530273438,112.85226923480387,107.97558292099679,112.53886811629584,23970500
2021-12-21,116.79349517822266,116.79349517822266,110.73443639485998,110.97186014666956,18036300
2021-12-22,111.8835678100586,112.69081437225594,109.3573828285784,111.19978623744801,24502000
2021-12-23,112.69081115722656,113.57402054345326,109.5853044778189,110.92437789357763,17563300
2021-12-27,110.72493743896484,115.67285480382758,110.26148726073785,111.87407477408739,17864400
2021-12-28,109.02498626708984,110.56348749277788,108.71158518570981,110.41154006415577,17052100
2021-12-29,106.45130920410156,108.45516623623396,104.82733162155974,108.07529403224123,21100500
2021-12-30,116.80298614501953,118.04709152334456,106.6507515112668,106.96414535494458,45437100
2021-12-31,112.81427001953125,116.72701603141684,112.62432667200407,115.13152814017782,24287000
2022-01-03,114.32428741455078,115.81530835197437,109.99368030877997,113.37459236534853,16775300
2022-01-04,113.5455322265625,114.78963760735084,109.94618729614953,113.51704253577155,20824000
2022-01-05,115.06504821777344,120.2503819825026,111.77909718334429,112.06400857796805,36651100
2022-01-06,120.25988006591797,121.94083709528802,117.25409440086644,118.00910746280883,32045800
2022-01-07,123.27991485595703,127.14518075095351,121.73190725294313,123.68829127193597,38113000
2022-01-10,121.84587097167969,125.9295623556226,119.88000261838573,125.35024782800284,23372200
2022-01-11,125.54019165039062,127.4775631866393,121.05762983108967,122.7101044437698,23616400
2022-01-12,130.49758911132812,131.72268924467855,128.7643986918972,129.177513684641,25961100
2022-01-13,124.76142883300781,129.08254402697176,124.69495771772618,128.39876246044054,19887700
2022-01-14,124.95138549804688,127.6010283286768,122.84306131402025,126.1289980933506,18614900
2022-01-18,122.13078308105469,125.4832052795705,118.5409298863878,119.91798474135733,26122200
2022-01-19,121.31404113769531,124.27709224054747,120.73472658958386,121.6559391738378,14665200
2022-01-20,124.43854522705078,129.87080224630154,124.10614615242793,128.94010512503317,28966400
2022-01-21,117.03091430664062,122.47266967119835,116.35758092089793,121.7793819096423,26341400
2022-01-24,114.3147964477539,114.70416765282779,109.51883351887025,113.3176137411628,28509300
2022-01-25,113.14665985107422,116.2996469091603,112.1019968174525,113.87792904652783,22224100
2022-01-26,107.66692352294922,114.84661532197175,107.27944344614247,114.84661532197175,27513200
2022-01-27,106.1664047241211,108.77806596931552,104.72286426924248,107.4200018319905,21472700
2022-01-28,109.43335723876953,109.5188263102583,104.52342861797695,107.5529579644408,18892400
2022-01-31,119.4621353149414,119.5381126541364,111.58916286940682,112.22545678256975,20346500
2022-02-01,120.82020568847656,121.56096666982509,116.78400171701753,118.53143713500911,15036100
2022-02-02,116.69852447509766,121.20957593706613,115.07454681826079,121.20957593706613,14050100
2022-02-03,117.25884246826172,118.96828911593128,114.65668020459721,115.43542981250839,16651500
2022-02-04,116.07172393798828,117.70520049557678,113.64050705912048,115.16950934157249,13538200
2022-02-07,109.04398345947266,110.6869590555334,107.88535435927693,110.25959194308847,28589200
2022-02-08,115.767822265625,116.09071508862081,110.92437920150276,112.21596498468173,22340500
2022-02-09,120.13642120361328,120.42133261063577,115.80581418869892,116.89795767588967,18253600
2022-02-10,117.7431869506836,121.88385040253517,117.19236212267481,117.86664468981755,16116600
2022-02-11,116.10021209716797,120.34534984602877,115.80580896995048,119.03002026098673,13889900
2022-02-14,115.78680419921875,116.22746693640852,113.36508647355947,114.49521851396155,13154900
2022-02-15,119.88949584960938,120.4260758480271,117.17146919887965,117.54374801921429,14634700
2022-02-16,119.24370574951172,121.1620937692764,118.24653031452341,119.29119339929129,17993300
2022-02-17,118.17054748535156,122.8905254829663,117.81536103864137,118.71187333794869,15906000
2022-02-18,113.00420379638672,114.79912673140015,111.30424891038398,114.79912673140015,21201400
2022-02-22,107.24906158447266,109.07247432959645,106.4228242879643,108.26523499149876,21755100
2022-02-23,104.2005386352539,109.59480663254631,104.08657262456816,109.30989522863096,24489200
2022-02-24,103.45027160644531,103.46926231745827,94.98848609026699,95.0397704292787,35294700
2022-02-25,102.51007843017578,103.08939294745623,98.76827789146554,102.46259078295043,21428400
2022-02-28,99.89842224121094,102.0827164566625,98.42639205064297,100.63918320321616,23063500
2022-03-01,101.70283508300781,105.65356980016385,100.52521530007003,100.52521530007003,21218500
2022-03-02,100.1168441772461,101.98774446815712,98.04650880776659,101.98774446815712,20791800
2022-03-03,96.91637420654297,101.26597164542562,95.98566995153111,100.69615611478049,21725900
2022-03-04,95.53932189941406,99.13866705806024,94.33321235733182,95.24491874844244,24574700
2022-03-07,93.6969223022461,98.16048638631443,93.63993566908191,94.551642098124,20679400
2022-03-08,92.59526824951172,95.83373187848439,90.76235649587693,94.323712967012,23275500
2022-03-09,95.85272216796875,95.89071083963142,93.37401749536579,95.21642822021505,20853600
2022-03-10,88.24565887451172,90.88580985152045,86.25130079620712,90.40147061169081,37671200
2022-03-11,82.34805297851562,89.22384278297885,82.31956328767359,88.5685581568184,39341800
2022-03-14,73.84828186035156,78.30234628018334,73.20248899998397,76.64038010599003,69992600
2022-03-15,72.89859008789062,76.10855657327214,69.59364830621439,71.32209291305026,86209300
2022-03-16,99.69898986816406,100.42075289173032,82.7374356391868,87.37194489016267,159834300
2022-03-17,95.32089233398438,96.76442558492558,90.95228941946651,94.15276426435852,80663200
2022-03-18,102.85197448730469,106.11892045841792,94.58962339179378,95.4443503665843,83781800
2022-03-21,98.37889862060547,100.36376487876753,93.73489078958016,97.63813770212501,58882900
2022-03-22,109.20543670654297,112.2919457585454,106.71724020026562,108.27473957301281,88193400
2022-03-23,111.34223937988281,117.86759578867942,107.01163251369549,109.87970821555163,81605700
2022-03-24,109.35737609863281,110.63946284557794,105.24519518268208,107.18257377065146,55850200
2022-03-25,107.30603790283203,108.13227517573523,103.89663627093552,104.9697890313379,42396500
2022-03-28,109.3003921508789,110.38305109779841,106.28986079274017,108.1322713789464,30168000
2022-03-29,110.83890533447266,113.58352337301862,109.9177000022884,112.40590357252644,28060900
2022-03-30,110.71544647216797,114.06026808008014,109.72776278812637,109.72776278812637,28381700
2022-03-31,103.32682037353516,109.3003956326995,103.24134405460384,109.24341625047727,31240200
2022-04-01,104.65637969970703,112.96621044137697,104.22901987408868,111.70312167529717,55873000
2022-04-04,111.58917236328125,112.27295398301582,107.67168014201711,109.87971831394478,39088500
2022-04-05,105.41614532470703,109.21492533640819,104.68488336051762,109.21492533640819,35226000
2022-04-06,102.26315307617188,103.96310791562466,100.78163126450023,103.74467488784352,23739800
2022-04-07,99.02470397949219,102.12071200582601,97.44821389568197,101.31347262735943,26814300
2022-04-08,98.3219223022461,101.11402792400492,98.13103702695173,99.22413690062832,20814900
2022-04-11,96.4415283203125,98.69230079046935,94.17175789298093,96.00466225246664,23504100
2022-04-12,94.7320785522461,97.18229345073642,94.3901877642894,96.09014272507464,23953600
2022-04-13,94.99799346923828,96.25159062927605,93.26954879031352,94.24773351992505,18330400
2022-04-14,90.6863784790039,94.27718103493012,90.51068721299028,92.3958324706979,20931200
2022-04-18,89.94561004638672,90.4869358913114,87.20099215336184,89.05289445294692,19159200
2022-04-19,88.7964859008789,89.22384576900753,86.37476065988842,87.64735577633931,23870000
2022-04-20,84.91223907470703,88.98642451952176,84.77927509991467,88.77749769192992,20949700
2022-04-21,81.66426849365234,85.48204633302358,81.1039519388816,85.04518751601648,25639000
2022-04-22,82.13911437988281,86.11833854784669,81.96911817194685,82.14861335817127,25130300
2022-04-25,81.52181243896484,81.8352135168244,77.68505115078409,78.53977082407731,24674000
2022-04-26,79.76487731933594,81.90169097016617,79.0905947701012,81.5503084736565,21194600
2022-04-27,83.87705993652344,84.91223122740811,80.51513885417502,81.02797501035676,29351600
2022-04-28,86.33677673339844,86.40325509419476,82.56648638892644,84.16197429363606,17707500
2022-04-29,92.20588684082031,98.312426164008,91.79752493433217,96.4225350860268,44933400
2022-05-02,96.11863708496094,96.22310412222156,90.36348728415845,91.56010510012672,25479500
2022-05-03,95.33038330078125,97.5241837194221,94.42817593189814,95.09295954627538,15216100
2022-05-04,96.3085708618164,96.46051829005701,91.75003208503617,92.80419408659662,17740600
2022-05-05,89.87913513183594,93.5164687576664,89.3188185540406,93.0131315618576,18673100
2022-05-06,85.5200424194336,89.13837825271057,84.24744728072417,88.66353072621865,18568600
2022-05-09,80.5721206665039,84.14297591053428,80.18274948255049,82.5807308169198,23338600
2022-05-10,80.31570434570312,84.18096263299397,79.30902998327679,84.18096263299397,23400900
2022-05-11,77.61857604980469,83.11730375993187,77.37165331940932,81.208422014177,24962400
2022-05-12,77.0107650756836,78.93865203710915,74.08570994421991,76.62139388832036,23833100
2022-05-13,83.56365966796875,83.91504942069342,77.8749887388608,77.9889547454304,20078400
2022-05-16,82.12962341308594,84.59882886249858,81.99665945259986,83.28824517917216,19644800
2022-05-17,87.36244201660156,89.72718781037487,85.03569213833075,88.08421225359248,27330300
2022-05-18,82.9178695678711,87.03005072805367,82.62346643136219,85.4725514807195,18991300
2022-05-19,83.27875518798828,85.55801734551346,81.42684562800196,81.8447137381605,20776400
2022-05-20,82.42403411865234,85.6340007737723,80.46766463757432,84.23794789335324,21020800
2022-05-23,82.8418960571289,83.01758730933643,80.49614830392531,82.68044240433527,13998200
2022-05-24,78.32135009765625,80.83804337030752,77.43813343202689,80.71457837951755,15214400
2022-05-25,78.16939544677734,79.84086072505335,76.99177564066377,79.50846891432751,23093700
2022-05-26,89.72718811035156,90.30649540293867,82.36705175188696,82.90837762004044,50825000
2022-05-27,88.71101379394531,89.74617787032986,85.82394011256031,87.57137544188399,26716000
2022-05-31,91.21820831298828,94.32370779755644,90.64838551235745,93.3835117694722,33790000
2022-06-01,88.68251037597656,92.05393029172022,87.25796797421401,91.07574566847217,23730900
2022-06-02,92.59526824951172,92.71872599876235,88.70151995685703,88.95793443471551,23228100
2022-06-03,88.52106475830078,91.17071451846536,88.34347516593554,90.36347526611927,15855900
2022-06-06,94.02930450439453,97.26776070478674,92.98938731428571,94.62760974932385,37287200
2022-06-07,99.07218170166016,99.2051384214641,94.41867477172894,94.96000062967292,35958700
2022-06-08,113.6025161743164,114.96532615272454,102.38661352775394,102.81398061633188,92337000
2022-06-09,104.37149047851562,112.27295323441119,103.9346316122866,109.21493392520958,72512300
2022-06-10,104.31449890136719,109.04398335170899,102.7949882983491,107.94234088162015,49859200
2022-06-13,93.56394958496094,99.27161864748673,92.67124119886724,98.39790097360866,36396700
2022-06-14,99.93640899658203,100.73889519297673,95.75774950738374,96.85939195023903,28567500
2022-06-15,102.59555053710938,103.16536609269075,99.13106790163985,101.43692146825512,24026100
2022-06-16,96.3465576171875,99.63250878762996,95.45384921857071,97.61915272142556,22357800
2022-06-17,97.09681701660156,107.07811372618697,96.22879437537371,106.87867864104676,73019300
2022-06-21,101.03804779052734,101.67624003129104,98.64481964206581,100.62967866153458,33975000
2022-06-22,99.86042785644531,101.71233015548906,97.89455955223058,98.98671022026046,24233000
2022-06-23,106.47030639648438,107.40100343341486,102.64398590185155,104.42846070950736,33228200
2022-06-24,111.703125,112.14947554967866,108.55013798885416,109.49983295902577,27029900
2022-06-27,112.75729370117188,115.2739797252926,111.95004713204843,113.9349135054395,21724300
2022-06-28,110.88639831542969,114.84662501529543,110.64897454811498,112.99472252848004,18659400
2022-06-29,110.193115234375,111.19978966642815,107.98982301335417,109.98418116456814,13793900
2022-06-30,107.96133422851562,108.83505194087039,105.77703270203044,108.04680330564678,13836200
2022-07-01,110.16462707519531,110.75818648831597,107.23956454839308,107.91384717222635,16679400
2022-07-05,114.08685302734375,114.46673246076612,106.49879231966128,108.74957198507089,20989300
2022-07-06,113.12767028808594,113.9633992743493,109.69927078026811,112.94722592064359,20222700
2022-07-07,116.2331771850586,118.7118818578994,114.56171185973186,114.56171185973186,24202000
2022-07-08,114.81812286376953,119.50961106983489,114.62817952316921,116.10970859746138,27221400
2022-07-11,104.0580825805664,109.76575165369859,103.83015780556552,109.65178564339917,31249900
2022-07-12,103.71619415283203,105.41614913905066,101.6743483735416,105.28319241347809,22318500
2022-07-13,103.61172485351562,105.07425604843247,101.3799430138067,101.46541208740672,16861400
2022-07-14,98.54035949707031,103.07990063440614,95.64378672336532,102.37712833273275,35314900
2022-07-15,97.2867660522461,98.42639724694294,92.91816289951187,98.28394153620623,33572300
2022-07-18,97.95154571533203,101.57938047347032,97.77110133938125,100.55370809269452,20503400
2022-07-19,99.48055267333984,99.54703103446708,96.42253357029091,98.7397917220369,19842500
2022-07-20,98.73029327392578,101.76932168110442,97.67613122352793,100.89559675725175,21897900
2022-07-21,99.8414306640625,101.24698242287852,98.4643758409557,98.82525732503117,17865500
2022-07-22,95.54882049560547,99.43306981024654,94.66560380063453,99.06268931676823,18819800
2022-07-25,95.9761734008789,96.17560847936966,93.77288131321251,95.44434652490357,16604300
2022-07-26,96.33706665039062,99.9554024144506,95.73875414127336,99.06268676313157,28004300
2022-07-27,97.60964965820312,97.79009402442357,94.77956265292266,97.05882482649697,19366600
2022-07-28,95.49183654785156,97.51468431908498,90.80983983940418,96.79291407973868,33875400
2022-07-29,84.87425231933594,89.48027203053809,84.62732956857172,89.48027203053809,59201800
2022-08-01,85.79544067382812,85.98538401643071,83.5731579073602,84.70329724765325,36050900
2022-08-02,87.96074676513672,90.09756035132354,83.76308968028466,83.76308968028466,34430500
2022-08-03,90.90480041503906,91.45562521675228,86.34626182491161,87.37193409452989,23921700
2022-08-04,92.5287857055664,97.8185866552548,90.2780059090642,95.98567498441496,42517800
2022-08-05,87.90377044677734,89.43278003844165,86.16583403294116,88.38811694518978,27206100
2022-08-08,86.2702865600586,88.08420740884452,85.79543908076563,86.86859902115015,16194100
2022-08-09,86.60269165039062,88.43560333850792,86.04236781791639,86.60269165039062,16744900
2022-08-10,87.78031158447266,88.27414981016281,84.10498922370108,86.5836938223799,17855400
2022-08-11,90.09756469726562,92.79469494270894,88.91993771391087,89.73667597034178,17521200
2022-08-12,90.00259399414062,90.03109093108625,86.83061610040626,86.90659344106527,17846400
2022-08-15,89.46126556396484,89.86963470133385,87.7328209641793,88.51157056967394,14425100
2022-08-16,87.98924255371094,88.86296020835867,86.80212381241856,88.02723122290404,12003200
2022-08-17,85.25411224365234,87.74231561436099,85.2446205110081,87.24847742975491,14491500
2022-08-18,86.17532348632812,87.3054628708547,84.06699939730453,85.52003885409496,13418600
2022-08-19,85.12116241455078,87.03955042105802,84.69380255188031,85.86193061976323,12364300
2022-08-22,85.50103759765625,86.30827687877563,84.80776432216223,85.0641787778222,15545000
2022-08-23,85.31110382080078,85.64349562258458,82.34805280433262,84.68430164121031,17345900
2022-08-24,87.86578369140625,89.41189292837313,83.14580533336205,83.47819715497103,22808300
2022-08-25,94.86503601074219,95.94768776579296,90.17354024179014,91.22770230522347,39170600
2022-08-26,93.07011413574219,99.5755237257025,92.69973364893147,99.566024746513,45773400
2022-08-29,91.74053955078125,95.8337301062515,91.62658078299525,93.98182042814925,18323500
2022-08-30,89.11936950683594,92.09191930005173,87.96074776874129,91.03775733919079,17865800
2022-08-31,90.61040496826172,93.65892510061475,90.14504919352024,91.79752373844272,16169000
2022-09-01,88.99591827392578,89.76516891132796,87.05853958935926,88.08421193629411,11929100
2022-09-02,87.1820068359375,88.95603356189885,86.20381486667401,87.15350989867507,12378900
2022-09-06,84.00052642822266,84.96921946159712,83.38323042637238,84.82676375132459,15573500
2022-09-07,86.04236602783203,86.28928875796818,83.34143175188147,84.06699867793866,12753300
2022-09-08,85.01668548583984,85.64348760676465,83.83906582162628,84.1049792381651,13291800
2022-09-09,87.50489807128906,88.22666831119945,86.15633288941284,86.46973398319473,10745500
2022-09-12,89.92662048339844,90.06906893472595,87.19149428834658,87.77080880907089,15604000
2022-09-13,84.9692153930664,87.54288805185571,84.741290614903,86.1943228497916,21149800
2022-09-14,84.4468765258789,85.26361479454772,83.73460528545361,84.95971268845685,10843600
2022-09-15,84.36140441894531,86.51246290797032,83.76309196133738,84.17146108097555,12188800
2022-09-16,82.0821304321289,83.8105748589427,81.12293655511773,83.28823976611557,19322000
2022-09-19,83.2502670288086,83.34998094609524,80.72407485544534,80.81904290615572,12822100
2022-09-20,81.48383331298828,84.26643993282636,80.73357339890522,83.52567175184467,19129000
2022-09-21,77.49510955810547,80.87602864179969,77.40014150844165,80.83803997281461,23847300
2022-09-22,76.64988708496094,79.09060308856895,76.1370508853517,78.47329985317273,19141200
2022-09-23,74.83596801757812,75.75716607043539,73.69632968363055,75.27282684296549,20492100
2022-09-26,74.94043731689453,76.91200075351493,74.81697232742351,75.91862202572936,17880600
2022-09-27,73.95275115966797,76.36497729330026,73.22148196299796,75.43427301906506,16975100
2022-09-28,76.9157943725586,77.38115012941424,72.44273188790949,72.63742109767985,20725400
2022-09-29,75.08287811279297,75.20634308966758,72.87958618656815,74.12369145970521,17913600
2022-09-30,75.96611022949219,77.66606535502461,74.69352225312194,74.77899133559514,17116900
2022-10-03,76.40296173095703,76.85407266353076,74.12369947137489,75.74767709184627,13249600
2022-10-04,79.87885284423828,80.75541808905315,78.19788851434171,78.82469073785525,18252000
2022-10-05,80.14476013183594,81.94918207333397,79.06210841605667,79.86934771352749,13194000
2022-10-06,80.07828521728516,80.96150189137866,79.31852628956669,79.8408614580729,11583600
2022-10-07,77.1532211303711,79.49896898098967,76.69261846760925,78.20738317858914,11632400
2022-10-10,75.25383758544922,75.77617278792665,73.79130626411099,75.75717482841915,14070900
2022-10-11,71.5785140991211,73.9242546412128,70.41038607181741,73.48739581470835,18387900
2022-10-12,71.92041015625,72.82071921918802,70.30592420522117,71.13216151669113,13247900
2022-10-13,71.23662567138672,71.96788765069883,67.80822606027833,68.6059664013461,17563400
2022-10-14,69.34672546386719,72.30977646168287,69.11880069344993,72.22430738987558,13675300
2022-10-17,72.9080810546875,73.95275133816617,71.33159114201581,71.36957981101483,14487400
2022-10-18,72.49971771240234,74.68401925797815,71.28410918970214,74.08571397603616,14970600
2022-10-19,67.68476104736328,70.59083274244071,66.97248978067927,69.59365007084389,23094500
2022-10-20,68.39702606201172,71.17014078013776,67.95067552865873,67.99815592807211,19173400
2022-10-21,68.54898071289062,69.12829520301321,65.97055519609957,67.6182764883273,19526800
2022-10-24,59.97323989868164,60.875447238401115,55.09180462068104,60.20116466687223,101023200
2022-10-25,60.03971862792969,62.84986576495099,58.1783136879761,61.80615189488626,69302400
2022-10-26,65.06360626220703,66.28871367760108,59.75480746216618,60.17267557936663,52957400
2022-10-27,62.52791213989258,64.4652907107657,62.12904199913568,62.14803995570361,25812600
2022-10-28,60.53356170654297,60.92293651685739,58.71014539821273,60.02072553018768,28638000
2022-10-31,60.38161087036133,61.587720352900625,60.03972008487344,60.296138173989355,20645300
2022-11-01,62.54691696166992,65.00757285195421,62.337982890074706,64.5887627809892,27257000
2022-11-02,61.44526290893555,64.26585818642762,61.093880400080174,63.13572607617694,28298100
2022-11-03,61.92961120605469,63.51560014593542,60.21066554340538,60.22965625568748,23360500
2022-11-04,66.29821014404297,68.03615385128082,64.05692921184078,67.5897960116035,51292200
2022-11-07,66.20323944091797,68.26407590988644,65.2174540903784,67.71325830106217,26087600
2022-11-08,64.70272064208984,65.45298059519438,62.93628728325603,64.21838138720824,23870200
2022-11-09,61.57822036743164,63.42063098737887,61.540238943529786,63.088239186253816,22099300
2022-11-10,66.26021575927734,66.46914981478074,64.5792588278507,64.60774851803794,28757200
2022-11-11,67.20990753173828,69.04281905074426,65.8233537926059,68.6819375829473,38723400
2022-11-14,67.74175262451172,70.27743678020519,67.73225364482788,69.47969638112801,30310700
2022-11-15,75.3108139038086,76.32698723032718,73.8957631838472,74.95942415703203,53150500
2022-11-16,74.2281723022461,76.40296769950447,73.51590097908503,76.27950994523871,26637300
2022-11-17,80.02130889892578,81.36987416396536,71.94890077649112,72.17682556529819,62050600
2022-11-18,76.43145751953125,78.36882896194628,75.84264400548093,78.01744644576608,29528300
2022-11-21,73.06004333496094,75.08289126191714,72.62318446439944,74.73150871689947,19005100
2022-11-22,72.16732025146484,72.93657812026613,70.82825408345877,71.64499235439492,20694100
2022-11-23,74.55106353759766,74.87870949842807,72.98406521157305,74.25666038234641,19032700
2022-11-25,71.70197296142578,72.22430811302631,71.15114811893756,71.70197296142578,13036900
2022-11-28,72.06285095214844,73.5225345401034,70.92321989845445,70.98019927745989,19107400
2022-11-29,75.84264373779297,76.82082843440627,75.45326530755388,76.20352523155773,24178100
2022-11-30,83.1552963256836,85.11641892408805,78.11241792475583,78.57776647085922,60169600
2022-12-01,81.61679077148438,83.19328070672674,80.02130287867163,80.10677195094478,20243000
2022-12-02,85.52953338623047,87.22948838530064,81.72126147474297,81.72126147474297,35042600
2022-12-05,85.96638488769531,88.22666353747502,85.12115695002734,88.22666353747502,30929800
2022-12-06,86.84960174560547,87.91326271597912,84.7127880720281,87.25797087082417,26675700
2022-12-07,83.88655853271484,84.76977514562499,82.26258100167315,82.68044186193339,19507400
2022-12-08,89.43277740478516,89.58947795099807,86.49822330006494,87.34345127980883,29241500
2022-12-09,86.74513244628906,89.03390073233504,86.63591955682466,88.57804397252262,15452100
2022-12-12,84.91223907470703,86.31683453726346,83.3357417919801,85.55802476187904,15190200
2022-12-13,86.8116226196289,90.20203344823864,85.75746059979583,88.74899402546495,21150600
2022-12-14,86.33677673339844,86.6739144040091,84.99770329301809,86.47922518824919,15575500
2022-12-15,81.87320709228516,89.34730953435114,81.72125965626243,88.40710624441839,30419400
2022-12-16,82.42403411865234,86.01388024224524,82.25308872011944,84.33292319467013,25084600
2022-12-19,82.77542114257812,85.26361744942355,82.1495681269338,85.23512775821509,20737000
2022-12-20,81.59778594970703,82.81339429042862,80.76205702686026,80.76205702686026,15315400
2022-12-21,83.39271545410156,83.94069277192908,81.16093365796627,81.68326880509484,18212900
2022-12-22,83.54467010498047,85.17814666028133,82.31006370976067,84.59883213205026,16004800
2022-12-23,81.34138488769531,84.19047012197117,81.21791989036036,83.43071116125823,17949300
2022-12-27,85.33959197998047,86.12689138361692,81.87320383365177,82.19610389644508,22959900
2022-12-28,82.81340026855469,85.61500483772575,82.11537387092987,84.5038634378487,16268800
2022-12-29,84.64631652832031,85.01669701524182,82.68044808019918,83.21702809779492,12535400
2022-12-30,83.65863037109375,84.91223474633259,83.01284471684046,83.0508261413041,11926700
2023-01-03,87.35295104980469,89.69869166081159,86.18482298818273,86.52671377472583,27891000
2023-01-04,98.69229888916016,99.26211441826295,92.09192178965746,93.87734571300557,53291800
2023-01-05,99.31909942626953,100.38275313112011,95.57729901159817,96.29906920103066,30400400
2023-01-06,101.99724578857422,102.5670613469376,97.30575010837295,98.87274832807076,21072400
2023-01-09,105.25469970703125,107.42000317073693,102.68102709916367,106.35634215102277,42085300
2023-01-10,109.10095977783203,109.67078257841679,105.61558084165777,107.28704608247075,33478600
2023-01-11,109.23391723632812,109.41436160743758,106.66024461988351,108.83504706970525,22804400
2023-01-12,107.45799255371094,108.06579678455306,105.84350667848821,107.94233904083755,16590600
2023-01-13,111.12381744384766,112.04502278186848,108.3507024507216,108.75907160327934,25615100
2023-01-17,109.39537048339844,111.12381511118846,108.58812392869382,109.70876432993776,16945600
2023-01-18,107.52446746826172,110.87688960936045,107.35352208096728,110.87688960936045,15347900
2023-01-19,110.71544647216797,111.11431663910844,108.23674190595541,108.28422230929712,18489900
2023-01-20,113.83045196533203,114.02038808158572,111.87408243464512,112.3508283176565,18342700
2023-01-23,113.51704406738281,114.24831328700705,112.19412105520904,113.96340188405772,13590200
2023-01-24,113.43157196044922,113.96339883642793,109.21492388491009,109.21492388491009,7807100
2023-01-25,114.20082092285156,114.26729928138191,111.58915973750568,112.54835369252733,9705000
2023-01-26,114.50473022460938,115.19801078909732,112.78768287438805,114.91309937999858,11171000
2023-01-27,112.42488861083984,113.68798466741809,110.93386778886926,113.66899395596775,18027400
2023-01-30,105.6060791015625,107.4579886638457,104.25751396604805,106.07143485957903,21918200
2023-01-31,104.65637969970703,106.44181082767102,103.33630431010668,103.91561880431661,15330000
2023-02-01,107.14459228515625,108.21774505353343,104.60890831079364,106.23288593186625,16623000
2023-02-02,104.21952819824219,106.86443227465499,102.38661654211494,106.84068845032422,23396900
2023-02-03,100.98107147216797,104.02009258546195,100.48722601275902,102.61454803766269,15982200
2023-02-06,100.14533996582031,100.93358859501679,98.02752406520592,98.59733964518476,15337500
2023-02-07,100.19282531738281,101.94975966766755,98.5023693291435,101.46541317528052,16861700
2023-02-08,99.82244110107422,101.75032077384495,98.34091923344702,101.71233210472658,14329500
2023-02-09,103.00392150878906,104.28600834300573,102.32963891072842,103.04191017924856,16281300
2023-02-10,98.4358901977539,101.27547627664124,97.6191519015231,100.47773593833095,18776000
2023-02-13,99.51854705810547,101.00006904578625,98.91074279415447,100.65817824161401,18538600
2023-02-14,98.97721862792969,99.22414136809465,96.72643876562198,98.34092468750283,12978400
2023-02-15,97.89456176757812,98.23645254523049,96.86888943462102,97.23926990281146,18230200
2023-02-16,97.92305755615234,99.26212381401464,96.89738515932278,97.54317808559344,21747100
2023-02-17,94.97900390625,96.00466905280685,94.25723364003737,95.9191999762597,18121600
2023-02-21,90.31599426269531,92.71397561898979,89.9361148084787,91.64556872965444,27172700
2023-02-22,90.01209259033203,91.0662546392992,88.84871764313073,90.76709839022533,24484000
2023-02-23,89.42328643798828,95.41585968734763,87.49539946373986,95.06446992201607,40482900
2023-02-24,84.5228500366211,87.06803277698593,83.60164478142076,85.53902333712512,36174500
2023-02-27,84.7602767944336,86.65016777206314,84.42313188914906,86.27978731025628,25840000
2023-02-28,83.37372589111328,84.84574881090961,82.8798804278232,84.0100198095852,24597200
2023-03-01,85.42506408691406,88.24565945350163,85.21613726897253,88.24565945350163,35434900
2023-03-02,85.23512268066406,86.34531487191283,83.54466681074985,84.48486279261047,24829000
2023-03-03,85.1876449584961,85.90941524112226,83.95304571372851,85.57702341543863,25834300
2023-03-06,85.1116714477539,86.70715939267814,83.6016525778944,85.07842864371891,16983900
2023-03-07,84.26644134521484,85.5200384673986,83.76309690409134,85.01669402627509,14514700
2023-03-08,82.57598114013672,83.35473078603985,82.10113361835192,82.99384927789875,14721500
2023-03-09,79.17607116699219,81.37936317722705,78.70596955490075,80.83803734160547,24327700
2023-03-10,78.78669738769531,80.2682192889832,78.18839213808242,78.48279527344144,18123100
2023-03-13,78.7297134399414,79.54169857121443,77.84649683948464,78.83418046493289,17848300
2023-03-14,79.63192749023438,79.68891411952329,78.02694780295955,78.69173143134579,20126100
2023-03-15,77.4096450805664,78.38782981678479,76.11805924082229,77.44763375180572,21025300
2023-03-16,78.08392333984375,78.33084606633605,76.60240147208555,77.36215311772662,22877500
2023-03-17,77.56159210205078,79.92633796617024,76.56441665838426,79.77438328203164,23711100
2023-03-20,76.92530059814453,77.78002760946582,75.48176728115621,76.11806123851825,19536500
2023-03-21,79.48947143554688,79.85795357240146,77.87499277623013,78.31185162233233,16529400
2023-03-22,79.44198608398438,81.09445331122019,79.30902936717216,80.57211817688818,21204700
2023-03-23,82.16761016845703,83.93404349016599,80.97099965679459,83.26925987257574,26861400
2023-03-24,82.52850341796875,83.67763358856952,81.32238661589464,81.55031865059114,20332500
2023-03-27,81.7877426147461,83.782100826719,81.19892905876999,82.7469294253931,18258300
2023-03-28,93.44998931884766,94.50415134702595,87.42891925953032,90.55341667464643,118875200
2023-03-29,94.8935317993164,96.23260535615633,91.4366422460653,92.68074049728082,53695000
2023-03-30,98.1794662475586,99.76546240027095,95.44434726277198,96.24208758290223,57780700
2023-03-31,97.03984069824219,98.38840593306995,96.04456358778967,97.68563362339323,28382600
2023-04-03,93.44049072265625,96.63146651092022,92.69972977995174,95.81472822906707,26888100
2023-04-04,95.65328216552734,96.36555342004158,92.36733831417342,93.96282621410921,26868400
2023-04-05,93.59244537353516,95.39686008140048,92.74721740114835,94.24772999810602,20117700
2023-04-06,97.57166290283203,98.0465104059058,93.32652506605682,93.57344779642258,26849200
2023-04-10,96.4320297241211,97.65713712523058,95.52981514028504,95.5583120761601,16308300
2023-04-11,94.7415771484375,97.38172814263704,94.20974301065486,97.3057508021541,19017700
2023-04-12,89.11936950683594,93.91533184212571,88.87245403977828,92.89915854825765,35516000
2023-04-13,91.33216857910156,92.3008615596312,90.31124932810609,91.05201028639463,24231700
2023-04-14,89.79366302490234,91.2846838498205,89.11937321472107,90.81932809399424,14098700
2023-04-17,91.56958770751953,92.33884556391439,90.68637109136073,91.8734898095528,15714100
2023-04-18,90.6863784790039,94.18125655989077,90.39292450486921,94.03880085298323,20672300
2023-04-19,88.7869873046875,90.05008344745494,88.27415111336241,89.84114937925604,18985200
2023-04-20,86.17532348632812,89.07189617540972,85.52003885409496,88.65402805092636,25533900
2023-04-21,84.64631652832031,85.65299820036172,83.85807514971192,85.43456515252686,23097300
2023-04-24,82.51900482177734,84.02902376486276,81.71176545387307,83.95304641961098,22757100
2023-04-25,78.74871063232422,81.38886167264411,78.07632637306014,81.0279801674429,36441300
2023-04-26,78.65373992919922,80.93300938756362,78.59676054755943,80.76206399704634,24983000
2023-04-27,80.22073364257812,80.38218004524902,78.48279014390457,78.89115926251753,24506800
2023-04-28,80.42967224121094,80.80005271327903,79.65092262742701,79.94532576019964,18109300
2023-05-01,79.92633056640625,80.98998427450834,79.55689928837491,79.9168315881275,12909200
2023-05-02,77.42863464355469,79.09060094620388,76.59670231888308,78.9671432007081,20689500
2023-05-03,77.38114929199219,77.87498748799948,76.44094605548972,77.21494977411412,17759400
2023-05-04,78.34033966064453,78.94814388983684,77.68505502812035,78.24537160838284,23773800
2023-05-05,79.03361511230469,79.18556253700547,77.90347580015329,78.58725732530044,17527600
2023-05-08,79.11908721923828,79.4894676853203,78.19788192056328,79.42298932591065,17392900
2023-05-09,78.08392333984375,78.50179145458489,76.11805499778085,76.49318133126144,13457400
2023-05-10,78.7771987915039,80.24922896664607,77.656558381199,78.00794814603628,16868100
2023-05-11,83.46869659423828,84.02902043627624,80.55313310747977,81.13244766227918,28104200
2023-05-12,81.04696655273438,82.34805129077166,80.49614896801577,82.34805129077166,19042800
2023-05-15,83.89604949951172,83.95303612426136,81.51516788058495,82.74691946449336,23691200
2023-05-16,84.29492950439453,84.87424402906413,82.68044367090961,82.72793131874067,18177900
2023-05-17,86.11834716796875,86.83061845335261,83.58266313094578,84.01002300393681,27670700
2023-05-18,81.45533752441406,86.42224559677533,80.7240755574275,86.24180122693798,60258600
2023-05-19,79.75538635253906,80.91400812359196,79.28053887001658,79.63192136990077,21571800
2023-05-22,81.76873779296875,83.07932152601758,81.34137794255584,81.36036865443289,16951300
2023-05-23,78.7107162475586,80.70032836249206,78.5397708636942,79.92633189148178,19917800
2023-05-24,77.1247329711914,78.4448084910205,76.81133187050153,78.0316934691281,17045800
2023-05-25,74.81697082519531,76.64988246218941,74.19017589387389,76.53591645395014,21811600
2023-05-26,76.89680480957031,77.46282366350457,74.45608896525559,75.88063145599799,16399200
2023-05-30,74.71250915527344,76.64038898129944,74.23766162194296,76.08957134929084,21209600
2023-05-31,75.54823303222656,75.65744591817223,73.85777000515188,75.57672272024742,16206300
2023-06-01,78.8246841430664,79.77437913274191,75.35829598163129,75.35829598163129,23217600
2023-06-02,80.03079986572266,81.70226520734961,79.90734211580185,80.80005779467051,17616100
2023-06-05,80.15425872802734,80.31570513763144,79.05260906005117,79.76488030364335,8204000
2023-06-06,82.33855438232422,82.68044516521314,79.17607550899851,79.29953325175366,18452000
2023-06-07,80.989990234375,82.57597918055613,80.80954586178743,81.40785836222076,12886700
2023-06-08,81.80673217773438,82.5759828604603,80.8855268069845,80.8855268069845,11281000
2023-06-09,81.19892120361328,82.46961065880512,80.7858062038002,81.73074807653106,12903400
2023-06-12,81.54081726074219,82.89888146687132,81.32238421201451,81.68327296681692,11559000
2023-06-13,83.1078109741211,84.73178854478826,82.86088824685305,83.53517082328695,16814100
2023-06-14,84.86474609375,85.58651632518881,83.29774788883064,83.54467061851194,21519300
2023-06-15,87.56187438964844,88.10320023923988,86.04236386847926,86.85910213215726,26570500
2023-06-16,87.46690368652344,89.54673795133675,86.91607887506458,89.27132554560734,25087700
2023-06-20,83.50668334960938,85.66248785568607,82.92736880810018,85.31110533567418,23382900
2023-06-21,82.40503692626953,84.67481477895794,82.26258846416627,82.98435149081705,15159900
2023-06-22,82.51900482177734,82.9226281285287,81.02798383780409,82.41453778345578,10272700
2023-06-23,80.6480941772461,81.61488874638368,80.12576629716814,81.49332211108639,14907100
2023-06-26,81.1704330444336,82.34805281907758,80.9235103149509,81.02797734490136,10808700
2023-06-27,82.7469253540039,83.2075280231935,82.35280104708919,82.45252221330055,13994500
2023-06-28,80.3346939086914,81.4363435500542,80.13525883477523,81.4363435500542,14113800
2023-06-29,79.3470230102539,79.76488389831945,78.82468784317436,79.195068326886,13362500
2023-06-30,79.1570816040039,79.99281789189764,78.83418876229825,79.04312283427168,12174300
2023-07-03,79.84085845947266,81.32713345491241,79.77438009921389,80.60061735865669,11514400
2023-07-05,80.05929565429688,80.42967614433897,78.65374379151284,79.75539352796496,11203900
2023-07-06,79.6224365234375,79.7269035677818,78.48280526135274,78.93866211354596,12930300
2023-07-07,85.99488830566406,86.96357405316769,82.27207826232143,82.39554325403724,46992100
2023-07-10,86.00437927246094,87.40993109960046,85.09267291658585,85.52004002582602,25401800
2023-07-11,87.17250061035156,87.67583777617489,84.53234980015543,86.44123143896495,20768800
2023-07-12,89.27133178710938,90.24951649739586,87.89427690778146,89.37579881884851,24161400
2023-07-13,91.75003814697266,92.12516449869929,89.84114909294566,90.24951824886988,24021400
2023-07-14,89.80316162109375,91.2561938884871,89.49925949487813,90.42996383206246,18897100
2023-07-17,88.71101379394531,88.84397051484612,86.46023402624245,87.60936411151249,17317300
2023-07-18,86.6121826171875,87.57137661273761,85.61500719709893,86.93508269054806,20221900
2023-07-19,87.45740509033203,89.94560848546375,87.45740509033203,88.86295681440279,17228100
2023-07-20,87.2769775390625,88.4356066725664,86.75464235736868,87.07754244576077,14753000
2023-07-21,87.53338623046875,88.54006785539842,86.93508099011832,88.21716778835372,13899100
2023-07-24,91.50311279296875,92.56582463958907,86.7071573383291,87.43841930819448,33376100
2023-07-25,90.20204162597656,93.53546613031936,89.85065183897586,93.23156399542091,25827300
2023-07-26,92.25337219238281,92.63799751005517,90.06907078296732,90.17353781314966,15833400
2023-07-27,90.6388931274414,93.06061103031917,90.37392886002814,92.8326862590643,18685500
2023-07-28,95.49183654785156,96.12813046823416,93.03212269408895,93.13658972526794,31956500
2023-07-31,97.02084350585938,97.34373632407181,94.70358541526092,94.77006377463394,17726500
2023-08-01,95.06446838378906,96.07115001432092,94.30471672848718,94.84604259055895,14333700
2023-08-02,90.28750610351562,92.8231900916176,89.80315961003161,92.80419937910362,19452300
2023-08-03,92.6712417602539,93.53546046046048,91.72154674056432,91.84500448470868,15370900
2023-08-04,92.02544403076172,93.5354555549885,91.82600895655806,92.81843846114214,13477300
2023-08-07,91.70254516601562,92.88017216081731,90.24951300249178,92.8611742036379,13893900
2023-08-08,89.48026275634766,89.72718548151954,88.24755472269226,88.80598018563782,13504700
2023-08-09,90.07856750488281,91.45562957478549,89.34730555752586,91.1944620058731,18640100
2023-08-10,94.21923828125,96.716933475137,92.23437924704126,93.36451134845291,53193100
2023-08-11,90.90480041503906,92.73771193097646,89.5942167664388,92.44330157386914,25222800
2023-08-14,88.75849151611328,89.69868751282988,87.8752748993196,89.49925243750198,17581000
2023-08-15,86.98255920410156,88.3311315740424,86.18007303725061,88.32163259553361,14756300
2023-08-16,84.63682556152344,85.94740212361177,83.84857693017547,85.12116482074843,23292400
2023-08-17,86.08985900878906,87.32445824474578,85.71947851344221,87.31496651093569,15732300
2023-08-18,83.60165405273438,83.91505515802999,82.49051258370254,83.36423029034647,20424800
2023-08-21,84.11448669433594,84.35191044669045,82.83239988074111,83.19328137590473,14167300
2023-08-22,83.64913940429688,84.98820561964844,83.4402053398425,84.788770534196,11577600
2023-08-23,85.32059478759766,86.03286603313543,83.86756260599626,83.92454923264577,12185700
2023-08-24,84.6273193359375,86.3462649126317,84.56084097787743,85.93789578580628,10684500
2023-08-25,85.30160522460938,85.51053928540999,83.8295750657671,84.76027936053407,11382200
2023-08-28,87.59986877441406,88.10320598812015,86.69766138142369,86.89709647106582,14613800
2023-08-29,89.29981994628906,89.36155244005705,87.69483307310412,88.74899510576907,16928000
2023-08-30,88.9389419555664,89.5087575305137,87.81830151841085,87.89427886056333,13779900
2023-08-31,88.22666931152344,88.66352815374925,87.52389702147303,88.30264665250132,13332400
2023-09-01,90.23052978515625,91.81651879827211,89.76517398837989,89.79367092651587,17470400
2023-09-05,89.88863372802734,90.59330435004016,89.33780888584279,89.77466771894154,10097600
2023-09-06,89.69868469238281,90.98077866511633,89.39478259968686,89.41378055612891,10123600
2023-09-07,85.4440689086914,87.1440239992527,84.48012896632488,87.03005797936753,18667200
2023-09-08,85.5200424194336,85.75746618267955,84.26644523931886,85.09267529823192,10333300
2023-09-11,84.24745178222656,85.80495117269236,83.2977566784987,85.2161448455642,15773500
2023-09-12,83.85807037353516,85.43456028656036,83.74410436651254,83.75360334516387,10262500
2023-09-13,83.23126983642578,83.8485730401146,82.98625269807654,83.51618123677382,10634900
2023-09-14,83.57315826416016,84.14297380320535,83.04133139379768,84.09549340155023,8643100
2023-09-15,82.68994140625,83.78209207956253,82.45251766186021,83.35472499230232,10147700
2023-09-18,82.64244842529297,82.78490411185211,81.0991941863628,81.81621848532487,9291600
2023-09-19,82.72793579101562,83.45919778620066,81.74975105583643,81.78773972703539,9247000
2023-09-20,81.42684173583984,83.09830685098112,81.341372669537,82.59496969449361,9228200
2023-09-21,79.87885284423828,80.51040093468207,79.54646101916218,79.64142907695559,10638900
2023-09-22,83.85807037353516,84.40414209362329,82.7279310187536,82.97010063237917,22469600
2023-09-25,82.8323974609375,82.8798778626626,81.45533539015099,81.55980241778299,9897200
2023-09-26,81.58830261230469,82.68994506733759,81.38886028206103,82.11063052572962,9666600
2023-09-27,81.85421752929688,82.19610832214642,81.0089895263072,82.03465465925771,7233900
2023-09-28,81.2369155883789,81.56930740733989,80.06404161993224,80.61961235568094,10093600
2023-09-29,82.37654113769531,83.52567120241105,82.2483375312899,82.8988762787469,9654800
2023-10-02,82.17710876464844,82.72318774746623,81.56930453265494,82.38604282794581,8209800
2023-10-03,80.28721618652344,80.72407501714447,79.72689236869356,80.24922751704362,11448800
2023-10-04,79.85035705566406,80.2872158846425,79.4419879172889,80.03554729018316,8904700
2023-10-05,79.46097564697266,79.4989643148839,78.30234663527096,79.31851995370485,10334500
2023-10-06,81.73075103759766,82.16286401029745,79.77438161654517,80.01180537135632,13423700
2023-10-09,80.58162689208984,80.92351770394556,79.36601833686883,79.68891843499858,10880000
2023-10-10,82.784912109375,83.32623797411735,81.265401545677,81.36036959735851,13557800
2023-10-11,83.36422729492188,84.32911632926523,82.76116893135804,83.58266033653328,11111500
2023-10-12,80.25872039794922,83.25975260286454,79.96431004324876,83.17428353722708,16158100
2023-10-13,79.79337310791016,81.1894259591254,79.53695863827379,79.83136177852259,10325500
2023-10-16,80.06878662109375,80.69083571390922,78.47329866173274,79.48947206619732,10075300
2023-10-17,79.68890380859375,80.1162636221749,78.40680987665593,78.58725422912659,8270000
2023-10-18,78.83419036865234,79.51797198337174,78.59676659940801,78.78670271656411,9321600
2023-10-19,77.50460815429688,78.25011494835667,77.03450652922379,77.3811504149029,12624100
2023-10-20,75.91862487792969,76.79234258800525,75.76951771162808,76.19403731285317,14636200
2023-10-23,76.45995330810547,76.8550268111818,75.04490241488388,75.42478189793397,12715200
2023-10-24,78.70122528076172,79.12858512178362,76.3934661989286,76.40295793185966,17925800
2023-10-25,76.95378875732422,77.87499411530094,76.71636499477756,77.2102104784096,11390200
2023-10-26,78.35934448242188,78.91016213202825,77.1152389783419,77.1769714782386,13010400
2023-10-27,78.65373992919922,79.88834633244598,78.33084710577651,79.65092258148297,10795600
2023-10-30,78.9576416015625,80.00230465087127,78.83513303347898,79.422990122095,8980500
2023-10-31,78.38783264160156,78.38783264160156,76.81133533355033,77.81801704367402,12094300
2023-11-01,78.33084869384766,78.34034042724814,77.12473195696812,77.59483360182088,9550000
2023-11-02,79.21405792236328,79.75538374491622,78.85316921026309,79.4419826777547,10606300
2023-11-03,81.01847839355469,81.74974760345559,80.24922775965699,80.66709587960035,15148300
2023-11-06,81.06597137451172,82.35755724329987,80.94251362440636,82.19611082110093,9786400
2023-11-07,81.11344909667969,81.35087283400199,79.8788427643647,80.59111397633163,8829400
2023-11-08,80.53414154052734,81.4173582093292,80.23023942038037,80.36319614509479,8154600
2023-11-09,78.56826782226562,80.42966908845253,78.32609096845411,80.32520206241571,10885100
2023-11-10,78.5872573852539,78.70122338806453,77.55209336404793,78.26436457902003,9779500
2023-11-13,78.12191772460938,79.12384630350591,77.95097232385362,78.5872662756007,11236900
2023-11-14,79.65092468261719,80.28247274631029,78.17889448957632,78.59676262088558,20897600
2023-11-15,82.68994140625,83.41171161796228,81.56930104290632,82.58547437907067,28991000
2023-11-16,75.13037109375,76.70686100640081,74.29559128588102,75.51974227118873,63008500
2023-11-17,73.69633483886719,74.51877545186791,72.88909549101791,73.14550996787422,35497300
2023-11-20,74.51306915283203,74.78373570688976,72.7086471959075,73.04104624382354,31506800
2023-11-21,74.96892547607422,75.28707243099768,73.69633041078256,73.93375416033122,20525500
2023-11-22,74.9879150390625,75.70018627679553,74.19966646369448,75.29181714400468,18958600
2023-11-24,74.54156494140625,75.0923898277916,74.2756514777991,74.33263086411536,12251700
2023-11-27,73.62985229492188,75.2633288565296,73.2119841757391,73.65359611907505,18248200
2023-11-28,72.87959289550781,72.97456094720172,71.47404834100293,72.70864750421961,23682200
2023-11-29,70.91372680664062,71.6601900633245,70.68105615932272,71.22712790838106,30969100
2023-11-30,71.1131591796875,71.17014580684476,70.28692916468464,70.94221378941141,17884200
2023-12-01,70.26792907714844,70.41038477232672,68.4920041134651,69.44169908719013,27998600
2023-12-04,69.3562240600586,69.87855920354822,68.83389616216675,69.01433328351953,21074900
2023-12-05,68.73892974853516,69.04283189521611,68.30207086553122,68.41603688763608,19129000
2023-12-06,67.89369201660156,69.2802458164016,67.89369201660156,68.71992925670607,30394400
2023-12-07,68.69144439697266,68.72943306827385,67.84621638591615,67.94593030818336,18966700
2023-12-08,68.51099395751953,68.79590534426909,68.21659083798319,68.3970279537002,16914800
2023-12-11,67.77973175048828,68.00765651160604,66.55462438538432,66.94399555039394,19719300
2023-12-12,67.79872131347656,68.33530127416907,67.36186250973299,67.78922233529157,14725900
2023-12-13,67.86520385742188,67.88420181496419,66.59261603480454,67.34287595457359,21721600
2023-12-14,68.86238861083984,69.55566192476974,67.82721726107867,67.87470491078808,25199300
2023-12-15,70.76177215576172,71.74470265300127,69.63163285621333,70.27742570658421,31327500
2023-12-18,70.12548065185547,70.49586839595604,69.52717536479774,70.32492299313978,17233500
2023-12-19,71.5975112915039,72.18632484779192,70.48636979010733,70.65731519382976,20939300
2023-12-20,70.59654235839844,72.46852949131126,70.57729636128009,71.78037311361476,27540200
2023-12-21,73.39730834960938,73.42618101670203,71.55900355273444,72.0498609223028,20812100
2023-12-22,72.45409393310547,72.83907996657211,71.64562987152355,71.70337520649431,20004300
2023-12-26,73.00270080566406,74.07969835944644,72.88721012913929,73.30106885368234,13121300
2023-12-27,73.25293731689453,73.5801706663591,72.57921727799824,73.41655399162681,14904500
2023-12-28,74.34052276611328,74.8698795180742,74.09028806791208,74.33090343825826,18937900
2023-12-29,74.60038757324219,74.72069525211782,73.93628683608934,74.16727552349111,14094600
2024-01-02,71.95362091064453,73.21925273915275,71.71300554529338,73.1951970770162,21739600
2024-01-03,73.71492004394531,73.8111720647972,71.28952038424131,71.53976242105941,24444600
2024-01-04,71.85737609863281,72.8823925598717,71.64563340264034,72.72358553787736,18454900
2024-01-05,70.2693099975586,71.22214474280811,70.12493931664251,71.22214474280811,21725200
2024-01-08,70.1441879272461,70.31743128219998,68.25776436385837,68.57537840510683,22000000
2024-01-09,69.31646728515625,69.41271930023218,68.29626054373199,68.57537523285703,21451800
2024-01-10,68.72937774658203,69.08067413041098,68.37807401975472,68.70049773409066,19540000
2024-01-11,69.66295623779297,70.38480231628087,68.8448654841063,69.82176325622007,18095300
2024-01-12,69.14322662353516,70.67354413810236,69.11435395509017,69.86507270665223,16147300
2024-01-16,66.85256958007812,67.88336494199847,66.69857957071176,67.49741697135823,27606900
2024-01-17,66.34246826171875,66.40984026972173,64.7351593972204,65.17789078452545,22684400
2024-01-18,65.4955062866211,66.48684043062313,65.44738027568964,66.02485569187547,19307000
2024-01-19,66.81407165527344,67.28086604287941,64.40791804616968,64.67740607550961,34547700
2024-01-22,66.05372619628906,66.15767367697514,64.12880331009444,64.75440471670731,27294200
2024-01-23,71.24139404296875,71.70337877471836,69.82658186479414,70.02388088342849,53017700
2024-01-24,72.3770980834961,72.78133747306686,71.43388997482663,72.45891376856262,36503300
2024-01-25,71.07777404785156,72.66583685161896,70.79865935626839,72.36747616264978,23268600
2024-01-26,71.23177337646484,71.91512011910594,70.18268658635523,70.3559299396303,19418200
2024-01-29,70.81791687011719,72.00174036856534,70.09607076613719,71.86699634992894,17537400
2024-01-30,69.60520935058594,70.32224574938884,69.37903033025877,69.73995336146197,17089600
2024-01-31,69.4608383178711,70.20193771693542,68.81118127079286,68.81118127079286,15743600
2024-02-01,69.73995971679688,70.712047892129,69.41272632999116,70.4088701685307,14445800
2024-02-02,69.1528549194336,69.5185949763283,68.38289015180976,69.42234295525185,18824200
2024-02-05,71.8284912109375,72.32897524803694,69.16247637972685,69.46083706219149,27721000
2024-02-06,75.2933578491211,75.39922184657361,72.8872043716124,74.15283610754355,39069100
2024-02-07,70.87566375732422,73.31069015974286,70.40405968179216,71.75631690458206,53766300
2024-02-08,68.12301635742188,70.45217117080418,67.9978990195617,69.18653942972534,33070600
2024-02-09,69.31646728515625,69.37902962635604,67.37229847438586,68.14227053700652,18998400
2024-02-12,70.3944320678711,71.34726687714134,69.59558727705945,69.59558727705945,18151100
2024-02-13,68.91223907470703,70.28855925637289,68.73899571816874,69.25872578778362,13560600
2024-02-14,70.63504791259766,70.65430125440834,69.5185964065251,69.59558774477264,12817500
2024-02-15,71.04890441894531,71.35689179127866,70.34149466103933,70.47142901369506,12078100
2024-02-16,71.13552856445312,72.54072138587932,71.1259018940124,72.0498639953749,16393300
2024-02-20,70.3944320678711,70.90453547745012,69.47046992812443,70.70241944778665,14353300
2024-02-21,72.74283599853516,73.52242740018275,71.28951719604582,71.68412990349572,23475500
2024-02-22,73.26256561279297,73.51280029393779,72.18460618363807,72.28085085661668,14836600
2024-02-23,73.10856628417969,74.0469646705855,72.3289749082422,73.6090503189279,12301700
2024-02-26,73.63792419433594,73.69566952890938,72.51183876916923,72.78133413084015,13973100
2024-02-27,74.76400756835938,75.12012095709645,74.3501488409616,74.6196368787093,14490200
2024-02-28,71.78999328613281,73.3203107514836,71.65524927572429,73.16631340073225,16905300
2024-02-29,71.25101470947266,72.22310275826081,71.02965270439067,71.87661607439567,12549200
2024-03-01,71.8188705444336,72.27122122318576,71.57825520035374,71.68412653918868,11980100
2024-03-04,69.29722595214844,70.96228752886236,69.00848457348184,70.96228752886236,19550100
2024-03-05,69.36459350585938,69.98056822064976,68.37325942871229,68.57537544359684,15804500
2024-03-06,70.94303131103516,71.91511941393549,70.8467866363812,71.41463535693813,19785300
2024-03-07,69.81695556640625,70.02677439809023,69.06623679843385,69.87470090455851,12374700
2024-03-08,70.78904724121094,70.99116327784638,70.02870176453555,70.07682043440192,16430400
2024-03-11,72.04986572265625,73.20481654129799,71.75150501882341,71.82849635520083,13510400
2024-03-12,73.20481872558594,73.60905813287066,72.39153759003479,73.0219560353603,13314700
2024-03-13,73.52243041992188,74.54263721884425,73.0893256996619,73.0893256996619,15319800
2024-03-14,70.6446762084961,72.55997255480519,70.48105951433371,72.41079219583368,18923500
2024-03-15,70.6639175415039,71.34726428640944,70.63504487302873,70.81309789062438,10233700
2024-03-18,70.76016235351562,71.2413930770224,70.57729967182176,70.66391767741389,8542500
2024-03-19,70.6639175415039,70.96709524648945,70.11531481148126,70.33668417478776,8164200
2024-03-20,71.3953857421875,71.53975641835335,70.5484223679442,70.78903771388808,11123200
2024-03-21,71.05853271484375,71.93436884185637,71.00078003289906,71.51089078458583,11860700
2024-03-22,69.4223403930664,69.89395178134073,69.33572238889234,69.75920776840464,12771500
2024-03-25,68.77749633789062,69.76883048536776,68.68125165868865,69.23948107825775,12422100
2024-03-26,68.79674530029297,69.1721046653861,68.42137859220198,69.14322465476535,10881900
2024-03-27,68.9026107788086,68.998862796947,67.93341581221806,68.22889070982798,13281300
2024-03-28,69.64370727539062,69.86506928462518,69.35015625558137,69.37421925910627,14073400
2024-04-01,70.61579895019531,70.81983883823538,70.07681554709207,70.49067426267227,14311700
2024-04-02,70.1441879272461,70.3944299606235,69.788081889784,69.84582722710257,17290400
2024-04-03,69.72071075439453,70.13456947735236,69.40309670917146,69.70145741304864,11777900
2024-04-04,69.24909210205078,70.48104881429984,69.20097343971914,70.24043347364922,11087100
2024-04-05,68.9699935913086,69.3212899775567,68.72937821987868,68.9892395901037,12260300
2024-04-08,69.01811218261719,69.67258628589462,68.873741491321,69.25872755377803,10560000
2024-04-09,70.25006103515625,70.49067640401225,69.59558693814802,69.65333961991232,14060400
2024-04-10,71.78999328613281,72.34822266810973,70.97190255351029,71.6504396121375,20572200
2024-04-11,72.04023742675781,72.59846682514024,71.57826004692261,72.39153379686138,14986800
2024-04-12,68.61388397216797,70.24044632226148,68.61388397216797,70.20194697955526,18231400
2024-04-15,67.96903228759766,69.34535249622964,67.53592021626689,69.03736511668254,15903900
2024-04-16,66.9969482421875,67.66778258300732,66.68896084377242,67.39155365437612,17478900
2024-04-17,66.2365951538086,67.38192660241361,66.1451601433068,67.093185236934,12760600
2024-04-18,66.29434204101562,67.01137846483684,66.21735070568434,66.49645806438176,9491000
2024-04-19,66.47721099853516,66.5542096756278,65.79386426108334,65.85160959740384,13084100
2024-04-22,68.02677154541016,68.2385142267325,66.5253341222119,67.07874648594269,15015600
2024-04-23,69.78807830810547,70.0671929958174,68.3251328651325,68.41175820966271,15268200
2024-04-24,71.8284912109375,71.89586321481654,70.74091247889086,70.97190115747647,16375200
2024-04-25,72.29048156738281,72.37709957500559,71.03446905586465,71.03446905586465,11921900
2024-04-26,72.71395874023438,74.04215277456058,72.24234738651927,73.32511641733879,14216100
2024-04-29,73.54168701171875,73.65717769262699,72.39635547272188,72.81021421297297,13076400
2024-04-30,72.04023742675781,73.42618425225955,71.6841313929261,73.04119820706484,12856000
2024-05-01,72.67546844482422,73.38768788431773,72.05949368477604,72.1749843629111,10549100
2024-05-02,77.31452941894531,78.35879920263602,74.26352840930538,74.6773797801984,36663900
2024-05-03,78.27699279785156,78.31549213765419,76.7081759086374,78.2192401166485,19355800
2024-05-06,78.48873138427734,79.1335787704501,77.47814396063512,78.68603039380928,11826100
2024-05-07,76.39056396484375,76.92953999910821,75.85639759410032,76.92953999910821,14589100
2024-05-08,75.51472473144531,76.02482812672469,74.88912331831098,74.99499466559517,11327100
2024-05-09,76.47718048095703,76.91991183521858,75.7553344449441,76.51567981737077,9627300
2024-05-10,77.03541564941406,77.49739303519569,76.7755469447885,77.07391498872889,10819600
2024-05-13,81.42424011230469,81.80922617466751,79.49931714348898,79.60518849421372,32010700
2024-05-14,76.52531433105469,77.48777581105739,74.80250740069005,76.66005835081519,44687700
2024-05-15,77.94974517822266,78.0844891841005,76.78516778856552,77.37226981831795,17803300
2024-05-16,83.44540405273438,84.20574947278742,78.58113044728292,78.88333887541414,47259500
2024-05-17,85.21633911132812,87.06426336439056,83.57053088503831,84.31162298320457,35152900
2024-05-20,84.96609497070312,85.89005707436166,83.68601948983324,84.18650355202207,16737200
2024-05-21,82.89680480957031,83.89776563211142,82.11721335883088,83.27216420014842,16512400
2024-05-22,79.5763168334961,81.93434456299302,79.5763168334961,81.43386781567477,19717800
2024-05-23,77.76688385009766,79.82655065317272,77.04503780202,78.3732318870037,23930300
2024-05-24,78.20962524414062,79.4608208155077,76.7370602920478,77.47815243221918,41456400
2024-05-28,77.55514526367188,78.65235072725636,77.03541520044794,77.7668879571703,15211800
2024-05-29,76.09219360351562,76.38093495187049,75.29335624666251,75.80345959815827,18448500
2024-05-30,76.64080047607422,77.1894031935077,75.74571105889349,75.9045180748608,13875900
2024-05-31,75.39923095703125,75.55322832283812,74.27315275581306,75.03349822773775,20023900
2024-06-03,74.97575378417969,76.34244737857533,74.3212796576665,76.03445998627492,14244400
2024-06-04,75.50509643554688,75.89682334926529,74.85543937446737,75.24523507971467,10784400
2024-06-05,76.83330535888672,76.93435970700585,75.8997165040787,76.01521453064214,13716200
2024-06-06,77.00654602050781,77.04985502532232,75.80346915567111,76.4386899219457,11205300
2024-06-07,75.46660614013672,76.34244224500307,75.20192777166127,75.98632886350902,12190300
2024-06-10,76.32319641113281,76.74667445860693,75.3029822743585,75.62059631721272,9475200
2024-06-11,74.97575378417969,76.1114586700997,74.75438440393316,76.03445998627492,11108400
2024-06-12,75.11048889160156,75.8323349450079,74.72550286118529,75.79383560766651,12069600
2024-06-13,74.42212677001953,75.71035092410179,74.23528234977735,75.22849729054676,14026700
2024-06-14,72.13085174560547,73.0552304525185,72.04235123243468,72.97655832797554,18282700
2024-06-17,73.3109130859375,73.83210279558394,72.602878951102,72.79463757073769,13466300
2024-06-18,73.22240447998047,73.85176648309591,72.62254264848185,72.85363732959624,10305300
2024-06-20,73.1142349243164,73.9982947800292,72.79955391095726,73.3305795277359,9709400
2024-06-21,72.4455337524414,73.4092485350782,72.4455337524414,72.56354194090311,10183400
2024-06-24,73.54692077636719,74.67288649860224,72.88805860697923,72.88805860697923,20134400
2024-06-25,72.56354522705078,73.51742416153354,72.38653668763556,73.2617434929144,16914100
2024-06-26,72.93722534179688,73.11423387819043,72.44553579654665,72.69630226627999,7010100
2024-06-27,71.16714477539062,72.32753235817839,71.14747299287959,72.23902434205226,11865100
2024-06-28,70.80329132080078,71.34906699150208,70.60661851261102,71.16714426879722,10335000
2024-07-01,70.98030090332031,71.80633571308864,70.82295665236245,71.3048177939808,9034200
2024-07-02,72.45536804199219,72.5507559290119,70.77379078216917,71.11797194600663,13419100
2024-07-03,74.31395721435547,74.54505189972714,72.94706088529026,72.94706088529026,11768500
2024-07-05,73.28140258789062,73.47316120013768,72.38653156493326,73.4289109440622,14928700
2024-07-08,72.27835845947266,72.48486715476076,71.73749699377531,72.38653075261213,10919400
2024-07-09,74.4417953491211,74.79581242761151,72.74055369659673,72.7798897611609,14458100
2024-07-10,74.74664306640625,75.38091924721607,73.99927289392933,74.02877306476886,12235200
2024-07-11,77.21492004394531,77.51977265254304,76.13517026244853,76.3692209596113,18896900
2024-07-12,78.32614135742188,79.66353744043346,78.10488257585754,78.9653392283973,14857200
2024-07-15,76.7134017944336,77.29359183271623,76.16270442465157,76.79206641647096,12614900
2024-07-16,77.0772476196289,77.27392793215459,75.70052294488302,76.00536805106435,12304500
2024-07-17,75.759521484375,76.65439250166312,75.2186600160346,76.56589199007284,10815500
2024-07-18,75.26783752441406,77.01825112921183,75.09574318017017,76.07420808963282,11108600
2024-07-19,74.01893615722656,74.78105640465809,73.93043564592325,74.40246088063401,7557300
2024-07-22,75.36617279052734,75.9070342905823,74.99249143759022,75.55301721828943,9166800
2024-07-23,74.83514404296875,75.0514886339157,74.18611777271462,74.41721244917281,7997100
2024-07-24,74.5401382446289,75.7791904998497,74.46146611657414,74.88431942663469,7924700
2024-07-25,74.14678192138672,74.94823074592757,73.88126537625598,74.11728175028036,8172600
2024-07-26,75.25799560546875,75.49400447081548,73.31090933683167,74.00910754448125,10884500
2024-07-29,77.31326293945312,78.08029739136751,76.90515973694244,77.15591869158008,17364100
2024-07-30,76.70356750488281,77.48043787094782,76.40855078267542,76.91991210082331,8431900
2024-07-31,77.53943634033203,78.68507383017433,77.03791092573542,78.01146158393826,12178600
2024-08-01,76.68390655517578,78.04096703057897,76.5462265769355,77.46076945239491,8559600
2024-08-02,76.16270446777344,76.18237625023397,74.50571316834372,75.51367819572393,10808700
2024-08-05,75.70052337646484,75.97094661602587,72.64221389818222,72.79955064651298,16143300
2024-08-06,76.60523223876953,77.53943936868902,75.23833591052758,75.23833591052758,12128900
2024-08-07,76.53639221191406,77.6279435426431,76.1725392674755,77.60827176046445,9693900
2024-08-08,78.97517395019531,78.97517395019531,77.44110493890024,77.53944134941632,14004300
2024-08-09,78.66049194335938,78.8866724370235,77.87870736111934,78.64082766253894,7755900
2024-08-12,79.56520080566406,80.1453908312994,78.89650276610926,79.25051231402738,12127700
2024-08-13,79.75203704833984,80.0470537554738,79.33901966042151,79.61927877987091,9365700
2024-08-14,78.14913177490234,79.63403619307311,76.7723996489379,79.21118291515374,18058100
2024-08-15,78.21797180175781,80.51907521471509,76.44788648210846,76.60523073389368,31619400
2024-08-16,81.79747009277344,82.76118486778535,80.61741822784032,80.68625446158497,25249200
2024-08-19,82.51534271240234,83.4888859068758,82.10231779429168,82.58417894832296,14751000
2024-08-20,79.69303894042969,81.22710785429327,79.43244409294867,81.08943538779714,17880100
2024-08-21,82.14165496826172,82.40717152653491,80.35190530754885,80.48957778125083,14690000
2024-08-22,81.58112335205078,82.3973297468068,80.46990775012313,82.11214892806362,9729000
2024-08-23,83.99040985107422,84.36409119621408,82.95785882800077,83.48888442535967,17318000
2024-08-26,80.40107727050781,80.93701707907883,79.03418092250051,80.52891385250297,29321700
2024-08-27,80.09622192382812,81.2762813045679,79.9192133918465,80.90259245783622,9026100
2024-08-28,78.29664611816406,79.92905151187789,77.88854289408883,79.77662895281341,14024400
2024-08-29,79.67337036132812,80.11097375512489,79.12268047320286,79.88971496097363,14154200
2024-08-30,81.9548110961914,83.34137923695066,81.20744837746322,83.31187906418339,20027300
2024-09-03,80.90259552001953,81.64012984742769,80.34206973129282,80.42074186017061,11638200
2024-09-04,81.09927368164062,82.01381652336579,80.93210103916935,81.49262681296304,11114100
2024-09-05,81.0599365234375,81.63029818102224,80.63708322592976,80.74034132875971,8461000
2024-09-06,79.8307113647461,81.24677959377149,79.82087547354821,80.75509007009175,11712700
2024-09-09,80.08639526367188,80.26831799397893,78.985007985059,79.58486982846752,10434400
2024-09-10,82.40716552734375,82.89885504122387,81.34019267994769,82.40716552734375,15327800
2024-09-11,83.40037536621094,83.42987553748685,82.11215120325119,82.18590163144094,11551700
2024-09-12,84.06907653808594,84.25592096653544,83.44955041058763,83.61672305573346,10775000
2024-09-13,83.28237915039062,83.47905197117547,82.42683662454343,82.98736241662615,8985500
2024-09-16,82.21048736572266,82.97752182697944,81.87614208880018,82.63826235572107,11298200
2024-09-17,83.29220581054688,84.34442113533586,83.22336957444243,83.41021400212036,10113900
2024-09-18,83.01686096191406,83.58722263463008,82.64317960871412,83.4397142706398,7858800
2024-09-19,87.01921081542969,87.09296874639426,85.50480616451607,86.16859003026323,18618400
2024-09-20,86.82254028320312,88.03209235586198,86.58653140361382,87.7370831320221,12277000
2024-09-23,88.59261322021484,89.63500009387676,87.8354146681781,87.98292302320999,19744100
2024-09-24,95.57461547851562,95.87946059342072,92.83098693660884,94.47322820461373,47423200
2024-09-25,93.87336730957031,94.58140145688466,92.49663507896875,92.81131608859879,18816600
2024-09-26,103.32363891601562,104.20868158237013,100.0686565847091,100.98319942284428,67261600
2024-09-27,105.54607391357422,107.61116839216061,103.97266895382205,104.20867782213821,50075200
2024-09-30,104.35618591308594,110.35479652710069,104.34143582776532,109.86310700951609,58561500
2024-10-01,110.86615753173828,110.9153294877281,104.38569286991527,104.65120192553377,44505000
2024-10-02,113.33443450927734,114.6324945436836,110.35479721456662,113.39343485092732,53732800
2024-10-03,110.96449279785156,112.19371665906094,108.79122591154382,109.05674246701379,29267000
2024-10-04,112.62640380859375,113.80646319542319,111.8593693335774,113.7425411549762,25644200
2024-10-07,115.56670379638672,115.86172051533548,111.48568670064535,115.49786756231025,38404000
2024-10-08,107.85701751708984,108.91906872137906,106.24427643024485,108.27003492900667,37414400
2024-10-09,106.09676361083984,107.56199627399045,103.86449649990014,104.04150502651198,28793000
2024-10-10,107.46366119384766,108.99773010831133,105.69358340852496,107.16865198092057,19736600
2024-10-11,108.30937194824219,109.20425051787954,105.43790681730805,106.25411325943259,18042600
2024-10-14,106.01809692382812,108.25037165182327,105.14289013697504,106.50978646712029,21351600
2024-10-15,100.14732360839844,102.67461508944427,99.95065079008992,102.261590166857,28942600
2024-10-16,100.47183990478516,102.12391707740584,100.08832265958635,100.80127099988736,16432600
2024-10-17,98.40674591064453,99.76380636321404,97.89539208147818,99.56713354490094,15808200
2024-10-18,100.7275161743164,101.64697318325521,99.97031760858798,101.64697318325521,20824600
2024-10-21,99.2327880859375,99.96048651557358,98.45099600338135,98.80501307781773,10328600
2024-10-22,98.7902603149414,100.1964926829108,98.1412340311177,98.3477427351792,20650100
2024-10-23,96.37114715576172,98.55424985296939,96.11055230702706,98.50016370497238,13638200
2024-10-24,94.75840759277344,95.79095861520914,93.93236527430751,95.18126089211731,13602900
2024-10-25,95.80078887939453,97.25619322966466,95.43694341876729,96.66616727783132,16977100
2024-10-28,98.26907348632812,99.37046077615743,97.13818602399584,97.38403079830343,16044400
2024-10-29,98.17073059082031,99.76379982142095,97.87571388010862,99.76379982142095,13685400
2024-10-30,97.05950927734375,98.1412322348966,95.95812954250704,96.58256983767366,10179900
2024-10-31,96.35148620605469,96.4694868947908,95.14684082290196,96.17447767036349,8379300
2024-11-01,95.9581298828125,96.66616400205379,95.80078563294254,96.58749187711881,8501000
2024-11-04,96.7645034790039,98.21990032357307,96.72516741528759,97.17752089414486,8681900
2024-11-05,97.56103515625,99.40978507890846,97.31027619813051,98.30840533885099,10804200
2024-11-06,95.12226104736328,95.70245109928265,93.1850030728352,94.20771820922621,18162900
2024-11-07,98.47557830810547,99.41962130386035,97.53153531235057,97.61020743764352,16340400
2024-11-08,92.62447357177734,94.77806855351328,92.1327840549977,94.51255951559038,24879800
2024-11-11,93.83403015136719,95.19109808542429,93.46526299582332,94.56173607350304,12556700
2024-11-12,90.25453186035156,91.77877245393582,89.51699754137603,91.13957454363961,21641900
2024-11-13,90.47087097167969,91.32641343071262,89.76283686800922,91.01173244047982,12874500
2024-11-14,89.07447814941406,90.03327124417238,88.51395237843327,89.37932326093032,16946800
2024-11-15,87.11754608154297,89.19247646875381,85.78015748139892,88.7007869457671,31018300
2024-11-18,87.86492156982422,88.01242993615644,86.38985291167634,87.42240397341473,13482000
2024-11-19,85.66214752197266,86.4783539138581,85.37500102655368,85.71131947428829,19289000
2024-11-20,85.32779693603516,86.08500300659315,85.06228789345964,85.59331348119743,15174500
2024-11-21,84.15758514404297,85.59331772914261,84.02482686487312,85.53431738399473,15869200
2024-11-22,81.74829864501953,82.28916012963748,81.2615308114502,82.2104880041318,24999200
2024-11-25,84.15758514404297,84.44768017780287,82.35799959116146,82.84968914095944,15120100
2024-11-26,83.76422882080078,84.64927147732458,83.44954782099086,84.38867662604075,10241500
2024-11-27,85.15078735351562,86.08500194176376,85.03278667053578,85.52447618984955,13607600
2024-11-29,85.91783142089844,86.03583210678316,84.5410992324109,84.98361680965229,7553500
2024-12-02,84.52143096923828,85.55398202924681,83.85273287856137,85.49498168384764,16537200
2024-12-03,84.25592041015625,85.19996343264752,83.9609036832459,84.57551561215327,13660700
2024-12-04,83.51838684082031,84.56076628072199,82.86935303686012,84.52143021661043,13613700
2024-12-05,82.75135040283203,83.68555752012405,82.53009161216676,83.38562660308408,12979600
2024-12-06,84.50176239013672,85.24913257172247,84.47226221893764,84.58043451505874,11751500
2024-12-09,90.78555297851562,92.55563825751298,90.30369934801672,90.48070787591647,32767300
2024-12-10,88.33694458007812,89.05480710721679,88.00751348850258,88.29269432208746,13859200
2024-12-11,87.5010757446289,87.68299847756192,86.53736092410844,87.41748191873235,9866000
2024-12-12,87.74691772460938,88.50411630743474,87.01921181088568,87.55515910604674,9951200
2024-12-13,86.3603515625,86.92087734485705,85.78998988849821,86.72420452748467,11608600
2024-12-16,84.62960052490234,85.47432428803786,84.44276360300483,84.53126411823203,13216600
2024-12-17,85.70148468017578,86.14400224633384,83.98057136331516,84.07890776661844,13288700
2024-12-18,83.58721923828125,85.77032192938906,83.41808092269827,84.95509835624628,11319500
2024-12-19,82.90868377685547,83.97073493190513,82.83984754472743,83.58721770967941,13795100
2024-12-20,80.91242980957031,81.62046395027578,80.34206814038124,80.84359357381211,21270500
2024-12-23,83.72489166259766,83.89206430036863,81.39428061467504,81.47295273924493,20055100
2024-12-24,84.09857177734375,84.4624247212478,83.58721798024976,84.27558030375833,5235400
2024-12-26,84.6492691040039,85.81948505348832,84.1379078045331,84.29525205131999,12008600
2024-12-27,83.6462173461914,83.85272604083605,82.88901879916108,83.47904471280097,8629400
2024-12-30,82.73168182373047,83.53805239383051,82.14165585824533,82.77101788844111,10731000
2024-12-31,83.3807144165039,83.93140430921382,83.01686145019937,83.01686145019937,7415000
2025-01-02,83.53804779052734,84.01007303845718,82.80051349866541,82.9873579200982,10635700
2025-01-03,84.11824798583984,84.12808387743229,83.35121349854377,83.68555878681661,7689500
2025-01-06,84.09857177734375,85.90799310320244,83.6658901036755,85.11145848563014,18077100
2025-01-07,83.07586669921875,83.69539280913965,82.38749685227535,82.90377236183619,11144100
2025-01-08,82.29899597167969,82.39733237720947,81.34511708260854,81.70896253332738,9661800
2025-01-10,79.19151306152344,80.882926214384,79.06367648697902,80.882926214384,15393900
2025-01-13,79.20134735107422,79.73237292339121,78.7293221192636,78.8178301326097,10726600
2025-01-14,80.32240295410156,81.27628185498533,80.13555852947037,81.02060119537217,8773700
2025-01-15,81.06977081298828,81.41395197797623,80.78458998983064,81.25660772964648,11655700
2025-01-16,81.0599365234375,81.21727327228928,80.46007469435473,80.65674750606617,7566500
2025-01-17,83.70523071289062,84.1674125823061,81.64996451660886,81.81713716103066,21132400
2025-01-21,83.96089935302734,85.4556396884887,83.50854589699175,85.42613951783653,17099500
2025-01-22,84.96395111083984,85.10162357713111,83.01685729779847,83.58721894534042,10354800
2025-01-23,84.66893768310547,84.76727409104755,83.54788612687422,84.3739284592792,9225600
2025-01-24,87.65840911865234,87.70758107286122,85.04262471113317,85.2687976942856,18791000
2025-01-27,88.49427795410156,89.91034617645336,87.73707939234143,89.08430387921925,25999800
2025-01-28,94.43389129638672,94.82724442658983,88.40578027238426,89.42849540987758,31296300
2025-01-29,95.1124267578125,99.59663300609277,94.84691020214025,97.73804712673518,75053000
2025-01-30,101.03236389160156,101.9419925354522,95.52544258155807,95.6827868345301,45929000
2025-01-31,97.19718170166016,100.79635262593519,96.37114690089413,100.30466310093063,36416400
2025-02-03,96.97100830078125,100.17682609062298,94.4732246242873,94.90099210835713,29282900
2025-02-04,100.64884948730469,101.8879092552949,98.02322908824328,98.91810016881217,29877500
2025-02-05,97.62987518310547,100.12765898041572,97.38403040977872,98.50016778140655,17017900
2025-02-06,98.71158599853516,100.04898210214192,98.20514638973407,99.56712847002362,12774600
2025-02-07,101.78956604003906,105.72308218106176,101.28804063133441,102.7237731224973,39538200
2025-02-10,109.46975708007812,109.79427397174695,104.9265431044753,105.53624082495124,42429400
2025-02-11,110.90548706054688,113.6196153148467,109.15507356771273,112.06587462920801,55001300
2025-02-12,116.36324310302734,117.81863987451521,113.05416724580624,113.89495962252585,44024700
2025-02-13,117.55313110351562,117.58263127424193,112.8525805022621,113.4131062538219,34429300
2025-02-14,122.65687561035156,124.69247000021899,118.49226461786112,124.48595379171354,52729800
2025-02-18,124.79080200195312,126.87556827312109,123.5222421367345,125.6168367964657,42152800
2025-02-19,123.69925689697266,125.57750706155969,122.873214558254,123.90576560600555,35155200
2025-02-20,133.71005249023438,142.1081030918637,129.22584636063942,135.5194663661808,118849000
2025-02-21,141.36074829101562,142.88498892579713,138.75479962893803,139.24648918821111,73892100
2025-02-24,126.89522552490234,133.54287748081506,126.30520710026069,133.54287748081506,74118300
2025-02-25,131.78262329101562,132.2349842638519,128.57681293630193,130.58289962955172,38881100
2025-02-26,136.7683563232422,139.59064931767483,135.9914784921538,137.67306322380642,40543000
2025-02-27,134.28041076660156,137.77631604750607,133.61170521744066,136.37009122432275,23859400
2025-02-28,130.30755615234375,131.72362442471376,127.97695254041952,128.7734871923342,24862600
2025-03-03,128.6358184814453,132.47591269074985,127.4065945986929,131.7826286202566,22528000
2025-03-04,127.69178009033203,129.9043830298668,124.00410102185373,127.4459353192726,25366500
2025-03-05,138.68594360351562,139.47264982970196,131.12375645091726,132.13663565288618,37284600
2025-03-06,137.6239013671875,142.35395241409918,135.79481564997522,139.83650433130683,35482100
2025-03-07,138.2827606201172,142.94398283394966,137.06338017135195,140.54453549193903,31904400
2025-03-10,130.33705139160156,135.65713560056068,128.8226542719028,133.73462777626375,33484200
2025-03-11,136.70936584472656,138.98391016509822,133.77888534097983,135.86365922370805,29094800
2025-03-12,134.86061096191406,136.6405247556861,133.03152521145518,136.10458493970097,23880900
2025-03-13,136.05050659179688,137.94842108167433,132.10714673648081,132.53000755871318,20516300
2025-03-14,138.75479125976562,139.46282538282685,137.13220680892792,139.00063602457374,17381900
2025-03-17,145.11724853515625,145.96294008360957,137.70256235460567,137.83040642828954,33897000
2025-03-18,140.36753845214844,144.42888394078125,140.1315220657539,143.94703778400705,20950100
2025-03-19,140.81988525390625,142.78664346975737,139.5119892397443,142.65881438924563,16333800
2025-03-20,134.63442993164062,136.67986016529943,134.10339683939705,134.89502478083517,23646800
2025-03-21,132.8938446044922,134.2017405454286,131.0844307484551,131.7629646957624,13970300
2025-03-24,132.24481201171875,134.1623981809374,131.40894881240482,134.06406927787478,14019000
2025-03-25,130.54356384277344,133.98046868805216,130.1502182400433,130.73040825588077,17943400
2025-03-26,130.04205322265625,132.42182876418846,128.95050185807332,131.31060561681676,15933500
2025-03-27,133.37570190429688,135.49488250183475,130.67140958672508,131.23192782804085,16688300
2025-03-28,130.2288818359375,131.97931036914542,129.2160026035977,131.28110463361162,13271500
2025-03-31,130.03221130371094,130.66157331352667,125.87252200454083,127.86878033279268,12183800
2025-04-01,130.49440002441406,131.87113973012296,129.3438483092868,130.5435719791133,11627500
2025-04-02,127.63275909423828,130.6222397809585,127.0033971083772,129.76670481717775,21240900
2025-04-03,127.180419921875,128.49814430549736,123.41407619436627,123.55666286173938,30607600
2025-04-04,114.60299682617188,116.89427184206006,109.45009264020051,115.61587605997488,57154500
2025-04-07,104.21851348876953,112.22321823794286,100.93402360868615,104.84787547131485,61386600
2025-04-08,97.7183837890625,107.18832181348792,96.12530694741692,106.46062338079965,52100200
2025-04-09,103.03845977783203,105.26089862040442,94.13888352109903,98.92793488439902,74981900
2025-04-10,102.44843292236328,106.64745829560636,99.68514010656077,105.08388915861244,53133400
2025-04-11,105.9394302368164,106.2482067024208,100.4915093028695,103.03845748630623,40522800
2025-04-14,112.07571411132812,114.07197242841143,109.84343941494416,110.0106195592622,32926100
2025-04-15,110.41380310058594,112.10521633696104,109.61726843796697,111.88887173659857,16172300
2025-04-16,104.97571563720703,107.15881837124715,104.18900938081147,106.37703381185321,18031600
2025-04-17,107.06047821044922,109.6615124561346,106.61795314327509,108.99281441242434,17885000
2025-04-21,108.31920623779297,108.39787836414222,105.48706970991535,106.92280975673492,12145700
2025-04-22,113.95396423339844,115.47820479698248,111.13167109665635,112.45923134416576,27662400
2025-04-23,116.99260711669922,121.75215813119952,116.7762625246607,117.60229732780402,25762800
2025-04-24,117.30728912353516,117.35645357504836,115.62571182901185,115.97480719432696,13696000
2025-04-25,118.28083038330078,118.48733908252962,116.30423640127233,116.60908900711303,9306400
2025-04-28,116.40258026123047,118.66434756324935,115.34052909197636,117.51379588118408,10748000
2025-04-29,116.90409851074219,117.88747755861965,115.73388254552698,115.77321860775248,8295500
2025-04-30,117.44496154785156,117.94648696965392,116.22557361301355,117.11060876578772,10144800
2025-05-01,118.52667999267578,119.43138695085058,117.37612826308913,118.19233470479742,8690200
2025-05-02,123.66975402832031,124.5154606293044,122.18484953088264,123.91067709897911,18092500
2025-05-05,124.4662857055664,125.01697557117758,122.63720007754445,122.92238090154645,9868800
2025-05-06,125.53817749023438,127.57376439183821,125.36608314946454,126.31996206155262,17919700
2025-05-07,121.18180847167969,122.88796428918023,120.86712746321729,122.83388564175404,15979200
2025-05-08,123.69925689697266,124.707221966904,122.10618006682124,123.26656769561589,10846800
2025-05-09,123.24690246582031,125.64634233033487,123.10922999419189,124.87930784480884,11172200
2025-05-12,130.34689331054688,131.84163363625382,130.10104855326753,131.6449458262918,22631700
2025-05-13,129.46185302734375,130.81991133389658,128.03595632771285,128.82266261187365,16123600
2025-05-14,131.82196044921875,132.27430639489452,130.44522082002425,131.84653892261545,18278300
2025-05-15,121.84066772460938,124.22044326266733,120.61144389264719,124.1417711368009,35442800
2025-05-16,121.4079818725586,124.00410207682573,121.2604735081506,123.689421067296,20090000
2025-05-19,120.91629028320312,121.01462669028456,118.00548911858837,118.18249765236973,11197000
2025-05-20,123.07972717285156,123.13872751582608,122.08651221812177,122.22418468678687,11790000
2025-05-21,121.53581237792969,123.96475981564879,120.72944186240956,123.36489799894137,8521400
2025-05-22,119.46089172363281,120.13941817448753,118.91019434728867,119.47072011238788,7820900
2025-05-23,118.72335815429688,119.03016894224413,117.3013853599889,117.59247072583175,7163400
2025-05-27,117.53346252441406,118.01040197105168,116.91393641451788,117.88256539355822,8544500
2025-05-28,114.79966735839844,115.96005492903271,114.57349437999777,115.49786557849217,11707700
2025-05-29,115.23236083984375,117.35645575029096,114.76033558052939,117.05653233351673,12356300
2025-05-30,111.94786834716797,113.15742788949154,109.74510135825385,113.09842754684686,17213200
2025-06-02,112.8427505493164,113.48194845817417,111.76988060123537,112.99025891329698,13147200
2025-06-03,113.05908966064453,113.88512445469381,112.51331399222387,113.46227116652477,14008900
2025-06-04,117.46463012695312,118.00549163129809,114.7210090488021,114.87343160841192,18115500
2025-06-05,117.96614837646484,119.52972494661677,117.15977786624023,118.93969152235618,15332200
2025-06-06,117.39579010009766,117.77930733531038,116.25507428583558,117.02210875626103,9753200
2025-06-09,119.46089172363281,120.12466808876809,118.1234955994335,119.07736698716687,10410600
2025-06-10,119.85424041748047,120.12959286400175,117.88748224356495,118.61026647268586,8892800
2025-06-11,118.33000183105469,121.4079755291533,118.05465689992596,120.59176912431693,10443100
2025-06-12,116.62000274658203,117.55000305175781,115.94999694824219,117.5199966430664,10204500
2025-06-13,112.87000274658203,114.77999877929688,112.26899719238281,113.66999816894531,13355100
2025-06-16,115.95999908447266,116.9000015258789,114.87000274658203,114.9800033569336,10242900
2025-06-17,115.02999877929688,116.61000061035156,115.02999877929688,115.94000244140625,10205700
2025-06-18,113.48999786376953,114.30000305175781,113.0199966430664,113.63999938964844,14002300
2025-06-20,113.01000213623047,114.427001953125,112.62200164794922,114.11000061035156,12737300
2025-06-23,113.08999633789062,113.08999633789062,111.26000213623047,112.11499786376953,12536500
2025-06-24,117.01000213623047,117.31999969482422,113.62000274658203,114.61499786376953,17125100
2025-06-25,114.55000305175781,117.44999694824219,114.16999816894531,117.19999694824219,12835500
2025-06-26,113.93000030517578,114.19999694824219,113.37999725341797,114.0999984741211,8388000
2025-06-27,114.08000183105469,115.5,113.31999969482422,114.37000274658203,12355500
2025-06-30,113.41000366210938,113.48999786376953,111.4000015258789,112.45999908447266,10457300
2025-07-01,113.97000122070312,114.79000091552734,112.73999786376953,112.94999694824219,9243200
2025-07-02,110.70999908447266,111.81999969482422,110.37000274658203,111.56999969482422,13843800
2025-07-03,108.69999694824219,109.08000183105469,107.94999694824219,108.33499908447266,11847200
2025-07-07,106.2699966430664,108.19999694824219,105.94000244140625,107.43000030517578,17446200
2025-07-08,107.98999786376953,109.12999725341797,107.91000366210938,108.76499938964844,11319900
2025-07-09,103.83000183105469,105.5250015258789,103.70999908447266,105.4800033569336,24609300
2025-07-10,106.63999938964844,106.76000213623047,104.41400146484375,105.13999938964844,13554500
2025-07-11,106.72000122070312,107.41999816894531,106.30000305175781,106.91000366210938,10774600
2025-07-14,108.22000122070312,108.80000305175781,107.19000244140625,107.6449966430664,13231300
2025-07-15,116.97000122070312,117.21499633789062,113.2040023803711,114.65499877929688,34785400
2025-07-16,115.7300033569336,116.02999877929688,114.04000091552734,115.5,14439000
2025-07-17,117.30000305175781,118.19999694824219,114.86000061035156,115.04000091552734,14573600
2025-07-18,120.2300033569336,122.16000366210938,119.7699966430664,121.37999725341797,26787700
2025-07-21,120.2699966430664,122.30999755859375,118.25,119.51000213623047,17937600
2025-07-22,120.70999908447266,121.83999633789062,119.0,120.44000244140625,11551500
2025-07-23,122.58000183105469,123.86499786376953,121.4000015258789,122.79499816894531,12874200
2025-07-24,121.1500015258789,123.98999786376953,120.44999694824219,121.8499984741211,11378400
2025-07-25,120.02999877929688,120.4800033569336,119.33999633789062,120.19000244140625,7060600
2025-07-28,122.1500015258789,123.44999694824219,121.52999877929688,122.02999877929688,11207400
2025-07-29,119.36000061035156,122.87000274658203,119.05000305175781,122.48999786376953,13599700
2025-07-30,117.37999725341797,119.58999633789062,116.83999633789062,119.04499816894531,12794100
2025-07-31,120.62999725341797,121.33999633789062,117.5199966430664,117.81999969482422,13650400
2025-08-01,117.06999969482422,118.37000274658203,116.11000061035156,118.05999755859375,12424300
2025-08-04,117.5,119.48999786376953,116.86000061035156,118.3499984741211,7272100
2025-08-05,117.04000091552734,118.6500015258789,116.87000274658203,118.0999984741211,5885600
2025-08-06,120.86000061035156,121.29000091552734,117.7699966430664,118.87999725341797,12079600
2025-08-07,120.95999908447266,122.27999877929688,119.5999984741211,121.33999633789062,9480600
2025-08-08,120.36000061035156,120.69999694824219,118.65499877929688,119.31999969482422,9763600
2025-08-11,118.63999938964844,121.30000305175781,118.12000274658203,120.43000030517578,12072000
2025-08-12,122.41999816894531,122.79000091552734,118.0999984741211,118.80999755859375,11939800
2025-08-13,126.86000061035156,127.93000030517578,125.08000183105469,126.69000244140625,19362500
2025-08-14,122.27999877929688,123.93000030517578,121.33999633789062,123.7300033569336,15045600
2025-08-15,121.26000213623047,122.18900299072266,120.68000030517578,120.9800033569336,11141800
2025-08-18,121.4000015258789,123.1500015258789,120.9000015258789,121.91999816894531,8550400
2025-08-19,119.98999786376953,122.58000183105469,119.98999786376953,121.58000183105469,8106100
2025-08-20,119.48999786376953,120.80999755859375,118.66999816894531,119.91999816894531,7095800
2025-08-21,118.08999633789062,119.2699966430664,117.51000213623047,117.87999725341797,8231200
2025-08-22,122.94000244140625,123.4000015258789,120.27999877929688,120.4749984741211,13855300
2025-08-25,124.3499984741211,126.7300033569336,123.5,125.18000030517578,12888400
2025-08-26,124.19000244140625,126.0,123.72000122070312,125.29499816894531,8706100
2025-08-27,122.2300033569336,122.51499938964844,120.79000091552734,121.19999694824219,13833100
2025-08-28,119.56999969482422,121.25,117.5999984741211,119.52999877929688,14501100
2025-08-29,135.0,136.64999389648438,128.50999450683594,128.8800048828125,82165100
2025-09-02,138.5500030517578,138.8300018310547,133.05999755859375,134.47000122070312,41625400
2025-09-03,136.4499969482422,137.77000427246094,135.5800018310547,136.6999969482422,16470500
2025-09-04,130.9199981689453,134.25,130.05999755859375,133.16000366210938,24730900
2025-09-05,135.5800018310547,135.61000061035156,132.6999969482422,135.02999877929688,19202500
2025-09-08,141.1999969482422,141.22000122070312,138.7689971923828,139.8800048828125,20095300
2025-09-09,147.10000610351562,148.0,144.64999389648438,145.39999389648438,32792300
2025-09-10,143.92999267578125,145.9199981689453,143.22999572753906,145.4199981689453,21079900
2025-09-11,155.44000244140625,156.8489990234375,147.86000061035156,148.1199951171875,50089200
2025-09-12,155.05999755859375,155.4600067138672,152.05999755859375,154.07000732421875,20903300
2025-09-15,158.0399932861328,159.6999969482422,156.72999572753906,159.08999633789062,23567200
2025-09-16,162.2100067138672,163.0,157.58999633789062,158.36000061035156,26017700
2025-09-17,166.1699981689453,167.32000732421875,163.25999450683594,166.0,29344300
2025-09-18,162.47999572753906,164.7899932861328,161.3000030517578,162.5,19529600
2025-09-19,162.80999755859375,166.25,162.61000061035156,164.69000244140625,18183200
2025-09-22,164.25,167.43499755859375,163.02999877929688,163.75999450683594,18667700
2025-09-23,163.0800018310547,167.8300018310547,162.8000030517578,165.00999450683594,18278600
2025-09-24,176.44000244140625,180.16000366210938,175.0,175.97999572753906,52642300
2025-09-25,175.47000122070312,175.77000427246094,170.43499755859375,173.39999389648438,20660600
