Price,Close,High,Low,Open,Volume
Ticker,BYD,BYD,BYD,BYD,BYD
Date,,,,,
2010-01-04,8.080592155456543,8.118176267506652,7.920859455224603,7.920859455224603,743400
2010-01-05,8.136969566345215,8.353078927597512,7.996029340889095,8.16515743222122,1679100
2010-01-06,8.165155410766602,8.174551662424397,8.01481896854537,8.155760055184682,863000
2010-01-07,8.259117126464844,8.259117126464844,8.005424573786913,8.13696852848066,831600
2010-01-08,7.9396538734436035,8.259119386981956,7.826901497384696,8.259119386981956,1345600
2010-01-11,7.836296081542969,8.043009174937975,7.789315710851917,8.005425057600341,851000
2010-01-12,7.714148044586182,7.977236885335064,7.620187296280671,7.7517321646931645,1638600
2010-01-13,7.977234840393066,8.005423595304274,7.732937674284522,7.798710539668131,789100
2010-01-14,8.080592155456543,8.183948239575363,7.911463203193097,7.9866314272933145,810400
2010-01-15,8.118176460266113,8.165155929387304,7.892670886535104,8.052403590559765,921300
2010-01-19,8.287303924560547,8.287303924560547,8.04300765603861,8.089987121781682,852700
2010-01-20,8.296699523925781,8.306095774766094,8.118175238338855,8.259115416640334,858800
2010-01-21,8.230929374694824,8.409453699637247,8.146364890641467,8.306097605836475,1199300
2010-01-22,7.873881816864014,8.268515578039448,7.836297691803316,8.20274268712606,1136300
2010-01-25,7.817503452301025,8.061800659204438,7.657770732100796,8.061800659204438,817200
2010-01-26,7.648375034332275,7.845691862493059,7.648375034332275,7.779918989055473,805000
2010-01-27,7.50743293762207,7.685958132667266,7.3852848038069405,7.648374022564467,994200
2010-01-28,7.432266712188721,7.638979821272509,7.253741917266559,7.516831206635548,1051100
2010-01-29,7.328908920288086,7.563809841476321,7.253740249155973,7.441661254929331,1431600
2010-02-01,7.554413318634033,7.58260117726442,7.272532044102551,7.385284822737905,724300
2010-02-02,7.902068138122559,7.902068138122559,7.545018571976549,7.5919989431150325,1610900
2010-02-03,7.648375034332275,7.855087219204726,7.582602160894691,7.808107747418433,690500
2010-02-04,7.06581974029541,7.563809893795803,7.0000473206140885,7.526225781988749,1948400
2010-02-05,7.1785736083984375,7.197365668314217,7.000048815179509,7.047029188987983,1525100
2010-02-08,7.037631511688232,7.2161562688014955,6.971859539304054,7.2161562688014955,878200
2010-02-09,7.150384902954102,7.281929306918769,7.084612476952769,7.169176960663339,888400
2010-02-10,7.150384902954102,7.281929306918769,7.075216672117149,7.150384902954102,689500
2010-02-11,7.310116291046143,7.310116291046143,7.075215388285556,7.140987354314254,1080300
2010-02-12,7.50743293762207,7.50743293762207,7.140987640100813,7.1879680017482785,1016900
2010-02-16,7.554413318634033,7.601393680401926,7.422868932937044,7.554413318634033,868200
2010-02-17,7.300721168518066,7.582602026584834,7.263137054109164,7.582602026584834,1220500
2010-02-18,7.131592750549316,7.253740900018444,7.056424520710471,7.234948842558733,1192000
2010-02-19,7.281928539276123,7.319512650732577,7.047027618654313,7.056423870537401,934500
2010-02-22,7.319512844085693,7.375889012759614,7.281928731636413,7.319512844085693,672000
2010-02-23,7.244345664978027,7.347702213153038,7.197365293615378,7.253741470427741,747100
2010-02-24,7.1785736083984375,7.253741848061555,7.131593682628014,7.253741848061555,1140900
2010-02-25,7.056426048278809,7.150386355917803,6.953069485856871,7.047029793495866,1049700
2010-02-26,7.1785736083984375,7.216157728229996,6.971860949324865,7.056425442964897,595600
2010-03-01,7.206761360168457,7.375889886218556,7.1409889315744115,7.244345477068479,1543800
2010-03-02,7.67656135559082,7.845690287512906,7.253739473823508,7.37588804731437,3359400
2010-03-03,7.7517313957214355,7.930255724500967,7.5826024239795515,7.7611276488350995,1586300
2010-03-04,7.469849586486816,7.742334636436682,7.4134734156045665,7.742334636436682,1599700
2010-03-05,7.667168140411377,7.695356008200433,7.516831650768198,7.545019518557254,953600
2010-03-08,7.986629009246826,8.033609359104583,7.582599254976016,7.67655995469153,1228500
2010-03-09,7.986629009246826,8.249717713944365,7.817500108189158,7.9584411577624286,1387800
2010-03-10,8.174551963806152,8.212136075747122,7.958443544164554,8.080592131991683,952600
2010-03-11,8.080592155456543,8.165155735512352,7.99602767932482,8.080592155456543,624500
2010-03-12,8.193344116210938,8.240324478140044,8.061799282024614,8.14636375428183,752400
2010-03-15,7.9396538734436035,8.249723131624656,7.930257618086303,8.249723131624656,767600
2010-03-16,8.174551963806152,8.2027398237429,7.902066928215144,7.977235152097084,715200
2010-03-17,8.324892044067383,8.47522945350565,8.193348042913815,8.212139659045908,834700
2010-03-18,8.597376823425293,8.663149717208508,8.334287936521223,8.362475807527593,1127400
2010-03-19,8.484623908996582,8.719524910101176,8.400059405226736,8.484623908996582,1174800
2010-03-22,8.973217010498047,9.029592740096179,8.061801018618283,8.400058084435278,1363600
2010-03-23,8.86985969543457,9.114156904489015,8.663147499535611,9.001404553250664,1002600
2010-03-24,9.001405715942383,9.461811433654248,8.747713116906189,8.888653350140057,3142600
2010-03-25,9.104758262634277,9.405432016466381,9.020194693447165,9.123550764281946,1628300
2010-03-26,9.499393463134766,9.715502788710095,9.132948579013917,9.132948579013917,1896100
2010-03-29,9.264492988586426,9.677919155390654,9.170533147822553,9.53697805013085,1070300
2010-03-30,9.330266952514648,9.508791298069598,9.264494070614528,9.273890324611132,730700
2010-03-31,9.283286094665527,9.536978666815981,9.273889841158756,9.283286094665527,803600
2010-04-01,9.330266952514648,9.62154365780053,9.179930472873405,9.44301931224558,1248300
2010-04-05,9.724903106689453,9.724903106689453,9.377248789943657,9.396041302665626,1278200
2010-04-06,10.269868850708008,10.298056711144252,9.771878238570782,9.865838968126162,2010500
2010-04-07,10.213493347167969,10.335641950475438,10.053760627156358,10.128928860564642,949500
2010-04-08,11.491354942321777,11.557127822795842,9.969196774842727,10.100741639714775,7316400
2010-04-09,11.585315704345703,11.622899823493842,11.040345528659653,11.547731585197564,4002200
2010-04-12,11.604106903076172,11.698066742310305,11.27524522556675,11.472562052857207,2167100
2010-04-13,11.37860107421875,11.857799201116048,11.369205717749441,11.575917897289639,1727600
2010-04-14,11.3692045211792,11.463164348515074,11.209471829024757,11.350412018066503,2447500
2010-04-15,11.012155532836914,11.453768623371282,10.739670497710552,11.096720008578872,2236100
2010-04-16,10.579939842224121,10.993365152742207,10.24168187390597,10.936989422073236,1942400
2010-04-19,10.420207023620605,10.871216449457132,10.063157446795318,10.551750991451554,1543300
2010-04-20,10.946385383605957,11.040346134671916,10.335643189905623,10.598732038383721,2085300
2010-04-21,10.67389965057373,10.965177244819031,10.570543547364665,10.918196872059973,1292100
2010-04-22,10.8712158203125,10.955780306781909,10.4014139142167,10.485978400686108,1091300
2010-04-23,11.11551284790039,11.359810050202292,10.861820288645347,10.927592267697394,1366100
2010-04-26,11.547727584838867,11.632292047646414,11.256450090287952,11.256450090287952,2989000
2010-04-27,11.28464126586914,11.726254383715355,11.247057151667846,11.416185217535688,3261100
2010-04-28,11.510146141052246,11.60410687614429,11.29403770484692,11.453769520781824,1668100
2010-04-29,12.430959701538086,12.590692443094268,11.651088502681976,11.651088502681976,2758400
2010-04-30,11.932967185974121,12.750422323146953,11.895383072635461,12.449749416437667,2640600
2010-05-03,12.656461715698242,12.759817797055069,11.9517589615336,12.092699153936172,2324600
2010-05-04,12.383978843688965,12.91955274339823,12.102097513708703,12.308810608504368,3444000
2010-05-05,12.468544006347656,13.079286174258607,11.810820568811438,12.261830900376957,2876600
2010-05-06,11.55712604522705,12.778611072069511,10.298056905069869,12.41216529519399,2967800
2010-05-07,11.247057914733887,11.83900842562262,10.532958800384682,11.83900842562262,4274600
2010-05-10,11.641692161560059,12.327602550043228,11.557127670689297,11.99874173630546,1877000
2010-05-11,11.79202651977539,11.951759219182199,11.275244309699005,11.45376861699584,3041900
2010-05-12,12.637670516967773,12.67525463189405,11.923571437292507,11.923571437292507,1672000
2010-05-13,12.863173484802246,13.060490285773541,12.346392197755588,12.524916495741111,2281300
2010-05-14,12.402769088745117,13.22022422842248,12.233641026240939,13.135659749132417,2121400
2010-05-17,12.440350532531738,12.590686954085175,11.857796450974291,12.383974822487078,2037300
2010-05-18,12.94774055480957,13.953117264439582,12.741028356932333,12.94774055480957,4859600
2010-05-19,12.49673080444336,13.248414028785069,12.243037346596676,12.788007482627311,2203600
2010-05-20,11.303433418273926,12.196056845518944,11.27524555528699,12.11149325655814,3024800
2010-05-21,11.82021427154541,12.02692733290063,10.890006839560767,11.030947033712657,3155000
2010-05-24,11.839008331298828,12.252433612268403,11.763840098395269,11.839008331298828,1716300
2010-05-25,11.566521644592285,11.604105755785216,11.02155068818094,11.33162072561749,2893100
2010-05-26,11.7262544631958,12.863175045585942,11.59471051063765,11.876591817095928,2090700
2010-05-27,12.449751853942871,12.449751853942871,12.02693027208079,12.158474246482792,1436400
2010-05-28,12.374582290649414,12.72223559397955,12.167869200858838,12.412166407331698,1358300
2010-06-01,11.171890258789062,12.120889479837158,11.153097751403916,11.904781021364407,2558100
2010-06-02,11.41618537902832,11.491353608494233,11.14370032319539,11.434977884432787,1655400
2010-06-03,12.055116653442383,12.102097022545069,11.406790427268543,11.406790427268543,2079500
2010-06-04,11.190681457519531,11.876592718495942,11.14370108686481,11.688671235877065,1779100
2010-06-07,10.119534492492676,11.312830986534742,10.110138238379278,11.228266491666384,2133100
2010-06-08,10.0161771774292,10.542355742401435,9.583959358512175,10.382623011753225,2955000
2010-06-09,9.85644245147705,10.363828406094362,9.753086368600231,10.157116240340722,2779900
2010-06-10,10.044363021850586,10.194700364505687,9.706106017047395,10.12892749707036,1713300
2010-06-11,10.279263496398926,10.298055999441615,9.771877563232541,9.865838286294261,1197900
2010-06-14,10.46718692779541,10.890008469616435,10.3732261869125,10.476582285022873,2490600
2010-06-15,10.504769325256348,10.730273991167982,10.335640377784678,10.570541295461602,1225400
2010-06-16,10.326245307922363,10.58933501100741,10.22288921490209,10.335641560763113,1956700
2010-06-17,10.3732271194458,10.47658322684769,10.251078503747506,10.251078503747506,1263200
2010-06-18,10.175909042358398,10.457790360466799,10.119533316382324,10.373225875426678,958900
2010-06-21,9.903424263000488,10.420206545096525,9.790671911719249,10.354434564201478,1266000
2010-06-22,9.471202850341797,9.997381184727761,9.452411247011419,9.931608332882208,1508900
2010-06-23,9.67791748046875,9.734293195955134,9.37724371226328,9.536976399601105,1036900
2010-06-24,9.085968971252441,9.734295209936672,9.067176464818335,9.583958742767924,1860700
2010-06-25,9.377246856689453,9.44301974157999,8.9074448884126,9.095366392584255,5913400
2010-06-28,9.057779312133789,9.377243793501217,9.038986809424962,9.377243793501217,1383900
2010-06-29,8.390661239624023,8.916838804295496,8.334284623942699,8.82287897292783,1856400
2010-06-30,7.977234840393066,8.625561866136827,7.920859122722403,8.409452558863615,1750400
2010-07-01,7.864485263824463,8.108782515507832,7.620188012141096,8.080594646798577,2840400
2010-07-02,7.573206424713135,8.005424174452235,7.479245693696657,7.9960279221354,1821200
2010-07-06,7.2725324630737305,7.883275409089538,7.244344602819439,7.883275409089538,2011300
2010-07-07,7.648375034332275,7.648375034332275,7.140988584748839,7.319513355372308,1741300
2010-07-08,7.610790729522705,7.873879528486355,7.357097287036498,7.808107552764433,2181100
2010-07-09,8.061800003051758,8.089987864299925,7.573206525087748,7.610790638777288,1505200
2010-07-12,7.883277416229248,8.240327022636086,7.770525050428587,7.986633527527484,1040300
2010-07-13,8.024214744567871,8.099382961222892,7.911462419585342,8.080591355097049,1547700
2010-07-14,8.014820098876953,8.061800467715708,7.70475091904758,7.892671498326593,1255800
2010-07-15,7.723542213439941,7.99602723466944,7.629581490501826,7.99602723466944,1450100
2010-07-16,7.2725324630737305,7.629581978573143,7.225552546637257,7.620185726463073,2227800
2010-07-19,7.206761360168457,7.404078197912581,7.000048269180321,7.366494081012558,1372300
2010-07-20,7.413472652435303,7.422868903967384,7.056423606936951,7.140987630536015,1344000
2010-07-21,7.150384902954102,7.610790988887434,7.122196592371246,7.601394736013816,1682900
2010-07-22,7.695354461669922,7.742334829260841,7.291325450970374,7.291325450970374,1720300
2010-07-23,7.930254936218262,7.9678390488609665,7.554413809791208,7.667166147719324,1433300
2010-07-26,8.456435203552246,8.494019324169434,7.685960282861844,7.967840739452691,2012900
2010-07-27,8.484623908996582,8.691337040869962,8.465832294867843,8.691337040869962,2298100
2010-07-28,7.99602746963501,8.569185387387506,7.920859247506023,8.503413417043616,1937100
2010-07-29,8.024214744567871,8.353076364490452,7.845690454031155,8.089986710122057,1646500
2010-07-30,7.94904899597168,8.071197609980329,7.798712515984449,7.798712515984449,1361200
2010-08-02,8.46583080291748,8.597374766865023,8.18394947205324,8.447038296024376,2335100
2010-08-03,7.723542213439941,8.014818841611545,7.704749710421972,7.9020665117313245,3785100
2010-08-04,7.601395130157471,7.91146432245645,7.516830642062105,7.742335346265719,2028400
2010-08-05,7.610790729522705,7.71414681938229,7.5168299961405625,7.563810362831633,1617200
2010-08-06,7.826901435852051,7.855089305626116,7.49804011757992,7.516832180108667,1965200
2010-08-09,8.183950424194336,8.221534546277129,7.817504561829997,7.930256928078374,1573900
2010-08-10,7.685957908630371,8.005423283230046,7.620185045810776,7.883274704937473,1552900
2010-08-11,7.338304042816162,7.573205390232456,7.310116185791985,7.5074325290749515,1608000
2010-08-12,7.291326522827148,7.413474690051467,7.15038584737349,7.216157834023956,1300300
2010-08-13,7.140988826751709,7.357097719773577,7.11280096350947,7.281929487076929,1444300
2010-08-16,7.197364807128906,7.2631372329833,7.122196576459883,7.2161568647961625,991400
2010-08-17,7.291326522827148,7.441663004357422,7.24434614832991,7.394682629860183,724300
2010-08-18,7.357097148895264,7.404077514704204,7.2067606951674135,7.366493401272241,1085600
2010-08-19,7.479246139526367,7.5450181175129325,7.253740998897865,7.357097540354179,2789400
2010-08-20,7.2537407875061035,7.441661807226376,7.0470281586555865,7.281929097277439,2309100
2010-08-23,6.96246337890625,7.375889066922154,6.9530675747439155,7.347701206397186,1470700
2010-08-24,6.642998695373535,6.868503381047859,6.642998695373535,6.849711323908331,1216900
2010-08-25,6.830920219421387,6.877900592841164,6.445682770316176,6.577227188638289,1714800
2010-08-26,6.605413436889648,7.0282348733059,6.586621383005324,6.887294245154514,1463700
2010-08-27,6.830920219421387,6.859108533080862,6.492662695697907,6.718167860859576,1304300
2010-08-30,6.567830562591553,6.896692261819885,6.567830562591553,6.765147402913344,1046600
2010-08-31,6.520849704742432,6.774542684769621,6.473869340721933,6.567829620724974,1723600
2010-09-01,6.671187400817871,6.765147698399354,6.577227103236388,6.6429995355624465,1972200
2010-09-02,6.934276103973389,6.9530681619229915,6.624206923785945,6.67118684464095,1783700
2010-09-03,7.150384902954102,7.263137249209531,7.000047993242198,7.084612476952769,1337300
2010-09-07,6.774543285369873,7.131592829073776,6.755751227703246,7.122196576221465,1386600
2010-09-08,6.9436726570129395,7.056425464896098,6.84031655117395,6.84031655117395,1057300
2010-09-09,6.821523666381836,7.23494893582498,6.821523666381836,7.197364820421058,1956400
2010-09-10,6.868503093719482,6.924879262779693,6.718166642892254,6.868503093719482,2388600
2010-09-13,6.9436726570129395,7.103405390812534,6.8215244911997654,6.981256776961309,1383800
2010-09-14,6.736958980560303,7.018839837631831,6.72756272797226,6.896691690253161,1800200
2010-09-15,6.755751609802246,6.783939473877467,6.652395062771052,6.71816749234327,1339900
2010-09-16,6.567830562591553,6.765147402913344,6.5020585811763025,6.699375421498094,2633700
2010-09-17,6.661790370941162,6.793334763383293,6.577225894637957,6.661790370941162,3227300
2010-09-20,6.91548490524292,6.95306902581179,6.577227372085034,6.718168048237325,2882000
2010-09-21,6.755751609802246,7.0282366853988325,6.7463553564184915,6.90608807963815,2075600
2010-09-22,6.492661476135254,6.793334823860522,6.473869419904797,6.727562403034943,3035100
2010-09-23,6.389305591583252,6.530245793719813,6.295344859441576,6.389305591583252,3100200
2010-09-24,6.4080986976623535,6.530246862978645,6.389306637764612,6.530246862978645,2034400
2010-09-27,6.567830562591553,6.642999245411585,6.408098287698788,6.455078210418535,1784400
2010-09-28,6.642998695373535,6.642998695373535,6.351721585691876,6.63360244278478,2404400
2010-09-29,6.718166828155518,6.812127112513627,6.661790657540651,6.755750941898762,1763300
2010-09-30,6.812126636505127,6.9060869142976085,6.671185995797432,6.765146273589914,1621500
2010-10-01,6.840315341949463,6.906087316212975,6.774542919647978,6.86850320290869,1126700
2010-10-04,6.802731990814209,7.018840904778641,6.7181679448545975,6.8309203048261145,1899100
2010-10-05,7.075216293334961,7.084612097667564,6.87789947393261,6.934275644042143,1708400
2010-10-06,7.2537407875061035,7.300721154445668,6.953067872814442,7.028236101487358,1622600
2010-10-07,7.131592750549316,7.404077807734127,7.084612382881042,7.291325462975858,1593400
2010-10-08,7.845692157745361,7.977236117418876,7.047028562258941,7.140988853481458,10924800
2010-10-11,7.911463260650635,8.043008101819325,7.695353942736067,7.939651120873954,4246000
2010-10-12,8.024214744567871,8.21213528620542,7.751729735174468,7.836294202930322,2842000
2010-10-13,7.808106422424316,8.061798932108777,7.7611260625343546,7.902066246128406,3021800
2010-10-14,7.535623550415039,7.873880624748777,7.4134744904041225,7.855088117025526,2408400
2010-10-15,7.216158390045166,7.657772062586697,7.216158390045166,7.601396325707023,3481800
2010-10-18,7.338304042816162,7.432264312959934,7.1973634135815505,7.263135826701145,1214200
2010-10-19,7.150384902954102,7.451057826301914,7.0940087298263865,7.169176960663339,1862300
2010-10-20,7.2725324630737305,7.3758889960947105,7.15038432190853,7.187968434272893,1141400
2010-10-21,7.2255539894104,7.535623650386956,7.112801629803316,7.357098408951998,1685100
2010-10-22,7.50743293762207,7.591997409372335,7.27253202546061,7.281928277005276,1890400
2010-10-25,7.873881816864014,8.014822061822573,7.554416305809974,7.601396686154901,3260500
2010-10-26,7.7517313957214355,7.986632347106934,7.6671669098504935,7.779919258986411,1390200
2010-10-27,7.761127948760986,8.089988755763777,7.657770952668524,7.657770952668524,2523900
2010-10-28,7.94904899597168,8.024217235965294,7.817504127944801,7.94904899597168,2164700
2010-10-29,7.808106422424316,7.93025410363205,7.751729811341195,7.93025410363205,1421400
2010-11-01,7.836296081542969,7.920860569571655,7.723543729530068,7.826899828189551,1476100
2010-11-02,8.043007850646973,8.071195709990022,7.826898539481209,7.95844337654193,1551500
2010-11-03,8.578580856323242,8.60676871303032,7.920858524677954,8.024214596654447,3782400
2010-11-04,8.992010116577148,9.08597087629626,8.606772614665974,8.61616886985313,3438500
2010-11-05,9.170533180236816,9.339661252639987,9.020196717622442,9.03898832741124,2960300
2010-11-08,9.377246856689453,9.715504847337519,9.010801894922238,9.151742126974838,3213300
2010-11-09,9.734293937683105,10.232284540188198,9.443017294631963,9.471205154522998,6178100
2010-11-10,9.349058151245117,9.903424567478753,9.161137559998815,9.696711469069792,4920600
2010-11-11,9.57456111907959,9.583957370951694,9.010799447891783,9.217512508698595,2657900
2010-11-12,8.879255294799805,9.471205767263253,8.83227492789141,9.30207680482342,4116900
2010-11-15,8.616168022155762,9.132950357615078,8.587980155443763,8.973217619453543,3091700
2010-11-16,8.099384307861328,8.559789935441298,7.8738796204028905,8.550394578854178,4709400
2010-11-17,8.127572059631348,8.268513159439845,7.845691652166277,8.136968312167106,2926000
2010-11-18,8.484623908996582,8.625565047305063,8.287307032225675,8.287307032225675,2253000
2010-11-19,8.315494537353516,8.465831011905378,8.221533792720567,8.45643475822687,1666300
2010-11-22,8.738312721252441,8.766500575325553,8.22153061750821,8.315491325852879,2694000
2010-11-23,8.447036743164062,8.634957297168514,8.371868521562282,8.559789075566734,1659400
2010-11-24,8.66314697265625,8.738315202243534,8.540998375557919,8.540998375557919,1050500
2010-11-26,8.41884994506836,8.587978913024795,8.41884994506836,8.578582660121437,596200
2010-11-29,8.512810707092285,8.522206063947394,8.268513507339465,8.35307799156744,1205300
2010-11-30,8.400057792663574,8.503414786796876,8.296701694606307,8.39066243544094,1249700
2010-12-01,8.616168022155762,8.73831663934259,8.540999780206349,8.663148397393178,1237000
2010-12-02,8.644355773925781,8.710128656814048,8.465831425688751,8.62556416172636,1395300
2010-12-03,9.179927825927734,9.302075508359035,8.522204573031448,8.550393326893294,3929300
2010-12-06,9.283286094665527,9.386642195011852,9.057781386959334,9.18932535174992,2448000
2010-12-07,9.715505599975586,9.781277593885187,9.349059713744502,9.443020473109256,5586400
2010-12-08,9.527584075927734,9.809464535201162,9.302078454002414,9.771880414226297,2655900
2010-12-09,9.27388858795166,9.51818576965882,8.898047459229824,9.39603717880524,5555100
2010-12-10,9.189323425292969,9.311472007045513,9.067174843540425,9.283284148510576,1815400
2010-12-13,9.114155769348145,9.396037060374566,9.085967909068279,9.283284723179182,1483400
2010-12-14,9.132948875427246,9.255097472790558,9.085968507814282,9.151740484826842,1312300
2010-12-15,8.926236152648926,9.25509784301903,8.879255783156623,9.132949240769449,1737500
2010-12-16,9.114155769348145,9.236304358662125,8.98261182399149,8.98261182399149,1188100
2010-12-17,8.832277297973633,8.96382218140113,8.597376296473524,8.96382218140113,3289600
2010-12-20,9.292681694030762,9.386641534256182,8.888651782441078,8.98261251874249,2940500
2010-12-21,9.27388858795166,9.471205404549607,9.132948388699955,9.377244674331182,2648700
2010-12-22,9.292681694030762,9.4148302927922,9.18932470488401,9.264492935494744,1716500
2010-12-23,9.236306190490723,9.39603892388282,9.226909936508576,9.311474430195698,994000
2010-12-27,9.377246856689453,9.414831874384697,9.161138381398649,9.217515011865373,716200
2010-12-28,9.330266952514648,9.536979163983306,9.273890324611132,9.414831446331872,1038400
2010-12-29,9.621541976928711,9.687314847338389,9.273888704473922,9.320869070173421,2966800
2010-12-30,9.922215461730957,10.185304246709256,9.65912578067674,9.677918284784578,3472300
2010-12-31,9.959797859191895,10.19469874364382,9.8470446461083,9.969193213552392,2086100
2011-01-03,10.157114028930664,10.335638296136066,10.08194492602366,10.185301882473473,3190600
2011-01-04,10.072552680969238,10.24168075050065,9.856443347573567,10.222889141030931,3008400
2011-01-05,10.946385383605957,11.153098498305386,10.392019819760424,10.46718806218274,7319500
2011-01-06,10.936986923217773,11.153095334866387,10.777254229357547,11.059135506527117,3706400
2011-01-07,11.20007610321045,11.294036831032797,10.965175179730492,11.021550899563172,3591700
2011-01-10,11.463164329528809,11.54772880124414,11.021550363946446,11.218867165923598,2770900
2011-01-11,10.890007019042969,11.557125681437023,10.843026654859404,11.53833317733323,4938700
2011-01-12,10.833630561828613,11.077927742308326,10.711481971588757,11.077927742308326,3394300
2011-01-13,10.89940357208252,11.143699859646663,10.805442841120659,10.805442841120659,2342900
2011-01-14,11.124911308288574,11.237663678782233,10.758465432127043,10.805445810518448,2838600
2011-01-18,11.218868255615234,11.22826450806868,11.021551434472647,11.153096280593024,2117800
2011-01-19,10.692688941955566,11.369203776405744,10.626916977521455,11.153094485145964,2877600
2011-01-20,10.814838409423828,10.955778600876606,10.420204798064988,10.899402882725848,2842200
2011-01-21,11.012155532836914,11.369205043705234,10.965175168971836,11.06853125261428,3083300
2011-01-24,11.153096199035645,11.228264425961632,10.890007404794693,10.993363492798936,1659200
2011-01-25,10.852425575256348,11.08732655785464,10.626920847020259,11.03094992775755,1807400
2011-01-26,10.786648750305176,11.068530005663758,10.655104821593431,10.861817861666498,2106600
2011-01-27,10.758464813232422,10.890009685945827,10.532960085217555,10.890009685945827,1727400
2011-01-28,10.18530559539795,10.908800073908878,10.147721478281486,10.83363183967595,3295400
2011-01-31,10.18530559539795,10.485978532329657,10.147721478281486,10.222889712514412,2449300
2011-02-01,10.57054328918457,10.626919914333687,10.316849820127633,10.345038580740221,1732300
2011-02-02,10.42960262298584,10.598730699025316,10.373226000255336,10.561146582563653,914100
2011-02-03,10.495375633239746,10.805444848510927,10.382623272784416,10.476583125125805,1571200
2011-02-04,10.072552680969238,10.44839383112347,9.997384450938393,10.44839383112347,2583700
2011-02-07,10.345036506652832,10.711481360386967,10.128927198997937,10.166511309536718,2994500
2011-02-08,11.622897148132324,11.86719431440088,11.13430371167109,11.209471932665126,9716100
2011-02-09,11.669875144958496,12.008132070871897,11.510142483702689,11.622894792340489,3911500
2011-02-10,11.406790733337402,11.679275806153134,11.106116900658089,11.632295435789864,4870000
2011-02-11,11.453770637512207,11.613503365096863,11.171890196904997,11.350414535694634,3673700
2011-02-14,11.27524471282959,11.444373670266334,11.218868094992027,11.434977417947417,2301700
2011-02-15,11.077926635742188,11.275243431638902,11.04034252681309,11.22826307145857,1610700
2011-02-16,10.918194770812988,11.162491945283335,10.843026547295329,11.115511581565823,1695500
2011-02-17,10.974569320678711,11.040341279857026,10.85242075643631,10.908796465424656,1459900
2011-02-18,10.730276107788086,11.04034530859882,10.711483600550556,11.012157443818587,1588600
2011-02-22,10.222885131835938,10.655102733044878,10.166508533384496,10.504766331941878,2517100
2011-02-23,9.743692398071289,10.29805884600511,9.471207301163695,10.29805884600511,4108600
2011-02-24,9.67791748046875,9.922214637111994,9.527581044403936,9.649729622725557,2940800
2011-02-25,10.081947326660156,10.091343578770358,9.800066931961435,9.88463140880142,2182900
2011-02-28,10.044363021850586,10.345036811084883,9.89402657527139,10.18530411257551,2447200
2011-03-01,9.311473846435547,10.081948703146544,9.292682235725447,9.86584025156216,4791500
2011-03-02,9.44301986694336,9.574563846318496,9.17053475756838,9.31147499149207,3147400
2011-03-03,9.753087997436523,9.818859979699269,9.52758329018478,9.62154313683498,2557000
2011-03-04,9.518184661865234,9.818857529848271,9.32086786823241,9.753085563995938,2507400
2011-03-07,9.076570510864258,9.358451766297941,8.832273363083345,9.114154618517029,4511800
2011-03-08,9.226907730102539,9.386640425298177,9.0671750349069,9.104759145771999,1977900
2011-03-09,9.283286094665527,9.37724594150508,9.085969251403593,9.142344980292116,1850300
2011-03-10,8.926236152648926,9.236305336791702,8.907443646421598,9.029592248671179,2497200
2011-03-11,9.226907730102539,9.273888092702883,8.644353563655573,8.804086258851212,2481800
2011-03-14,8.916837692260742,9.104758227636077,8.766501263960475,9.104758227636077,2009500
2011-03-15,8.794690132141113,8.879254606808724,8.50341349281479,8.55978921187593,2326000
2011-03-16,8.522207260131836,8.775900748424405,8.484623139208063,8.73831662750063,2599200
2011-03-17,8.606771469116211,8.73831633599928,8.569187349446205,8.71952382812623,1495400
2011-03-18,8.46583080291748,8.794691608862388,8.437642042577822,8.766503744598777,2462000
2011-03-21,8.766505241394043,8.785297751495786,8.550396751681207,8.616168744884904,3009200
2011-03-22,8.550396919250488,8.92623816788901,8.550396919250488,8.83227740769127,1651900
2011-03-23,8.456435203552246,8.550395953133274,8.306098721083496,8.50341557834276,2614300
2011-03-24,8.766505241394043,8.90744548285231,8.400059359095865,8.550396751681207,2271900
2011-03-25,8.888651847839355,9.085968678663287,8.71012752284437,8.860463985171936,2025100
2011-03-28,8.616168022155762,9.057782115665665,8.616168022155762,8.926237244216127,1319700
2011-03-29,8.587979316711426,8.691335415278717,8.522206439372205,8.60677092732546,1223000
2011-03-30,8.851067543029785,8.888651657808163,8.559789981440373,8.644354463710718,1657400
2011-03-31,8.804088592529297,8.851068967582615,8.691336230047012,8.804088592529297,935900
2011-04-01,8.982612609863281,9.020196725549905,8.785295778489502,8.916839735354689,1877000
2011-04-04,8.982612609863281,9.161136935355747,8.898048125549376,9.05778084123653,1787200
2011-04-05,9.217514038085938,9.330266391031582,8.907443947390355,8.935632707683801,2090900
2011-04-06,8.926236152648926,9.349057685927619,8.860464173005312,9.31147356954898,2166300
2011-04-07,8.653752326965332,9.057782308083487,8.625564459654528,8.963821555612613,3402300
2011-04-08,8.531600952148438,8.82287847388753,8.475225235731747,8.813482222459463,2605700
2011-04-11,8.550396919250488,8.672544653000845,8.456436159052748,8.58798104411434,1335500
2011-04-12,8.3342866897583,8.47522781585867,8.315495077257262,8.456435307281502,1455900
2011-04-13,8.475225448608398,8.56918527702154,8.409452583035732,8.484620804196597,1549100
2011-04-14,8.400057792663574,8.46583066967823,8.240325966966356,8.334285811724953,1461600
2011-04-15,8.447036743164062,8.484620853964953,8.381264773281476,8.437640491444869,1109600
2011-04-18,8.3342866897583,8.362474556547923,8.2121380722351,8.268514701890473,1923400
2011-04-19,8.24972152709961,8.343682270245305,8.12757291944063,8.315494405732018,1319000
2011-04-20,8.362472534179688,8.550393990200194,8.24972019821293,8.437640758157524,1652200
2011-04-21,8.46583080291748,8.531602784891252,8.362473807157498,8.503414920627643,1590300
2011-04-25,8.428241729736328,8.578578112185161,8.381261386202187,8.465825825348537,957700
2011-04-26,8.353075981140137,8.437639548939263,8.287303122528659,8.437639548939263,2400000
2011-04-27,8.550396919250488,8.569188533644304,8.324891273991156,8.35308003969621,1454100
2011-04-28,8.362472534179688,8.531601486167778,8.343680926223184,8.531601486167778,1538000
2011-04-29,8.400057792663574,8.494018533498206,8.315494201203649,8.36247367554493,1514500
2011-05-02,8.381265640258789,8.644354443079528,8.296701158190272,8.49401798432482,2895000
2011-05-03,8.954421997070312,9.14234253659537,8.296699660694701,8.371867876504725,7126600
2011-05-04,9.057779312133789,9.151739137450381,8.719521431981685,9.076570918766768,3378300
2011-05-05,9.104758262634277,9.32086755120347,8.832273261273675,8.916837726536587,2886400
2011-05-06,9.057779312133789,9.302075574817605,9.001402700083155,9.245699858842821,1560300
2011-05-09,9.367851257324219,9.602752235419077,9.076573650213104,9.151741891517368,3537900
2011-05-10,9.433622360229492,9.536978458316222,9.367850379272122,9.377245736497436,1562100
2011-05-11,9.612144470214844,9.706105189352225,9.396036070705025,9.414828572962833,2550500
2011-05-12,9.640334129333496,9.762482717257907,9.47120517742648,9.518185541409085,1583000
2011-05-13,9.499393463134766,9.753086902365464,9.480601854345059,9.63093830896653,1440100
2011-05-16,9.132948875427246,9.452414299904222,9.067176002338705,9.37724517407789,1757300
2011-05-17,8.879255294799805,9.132948738459554,8.804087066176761,9.067175866357415,2060800
2011-05-18,9.132948875427246,9.151740484826842,8.860463818563234,8.89804793343841,1631000
2011-05-19,8.926236152648926,9.236305336791702,8.79469129728568,9.208117473526727,1945300
2011-05-20,8.879255294799805,9.048384257239638,8.785295457058982,8.869859042202933,1481800
2011-05-23,8.616168022155762,8.775900760317299,8.606771767893054,8.73831663934259,1171000
2011-05-24,8.550396919250488,8.700733418705898,8.531604408780453,8.700733418705898,1286400
2011-05-25,8.710129737854004,8.710129737854004,8.484624090939958,8.522208216079594,1348100
2011-05-26,8.935630798339844,8.982611159380891,8.616165418551748,8.644353276746035,2000100
2011-05-27,8.822879791259766,9.038988229918015,8.785295676011549,8.945028389835468,840400
2011-05-31,8.86985969543457,8.992008299961793,8.832275578355121,8.898048455301184,1167100
2011-06-01,8.531600952148438,8.907442048512566,8.531600952148438,8.879254190304222,1497000
2011-06-02,8.55979061126709,8.66314760656959,8.465830765445599,8.55979061126709,1247300
2011-06-03,8.183950424194336,8.522207522939466,8.183950424194336,8.44703927877388,2373000
2011-06-06,7.836296081542969,8.456434465651945,7.826899828189551,8.43764195894511,2828600
2011-06-07,7.826901435852051,7.996030446648888,7.7987135660779865,7.892673430683611,2848900
2011-06-08,7.50743293762207,7.902066541739393,7.488640882570671,7.77991795988633,2183700
2011-06-09,7.479246139526367,7.563810623266805,7.357097540354179,7.516830254958118,1534300
2011-06-10,7.310116291046143,7.460452725440785,7.244343876979529,7.394680311374171,2264500
2011-06-13,7.263136386871338,7.422869082454106,7.10340369128857,7.328908805063637,1314100
2011-06-14,7.460453510284424,7.573206295979974,7.394681089298516,7.394681089298516,1134600
2011-06-15,7.357097148895264,7.516829855000092,7.263136865315357,7.34770134455626,1245500
2011-06-16,7.385286331176758,7.5544148616172535,7.281929782999663,7.526226997229518,2511100
2011-06-17,7.3477020263671875,7.535623059002617,7.338305773118309,7.507434299255983,1772500
2011-06-20,7.441662311553955,7.620186642731879,7.291325844019698,7.3007216492215825,1307800
2011-06-21,7.695354461669922,7.751731081994221,7.488641829953458,7.545018002239766,1851000
2011-06-22,7.714148044586182,7.958445273319625,7.657771416387654,7.676563924479198,1480300
2011-06-23,7.826901435852051,7.864485560909546,7.526228435392096,7.582604174940226,1315800
2011-06-24,7.742334842681885,7.873879692949289,7.676562865586174,7.826899325276932,2076900
2011-06-27,7.7517313957214355,7.873879997971017,7.6671669098504935,7.7705239019487635,1057000
2011-06-28,7.967839241027832,8.005424250652933,7.76112706454547,7.7987111780946226,1236700
2011-06-29,7.930254936218262,8.146364255970763,7.9114633279348725,8.043008170222306,2082100
2011-06-30,8.174551963806152,8.34368091557847,7.9490472921603335,7.986631404101304,9745200
2011-07-01,8.710129737854004,8.738317607689675,8.174554834518899,8.19334734512683,2482500
2011-07-05,8.475225448608398,8.700730112090994,8.381264724119378,8.691333860426916,1872100
2011-07-06,8.371868133544922,8.512809214572869,8.315492417994417,8.475225105513918,990800
2011-07-07,8.700730323791504,8.710126575684205,8.390661179939565,8.456433151036673,1474600
2011-07-08,8.747711181640625,8.78529529525996,8.409453262990663,8.606770083511158,2147900
2011-07-11,8.456435203552246,8.832276409724122,8.418851082935058,8.59737543184767,1963100
2011-07-12,8.343679428100586,8.47522424448065,8.259114967290241,8.390659783670305,1511600
2011-07-13,8.512810707092285,8.672542526541129,8.428246222864308,8.428246222864308,1335700
2011-07-14,8.240327835083008,8.569188710406278,8.146367072947081,8.512812969985712,1617900
2011-07-15,8.353075981140137,8.37186758640357,8.20273865865375,8.306095623867877,756500
2011-07-18,7.986629009246826,8.390658763517635,7.920857057091352,8.296698063802122,1424600
2011-07-19,8.315494537353516,8.315494537353516,8.127573048087617,8.127573048087617,1524600
2011-07-20,8.428241729736328,8.447033329504672,8.22152875583142,8.343677290589978,822600
2011-07-21,8.710129737854004,8.738317607689675,8.41885209596465,8.447039965800322,1667300
2011-07-22,8.775899887084961,8.813484004319918,8.663147535380087,8.719523263194505,1299500
2011-07-25,8.832277297973633,8.916841801885866,8.503416433519204,8.597376296473524,1615000
2011-07-26,9.057779312133789,9.067174667412354,8.719521431981685,8.785294295386732,2880600
2011-07-27,8.484623908996582,9.217515677617783,8.343683666764308,9.038990414975617,4502000
2011-07-28,8.475225448608398,8.606769387601974,8.259116140714003,8.597373135937895,2395500
2011-07-29,8.212136268615723,8.428245589408732,8.080592321770869,8.32488860708671,1645300
2011-08-01,8.15575885772705,8.550392408654215,7.939649581707058,8.390659738227708,2023100
2011-08-02,7.460453510284424,8.118176376029608,7.432265201851046,8.08059226347708,3252100
2011-08-03,7.385286331176758,7.610791486468779,7.018840509831977,7.394682136626661,4172900
2011-08-04,6.58662223815918,7.281928770190073,6.577225985978131,7.253740461684892,3415500
2011-08-05,6.539641857147217,7.000047459968168,6.116820366881528,6.821523149349651,3854600
2011-08-08,5.703395366668701,6.276553376087715,5.6658112495932915,6.25776131755001,4656500
2011-08-09,5.816148281097412,5.919504837082255,5.214801901621894,5.853732401812254,3846200
2011-08-10,5.346344470977783,5.834938318952731,5.233592147915389,5.6564135834183205,3209100
2011-08-11,5.891314506530762,6.013463081074022,5.393324405413268,5.449701015231624,2820100
2011-08-12,5.928899765014648,6.154404903938464,5.900711902672918,5.99467219054201,2622800
2011-08-15,6.013463497161865,6.069839662843134,5.834938748485545,5.994671441934775,2451000
2011-08-16,5.778563022613525,5.966483589187147,5.750374713608497,5.9382957282200906,3162800
2011-08-17,5.769166946411133,5.9570879667603664,5.712790774717758,5.825543118104507,2396300
2011-08-18,5.242988586425781,5.571849792577893,5.186612418060101,5.52486987629214,3345000
2011-08-19,5.026879787445068,5.261780716279305,4.9892956746746275,5.233592855720457,1623800
2011-08-22,4.782583713531494,5.271177694918981,4.773187460024991,5.271177694918981,2554000
2011-08-23,4.820167064666748,4.923523148567751,4.613454000788829,4.838959120652199,3387900
2011-08-24,5.167820930480957,5.1960092417839405,4.8013755717702225,4.8389596881488615,2141200
2011-08-25,4.970503330230713,5.393324798413115,4.932919219638408,5.308760773599398,1792000
2011-08-26,5.167820930480957,5.2241971050489155,4.8389596881488615,4.9141279209061395,1708200
2011-08-29,5.600038051605225,5.600038051605225,5.318156764214093,5.318156764214093,2279200
2011-08-30,6.041653156280518,6.09802933876081,5.496682944266291,5.553059126746582,3377300
2011-08-31,5.872522830963135,6.238968130164612,5.7503742485499965,6.10742374420166,2363100
2011-09-01,5.609434127807617,6.0510481362840665,5.581246266523235,5.910107485748221,1996900
2011-09-02,5.2899699211120605,5.515474635940107,5.233593742405049,5.421514338095088,1772500
2011-09-06,5.177217483520508,5.196009542798487,4.998692696360694,5.064464679814602,1527900
2011-09-07,5.534265518188477,5.628225796045048,5.280572543956758,5.280572543956758,1576600
2011-09-08,5.440304279327393,5.806749522256145,5.336947767923639,5.496680436082749,1971000
2011-09-09,5.158423900604248,5.402721068316784,5.111443986224258,5.374532761258437,1813800
2011-09-12,5.271177291870117,5.289969349408203,5.026880095837003,5.064464210913175,1517900
2011-09-13,5.355741500854492,5.449702239636998,5.271177463203447,5.3181573845566925,1216300
2011-09-14,5.412118434906006,5.524870790290373,5.252385707425803,5.506078731059644,1326700
2011-09-15,5.534265518188477,5.59064168490242,5.402721129189275,5.496681407045847,1532100
2011-09-16,5.703395366668701,5.816147717894932,5.58124676215461,5.600038820692315,2755700
2011-09-19,5.3745341300964355,5.54366311944603,5.3369500098049825,5.53426686535414,2503600
2011-09-20,5.271177291870117,5.60943432755567,5.261781039082077,5.41211794742476,1827300
2011-09-21,5.064464092254639,5.402721568052936,5.036276230626937,5.289969225466164,1803400
2011-09-22,4.914127826690674,5.07386054225644,4.838959595374549,4.895335768861643,2351900
2011-09-23,4.857752799987793,5.083257547171748,4.838960737722464,4.904732731632064,2112500
2011-09-26,4.9892964363098145,5.0174847492096815,4.801375843770814,4.951712317802015,1574300
2011-09-27,5.1866135597229,5.346346295937894,5.120841124799651,5.1678214994645515,1835600
2011-09-28,4.88593864440918,5.242988127510829,4.848354535455103,5.186611964079714,1431700
2011-09-29,4.932919502258301,5.064463896867892,4.688622321373952,5.026879784122294,1762500
2011-09-30,4.604059219360352,4.791979820951364,4.604059219360352,4.782584014890841,2212800
2011-10-03,4.20942497253418,4.698018922558772,4.143652546324677,4.613454438580555,2913100
2011-10-04,4.416138648986816,4.453722773383785,3.871168397192659,4.124861460891253,3300000
2011-10-05,4.763792037963867,4.820168219426166,4.4631186221268795,4.4631186221268795,2261800
2011-10-06,5.336949825286865,5.40272225754194,4.791979651864374,4.791979651864374,2760000
2011-10-07,5.2899699211120605,5.449702651467614,5.149029250325511,5.38393021895708,2739000
2011-10-10,5.4872846603393555,5.553056619517672,5.336947793564913,5.42151225312317,1746200
2011-10-11,5.618830680847168,5.675206854469821,5.355741422570116,5.440305907023097,1334600
2011-10-12,5.778563022613525,5.9382957282200906,5.6752064869790475,5.693998543636409,1498600
2011-10-13,5.656414985656738,5.759771531438547,5.553058439874929,5.740979472936219,1532300
2011-10-14,5.891314506530762,5.910106560457578,5.665809859408966,5.769165931987502,1093000
2011-10-17,5.553058624267578,5.881920331035382,5.506078700470771,5.834939959200544,1490500
2011-10-18,5.947691440582275,5.975879749151531,5.365137245171991,5.477889583373085,1923000
2011-10-19,5.778563022613525,6.088632181478988,5.731582656951134,5.9382957282200906,1146400
2011-10-20,5.618830680847168,5.806751259589347,5.534266196394187,5.7597713389228025,1577400
2011-10-21,5.6846022605896,5.844334504706107,5.543661623509919,5.722186370739124,1215900
2011-10-24,6.163799285888672,6.173195536525599,5.6752054537157255,5.712789560187653,1819700
2011-10-25,6.173197269439697,6.596018809960519,6.004068294800955,6.314137484254627,2809800
2011-10-26,6.060444355010986,6.389306044755992,5.87252377347499,6.2389691314891875,2298500
2011-10-27,6.483264923095703,6.511452780166161,6.173195807093206,6.379908401748901,2906700
2011-10-28,6.267157077789307,6.539642129168148,6.201384654062766,6.483265957990248,2195100
2011-10-31,6.0886335372924805,6.276554145712158,6.060445222010493,6.154405974258403,1439000
2011-11-01,5.919504165649414,6.088632689682422,5.778563504936235,5.778563504936235,1852800
2011-11-02,6.041653156280518,6.09802933876081,5.891316669666406,6.032257349886171,1120500
2011-11-03,6.502058506011963,6.558434681446759,5.881920128191197,6.145008946886909,2355600
2011-11-04,6.379909515380859,6.464473997429033,6.173196884642868,6.417493630060495,1168300
2011-11-07,6.483264923095703,6.53024483422577,6.229571969272032,6.3611163476892925,1159100
2011-11-08,6.464473247528076,6.699374161045481,6.2765522478913915,6.53024521656867,1396100
2011-11-09,6.032256603240967,6.27655336375096,6.013464544740198,6.191989324516509,1276500
2011-11-10,5.8631272315979,6.15440479068918,5.797355255318825,6.145008538056178,1008400
2011-11-11,6.126216888427734,6.173197258642551,5.9195042451661735,5.928900050386328,886200
2011-11-14,5.947691440582275,6.229572734122975,5.881919467317286,6.069840030985776,818300
2011-11-15,6.173197269439697,6.220177191698668,5.872523885222614,5.900712197008409,636300
2011-11-16,5.994671821594238,6.257760611435647,5.994671821594238,6.069840047263212,760300
2011-11-17,5.872522830963135,6.10742374420166,5.8349387206880055,5.985275161788522,896800
2011-11-18,5.891314506530762,6.032255135000838,5.778562182969864,5.9007107575131235,701500
2011-11-21,5.665810585021973,5.759770866689426,5.609433967983536,5.712790501836717,1028300
2011-11-22,5.5436625480651855,5.703395266859367,5.506078431647497,5.665811150441678,990900
2011-11-23,5.2899699211120605,5.496682576371104,5.280573667308539,5.477890516802099,979400
2011-11-25,5.158423900604248,5.393324816618022,5.149028096943427,5.205404263022179,397200
2011-11-28,5.506077766418457,5.543661878295337,5.346345066922737,5.346345066922737,934900
2011-11-29,5.506077766418457,5.609433850060901,5.459097402553379,5.5154735703687,771600
2011-11-30,6.295345783233643,6.295345783233643,5.712791488267505,5.797355980388992,2183700
2011-12-01,6.295345783233643,6.436286454090106,6.107425187450386,6.276553723655317,1195100
2011-12-02,6.0698394775390625,6.464473073298247,6.060443226193404,6.417492712645801,1409400
2011-12-05,6.229574203491211,6.398702750685164,6.098029329857844,6.323534507487851,1458000
2011-12-06,6.220175266265869,6.3047397274086165,6.004066436263865,6.16379910818333,560200
2011-12-07,6.295345783233643,6.342326156198478,6.051049008715409,6.1450093066070375,796000
2011-12-08,5.797356605529785,6.238970277259562,5.787960350708384,6.210782408871539,1277300
2011-12-09,5.975879192352295,6.022859104873108,5.825542307387094,5.87252266794583,988700
2011-12-12,5.6846022605896,5.853730756262455,5.6846022605896,5.731582174257537,1214100
2011-12-13,5.647019386291504,5.844335783740272,5.609434819878656,5.7597717414159515,1288900
2011-12-14,5.5248703956604,5.72218722750813,5.477890026920274,5.72218722750813,1002500
2011-12-15,5.7409796714782715,5.77856378978271,5.562454885513176,5.6000390038176135,1051500
2011-12-16,5.928899765014648,5.928899765014648,5.759771246850282,5.797355361997919,1313200
2011-12-19,5.731582164764404,6.098027462134287,5.722186361261553,5.966483076828831,770400
2011-12-20,6.098028659820557,6.116821166593079,5.9101080724755555,5.928900131210056,1204200
2011-12-21,6.295345783233643,6.295345783233643,6.0228606953289,6.0698410682937345,1117100
2011-12-22,6.473870277404785,6.511454394843923,6.2671576314895265,6.29534549554987,1031700
2011-12-23,6.530246257781982,6.55843456903524,6.436285967001136,6.483266336410563,937600
2011-12-27,7.169177532196045,7.319514005854898,6.558434935899907,6.642999426352028,3124100
2011-12-28,6.953068256378174,7.225553324368033,6.849711712232293,7.150385091548488,1383900
2011-12-29,7.000047206878662,7.150384099702186,6.962463095682268,6.962463095682268,973100
2011-12-30,7.009443759918213,7.1503844069804,6.91548347788941,6.971859647106691,991700
2012-01-03,7.2255539894104,7.328910543069252,7.112801629803316,7.328910543069252,1390100
2012-01-04,7.018839359283447,7.216156169804961,6.971859443658962,7.216156169804961,998000
2012-01-05,6.812126636505127,7.018839247648587,6.7181663587126454,6.981255136531594,2081300
2012-01-06,6.530246257781982,6.605414938444668,6.304741559907949,6.455078025157305,2182900
2012-01-09,6.492661476135254,6.5678297010570805,6.40809744711718,6.5396418407303765,900100
2012-01-10,6.614811420440674,6.765147901074945,6.5772273002821064,6.5772273002821064,1144900
2012-01-11,7.103404998779297,7.159781175590479,6.605415212928178,6.633603077314756,2297600
2012-01-12,7.385286331176758,7.394682136626661,6.877900291817243,7.1128012525591675,1723600
2012-01-13,7.563809871673584,7.573206123616843,7.178572054721075,7.23494822226677,2135600
2012-01-17,7.808106422424316,7.8362942799279605,7.638977485250788,7.751729811341195,2022600
2012-01-18,8.343679428100586,8.390659783670305,7.845689809643362,7.845689809643362,2225700
2012-01-19,8.221534729003906,8.503416098927847,8.202742219506764,8.36247496592779,1713000
2012-01-20,8.287303924560547,8.315492679297435,8.108779624939608,8.221531955659549,1166400
2012-01-23,8.606771469116211,8.691335962392747,8.18394989880962,8.249721884213107,1882800
2012-01-24,8.597376823425293,8.719525459221249,8.315496321209064,8.541001081412553,1166000
2012-01-25,8.531600952148438,8.72891775175857,8.362472010746652,8.587977564640985,1557400
2012-01-26,8.447036743164062,8.794689992091268,8.40005638064398,8.550393719923424,1342500
2012-01-27,8.400057792663574,8.43764190978222,8.10878110901308,8.18394934325037,1413800
2012-01-30,8.268514633178711,8.38126699547635,8.127573508249569,8.28730624552359,822700
2012-01-31,8.240327835083008,8.437643822631228,8.136970817518241,8.353080212000378,1044500
2012-02-01,8.494016647338867,8.52220450489952,8.296699852262625,8.343680212247605,894400
2012-02-02,8.606771469116211,8.775900455669285,8.428247124702708,8.522206975839675,1242700
2012-02-03,9.029590606689453,9.16113543813199,8.597372898893525,8.738313981741069,2124900
2012-02-06,8.794690132141113,9.161135890342122,8.747710664948796,8.973215333345156,1513700
2012-02-07,8.719521522521973,8.879254212902216,8.64435330305784,8.738314025425934,930400
2012-02-08,8.710129737854004,8.86046623841255,8.64435684680247,8.738317607689675,988300
2012-02-09,8.447036743164062,8.61616568980601,8.362472269843089,8.522204964765843,1627800
2012-02-10,8.550396919250488,8.569188533644304,8.240327665104651,8.343683784461192,1415400
2012-02-13,8.456435203552246,8.775900676836399,8.428247337108385,8.691336181428698,1062900
2012-02-14,8.522207260131836,8.55979138105561,8.343682909762942,8.428247405860464,902100
2012-02-15,8.522207260131836,8.663148385653082,8.456435272534263,8.606771756229358,874400
2012-02-16,8.700730323791504,8.700730323791504,8.465829402929375,8.51280976631698,854400
2012-02-17,9.010802268981934,9.029593882533499,8.71952464228516,8.747713406726776,1887600
2012-02-21,8.089986801147461,9.010798809645811,8.014818583646678,8.935630592145028,4564800
2012-02-22,7.695354461669922,8.108780621178829,7.5732067604399065,8.061800253587911,3190400
2012-02-23,7.817503452301025,7.826899705507163,7.535623024725115,7.714147355261593,1971000
2012-02-24,7.714148044586182,7.949049019273853,7.638979804372215,7.845692912998675,1301300
2012-02-27,7.629581451416016,7.789314141946995,7.516829122113418,7.620185199955167,1121300
2012-02-28,7.52622652053833,7.704750845121473,7.507434014752738,7.59199849863591,2317500
2012-02-29,7.52622652053833,7.704750845121473,7.507434014752738,7.5826022457431135,2206100
2012-03-01,7.545018672943115,7.704751399305856,7.526227061881883,7.601395298278931,1320000
2012-03-02,7.451057434082031,7.667166310381408,7.4416616297410005,7.563810222440208,1484100
2012-03-05,7.291326522827148,7.441663004357422,7.24434614832991,7.422870944166138,1714900
2012-03-06,6.9436726570129395,7.216157750657641,6.868504417116201,7.216157750657641,1600700
2012-03-07,7.187968730926514,7.244344901799751,6.990651908851191,7.000047713311075,1233700
2012-03-08,7.310116291046143,7.413472365673502,7.225551822680199,7.338304148476181,2212600
2012-03-09,7.385286331176758,7.507434490253658,7.281929782999663,7.291326036487593,1124800
2012-03-12,7.441662311553955,7.516830545321084,7.357097824546929,7.404078194670391,1581000
2012-03-13,7.817503452301025,7.8644838222556865,7.498038459938579,7.498038459938579,1997600
2012-03-14,7.629581451416016,7.826898251714527,7.563809483341799,7.817502000253679,1026700
2012-03-15,7.808106422424316,7.883274639817922,7.601393376553984,7.620184982864469,1178900
2012-03-16,7.714148044586182,7.873880779059887,7.638979804372215,7.808108792891693,1364500
2012-03-19,7.79871129989624,7.967839365470922,7.6577701998287155,7.714146819070918,1148800
2012-03-20,7.573206424713135,7.761126990670148,7.545017667762627,7.751730738353312,1473500
2012-03-21,7.545018672943115,7.657771027538686,7.469850436546068,7.6295831629088084,1150400
2012-03-22,7.281928539276123,7.498037404169707,7.140987897295447,7.460453292713253,2264300
2012-03-23,7.52622652053833,7.573206888926314,7.178572780150845,7.310117632422001,1331500
2012-03-26,7.742334842681885,7.770523600930889,7.620186245164149,7.657770360086838,1549300
2012-03-27,7.864485263824463,8.00542639952311,7.723545024202007,7.7705254027682225,1628600
2012-03-28,7.582602500915527,7.920860447831389,7.469850150635581,7.873880077862405,1691600
2012-03-29,7.545018672943115,7.582602791141639,7.3946822001490204,7.535623315450529,1690800
2012-03-30,7.366491794586182,7.638976781555916,7.338303491641299,7.638976781555916,2187800
2012-04-02,7.554413318634033,7.610789931970678,7.338304460970013,7.347700712538765,1902800
2012-04-03,7.50743293762207,7.667165629577933,7.451056772467872,7.5262254407114035,1529500
2012-04-04,7.375888824462891,7.516829466568643,7.272532293846946,7.404077132099221,1674200
2012-04-05,7.300721168518066,7.432265568949225,7.2443449969047125,7.338305282926969,1400900
2012-04-09,7.385286331176758,7.422870449052423,7.056425075745668,7.197365293760402,1452600
2012-04-10,7.1785736083984375,7.469850761112042,7.10340536873532,7.375890461533145,2070800
2012-04-11,7.357097148895264,7.479245741568129,7.25374061293838,7.291325174408316,1191500
2012-04-12,7.498037815093994,7.610790603680637,7.31951305187295,7.366493417787216,1342300
2012-04-13,7.385286331176758,7.460454566928089,7.281929782999663,7.441662507990256,994000
2012-04-16,7.310116291046143,7.413472365673502,7.1879677140815375,7.413472365673502,627100
2012-04-17,7.591999530792236,7.648376159737597,7.338306492690349,7.3477027468605955,1683300
2012-04-18,7.432266712188721,7.704751807586215,7.37589053190352,7.516831206635548,1370100
2012-04-19,7.620184421539307,7.676561028469561,7.4416601423990745,7.582600315611059,1550400
2012-04-20,7.7517313957214355,7.911464114349656,7.6671669098504935,7.7047510262291325,2484600
2012-04-23,7.620184421539307,7.8832740591128045,7.5074321037545655,7.56380871068482,2725800
2012-04-24,7.310116291046143,7.977234442691326,7.075215388285556,7.977234442691326,6519700
2012-04-25,7.319512844085693,7.422869377340194,7.140988085932633,7.394681068984253,2700800
2012-04-26,7.451057434082031,7.451057434082031,7.2161565010626205,7.272532671222722,1252600
2012-04-27,7.413472652435303,7.516829179098528,7.366492738888696,7.46984881751399,1207300
2012-04-30,7.2255539894104,7.4510587086245685,7.2255539894104,7.404078782807308,1730900
2012-05-01,7.23494815826416,7.394680855582893,7.206760298759648,7.263136465806621,1435100
2012-05-02,7.281928539276123,7.338304706460804,7.159779953023674,7.187968260634989,1163900
2012-05-03,7.09400749206543,7.291324287603636,7.075215437635025,7.2537397307049085,1489300
2012-05-04,6.821523666381836,7.09400872707927,6.812127413511857,7.075216669377309,1495400
2012-05-07,6.783939361572266,6.953068335375822,6.755751497963683,6.755751497963683,1585100
2012-05-08,6.671187400817871,6.746355638883058,6.605415416529853,6.7087715198504645,1820000
2012-05-09,6.708770275115967,6.765146443204912,6.511453462785678,6.577225882908426,992400
2012-05-10,6.906087398529053,6.98125562603358,6.736958886643868,6.812127114148395,1199500
2012-05-11,6.868503093719482,7.065819909449202,6.76514655975678,6.812126924659271,758600
2012-05-14,6.605413436889648,6.783937724771778,6.567828881083094,6.765145670887453,1266700
2012-05-15,6.567830562591553,6.671187109435829,6.54903850389605,6.60541512802058,1252500
2012-05-16,6.558434963226318,6.783939674654187,6.483266726083696,6.586623276173819,1441500
2012-05-17,6.802731990814209,7.20676195276922,6.624207644878334,7.14098951876681,3343000
2012-05-18,6.520849704742432,6.830918852771445,6.4832655927412155,6.812126796770837,1884700
2012-05-21,6.793335914611816,6.802731720216673,6.483266713004984,6.539642890748223,1403600
2012-05-22,6.62420654296875,6.830919168530732,6.577226176776583,6.821523364115086,1241500
2012-05-23,6.577225685119629,6.596017740584167,6.3517210195451685,6.5302453224393116,1546000
2012-05-24,6.736958980560303,6.746354785110362,6.5490379611413,6.596018328005546,1456500
2012-05-25,6.9906535148620605,7.028237637412011,6.699376341080901,6.746356270249299,1435600
2012-05-29,7.23494815826416,7.272532269628809,7.009443490076266,7.084611712805565,931600
2012-05-30,7.150384902954102,7.253740996335913,6.97186013069734,7.140988650080484,1060100
2012-05-31,7.159780979156494,7.244345466072189,6.887295908025935,7.1409889207350075,734000
2012-06-01,6.567830562591553,6.981256301930638,6.5302464452005475,6.971860496601897,1771700
2012-06-04,6.379909515380859,6.671186628167024,6.276552975992869,6.549038031439217,997300
2012-06-05,6.567830562591553,6.577226815958315,6.285949682159009,6.332929604878756,731400
2012-06-06,6.887294769287109,6.906086824601535,6.624205994885151,6.652393853837819,899300
2012-06-07,6.877899169921875,7.1409879521375474,6.868502917966625,7.009443561029712,803600
2012-06-08,6.971858501434326,7.037630464027323,6.765145466901757,6.849709930850343,802300
2012-06-11,6.661790370941162,7.103403912444438,6.652394118890602,7.065819800318115,817500
2012-06-12,6.736958980560303,6.802730956524668,6.624206637731691,6.680582809145997,895300
2012-06-13,6.605413436889648,6.802729778656102,6.558433078159885,6.69937370631127,836200
2012-06-14,6.821523666381836,6.9060877020216624,6.530246099944443,6.605414778790284,952400
2012-06-15,6.896692276000977,6.906088081349037,6.765147416823951,6.840316099798546,1060400
2012-06-18,6.840315341949463,6.89669151190589,6.746354610650778,6.82152328529732,1139800
2012-06-19,7.075216293334961,7.1503845201476715,6.896691530635787,6.906087334968389,984000
2012-06-20,7.150384902954102,7.281929306918769,7.028236303825055,7.05642461440791,938400
2012-06-21,6.981256484985352,7.216157448857459,6.906088248232362,7.131593406529362,785500
2012-06-22,6.812126636505127,7.103403721680793,6.765146273589914,7.037631303207083,1478900
2012-06-25,6.577225685119629,6.746354184300474,6.577225685119629,6.652393906977783,1254600
2012-06-26,6.596017360687256,6.72756174136274,6.483265034393984,6.624205666279533,954300
2012-06-27,6.652395248413086,6.689979366920887,6.567830757751519,6.642999442805153,535100
2012-06-28,6.633602142333984,6.69937456336234,6.511453552440453,6.549037665017237,756400
2012-06-29,6.765146255493164,6.859106981072247,6.680582229725112,6.812126618282706,920400
2012-07-02,6.765146255493164,6.849710729299161,6.680582229725112,6.8027303665096195,591300
2012-07-03,6.812126636505127,6.8872948587391125,6.727562162472921,6.802730384706906,493900
2012-07-05,6.877899169921875,6.915483281666972,6.736958526858788,6.774542638603885,666800
2012-07-06,6.85910701751709,6.915483184341319,6.765146291438761,6.774542543261773,415000
2012-07-09,6.614811420440674,6.887296515609317,6.586623554340775,6.82152452935085,901600
2012-07-10,6.661790370941162,6.727562343143249,6.596017950701118,6.699374483067485,1003200
2012-07-11,6.633602142333984,6.708770367487554,6.539641860892023,6.6523941986223765,1240700
2012-07-12,6.614811420440674,6.708771720837094,6.473870745827019,6.539643180123539,1311700
2012-07-13,6.652395248413086,6.689979366920887,6.567830757751519,6.633603189159186,1210400
2012-07-16,6.520849704742432,6.718166516767796,6.511453452723149,6.6429982927653635,682500
2012-07-17,6.614811420440674,6.680583854737194,6.483266999885687,6.549038986144154,650500
2012-07-18,6.530246257781982,6.680583171069346,6.520850452722902,6.57722662719141,840200
2012-07-19,6.577225685119629,6.624206047799946,6.483265407796937,6.54903737790385,702100
2012-07-20,6.257760524749756,6.53024556304416,6.2201764124359045,6.492661450730308,1403400
2012-07-23,6.257760524749756,6.323532945317976,6.1731964960625705,6.1731964960625705,1189300
2012-07-24,5.149028301239014,6.060443694397562,5.1396320491674405,6.060443694397562,7554300
2012-07-25,4.979898929595947,5.22419561644625,4.857750362151855,5.214799814047871,2433800
2012-07-26,5.04567289352417,5.130237388869309,4.867148096705575,5.073861207985236,1792500
2012-07-27,5.318158149719238,5.383930586722555,5.083257165042055,5.083257165042055,1814600
2012-07-30,5.261780738830566,5.449701751526138,5.196008765219388,5.336948964693608,876600
2012-07-31,5.355741500854492,5.421513928394645,5.1960092306078485,5.205405035663294,1210300
2012-08-01,5.459097385406494,6.56782957836788,5.383929161888835,5.402721217768249,5561000
2012-08-02,5.3745341300964355,5.3933261902421625,5.214801842876787,5.355742069950709,2213100
2012-08-03,5.421512126922607,5.571848542159689,5.383928023113337,5.440304178827242,1302700
2012-08-06,5.4872846603393555,5.54366081736557,5.29936368888077,5.412116450971069,705300
2012-08-07,5.618830680847168,5.665811049551713,5.534266196394187,5.562454507224514,846100
2012-08-08,5.600038051605225,5.665810471473277,5.553057687694051,5.562453939691467,556600
2012-08-09,5.609434127807617,5.684602803321251,5.5342659003319605,5.637622437129977,583900
2012-08-10,5.647019386291504,5.6846035046663195,5.534266583129024,5.571850701503839,771000
2012-08-13,5.5436625480651855,5.675206955527096,5.506078431647497,5.609434527777136,593200
2012-08-14,5.562455654144287,5.694000086386889,5.515475275752883,5.609435584497598,565500
2012-08-15,5.665810585021973,5.665810585021973,5.543661994835301,5.571849855316555,608900
2012-08-16,5.844334602355957,5.853730854069302,5.647018244793073,5.647018244793073,841300
2012-08-17,5.8255438804626465,5.872524253707525,5.665811597113759,5.83494013432684,897900
2012-08-20,5.8067522048950195,5.919505018533834,5.769168083028107,5.825544265828476,543100
2012-08-21,5.78795862197876,5.938295517952386,5.78795862197876,5.853731041969594,672600
2012-08-22,5.919504165649414,5.919504165649414,5.7409793884844555,5.787959310030176,602500
2012-08-23,5.722187042236328,5.910107615036377,5.693998732297327,5.872523500476367,694400
2012-08-24,5.853731632232666,5.872523690119529,5.722187227024629,5.722187227024629,648800
2012-08-27,5.7503743171691895,5.891314956401736,5.722186458145445,5.872522901039925,655100
2012-08-28,5.618830680847168,5.769167143840911,5.562454507224514,5.7315830280924756,1121000
2012-08-29,5.628225803375244,5.769166444362636,5.618829999596323,5.64701830700898,1188400
2012-08-30,5.4778900146484375,5.618830672515073,5.440305898955734,5.609434419572897,1217800
2012-08-31,5.647019386291504,5.6846035046663195,5.440306287191984,5.5248707775543355,1096900
2012-09-04,5.562455654144287,5.712792148135832,5.534267337501825,5.6470201560335775,751800
2012-09-05,5.51547384262085,5.618830379403084,5.487285981340771,5.590642070085028,519400
2012-09-06,5.675207138061523,5.693999196874786,5.553058531756307,5.581246843995212,1365900
2012-09-07,5.7409796714782715,5.75977173063049,5.50607870805652,5.6282268685269266,1005900
2012-09-10,5.938296318054199,6.0134645521498955,5.722187421010065,5.740979479533989,1400700
2012-09-11,6.173197269439697,6.182593074676285,5.910108002244997,5.947692119267381,1642100
2012-09-12,6.276553153991699,6.304741464819822,6.116820886092346,6.210781175456083,910600
2012-09-13,6.492661476135254,6.5396418407303765,6.248364745139318,6.276552605466022,1479900
2012-09-14,6.577225685119629,6.689978017906859,6.464473352332399,6.464473352332399,955900
2012-09-17,6.492661476135254,6.57722595319129,6.40809744711718,6.5396418407303765,812500
2012-09-18,6.483264923095703,6.5208490312149205,6.408096706857269,6.464472869036094,712900
2012-09-19,6.511454105377197,6.558434474106617,6.464474184685778,6.492662047493029,469300
2012-09-20,6.445681571960449,6.530245601140973,6.389305403160779,6.445681571960449,408300
2012-09-21,6.511454105377197,6.5490382211455325,6.379909700188022,6.5490382211455325,1196800
2012-09-24,6.455078125,6.567830475680992,6.436286066553167,6.436286066553167,681000
2012-09-25,6.238969326019287,6.614810948847972,6.220177267279754,6.492662343021996,911000
2012-09-26,6.530246257781982,6.530246257781982,6.191989210970933,6.248365385439441,1318900
2012-09-27,6.718166828155518,6.793335055642006,6.53964206385612,6.567829925144564,1594000
2012-09-28,6.633602142333984,6.69937456336234,6.530245608728845,6.671186254910769,598900
2012-10-01,6.549038410186768,6.72756318925857,6.455078118053717,6.699375325637662,1158300
2012-10-02,6.473870277404785,6.624207195199358,6.3987020425265095,6.605415136479789,1074200
2012-10-03,6.426890850067139,6.5772273314129714,6.398702535795767,6.492662836636913,951900
2012-10-04,6.455078125,6.483266436689255,6.332929521076585,6.455078125,528600
2012-10-05,6.304741382598877,6.539642326963849,6.304741382598877,6.502058211708492,845800
2012-10-08,6.342324733734131,6.426889206889394,6.267156512279648,6.285948567643269,556400
2012-10-09,6.276553153991699,6.389305949266186,6.220176980373457,6.3423255805653165,538400
2012-10-10,6.267157077789307,6.370513615634448,6.173196792492806,6.2859491348486065,523900
2012-10-11,6.210779666900635,6.4174922532918,6.210779666900635,6.361116093366936,896200
2012-10-12,6.107424259185791,6.28594902206501,6.098028006805739,6.220176599518569,1088400
2012-10-15,6.0698394775390625,6.1731960021516885,6.0416511715400105,6.145007696152636,1357900
2012-10-16,6.163799285888672,6.248363749469454,6.079234822307891,6.154403483289635,1048200
2012-10-17,6.154404163360596,6.229572384610653,6.0980275493851135,6.201384077622912,1310100
2012-10-18,6.314136981964111,6.342325291507523,6.154404721344714,6.163800525833865,1582500
2012-10-19,5.9852752685546875,6.323532715102669,5.928899102136348,6.323532715102669,1811800
2012-10-22,5.778563022613525,6.013463954849539,5.7691667702658584,5.994671898192177,1203300
2012-10-23,5.712790489196777,5.731582545488689,5.6752063766129535,5.712790489196777,955700
2012-10-24,5.769166946411133,5.872523485201312,5.684602912890064,5.769166946411133,686500
2012-10-25,5.816148281097412,5.900712776724835,5.769167906184831,5.853732401812254,510800
2012-10-26,5.722187042236328,5.900711810415368,5.656414617737318,5.834939385916358,556900
2012-10-31,5.797356605529785,5.797356605529785,5.543663549847127,5.543663549847127,978800
2012-11-01,5.412118434906006,5.64701939930912,5.336949749945061,5.515474536655992,3969100
2012-11-02,5.1866135597229,5.449702851377841,5.120841124799651,5.421514536971289,1858700
2012-11-05,5.139631748199463,5.25238452626594,5.08325558318519,5.186612109730323,1094100
2012-11-06,5.130236625671387,5.196009050937222,5.102048315403745,5.167820740669581,1462600
2012-11-07,5.073859691619873,5.11144380097693,4.942315308870173,4.942315308870173,1879800
2012-11-08,4.9047322273254395,5.111445339027841,4.895336421177908,5.073861218361597,1059400
2012-11-09,4.763792037963867,4.951712642838195,4.7356037232136865,4.885940207113149,1410400
2012-11-12,4.7262067794799805,4.791978751336887,4.698018471514195,4.791978751336887,1426000
2012-11-13,4.716811180114746,4.763791550545454,4.669830809684038,4.698019121550066,1290800
2012-11-14,4.5288896560668945,4.763790563472146,4.491305546725089,4.744998508801243,1466800
2012-11-15,4.472513675689697,4.604058063787058,4.463117423949486,4.528889842017137,943100
2012-11-16,4.79197883605957,5.149028353736431,4.716810610872434,4.932919482304432,2958000
2012-11-19,4.9047322273254395,4.951712602177274,4.82016817984542,4.895336421177908,1197300
2012-11-20,4.914127826690674,4.961108195282252,4.885939515928127,4.9329198845197055,770600
2012-11-21,4.998692512512207,5.0362766296858466,4.904731771540091,4.942316336751748,935100
2012-11-23,4.9611077308654785,5.055068011214871,4.923523170687764,5.026879703091074,316600
2012-11-26,4.932919502258301,5.026879784122294,4.9141274458855015,4.951711558631099,667700
2012-11-27,4.951712131500244,5.036276618980182,4.923523819660926,4.932920072953371,674900
2012-11-28,5.017484188079834,5.04567204978928,4.7449991353526055,4.895335592570943,1124400
2012-11-29,5.130236625671387,5.177216993438125,5.045672142906454,5.064464200405551,1183900
2012-11-30,5.167820930480957,5.177217183594621,5.130236814102318,5.130236814102318,809600
2012-12-03,5.21480131149292,5.299365349512658,5.158424688762415,5.21480131149292,769700
2012-12-04,5.149028301239014,5.196008665520963,5.09265213292345,5.177216609415774,642200
2012-12-05,5.149028301239014,5.224196525659765,5.064463824746689,5.18661241344939,966100
2012-12-06,5.261780738830566,5.280572795296327,5.149028400036004,5.196008765219388,1036700
2012-12-07,5.318158149719238,5.327554404164601,5.2335940999013415,5.271178221606645,777500
2012-12-10,5.3745341300964355,5.3933261902421625,5.280573829367802,5.3181579496592555,527400
2012-12-11,5.327553749084473,5.543662646336087,5.28057337871055,5.402721983252335,1318400
2012-12-12,5.459097385406494,5.543661860882838,5.308760938371175,5.36513710600942,1803400
2012-12-13,5.51547384262085,5.665810745587184,5.4121177538765926,5.496681785754805,1475300
2012-12-14,5.534265518188477,5.637622047849678,5.4684935477078485,5.4872856032791635,1653900
2012-12-17,5.693999290466309,5.731583408710598,5.590642741275495,5.600038994855583,1670100
2012-12-18,6.314136981964111,6.4926617476377695,5.693998652388863,5.703394904915993,8304500
2012-12-19,6.520849704742432,6.567829620724974,6.248364668714634,6.3235328927170675,3350200
2012-12-20,6.539641857147217,6.567829717544682,6.2953446775000454,6.511453548711788,2280200
2012-12-21,6.567830562591553,6.614810933349321,6.314137546183253,6.5302464452005475,3006700
2012-12-24,6.436285495758057,6.577226145629133,6.379909325417221,6.577226145629133,849800
2012-12-26,6.361118316650391,6.464474869989214,6.295345883064221,6.464474869989214,1304000
2012-12-27,6.257760524749756,6.436285282259531,6.0792357672399815,6.3705133097292705,1648600
2012-12-28,6.135612487792969,6.276552687340916,6.107424179060599,6.220176517914144,1676500
2012-12-31,6.238969326019287,6.351722126494508,6.126216973582088,6.220177267279754,1598200
2013-01-02,6.370512962341309,6.624205930644754,6.314136348906823,6.577225568795328,2069000
2013-01-03,6.483264923095703,6.549036888285379,6.342324293629684,6.3611163476892925,1743800
2013-01-04,6.558434963226318,6.642999454030787,6.417494294564883,6.511454590993162,2262400
2013-01-07,6.483264923095703,6.605413498502114,6.445680814976486,6.53024483422577,1609600
2013-01-08,6.370512962341309,6.558433513663144,6.342324655624066,6.502057348266593,1370000
2013-01-09,6.483264923095703,6.539641085274529,6.379908401748901,6.408096706857269,1521000
2013-01-10,6.4080986976623535,6.520851057048799,6.3235342041034945,6.492662743183163,1977400
2013-01-11,6.464473247528076,6.511453161408796,6.342324664969921,6.408097082048451,1564600
2013-01-14,6.361118316650391,6.4832669298655405,6.323534196897736,6.464474869989214,1001700
2013-01-15,6.314136981964111,6.351721544034653,6.248365006426119,6.323533234491242,1206900
2013-01-16,6.267157077789307,6.323533248967207,6.201384654062766,6.276552882299966,1276400
2013-01-17,6.267157077789307,6.361117363085807,6.238968768181366,6.2859491348486065,1107800
2013-01-18,6.173197269439697,6.351722049315026,6.1544052109285055,6.285949620506847,1296200
2013-01-22,6.389305591583252,6.426889705224732,6.116820543663534,6.201384575337876,1372400
2013-01-23,6.267157077789307,6.398701477204407,6.201384654062766,6.361117363085807,1418400
2013-01-24,6.276553153991699,6.295345211864447,6.163800806755214,6.257761096118952,2285100
2013-01-25,6.304741382598877,6.389305865942425,6.267157267343521,6.276553072138363,1061200
2013-01-28,6.389305591583252,6.417493452795374,6.295344859441576,6.332928973083056,1055100
2013-01-29,6.210779666900635,6.398700199983512,6.154403506975772,6.398700199983512,1362800
2013-01-30,6.267157077789307,6.314136996418566,6.163800539944166,6.182592597003466,1329000
2013-01-31,6.58662223815918,6.624206350807445,6.285948888935083,6.285948888935083,3273000
2013-02-01,6.530246257781982,6.718167287381685,6.502058394566732,6.633602801659919,1990700
2013-02-04,6.342324733734131,6.520849483707496,6.32353267837051,6.464473317616634,1094800
2013-02-05,6.455078125,6.511454300340496,6.342325774319008,6.370514086008263,958700
2013-02-06,6.492661476135254,6.5396418407303765,6.342325026291601,6.40809744711718,1115700
2013-02-07,6.671187400817871,7.112801471507902,6.389306508073421,6.473870551877736,6307700
2013-02-08,7.300721168518066,7.422869764365992,6.8027309805431315,7.037631919617764,7957300
2013-02-11,7.028235912322998,7.620185921208916,6.9812555466479065,7.300720957947397,4331800
2013-02-12,6.765146255493164,7.122195758187433,6.652393922443799,6.793334562774478,4769400
2013-02-13,6.765146255493164,6.877899036580475,6.7275621444767095,6.793334562774478,1829500
2013-02-14,6.596017360687256,6.783937904509376,6.567829055094979,6.718165938190593,1560000
2013-02-15,6.464473247528076,6.680582105885606,6.398700830449546,6.6148096888070755,2000500
2013-02-19,6.379909515380859,6.567830088779034,6.342325400701225,6.464473997429033,2412000
2013-02-20,6.154404163360596,6.426889189411022,6.0980275493851135,6.361116771798252,2798100
2013-02-21,5.9664835929870605,6.210780777726328,5.8913153663097395,6.126216298695356,3430200
2013-02-22,6.201384544372559,6.445681729860308,5.928899497813439,6.041651838174873,3212000
2013-02-25,6.0698394775390625,6.4362847672991945,6.060443226193404,6.314136188033176,2528200
2013-02-26,6.107424259185791,6.238968656240699,5.9946719188530135,6.135612568287972,2240200
2013-02-27,6.314136981964111,6.483265943148619,6.145008468817584,6.220176696882707,3284900
2013-02-28,6.173197269439697,6.539642634426944,6.173197269439697,6.539642634426944,2469000
2013-03-01,6.0698394775390625,6.191988056805082,5.985275007579831,6.116819838191508,2774000
2013-03-04,6.9436726570129395,6.981256776961309,6.0322570762079115,6.041652882175978,10662000
2013-03-05,6.539641857147217,7.028235768403596,6.455077379878894,6.906087178580011,5122500
2013-03-06,6.577225685119629,6.614809796048705,6.43628504511662,6.54903737790385,2145700
2013-03-07,6.530246257781982,6.633602801659919,6.511454199625813,6.539642510879071,1665800
2013-03-08,6.605413436889648,6.727561563118804,6.530244773314445,6.624205490773973,1770600
2013-03-11,6.830920219421387,6.93427677212207,6.492662695697907,6.558435128877987,2716400
2013-03-12,6.642998695373535,6.774543095350223,6.511453847358863,6.765146842761468,2047600
2013-03-13,6.671187400817871,6.765147698399354,6.567830849459219,6.671187400817871,1536500
2013-03-14,6.887294769287109,6.953067186906569,6.633601798523394,6.671185909152245,3554200
2013-03-15,6.821523666381836,7.000047990531468,6.765147045237955,6.887295644319701,1999100
2013-03-18,6.812126636505127,6.990651388329815,6.671185995797432,6.774542525388135,1835600
2013-03-19,6.72756290435791,6.990652159227089,6.586622696145917,6.953068043965492,1746000
2013-03-20,6.85910701751709,6.915483184341319,6.718166376437543,6.755750487653696,1459800
2013-03-21,7.187968730926514,7.413473414419465,6.821523396231477,6.821523396231477,2520600
2013-03-22,7.047027587890625,7.291324759329049,6.981255169109985,7.281928507486979,1705700
2013-03-25,7.3477020263671875,7.38528614328667,7.056424896222185,7.056424896222185,2273500
2013-03-26,7.695354461669922,7.779918944118379,7.328909565827914,7.375889485380842,2665500
2013-03-27,8.136969566345215,8.334286419629443,7.610791888304674,7.610791888304674,2979300
2013-03-28,7.770522594451904,8.155759946530498,7.704749729799459,8.06179922335607,1782600
2013-04-01,7.85508918762207,7.911465822399499,7.601396571314168,7.751733069285697,1653900
2013-04-02,7.770522594451904,8.033611364834089,7.610789902700898,7.939650641659662,2053800
2013-04-03,7.479246139526367,7.892671409275627,7.366493793231115,7.761127453302496,2162200
2013-04-04,7.73293924331665,7.761128003947426,7.404078433975456,7.563811159912286,1791800
2013-04-05,7.695354461669922,7.714146967136681,7.394681542809612,7.563810507706527,1642300
2013-04-08,7.7517313957214355,7.7987117652137385,7.451058016654315,7.695354773115469,1778000
2013-04-09,7.667168140411377,7.798713016887238,7.591999895589788,7.742336385232965,1149000
2013-04-10,7.7047505378723145,7.798711270901326,7.57320658692285,7.714146790390408,1785200
2013-04-11,8.315494537353516,8.907444181882454,8.240326300077585,8.27791041871555,9107500
2013-04-12,8.475225448608398,8.531601166441108,8.07119558781184,8.259116140714003,2362500
2013-04-15,8.014820098876953,8.456434132239638,7.902067751309545,8.456434132239638,2373000
2013-04-16,8.080592155456543,8.27790896773859,7.967838923230303,8.136967875493749,1826600
2013-04-17,7.967839241027832,8.071196225344963,7.676562585040891,8.03361211179581,2167000
2013-04-18,7.873881816864014,8.071198697451731,7.817505181234855,8.061802442167501,1459400
2013-04-19,7.977234840393066,8.061799312974937,7.826898398503462,7.930254478283596,1026000
2013-04-22,8.061800003051758,8.089987864299925,7.8175028160317765,7.967839270789933,1275000
2013-04-23,8.409451484680176,8.559787907366518,8.108778639307491,8.118174889744328,3843300
2013-04-24,10.316847801208496,10.532957109900627,8.69133389250961,8.794689972968351,12469100
2013-04-25,10.796049118041992,10.99336598242734,10.138326535449547,10.232287288423962,8268300
2013-04-26,10.786648750305176,10.91819357509273,10.570540355378276,10.833629108877576,2005700
2013-04-29,11.0497407913208,11.10611651694815,10.730275359179146,10.861820212436298,5216800
2013-04-30,11.27524471282959,11.33162133066715,10.955779302593934,11.012155920431496,3219200
2013-05-01,11.143699645996094,11.303432347923245,10.983966944068943,11.275244487605491,2956600
2013-05-02,11.510146141052246,11.716859220609154,11.190680717030476,11.27524519939812,3282500
2013-05-03,12.130284309387207,12.19605628536119,11.613502065956858,11.660482432827976,2686500
2013-05-06,12.196057319641113,12.421562920531159,12.026929239068634,12.036325492454894,2781600
2013-05-07,12.196057319641113,12.336998432206897,11.914176886661634,12.252433943882636,1833600
2013-05-08,12.167868614196777,12.214848981803526,11.923571419502471,12.13968075206312,1478000
2013-05-09,12.318203926086426,12.402768400685163,11.942362812398592,12.111491761596067,2975500
2013-05-10,13.051095008850098,13.54908469198192,12.327599768912057,12.336996020461456,5935800
2013-05-13,13.379961013793945,13.426941393953193,12.93834777009519,13.041703889584559,3776900
2013-05-14,13.473917961120605,13.624254418225421,13.173245046910974,13.379957227392111,2595600
2013-05-15,12.994717597961426,13.539687609311915,12.881965274517443,13.455123142709976,2483800
2013-05-16,12.383978843688965,13.032305096175126,12.355790083437707,12.938345250232402,2567200
2013-05-17,12.120888710021973,12.534314885477182,11.904780265274582,12.459146652862783,4334800
2013-05-20,12.36518669128418,12.430958674936946,12.055117488241041,12.224246470292234,2380000
2013-05-21,12.477938652038574,12.675255492822684,12.327602182122309,12.336998435511086,1863400
2013-05-22,11.754443168640137,12.553105821285893,11.594710458895792,12.477937592709257,2680400
2013-05-23,11.979948043823242,12.167868618236646,11.41618542450705,11.538334021894757,1937700
2013-05-24,11.839008331298828,11.895384057938488,11.538334503608572,11.84840368835476,917300
2013-05-28,12.39337158203125,12.553104272062413,12.073907098044783,12.073907098044783,1747200
2013-05-29,12.036325454711914,12.402770374866574,11.839008614599388,12.261830158818787,2085800
2013-05-30,12.214848518371582,12.24303637943579,12.008135446390183,12.026927951150286,1513400
2013-05-31,12.243037223815918,12.459146563082038,11.989344664589437,12.167868991743182,2227600
2013-06-03,12.318203926086426,12.440352512053947,11.932966560537423,12.308808570301153,1939600
2013-06-04,11.979948043823242,12.543710663139434,11.979948043823242,12.299413468364019,1942700
2013-06-05,11.28464126586914,11.998740331769694,11.068531937154725,11.932967459860457,2170900
2013-06-06,11.28464126586914,11.397393608473024,10.955779594550844,11.303432874931806,1708800
2013-06-07,11.604106903076172,11.688670489564098,11.294037731059165,11.41618543245594,1546500
2013-06-10,11.622897148132324,11.716857872412808,11.453768202857805,11.632293399775548,1568600
2013-06-11,11.453770637512207,11.56652388904637,11.200078061750505,11.397394907821191,1289400
2013-06-12,11.134303092956543,11.557124536571488,11.077926482305832,11.528936679284046,1243100
2013-06-13,11.153096199035645,11.228264425961632,11.012155997568406,11.106115833187916,1341200
2013-06-14,10.861822128295898,11.18128672071023,10.843029619054734,11.106118475897897,1300600
2013-06-17,11.040345191955566,11.369206896529347,10.96517695595174,10.96517695595174,1636100
2013-06-18,11.0309476852417,11.228264506354156,11.00275982396162,11.068531798973789,1259800
2013-06-19,11.162492752075195,11.341017071813868,11.002760041536185,11.012156294174002,1348300
2013-06-20,10.18530559539795,11.059137438450765,10.100741107866899,10.974572950919715,1966700
2013-06-21,10.232285499572754,10.467186444866266,9.865839702327516,10.279264971770662,2740300
2013-06-24,9.847044944763184,10.01617387344239,9.536975839568496,9.97858976663321,1912500
2013-06-25,10.025571823120117,10.110136301790211,9.847046613466375,9.987987709941846,929300
2013-06-26,10.288661003112793,10.354433875710479,10.091344177471683,10.157117050069369,1061300
2013-06-27,10.617522239685059,10.664502605008519,10.354433448379988,10.40141291762751,1677000
2013-06-28,10.617522239685059,10.852423170226427,10.485977395994555,10.542354013597896,3006300
2013-07-01,10.758464813232422,10.918197552928651,10.711484437543625,10.786652680215246,815100
2013-07-02,10.410810470581055,10.814840408333952,10.345038488556554,10.749067530233402,1129400
2013-07-03,10.354434967041016,10.476582680290825,10.204097596741118,10.326246206066998,291300
2013-07-05,10.833630561828613,10.87121467451196,10.363828705248826,10.50476979986832,1035500
2013-07-08,11.040345191955566,11.275246153486536,10.908800330910845,10.908800330910845,1645400
2013-07-09,11.171890258789062,11.416186582263462,10.936989292931163,11.124909886402268,1413100
2013-07-10,11.002756118774414,11.275241075591516,10.918191667335373,11.134300920576884,1187400
2013-07-11,11.20947265625,11.247056769173117,10.98396708263536,11.237660516923354,1588800
2013-07-12,11.171890258789062,11.322226733565946,11.134306140094841,11.20007812379071,748600
2013-07-15,11.37860107421875,11.538333783184516,11.18128425114786,11.18128425114786,1039800
2013-07-16,11.256451606750488,11.500748777533694,11.1906796361842,11.35041233276738,1211800
2013-07-17,11.087325096130371,11.284641931342241,11.012156863294994,11.247057814924553,1521600
2013-07-18,11.20947265625,11.294037134345997,11.096720317480647,11.096720317480647,1406200
2013-07-19,11.059138298034668,11.153098150090944,10.730276575647443,11.153098150090944,2005100
2013-07-22,11.040345191955566,11.237662035484624,10.880612466428424,11.049741445475059,1170700
2013-07-23,10.542354583740234,10.993363964654305,10.504770468664061,10.90879948171392,1984800
2013-07-24,10.279263496398926,10.570541021029566,10.147719559403557,10.561144769508221,1620200
2013-07-25,10.128928184509277,10.382621627386488,9.912819751903623,10.288660893859529,1301600
2013-07-26,10.532958984375,10.598730965819538,10.016176697961525,10.034969204703415,1406400
2013-07-29,10.204093933105469,10.51416302388521,9.997381803302806,10.476578918823295,2608400
2013-07-30,12.073908805847168,12.327601357848943,10.92759195526897,11.068532162372625,8538500
2013-07-31,12.506126403808594,12.957135777191517,12.16786847769543,12.19605633951287,4783200
2013-08-01,12.02692699432373,12.35578773677883,11.735649466246935,11.932966270150345,5344600
2013-08-02,11.397391319274902,11.632292209871476,11.040341858039014,11.49135113786806,22654900
2013-08-05,11.463164329528809,11.651084879965177,11.284640030633227,11.350411999266989,2828300
2013-08-06,11.27524471282959,11.604106375384163,11.106115755392844,11.510145644346872,3084800
2013-08-07,11.190681457519531,11.275245945482819,11.068532852247676,11.162493593557114,2076200
2013-08-08,11.453770637512207,11.557127635405847,11.237662180236537,11.284642552363094,2808100
2013-08-09,11.463164329528809,11.54772880124414,11.200075558917895,11.472560581069594,2763200
2013-08-12,11.341017723083496,11.622899045873543,11.294038249348509,11.416185956350706,2009700
2013-08-13,11.3692045211792,11.48195685162777,11.228263436061585,11.322224159473327,1224400
2013-08-14,11.350414276123047,11.481959135853907,11.247058176669116,11.350414276123047,1198600
2013-08-15,11.20007610321045,11.265848075040546,11.002759291644248,11.181283599215616,1882800
2013-08-16,10.927589416503906,11.331619230579124,10.85242120403537,11.190678160143786,2171400
2013-08-19,10.843024253845215,11.16248958426187,10.805440150035945,10.918192461463756,1458200
2013-08-20,11.0309476852417,11.1249084176099,10.833630864129242,10.890007482765352,1529800
2013-08-21,10.786648750305176,11.02154964709136,10.589332857237558,10.927589826022372,2009200
2013-08-22,10.974569320678711,11.030945029667057,10.796044151372227,10.84302450624634,996400
2013-08-23,11.218868255615234,11.22826450806868,10.880611231974779,11.012156078095156,1518700
2013-08-26,11.613504409790039,11.820217528096137,11.284643567473584,11.294039821959348,3406800
2013-08-27,11.218868255615234,11.51014580914037,11.16249253304647,11.369205606642502,2132100
2013-08-28,11.228265762329102,11.397394741079964,11.087325544087419,11.21886950882604,1737200
2013-08-29,11.425580978393555,11.491352951396264,11.181283798560736,11.181283798560736,1298400
2013-08-30,11.387998580932617,11.575919172154066,11.275246226199746,11.406791088092792,2986200
2013-09-03,11.18128490447998,11.613502689981742,11.0967213148593,11.53833445737935,2342900
2013-09-04,11.41618537902832,11.55712648133389,11.068532093729477,11.153096575897623,2027600
2013-09-05,11.247057914733887,11.660483198997305,11.237661661527074,11.453770108827584,1813200
2013-09-06,11.0497407913208,11.331622107685558,10.814839843696172,11.294037991908656,2791600
2013-09-09,11.463164329528809,11.538332549703355,11.012155008481528,11.087323228656075,1676900
2013-09-10,11.857799530029297,12.045720105767481,11.547730356042296,11.557126608848202,2699000
2013-09-11,12.130284309387207,12.167868423668907,11.782631028262491,11.82021514254419,2057300
2013-09-12,11.885984420776367,12.374578691619016,11.876589066395365,12.205449767700289,2236100
2013-09-13,12.468544006347656,12.53431599167084,11.914177569834836,11.923572927683795,2264100
2013-09-16,12.36518669128418,12.844384876378511,12.290018453944999,12.71284001299691,3084400
2013-09-17,12.515521049499512,12.600085526224658,12.271224767497438,12.346392992125141,1340000
2013-09-18,12.788008689880371,12.947741423735417,12.280622622363195,12.506128238207797,2524200
2013-09-19,12.891363143920898,13.069887454434207,12.769214554169299,12.788006162397892,1894400
2013-09-20,13.389354705810547,13.558483683575648,12.919552786308422,12.97592941092214,3700000
2013-09-23,13.182641983032227,13.793385033297742,12.994721389133636,13.398751338072664,2790100
2013-09-24,13.379961013793945,13.718219034079553,13.154456264321022,13.163852519568115,2490400
2013-09-25,13.408143997192383,13.624252398220165,13.285995419886136,13.445728105896164,1512000
2013-09-26,13.408143997192383,13.605459895830357,13.285995419886136,13.389351494802575,1315000
2013-09-27,13.276602745056152,13.379958847813986,13.126266269744367,13.34237472898604,1536300
2013-09-30,13.295392990112305,13.361165863359025,12.938344345977457,13.069888300318933,2022800
2013-10-01,13.48331356048584,13.596065897851966,13.267204241810488,13.267204241810488,1198000
2013-10-02,13.586671829223633,13.680632573500398,13.182641883340034,13.370562475817499,1049200
2013-10-03,13.417540550231934,13.859154538985612,13.19203587787615,13.539689138443629,1437000
2013-10-04,13.2484130859375,13.643046728230171,13.229620581030252,13.379957035984422,4930300
2013-10-07,13.032302856445312,13.323580389783743,12.975927137783613,13.107471078711509,1743600
2013-10-08,12.628273963928223,13.182640317965479,12.383977670754552,13.0041160003298,2681900
2013-10-09,12.374582290649414,12.741028100358704,12.102097220683847,12.665858970918112,2040800
2013-10-10,12.919551849365234,13.051096699873398,12.590690171132817,12.84438361938228,2584000
2013-10-11,13.163849830627441,13.314186299567272,12.806800268857325,12.806800268857325,1304100
2013-10-14,13.192034721374512,13.28599544132349,12.928945960023544,13.088678646291305,910800
2013-10-15,12.928946495056152,13.239015629213057,12.872569881538592,13.107470795055997,1232400
2013-10-16,13.182641983032227,13.24841486295379,13.013513896561532,13.060493372979124,1096500
2013-10-17,13.257808685302734,13.257808685302734,12.900759150204642,13.069888113165836,1288800
2013-10-18,13.192034721374512,13.483312236355674,13.163846863820153,13.398747767616761,1418300
2013-10-21,12.891363143920898,13.370560354699116,12.872570639616379,13.201432296338066,1979800
2013-10-22,13.004117012023926,13.248414220279388,12.703444076371683,13.013513265282066,3642500
2013-10-23,12.816197395324707,13.032305860129703,12.741029155733743,12.919553500743257,1823400
2013-10-24,13.088679313659668,13.248412008071915,12.797401783826786,12.806798035515948,1677600
2013-10-25,13.022908210754395,13.12626520117432,12.834987631912714,13.10747269525215,1007300
2013-10-28,12.449751853942871,13.069890293484073,12.224247129759911,12.994722052089752,2727100
2013-10-29,12.412166595458984,12.590690928386666,12.280621737039192,12.496731083294847,2586700
2013-10-30,12.196057319641113,12.628275118572638,11.914176886661634,12.421562920531159,3643900
2013-10-31,9.922215461730957,11.669878020343537,9.724898648978254,11.547729431870348,15227300
2013-11-01,9.696711540222168,10.119533993724003,9.687316182647958,9.969196623547758,4415100
2013-11-04,9.593356132507324,9.847048726890472,9.490000023103246,9.649732762412542,3748400
2013-11-05,9.536977767944336,9.659126363791552,9.3866413103096,9.508789906156816,4139500
2013-11-06,9.630938529968262,9.687315149782966,9.43362170473075,9.54637404828419,3475400
2013-11-07,9.264492988586426,9.659126649592281,9.226908873065678,9.63093878697072,3829500
2013-11-08,9.461810111999512,9.5651671049382,9.161137178525564,9.292682034958428,2432900
2013-11-11,9.461810111999512,9.546374598558065,9.302077392072471,9.424225995315268,1663500
2013-11-12,9.499393463134766,9.555770081655794,9.320869147290757,9.42422523582403,1868300
2013-11-13,9.67791748046875,9.68731373174176,9.349055854520088,9.36784835706611,1861300
2013-11-14,9.640334129333496,9.790670577217105,9.53697714935658,9.668521989292694,1687600
2013-11-15,9.724903106689453,9.931615370173141,9.574565693142688,9.659130208238892,2383600
2013-11-18,9.44301986694336,9.93161345447815,9.396039490276745,9.743692843887846,2326600
2013-11-19,9.283286094665527,9.536978666815981,9.273889841158756,9.414830955532167,2026100
2013-11-20,9.179927825927734,9.565165167947887,9.16113532335317,9.311471759646317,1710900
2013-11-21,9.452413558959961,9.499393026814374,9.208116383383004,9.208116383383004,1558900
2013-11-22,9.489997863769531,9.56516608915545,9.386640881806946,9.433621246692127,1250600
2013-11-25,9.44301986694336,9.58396010086705,9.283287123922563,9.574563846318496,2152200
2013-11-26,9.828255653381348,9.894027631763958,9.443018243867208,9.443018243867208,2764200
2013-11-27,10.805441856384277,10.805441856384277,9.809461604044175,9.894026074988016,5511600
2013-11-29,10.758464813232422,10.852425564610016,10.47658345517577,10.833633055904043,1665300
2013-12-02,10.46718692779541,10.81484023534052,10.3732261869125,10.739672001064607,2312500
2013-12-03,10.3732271194458,10.617524350842393,10.345039253077307,10.438999106330993,1781000
2013-12-04,10.655107498168945,10.871215947382543,10.354434561497493,10.401414035795383,3669300
2013-12-05,10.608126640319824,10.786650964245762,10.485978041391133,10.626919146036235,1429100
2013-12-06,10.777253150939941,10.796044756297077,10.5517476141238,10.720876542716958,1101200
2013-12-09,10.955780029296875,11.068532376374984,10.81483981946824,10.81483981946824,1367500
2013-12-10,10.824236869812012,11.040345326946365,10.720879871985959,10.908800464293236,1414300
2013-12-11,10.589336395263672,10.861821490733199,10.438999018387289,10.84302898259511,1483200
2013-12-12,10.420207023620605,10.814840719265604,10.401414516172713,10.66450424398676,1502500
2013-12-13,10.46718692779541,10.636315006878199,10.438998167884916,10.457790674491912,1681900
2013-12-16,10.514165878295898,10.739671465963932,10.476581763030559,10.55174999356124,1330000
2013-12-17,10.288661003112793,10.56114605794328,10.26047314118577,10.504770334089233,2230500
2013-12-18,10.39201831817627,10.5517501381863,10.15711737052928,10.326245443503431,2287100
2013-12-19,10.345036506652832,10.438996334961843,10.279263641153058,10.354432758306496,1985400
2013-12-20,10.655107498168945,10.702087868542868,10.345038308207503,10.382622425291434,6771300
2013-12-23,10.67389965057373,10.814840768850907,10.617523920123723,10.711483769565762,1074600
2013-12-24,10.711483001708984,10.739671760989346,10.589335295798147,10.664503528393746,624500
2013-12-26,10.890007019042969,11.040343467569643,10.702086458384626,10.805442542727736,2078100
2013-12-27,10.476581573486328,10.993363821092034,10.392017987726245,10.890007730001281,2102200
2013-12-30,10.67389965057373,10.75846414232482,10.354435087179505,10.467187444155599,1560200
2013-12-31,10.579939842224121,10.72088006497263,10.476582842537539,10.702088453441668,1371600
2014-01-02,10.626916885375977,10.814837422183851,10.476579559853874,10.56114402543637,1936600
2014-01-03,10.758464813232422,10.880613431592842,10.551751697847394,10.655108703577975,1963900
2014-01-06,10.664504051208496,10.899405013604488,10.457790953398726,10.796048016661574,2845200
2014-01-07,11.087325096130371,11.247057814924553,10.683295172583204,10.683295172583204,7821600
2014-01-08,11.20007610321045,11.42558077469299,11.068531263474345,11.106115375388102,3630300
2014-01-09,11.134303092956543,11.359807743407737,11.049738625018389,11.21886666481887,4287400
2014-01-10,11.547727584838867,11.745044366031223,11.04973795462036,11.134302417427907,5783800
2014-01-13,10.974569320678711,11.716856060247345,10.974569320678711,11.491350536066747,4745000
2014-01-14,10.711483001708984,11.265849389158536,10.410810071326589,11.143700787171685,10133100
2014-01-15,10.46718692779541,10.786651475430027,10.175909347919218,10.683295377319654,5735300
2014-01-16,9.987987518310547,10.420205259606025,9.92221554552947,10.401412755339477,7491200
2014-01-17,10.119534492492676,10.213494345398319,9.677920406000204,9.92221763649188,6933300
2014-01-21,9.941006660461426,10.241679545199867,9.90342254986912,10.185303827349347,2392700
2014-01-22,10.044363021850586,10.053759273780761,9.762482632552544,9.931610686916189,2406200
2014-01-23,9.912817001342773,10.016173062682912,9.856440397654515,9.969192708955315,2188600
2014-01-24,9.161134719848633,9.818857033340558,9.085966506653886,9.771876676074895,7303300
2014-01-27,8.879255294799805,9.273888943108771,8.606770242022277,9.226908576200376,5113200
2014-01-28,8.822879791259766,9.07657234516623,8.757106917518394,8.851067653676932,3175100
2014-01-29,8.644355773925781,8.851068884576117,8.559791278838093,8.7195240148757,2444300
2014-01-30,8.982612609863281,9.076572451041843,8.71952290398091,8.728919156921565,4243800
2014-01-31,9.922215461730957,10.034967798150229,8.916838893859602,8.945027650021355,11079200
2014-02-03,9.339659690856934,9.922214730186457,9.264491472119417,9.856441866734244,6312700
2014-02-04,9.44301986694336,9.602752609964156,9.302078736943516,9.44301986694336,2723000
2014-02-05,9.142343521118164,9.330264976955966,9.048383689275175,9.273888360989442,2848600
2014-02-06,9.724903106689453,9.931615370173141,9.527586203490422,9.60275446222564,2612600
2014-02-07,9.818860054016113,9.912820797453536,9.72490020665475,9.800068442974265,1749800
2014-02-10,9.762484550476074,9.922217280366306,9.612147178285912,9.847048146233185,2200500
2014-02-11,9.884632110595703,9.959800340662317,9.743691007163811,9.818859237230425,1262100
2014-02-12,9.715505599975586,10.072555231054952,9.593356971231891,9.959802857462975,2296500
2014-02-13,9.894023895263672,9.941004246113016,9.489995028540907,9.630935185013275,1095000
2014-02-14,9.969195365905762,9.98798787083559,9.762483188133373,9.894027138338355,1052700
2014-02-18,9.95040512084961,10.175909834459395,9.875236882979681,9.969196732279054,1069600
2014-02-19,9.875234603881836,10.147719627292735,9.790670131775716,9.903422462558584,906800
2014-02-20,10.063157081604004,10.081948692293874,9.856443987559162,9.875236494325076,942500
2014-02-21,10.138323783874512,10.204095755460179,9.959799476966602,10.10073967210043,1009300
2014-02-24,10.438997268676758,10.551749610378218,10.18530472386746,10.18530472386746,1659100
2014-02-25,10.448394775390625,10.504771401046755,10.279265794498302,10.457791029012657,1070400
2014-02-26,10.476581573486328,10.532958193402358,10.335641367810215,10.4483937115663,1474600
2014-02-27,11.341017723083496,11.350413976260903,10.429602670699577,10.457790534155775,3775300
2014-02-28,10.918194770812988,11.35980875603617,10.7490658198603,11.3410162521188,3744500
2014-03-03,10.617522239685059,10.786650300343206,10.279264326216888,10.720878326535923,3309300
2014-03-04,10.777253150939941,11.002757791680295,10.739669044149883,10.739669044149883,2952600
2014-03-05,10.90880012512207,11.021552477000794,10.71148328531529,10.805444026585581,3702400
2014-03-06,11.359807968139648,11.60410512566597,10.843025795241921,10.946381871391129,7476400
2014-03-07,11.350414276123047,11.829612447918274,11.200077805616948,11.425582511376097,4950900
2014-03-10,11.087325096130371,11.341017657930765,11.012156863294994,11.32222604775993,2161500
2014-03-11,12.919551849365234,13.295392999280011,12.57189856167507,12.9289481021321,18916600
2014-03-12,13.163849830627441,13.699423725244596,12.562503058792082,12.844384386092283,8622300
2014-03-13,12.994717597961426,13.182638137034731,12.703440986416757,13.173242782137924,4447900
2014-03-14,12.985322952270508,13.285996748033737,12.590689323392956,13.098075289653247,3345400
2014-03-17,13.2484130859375,13.43633365463021,13.060491621168834,13.126264492268248,2468000
2014-03-18,13.520899772644043,13.661839992219768,13.15445394724067,13.248414691008529,3806800
2014-03-19,13.45512580871582,13.614858522596608,13.201433254719035,13.558482797742206,2588400
2014-03-20,13.351766586303711,13.52089551337751,13.220221765682334,13.417538548576509,1700800
2014-03-21,12.938345909118652,13.455127328310878,12.881969281821197,13.436335716595787,3575700
2014-03-24,12.994717597961426,13.09807367043279,12.487331694425597,12.975925992092002,2789700
2014-03-25,12.834989547729492,13.145058773119796,12.712840929230868,13.051098917712025,1744300
2014-03-26,12.299413681030273,12.891364172724757,12.055116482030774,12.891364172724757,3572800
2014-03-27,12.149076461791992,12.327600775427245,12.036324122220893,12.243036296729937,2257000
2014-03-28,12.252433776855469,12.412166497940227,12.055116938814061,12.186661796200342,2838300
2014-03-31,12.402769088745117,12.74102700590537,12.318204609455055,12.318204609455055,2299600
2014-04-01,12.430959701538086,12.797405560886293,12.37458396691599,12.637672819330112,2261000
2014-04-02,12.468544006347656,12.543712245595893,12.24303839252685,12.308811273926128,1605000
2014-04-03,12.139678955078125,12.562500408798437,11.932965905852875,12.496728441530523,2128200
2014-04-04,11.782629013061523,12.308807419088195,11.754441156190252,12.271223311234563,3024700
2014-04-07,11.453770637512207,11.763840735117059,11.265850045082043,11.698067855709452,3553300
2014-04-08,11.538333892822266,11.641690879650431,11.29403759685563,11.481958169166877,1666000
2014-04-09,11.82021427154541,11.895382494569871,11.575917098677957,11.622897462087222,1602900
2014-04-10,11.434978485107422,11.961156119008706,11.27524576508267,11.857800022082817,2283900
2014-04-11,11.387998580932617,11.557127561069953,11.171890125046964,11.322226598024125,1969900
2014-04-14,11.27524471282959,11.6698783494647,11.134304512349596,11.566522262184435,1727100
2014-04-15,10.965177536010742,11.40679161795169,10.730276562053486,11.350414989928463,2549000
2014-04-16,10.974569320678711,11.153093593909457,10.673895587129826,11.077925384541171,2418100
2014-04-17,10.983965873718262,11.153094811295592,10.796045329785583,10.965174267362912,2822800
2014-04-21,11.406790733337402,11.566523454926903,10.955780432356446,10.983968296143997,4965800
2014-04-22,11.801423072814941,11.86719504622175,11.472561413629032,11.491353021998435,1972800
2014-04-23,11.604106903076172,11.839007845275479,11.510146167766056,11.829611592529272,1341200
2014-04-24,11.538333892822266,11.829611451961679,11.406789940242378,11.641690879650431,1165800
2014-04-25,10.983965873718262,11.472560184019065,10.890006049789841,11.444372326448121,1629100
2014-04-28,10.730276107788086,11.021552801361288,10.598731245353568,10.983968682962292,3957900
2014-04-29,11.068531036376953,11.134303902933471,10.739670287897923,10.80544225837855,1952000
2014-04-30,11.106117248535156,11.181285485040473,10.993364893777182,11.087325637446858,1652500
2014-05-01,10.692688941955566,11.10611412651768,10.00677785656457,10.392016080455848,7128000
2014-05-02,10.814838409423828,11.040343074178626,10.711481432687632,10.758461795197187,1709700
2014-05-05,10.683293342590332,10.749065311035885,10.523560651157533,10.749065311035885,1684700
2014-05-06,10.382621765136719,10.683294682690587,10.316848892364828,10.617522705994672,1475600
2014-05-07,10.232285499572754,10.495374307400208,9.987988301409262,10.392018214058421,1855100
2014-05-08,10.072552680969238,10.485977946138894,9.959800335922969,10.147720911000086,1430800
2014-05-09,10.063157081604004,10.194701940737273,9.959800982619605,10.025572964148218,1206600
2014-05-12,10.194703102111816,10.467188208726613,10.044365719086287,10.063158227993032,1365600
2014-05-13,10.194703102111816,10.429604086989267,10.016177851802313,10.232287223849163,1464600
2014-05-14,10.354434967041016,10.504771441264845,9.969196631747367,10.213493850399125,3313300
2014-05-15,10.204093933105469,10.335638748860047,10.09134161791972,10.298054643798132,2261600
2014-05-16,10.044363021850586,10.213491972290134,9.884631219417118,10.204095720359959,1441400
2014-05-19,9.959797859191895,10.063153925763467,9.800065186078525,9.978589463988651,1284500
2014-05-20,9.78127670288086,9.969197308415932,9.649732727044373,9.95040569590049,1974200
2014-05-21,9.997385025024414,10.016176635573215,9.724899951496521,9.809463543080183,1074900
2014-05-22,9.95040512084961,10.072553731407263,9.762484526174788,9.903424748161886,1054600
2014-05-23,9.95040512084961,10.053761223901741,9.8470481217214,9.978592986031813,1217100
2014-05-27,10.279263496398926,10.401412077948816,10.025570977853667,10.034967229375011,1347900
2014-05-28,10.260473251342773,10.35443398687625,10.025572308585065,10.269869504111318,1096100
2014-05-29,10.354434967041016,10.438998561734868,10.147721866945217,10.288662087511039,1379700
2014-05-30,10.288661003112793,10.429602104899857,10.232285279258747,10.354433875710479,2437600
2014-06-02,10.298056602478027,10.335640714688402,10.232284630128849,10.269868742339225,1640100
2014-06-03,10.100741386413574,10.222889994429563,10.0161768965505,10.204097487315076,1589100
2014-06-04,10.307456016540527,10.335643885326448,10.016178385498712,10.05376250923867,1609500
2014-06-05,10.382621765136719,10.43899748914008,10.119532962277084,10.279264777670594,1684700
2014-06-06,10.3638277053833,10.476580032555391,10.204095017870545,10.354432350175841,1177700
2014-06-09,10.42960262298584,10.485978349640327,10.10074093188927,10.288661514197587,1538600
2014-06-10,10.514165878295898,10.542354636801898,10.298057439539189,10.363829417234538,888600
2014-06-11,11.171890258789062,11.247058496177504,10.843028548157575,10.92759303923859,3186600
2014-06-12,10.758464813232422,11.18128640227933,10.692692824913786,11.171891044002479,1252600
2014-06-13,11.331621170043945,11.378600638820725,10.72087821911059,10.84302680929726,1847500
2014-06-16,11.087325096130371,11.359810164177619,11.012156863294994,11.294038184465668,1314900
2014-06-17,11.134303092956543,11.228262915939961,10.918193797550613,11.030946122776209,992600
2014-06-18,11.322226524353027,11.387998506833556,11.030948937798009,11.143701291797225,1269200
2014-06-19,11.247057914733887,11.491354225578803,11.087325194522196,11.341017758573923,1343400
2014-06-20,11.265848159790039,11.341016384183021,11.153095823200568,11.22826404759355,1882100
2014-06-23,11.256451606750488,11.284640362201092,11.15309552499262,11.237659999192646,773100
2014-06-24,11.18128490447998,11.359810128967672,11.124909178066194,11.275245643270978,2038400
2014-06-25,11.350414276123047,11.416186257950454,11.068532945886089,11.143701181139138,887300
2014-06-26,11.350414276123047,11.51014700005479,11.294038547721284,11.463166629002622,878800
2014-06-27,11.27524471282959,11.312828826029317,11.106115755392844,11.134304512349596,2169400
2014-06-30,11.397391319274902,11.406787569956952,11.134302572707957,11.312826855288009,1186600
2014-07-01,11.444374084472656,11.679275024491712,11.41618532649567,11.47256194637367,986200
2014-07-02,11.613504409790039,11.679277295114249,11.434980054941237,11.434980054941237,785300
2014-07-03,11.716861724853516,11.792029970562465,11.613504714946584,11.622900969679245,587300
2014-07-07,11.547727584838867,11.707460259902954,11.48195562313334,11.679272404325694,1172600
2014-07-08,11.124911308288574,11.510148798160955,10.983970173114361,11.510148798160955,1760700
2014-07-09,11.124911308288574,11.153099176892942,10.946386049616475,11.153099176892942,1093500
2014-07-10,10.805441856384277,10.983966153651162,10.720877385440437,10.890006327328118,984900
2014-07-11,10.56114673614502,10.833631808473593,10.551750482873958,10.824236451278564,828000
2014-07-14,10.410810470581055,10.758463783687203,10.401414217127254,10.664503937377352,2054800
2014-07-15,10.382621765136719,10.532958223913653,10.251076915668913,10.448393741832634,2862900
2014-07-16,10.3732271194458,10.5047719892923,10.307455132560609,10.467187868775602,724300
2014-07-17,10.18530559539795,10.345038317161928,10.147721478281486,10.241681323034626,965900
2014-07-18,10.307456016540527,10.345040140280485,10.17591113541258,10.17591113541258,660600
2014-07-21,10.100741386413574,10.31684984177382,10.09134513285633,10.251077859025234,660800
2014-07-22,10.46718692779541,10.51416640216083,10.1195336202503,10.147721484084759,959200
2014-07-23,10.288661003112793,10.504770334089233,10.26047314118577,10.504770334089233,893100
2014-07-24,10.100741386413574,10.392018974155711,10.053761014703415,10.335642348888308,1110600
2014-07-25,10.335641860961914,10.382622230454217,10.00678017059181,10.00678017059181,951200
2014-07-28,10.316847801208496,10.485976747482695,10.298056193886854,10.345036556304784,635500
2014-07-29,10.448394775390625,10.617523756282948,10.345038673776465,10.363830284944465,838600
2014-07-30,10.589336395263672,10.645712127525721,10.429603660394353,10.50477190079449,613800
2014-07-31,10.335641860961914,10.58933531857474,10.2698698813183,10.514166189741445,1469100
2014-08-01,9.161134719848633,9.659124356282776,8.982610437530056,9.536975785822365,5369200
2014-08-04,9.27388858795166,9.292681092425719,9.104759631988866,9.255096979553535,1876100
2014-08-05,9.001405715942383,9.26449456948114,8.926237472074165,9.236306702049598,2021900
2014-08-06,9.264492988586426,9.283285494384799,8.926235948899691,8.945028454698063,2207100
2014-08-07,9.029590606689453,9.302075624903678,8.97321489041112,9.302075624903678,1576500
2014-08-08,8.888651847839355,9.123552794245178,8.766503248179209,9.076572425748815,1282400
2014-08-11,9.27388858795166,9.283284840188688,8.926235319864977,8.97321568497419,921800
2014-08-12,9.602750778198242,9.706106870288252,9.24570123814732,9.24570123814732,2245300
2014-08-13,9.508790016174316,9.706106843121875,9.443018039217124,9.630938613434802,1145600
2014-08-14,9.753087997436523,9.76248425092436,9.518187036696943,9.52758329018478,832300
2014-08-15,9.78127670288086,9.931613187308917,9.668524339559816,9.875237453686461,1201200
2014-08-18,10.166512489318848,10.20409660421911,9.856443317372687,9.865839570116748,1347100
2014-08-19,10.081947326660156,10.298056644815219,10.053759466405468,10.166511803500141,1111200
2014-08-20,9.922215461730957,10.04436315412823,9.771878117096012,10.034967798150229,700700
2014-08-21,10.081947326660156,10.100739830880562,9.78127442774103,9.931610877200592,534200
2014-08-22,9.978592872619629,10.081948974497063,9.818860144942462,10.05376110963523,618000
2014-08-25,10.0161771774292,10.063157550456804,9.92221732745007,10.044365042815329,441300
2014-08-26,10.3732271194458,10.5047719892923,9.969197151834216,10.006781272350914,1012700
2014-08-27,10.034968376159668,10.42020577180065,9.88463191894133,10.382621657496065,1314100
2014-08-28,9.95040512084961,9.978592986031813,9.6779200345521,9.969196732279054,775600
2014-08-29,10.006776809692383,10.0161730596502,9.781272187159058,9.95040110209691,455600
2014-09-02,10.128928184509277,10.166512298704868,9.865839385140145,10.016175841922506,667600
2014-09-03,10.081947326660156,10.269868784560531,9.978591241675687,10.19470055983075,619800
2014-09-04,10.138323783874512,10.298056482933335,10.034967700514764,10.110135924062927,762400
2014-09-05,10.46718692779541,10.476582285022873,10.128928977477763,10.128928977477763,1032500
2014-09-08,11.059138298034668,11.209474778185593,10.429603615345593,10.429603615345593,3945800
2014-09-09,10.711483001708984,11.181284903469484,10.457790440717842,11.030948438278287,3365400
2014-09-10,10.767860412597656,10.81484078542873,10.288662222657647,10.288662222657647,2025900
2014-09-11,10.57054328918457,10.852424622778038,10.457790934962395,10.711483507943274,1460300
2014-09-12,10.504769325256348,10.579937547226892,10.232284296594152,10.579937547226892,1528800
2014-09-15,10.298056602478027,10.514165023668708,10.222888378057275,10.504769667673052,781800
2014-09-16,10.232285499572754,10.260473362106696,9.80006772438965,10.166512625558894,3103100
2014-09-17,10.119534492492676,10.485979442154076,9.959801756869359,10.260474719889197,3131600
2014-09-18,10.147719383239746,10.288659569309747,10.072551164525631,10.175907241238576,1606400
2014-09-19,10.166512489318848,10.241680719119373,9.997384420305657,10.166512489318848,1758000
2014-09-22,9.894023895263672,10.091340651970386,9.781271590870645,10.091340651970386,959400
2014-09-23,9.809464454650879,10.11013831605695,9.762484975875163,9.856444829502713,1379000
2014-09-24,9.875234603881836,9.978590683080498,9.78127388019151,9.800066383359923,830400
2014-09-25,9.612144470214844,9.903421982680063,9.58395661290396,9.82825376580049,892600
2014-09-26,9.931610107421875,10.006778326325522,9.602749373737382,9.640333483189204,1151100
2014-09-29,9.696711540222168,9.847048014322345,9.621543303172079,9.781276030922534,1414200
2014-09-30,9.546374320983887,9.837651888874488,9.358453743026724,9.73429489894105,2007900
2014-10-01,9.396038055419922,9.508790404555839,9.264493200056677,9.480602541290864,1421900
2014-10-02,9.377246856689453,9.61214784082788,9.17993089024627,9.396039365537076,2600300
2014-10-03,9.903424263000488,10.081948595176774,9.452414857875533,9.47120646838439,2902200
2014-10-06,9.734293937683105,10.025571476810159,9.649730358010004,9.987987364930143,1223500
2014-10-07,9.489997863769531,9.800067017505429,9.48060161157731,9.612145557964702,1204800
2014-10-08,9.349058151245117,9.6309394861526,9.217514185410737,9.499394624242159,2292800
2014-10-09,8.860462188720703,9.41482845321331,8.841669686701922,9.302075233252259,1711600
2014-10-10,8.522207260131836,8.973217607293249,8.512811901957987,8.78529700267438,3263500
2014-10-13,8.362472534179688,8.681937934123454,8.24972019821293,8.559789346140489,2198100
2014-10-14,8.587979316711426,8.728919532582827,8.249721364898399,8.418850340804912,1984500
2014-10-15,8.96381950378418,8.99200736464275,8.343681188439982,8.409453162468626,1750700
2014-10-16,9.396038055419922,9.706107239562698,8.822880056626673,8.869859530042959,3275900
2014-10-17,9.236306190490723,9.687316524796671,9.198722070638237,9.574563269163109,2214300
2014-10-20,9.292681694030762,9.5275826387083,9.170533095269322,9.226908820189376,2040200
2014-10-21,9.555771827697754,9.941009287075309,9.330267104561056,9.386642837307173,2605700
2014-10-22,9.405431747436523,9.781272808881472,9.377242995771322,9.593352278158997,1544400
2014-10-23,9.668522834777832,10.034968630595717,9.593354604262776,9.612146213853546,1788700
2014-10-24,9.649733543395996,9.753089661165012,9.518188660354898,9.630941033214608,1512200
2014-10-27,9.724903106689453,9.762487236057062,9.471209561400844,9.593358205864657,904700
2014-10-28,10.204093933105469,10.2792621432293,9.499391291137739,9.715500567300564,1897900
2014-10-29,10.0161771774292,10.32624638490488,9.828256581394859,10.288662265698013,1346500
2014-10-30,10.3638277053833,10.401411814440664,9.809461424730307,9.894025894128335,2337200
2014-10-31,10.852425575256348,11.60410889878611,10.805445199521461,11.059138690844163,4695600
2014-11-03,10.598729133605957,11.02155060536846,10.570541274442027,10.843026302562386,2147800
2014-11-04,10.805441856384277,11.077926876050064,10.44839236577465,10.495372726974102,2669500
2014-11-05,10.664504051208496,11.04034523261166,10.608127425959992,10.871216252942208,2122400
2014-11-06,10.73967170715332,11.134305374339995,10.589335242715732,11.059137142121202,1679700
2014-11-07,10.786648750305176,10.936986076952014,10.579936606307916,10.70208518016583,1485600
2014-11-10,10.90880012512207,11.181285199514665,10.77725616263491,10.833631890536253,1342300
2014-11-11,11.059138298034668,11.209474778185593,10.814841069751363,10.861821443817552,1515000
2014-11-12,11.077926635742188,11.247055573961038,10.955778057703665,10.983965915381527,2177800
2014-11-13,11.28464126586914,11.397393608473024,11.10611605135602,11.10611605135602,2118600
2014-11-14,11.331621170043945,11.463165116340415,11.115511850151856,11.322224917858218,1322600
2014-11-17,10.965177536010742,11.27524674994823,10.739672816070042,11.27524674994823,1331200
2014-11-18,11.0309476852417,11.13430467006191,10.824235507753185,10.9839673190576,784100
2014-11-19,10.89940357208252,11.124908251099855,10.824235345743407,11.002759659279814,929500
2014-11-20,11.087325096130371,11.096721349253798,10.79604752183627,10.871215754671647,948600
2014-11-21,11.068531036376953,11.237659984556728,10.955778702949067,11.228263732752097,1100900
2014-11-24,11.228265762329102,11.247058269335222,11.068533037081298,11.07792929058436,648100
2014-11-25,11.69806957244873,11.745049951469849,11.463168573419333,11.472564828438797,2605700
2014-11-26,11.763837814331055,11.914174250948884,11.66987709340699,11.745045311715904,1107200
2014-11-28,12.008136749267578,12.186661979554676,11.792028297534404,11.810819908257443,874800
2014-12-01,11.632296562194824,11.970553648628394,11.48196007933546,11.932969527913553,1254500
2014-12-02,11.773235321044922,11.94236429118512,11.604107246980734,11.632295109978763,927600
2014-12-03,11.735649108886719,11.914174300164737,11.632293032303972,11.698064999577007,1350500
2014-12-04,11.622897148132324,11.745045731266602,11.547728927138289,11.745045731266602,983200
2014-12-05,11.735649108886719,11.857797688162245,11.707461250923396,11.726252857540329,1327500
2014-12-08,11.444374084472656,11.810818977413758,11.387997464594655,11.679275024491712,865300
2014-12-09,11.359807968139648,11.434976186443771,11.077926701461266,11.303431356373634,1303800
2014-12-10,10.8712158203125,11.369206485948785,10.833631703667878,11.29403825265954,1241200
2014-12-11,10.824236869812012,11.030949073311984,10.777256497716175,10.936989225196378,770800
2014-12-12,10.589336395263672,10.796048608325997,10.542356020994559,10.66450463566381,1028300
2014-12-15,10.542354583740234,10.936988240078039,10.485977963087983,10.692691044044924,924600
2014-12-16,10.100741386413574,10.485978821499968,10.0161768965505,10.485978821499968,1465300
2014-12-17,10.354434967041016,10.410810696836919,9.87523678339551,10.157118120603224,1303900
2014-12-18,10.720880508422852,10.786652495615886,10.448395409382412,10.514167396575447,1014800
2014-12-19,10.983965873718262,11.03094623372039,10.692689254641568,10.739669614643697,1282300
2014-12-22,11.171890258789062,11.209474377483282,10.983968769241885,10.983968769241885,762700
2014-12-23,11.406790733337402,11.444374850412812,11.181285134808908,11.22826550517218,697000
2014-12-24,11.538333892822266,11.69806660330582,11.453769411263211,11.453769411263211,511400
2014-12-26,11.660482406616211,11.716859025950013,11.547730064024568,11.575917925653489,507300
2014-12-29,11.41618537902832,11.679275078234994,11.39739376969983,11.632294710799805,773100
2014-12-30,12.0457181930542,12.271223744208475,11.350411725191117,11.350411725191117,2260200
2014-12-31,12.008136749267578,12.252433961199374,11.998741391944082,12.149077862032557,1124400
2015-01-02,11.754443168640137,12.120888058932248,11.444374001742519,12.102096449826073,1354500
2015-01-05,11.604106903076172,11.76383961545778,11.406790075785715,11.67927513289387,972900
2015-01-06,11.425580978393555,11.688669766480322,11.096720217304078,11.585313680893787,1480200
2015-01-07,11.754443168640137,11.773234777746312,11.481958116030837,11.575917953713649,1033500
2015-01-08,12.064513206481934,12.4497506297667,11.857800114935461,11.857800114935461,2842400
2015-01-09,11.923569679260254,12.158470586934282,11.848401460490633,12.102094870894991,1214200
2015-01-12,11.679278373718262,11.932970995729898,11.622901737673326,11.904783125745544,1380200
2015-01-13,11.82021427154541,11.839006775339476,11.491352623756462,11.519541379447562,2107400
2015-01-14,12.120888710021973,12.13968121621358,11.566523218509786,11.613502691836775,2449100
2015-01-15,12.177267074584961,12.290019439636767,11.932969835601309,12.205454941828876,5082500
2015-01-16,12.440350532531738,12.459143033263796,12.00813287252773,12.149073939790892,3164200
2015-01-20,12.214848518371582,12.543710183065812,12.045719559834442,12.515521425925657,1745600
2015-01-21,12.440350532531738,12.515518743308457,12.196053399469525,12.214845900201583,1271300
2015-01-22,12.590691566467285,12.628275685623937,12.327602732370726,12.562503701118818,2698400
2015-01-23,12.694047927856445,12.816196532992066,12.51552269878283,12.618879693323146,1752800
2015-01-26,13.098076820373535,13.107473073605847,12.694047788220427,12.731631905073648,1706400
2015-01-27,12.91015625,13.09807683446832,12.797403899319008,12.872572133106335,1253300
2015-01-28,12.440350532531738,13.004113009432883,12.43095428216571,13.004113009432883,1982700
2015-01-29,12.618877410888672,12.722233490658459,12.299412023867307,12.515520435043008,1799000
2015-01-30,12.271224975585938,12.609481992146574,12.261828723329158,12.468541792598625,987300
2015-02-02,12.327598571777344,12.365182678249273,12.008133218728071,12.290014465305417,773400
2015-02-03,12.872570991516113,12.91015510507667,12.336997149259188,12.393372871562049,1552800
2015-02-04,12.806798934936523,13.060491475829563,12.778611073965285,12.778611073965285,989400
2015-02-05,12.928946495056152,12.957134353776997,12.769213802178248,12.844382022817747,636100
2015-02-06,12.797403335571289,13.032304279827905,12.778611725990276,12.957136049351867,1001700
2015-02-09,12.84438419342041,12.985324406918322,12.684651473548898,12.722235590220075,1514300
2015-02-10,13.145055770874023,13.18263988366839,12.881966981313452,12.98532306747898,1293400
2015-02-11,13.135661125183105,13.295393848113891,12.9665330449616,13.15445363191663,719700
2015-02-12,13.708816528320312,13.906133318161915,13.17324276849703,13.210826876272773,3249700
2015-02-13,13.492708206176758,13.812173593266154,12.731629745005788,13.73700537231287,4121500
2015-02-17,13.539692878723145,13.633653632865581,13.37056387969722,13.473920888469134,1403800
2015-02-18,13.737006187438965,13.812174412852578,13.492709006806754,13.54908562390493,1428200
2015-02-19,13.596068382263184,13.830969352051744,13.58667212841338,13.746404859555689,1443300
2015-02-20,13.586671829223633,13.586671829223633,13.304790492469403,13.539691457085251,1098100
2015-02-23,13.145055770874023,13.54908565547042,13.051095936926071,13.530293151035272,1131200
2015-02-24,12.919551849365234,13.06049205656428,12.750422883865593,12.99472007934819,989100
2015-02-25,13.210826873779297,13.285995089316595,12.741025078633282,12.825588649055883,855600
2015-02-26,13.379961013793945,13.426941393953193,13.09807962891468,13.163852519568115,891200
2015-02-27,12.975926399230957,13.445728209692854,12.74102549400001,13.351767489170138,1516800
2015-03-02,13.2484130859375,13.549085995845838,12.947739279953208,12.994719646145374,1396400
2015-03-03,13.45512580871582,13.643047281099799,13.098076265692647,13.192037001884637,1525000
2015-03-04,13.154451370239258,13.3987485393162,13.004114926522952,13.351768176635883,1461000
2015-03-05,13.116869926452637,13.342374637880505,13.022909181986323,13.163850298685794,1012300
2015-03-06,13.079283714294434,13.116867826849697,12.966531376628645,13.032303349581374,1227100
2015-03-09,13.624253273010254,14.159827080446373,13.455124324945842,13.502104687861056,3758100
2015-03-10,13.520899772644043,13.624255873927837,13.28599880930046,13.40814741776825,1817000
2015-03-11,13.332974433898926,13.614855687705466,13.210826756789368,13.530291221955924,867800
2015-03-12,13.567878723144531,13.643047852894133,13.408146898645208,13.60546283998132,1091900
2015-03-13,13.539692878723145,13.633653632865581,13.37056387969722,13.520901265540353,1257500
2015-03-16,13.539692878723145,13.596069510423838,13.28600027626042,13.596069510423838,1142400
2015-03-17,13.614856719970703,13.793381915883302,13.473916530419386,13.624252971561024,1405800
2015-03-18,13.624253273010254,13.661837384127248,13.389352354510077,13.54908505077627,957600
2015-03-19,13.492708206176758,13.793381986065771,13.34237176427019,13.59606518204443,1228500
2015-03-20,13.379961013793945,13.783991028656768,13.323585274463825,13.567881638354717,1573500
2015-03-23,13.530292510986328,13.774589680631232,13.389352318693595,13.389352318693595,1115000
2015-03-24,13.48331356048584,13.633650010307342,13.38935283130944,13.530293028998116,762400
2015-03-25,12.91015625,13.55848338651074,12.891364639591181,13.530294626783471,1186100
2015-03-26,12.994717597961426,13.107469921405409,12.834984915730164,12.872569023544825,1039600
2015-03-27,13.098076820373535,13.126265580070472,12.985324469813875,13.022908586667095,654300
2015-03-30,13.314183235168457,13.379955201172516,13.032301972746183,13.201430909414714,1082700
2015-03-31,13.342374801635742,13.549087904353046,13.257810309793387,13.257810309793387,961500
2015-04-01,13.032302856445312,13.314184137981496,12.872570160110673,13.314184137981496,1670600
2015-04-02,13.295392990112305,13.417541587769376,13.03230418535337,13.03230418535337,704600
2015-04-06,13.445730209350586,13.455125565939468,13.173245154601565,13.239017131103612,686800
2015-04-07,12.881967544555664,13.502105880815188,12.881967544555664,13.43633390456826,950500
2015-04-08,12.76921558380127,13.022908139837032,12.590690362816847,12.872571677582359,2916300
2015-04-09,12.891363143920898,13.051095846205612,12.806798666702411,12.853779031387784,919600
2015-04-10,12.966529846191406,13.022905560332322,12.891361629952971,12.928945738072189,742200
2015-04-13,12.825590133666992,12.99471908624114,12.750421909428685,12.938343366100368,834300
2015-04-14,12.694047927856445,12.844384396923044,12.600087186651802,12.759819909054071,1639600
2015-04-15,12.712838172912598,12.910154991386893,12.553105467667885,12.759818538468561,1398600
2015-04-16,12.647067070007324,12.85378015504799,12.543710975524991,12.68465118582599,981800
2015-04-17,12.374582290649414,12.60008699074312,12.308810310474422,12.524918757378552,1053200
2015-04-20,12.430959701538086,12.600088697556666,12.355791457991195,12.506128841161123,705900
2015-04-21,12.224246978759766,12.543712448777486,12.149078738293962,12.48733582039008,1137300
2015-04-22,12.374582290649414,12.374582290649414,12.130285084176554,12.252433687412985,824100
2015-04-23,12.590691566467285,12.712840177745424,12.252434494057423,12.308811120830443,714400
2015-04-24,12.543710708618164,12.750422893184377,12.524918203070698,12.656463053675003,527200
2015-04-27,12.327598571777344,12.665855530024691,12.290014465305417,12.637667674189691,783300
2015-04-28,12.430959701538086,12.468544719387678,12.196058716435013,12.327603590680146,847100
2015-04-29,12.346394538879395,12.496731006968929,12.102097330195885,12.261830051560024,1493900
2015-04-30,12.402769088745117,12.449749454581369,12.15847190325737,12.318204609455055,1784800
2015-05-01,12.722236633300781,13.379959177010278,12.440355287117825,12.647068393795472,2457700
2015-05-04,12.891363143920898,13.00411548152024,12.816194918854672,12.816194918854672,1017300
2015-05-05,12.66585636138916,12.891361911098292,12.600084394765076,12.86317315733725,1161200
2015-05-06,12.712838172912598,12.778611043121325,12.543710111417447,12.722234425238979,945800
2015-05-07,12.94774055480957,12.975929314945956,12.59069099109974,12.731632103553538,1631100
2015-05-08,12.975926399230957,13.248411413455823,12.91954978770216,13.11686658393919,950300
2015-05-11,12.881967544555664,13.135660092990937,12.853779682746405,12.957135773431002,919100
2015-05-12,12.975926399230957,13.154450692933109,12.684648882471212,12.825589067179445,671000
2015-05-13,12.712838172912598,13.051096088054784,12.694046564335778,12.99471947017244,707100
2015-05-14,12.731629371643066,12.844381699766464,12.63766865016898,12.788005087666841,663100
2015-05-15,12.853781700134277,12.91015743260091,12.63767233614256,12.750424697151933,551500
2015-05-18,12.994717597961426,13.060489562618129,12.7316288432588,12.853777417675401,776200
2015-05-19,12.76921558380127,13.013512783003112,12.750423077981436,13.013512783003112,688600
2015-05-20,12.91015625,13.013513243514597,12.694047801880439,12.722235665531679,645100
2015-05-21,13.01351261138916,13.098076198235244,12.844383645545019,12.881967760613053,531000
2015-05-22,13.079283714294434,13.25780802491295,12.93834351623118,13.004115489183908,711200
2015-05-26,13.107476234436035,13.182644486269083,12.910159349355224,13.060495853021319,795900
2015-05-27,13.45512580871582,13.45512580871582,13.06049215043105,13.116868771361442,1193500
2015-05-28,13.48331356048584,13.51150142080839,13.361164970986888,13.46452105622019,845900
2015-05-29,13.445730209350586,13.483314323934037,13.370561084107708,13.43633395668573,1274400
2015-06-01,13.896739959716797,14.08466053770998,13.624254897607683,13.849759591199502,2608400
2015-06-02,13.9249267578125,14.065867852589198,13.746402446386462,13.887342645087232,1422200
2015-06-03,13.83096981048584,14.234998882582161,13.802781048002101,14.000097905007696,1460500
2015-06-04,13.727607727050781,14.056469332392343,13.680628265781232,13.840360047034114,1232900
2015-06-05,14.000094413757324,14.056471028589863,13.549085079400593,13.708817776004242,949200
2015-06-08,13.746402740478516,13.962511169253268,13.718214879350494,13.943719560526569,598200
2015-06-09,13.737006187438965,13.783986552341455,13.605461344927175,13.746402439634648,691400
2015-06-10,14.056471824645996,14.178620416970857,13.737006413346505,13.84036250097095,1339800
2015-06-11,14.357147216796875,14.432315456459992,14.103454631952879,14.103454631952879,824100
2015-06-12,14.244393348693848,14.45110643391271,14.169225116991717,14.281977464544912,665500
2015-06-15,14.385334014892578,14.44170973890565,14.018888224503693,14.15043307399416,925900
2015-06-16,14.19741153717041,14.404124601383824,14.15982742513851,14.357144237324968,701500
2015-06-17,14.216205596923828,14.310165439247784,14.084660742379079,14.216205596923828,585900
2015-06-18,14.46989631652832,14.582649546698164,14.23499539648029,14.263184152060699,899600
2015-06-19,14.34775161743164,14.516879705789275,14.29137499059504,14.479295586590236,829000
2015-06-22,14.34775161743164,14.479295586590236,14.328959109794079,14.42291985582972,418900
2015-06-23,14.460500717163086,14.469896072789064,14.2443914083997,14.357143740594381,582400
2015-06-24,14.300769805908203,14.441710014708491,14.253789437616108,14.441710014708491,651100
2015-06-25,14.234996795654297,14.36654164639821,14.141036956045204,14.36654164639821,509500
2015-06-26,14.413522720336914,14.46050309048095,14.103453531892725,14.216205882592792,1283700
2015-06-29,13.868552207946777,14.347750357718647,13.849759701959172,14.310165345743437,817100
2015-06-30,14.047078132629395,14.07526599874182,13.849761277690204,14.07526599874182,825000
2015-07-01,14.000094413757324,14.244391584571835,13.94371869500068,14.21620372519351,663400
2015-07-02,14.244393348693848,14.29137371752668,14.00009614762392,14.05647276943852,747100
2015-07-06,14.328956604003906,14.357144464454786,14.065867815618537,14.11284818042062,559400
2015-07-07,14.761175155639648,14.845739637699372,14.366541503411586,14.39472936540617,1306900
2015-07-08,14.46989631652832,14.80815421488606,14.347748626650134,14.582649546698164,1133300
2015-07-09,14.620232582092285,14.808153125085589,14.620232582092285,14.657816690690947,1294300
2015-07-10,15.05245304107666,15.099432513388647,14.770571726824754,14.770571726824754,1083300
2015-07-13,15.475275993347168,15.569236744239806,15.146416053451327,15.268563775105173,919300
2015-07-14,15.860509872436523,15.860509872436523,15.362521051977621,15.484668746009469,1276600
2015-07-15,15.907495498657227,16.198772227551142,15.841723507502376,15.926288008173568,1468800
2015-07-16,16.11420249938965,16.1987669726279,15.926282841644907,15.992054811463154,726100
2015-07-17,16.198768615722656,16.302125602864752,16.039035904753934,16.20816486838575,1260000
2015-07-20,15.785346031188965,16.25514801773807,15.719574039816468,16.11420778020381,1129900
2015-07-21,15.804136276245117,15.97326525391324,15.578631570071652,15.82292878313093,781800
2015-07-22,15.71017837524414,15.879307383500215,15.606823152983978,15.700782120101868,613700
2015-07-23,15.804136276245117,16.23635497385833,15.738364294296868,15.869908258193366,1362200
2015-07-24,15.82292652130127,16.546421803615182,15.757154548754885,16.52762929941569,2426500
2015-07-27,15.48466968536377,15.757155638648246,15.418897708268059,15.728966880399243,1198200
2015-07-28,16.123600006103516,16.311521470627167,15.663194389387673,15.879302819083534,2169300
2015-07-29,15.86990737915039,16.189372809905457,15.69138395007997,16.132997084522795,1618800
2015-07-30,15.926280975341797,16.067221150172383,15.813527760186396,15.916884724732885,1529300
2015-07-31,16.057830810546875,16.283335531715753,15.982662570157247,16.020245794275954,1357900
2015-08-03,16.020240783691406,16.21755847309507,15.888696852190066,16.067222039335924,900700
2015-08-04,16.13300323486328,16.264547241621646,15.926290968221183,16.104814465349627,1964500
2015-08-05,16.13300323486328,16.602805307174787,16.114210721854178,16.245756520765223,1721400
2015-08-06,15.888699531555176,16.23635371334409,15.672591095602261,16.10480796750809,1063700
2015-08-07,15.926280975341797,16.029636147736728,15.700774545030995,15.82292401079531,996500
2015-08-10,15.982662200927734,16.151791185935252,15.935680931674437,16.067226693431493,1244300
2015-08-11,15.766554832458496,15.973267055054968,15.559840817709727,15.832326821823179,898800
2015-08-12,16.170576095581055,16.28332930915374,15.39070522750387,15.625606112974728,3101000
2015-08-13,16.414873123168945,16.584002046335733,16.095407777665354,16.25514045041715,1307500
2015-08-14,16.490041732788086,16.612191198982952,16.283329595118047,16.405477269161352,846900
2015-08-17,16.903472900390625,16.912869153867693,16.433670979449854,16.433670979449854,1213200
2015-08-18,16.555816650390625,16.93165774171838,16.546420399088472,16.91286523911407,629400
2015-08-19,16.349103927612305,16.537025383393065,16.114203003962267,16.537025383393065,1147100
2015-08-20,15.71957015991211,16.170579525564552,15.616214967045035,16.170579525564552,1633400
2015-08-21,15.061846733093262,15.409499070257493,14.845737433682713,15.362519605933144,2802000
2015-08-24,14.563857078552246,14.592044938125612,13.89673842814327,14.328956157930437,2202200
2015-08-25,14.704801559448242,15.202792301522486,14.66721743703473,15.080642783583368,1691800
2015-08-26,14.657817840576172,15.07124396366997,14.075262767482558,15.07124396366997,2899300
2015-08-27,15.080638885498047,15.475272516872014,14.78936223610236,14.79875848829601,2118300
2015-08-28,15.494067192077637,15.625611156915161,14.958493287065306,15.061850283524565,1314200
2015-08-31,15.127619743347168,15.559836579826207,15.033659016066391,15.484668356431948,1779400
2015-09-01,14.855132102966309,15.15580404771,14.714191036775386,14.817547997863878,2076300
2015-09-02,15.05245304107666,15.11822501917424,14.770571726824754,15.11822501917424,936900
2015-09-03,15.174601554870605,15.428295020070157,15.033661338254884,15.127622080049395,1460600
2015-09-04,15.118223190307617,15.21218391571706,14.86452976934765,14.93969799124485,586300
2015-09-08,15.813529014587402,15.822925265941668,15.324934697075735,15.484667385794868,1051000
2015-09-09,15.63500690460205,15.973264851414786,15.616216190341829,15.926285377536152,1052200
2015-09-10,15.48466968536377,15.73836313314891,15.437690213767395,15.55983791520915,922700
2015-09-11,15.503462791442871,15.503462791442871,15.118225374542817,15.362522579041979,1206600
2015-09-14,15.785346031188965,15.822931050346023,15.287357072424422,15.484673046541916,967100
2015-09-15,16.057830810546875,16.16118781313969,15.65380084639555,15.832326089377995,1218300
2015-09-16,16.405481338500977,16.46185885633748,16.05782893926924,16.095412159008237,974100
2015-09-17,16.367900848388672,16.508841082180105,16.2175643600575,16.358504593848934,937400
2015-09-18,16.020240783691406,16.4524593748627,15.973261320198542,16.17997346857946,1301200
2015-09-21,15.945075035095215,16.255144201740844,15.813531083230988,16.14239275504349,670800
2015-09-22,15.700778007507324,15.954471453440062,15.559837801595343,15.700778007507324,1167400
2015-09-23,15.522255897521973,15.794740079740142,15.315541905337048,15.691384875799782,777400
2015-09-24,15.371915817260742,15.541044755831356,15.033657940119515,15.409499030192165,1557000
2015-09-25,15.287353515625,15.550441419904208,15.259164757815684,15.512858201643724,1203900
2015-09-28,14.59204387664795,15.287351232127039,14.573252270324641,15.221579265881708,2119000
2015-09-29,14.18801498413086,14.56385607273895,14.037677652611787,14.56385607273895,2026400
2015-09-30,15.315542221069336,15.362523489421754,14.234998139093646,14.357146748581727,2957400
2015-10-01,15.945075035095215,15.963867540262084,15.249768473288405,15.35312545955426,2313100
2015-10-02,16.245744705200195,16.25513916271946,15.578625315795826,15.822922430778315,1423800
2015-10-05,16.894073486328125,17.044409929531685,16.38668843855405,16.443064156717444,1760000
2015-10-06,16.67797088623047,17.02562515240599,16.602802638429328,16.83770363682694,1258800
2015-10-07,16.80951499938965,16.93166452308858,16.555823281231113,16.828307509520624,1160800
2015-10-08,16.865886688232422,17.01622313290593,16.5370250434522,16.753133458651398,1485400
2015-10-09,16.687358856201172,16.97863544779708,16.546418685567765,16.894070986986733,758100
2015-10-12,16.527631759643555,16.847097209981744,16.424274763312933,16.724947706654262,986800
2015-10-13,16.367900848388672,16.706158843209955,16.273940095143615,16.424276583474782,483000
2015-10-14,16.358503341674805,16.74374078755417,16.302127610904016,16.43367158008658,787800
2015-10-15,16.771928787231445,16.818908262047923,16.273938110277168,16.508839068663736,1279300
2015-10-16,16.847095489501953,16.91286746512201,16.584005794869807,16.74373850372648,1257600
2015-10-19,16.988033294677734,17.016222048314223,16.574607202100925,16.72494363719219,1859200
2015-10-20,17.29810333251953,17.448439775575565,16.865886506771382,17.025619201537385,1657700
2015-10-21,16.9598445892334,17.38266693422384,16.8470931586704,17.38266693422384,1883000
2015-10-22,17.3262939453125,17.335690198029905,16.91286778650646,17.28870893444288,1339000
2015-10-23,18.181333541870117,18.604154168519383,17.51421392466725,18.369253222996907,2838700
2015-10-26,18.209516525268555,18.41623045908971,17.890052958016177,18.134348310829477,4133800
2015-10-27,18.087373733520508,18.322274691098695,17.993412992058815,18.17193822162082,1947500
2015-10-28,18.792076110839844,18.8296611232945,18.06858075045602,18.181333995667956,2815900
2015-10-29,18.77328109741211,19.13033149943858,18.726301630270004,18.82026235670601,2471100
2015-10-30,18.782678604125977,18.94241131209326,18.566570173391394,18.820263614072122,1167800
2015-11-02,19.17731475830078,19.214899773167176,18.848453046828435,18.876641807978228,1782200
2015-11-03,19.402816772460938,19.562549479122875,19.055164394059716,19.13033262118581,1600400
2015-11-04,19.421607971191406,19.64711263740466,19.28066777882709,19.487379941484633,1283200
2015-11-05,19.628324508666992,19.759870270724527,19.2994645839036,19.393423538320466,1204300
2015-11-06,19.844430923461914,19.91959914774143,19.402816037686915,19.57194499035378,1970600
2015-11-09,19.32765007019043,19.82564073428473,19.064562150568722,19.769265007530368,1189700
2015-11-10,19.57194709777832,19.637719077085965,19.149124670583426,19.233689156022404,1102200
2015-11-11,19.431011199951172,19.731684196196444,19.346446695738138,19.70349543074129,684500
2015-11-12,19.111543655395508,19.694097075460586,19.111543655395508,19.290068899935815,1174000
2015-11-13,18.698116302490234,19.0927499921455,18.641740573154376,18.998789248484318,1005400
2015-11-16,18.397441864013672,18.641739060853418,18.03099696483004,18.585363336091007,2188800
2015-11-17,18.77328109741211,18.839053068271777,18.29408300552509,18.51958767368043,1900500
2015-11-18,19.32765007019043,19.38402579694479,18.66992847898412,18.735700458889543,2054000
2015-11-19,19.139732360839844,19.355840829183173,19.055167865896415,19.252483825996265,780500
2015-11-20,18.951810836791992,19.26188005377645,18.88603885018199,19.214900575384227,676200
2015-11-23,18.745094299316406,19.06455969672539,18.538380340903647,18.85784573831263,809800
2015-11-24,18.951810836791992,18.97999959911866,18.397444389433076,18.557177124979752,740200
2015-11-25,18.99878692626953,19.13033266817725,18.74509527919074,18.989390673836702,884600
2015-11-27,19.120935440063477,19.14912240377177,18.792073790302815,18.942410237253092,315300
2015-11-30,18.406841278076172,19.19610872890886,18.350465543631632,19.13033674003152,1354200
2015-12-01,18.51019287109375,18.59475734410452,18.20012373410485,18.538379833996164,1665000
2015-12-02,18.857847213745117,19.243084612734727,18.444421056725066,18.444421056725066,1609400
2015-12-03,18.3504638671875,19.261878958077883,18.284690092166766,19.243086450929102,1309500
2015-12-04,18.50079345703125,18.622941123750216,18.218911331127444,18.322268289840654,659300
2015-12-07,18.06858253479004,18.65113774030228,18.040395564817523,18.491405005899907,952700
2015-12-08,17.767906188964844,17.92763889293528,17.45783703327539,17.85247066707577,1916600
2015-12-09,17.75851058959961,18.17193674310232,17.617570384950394,17.80549185258397,1487800
2015-12-10,17.533010482788086,17.852475985908107,17.24173374482068,17.78670399270441,1275800
2015-12-11,16.912870407104492,17.269919104929716,16.70615819174802,17.232335880388646,1504400
2015-12-14,15.804136276245117,17.11018503822347,15.635007298576994,16.89407658549291,4117900
2015-12-15,16.170576095581055,16.255140557722687,15.785338786780972,15.88869574987664,3291900
2015-12-16,17.79609489440918,18.002807066888863,16.621590248645806,16.781322952155698,3381800
2015-12-17,17.946434020996094,18.07797798744245,17.36387884130828,17.777305040049562,1938600
2015-12-18,17.57059097290039,18.059183564508796,17.354480746753197,17.86186763577016,2864900
2015-12-21,18.218917846679688,18.228314100118634,17.570592488761214,17.645760724120695,1334500
2015-12-22,17.918243408203125,18.294084553599635,17.805491960660145,18.218916324520332,924600
2015-12-23,18.143747329711914,18.23770806013356,17.91824265199109,17.98401462564068,641100
2015-12-24,18.52898597717285,18.641739219811093,18.04039337147912,18.124957855419805,547400
2015-12-28,18.378646850585938,18.566568297021153,18.284686127368328,18.435024359807542,858000
2015-12-29,18.632343292236328,18.67932276540054,18.247105877403335,18.51019558671817,779700
2015-12-30,18.71691131591797,19.008188047333775,18.53838605827173,18.5665748227903,1235600
2015-12-31,18.66992950439453,18.998789421983673,18.575968759875288,18.641740743393118,1247700
2016-01-04,17.86186981201172,18.416236239560774,17.711533335946093,18.275296017268268,3445300
2016-01-05,17.918243408203125,18.124957382285164,17.843075179123822,17.918243408203125,1411200
2016-01-06,17.95582389831543,18.153139777915975,17.48602213680766,17.655151057694695,1444400
2016-01-07,16.706151962280273,17.683338733949192,16.65917070893223,17.42025088380642,1797700
2016-01-08,17.457834243774414,18.472606026808336,17.382666029925662,17.56119120987329,3044900
2016-01-11,17.429651260375977,17.937038215903247,17.0350175590166,17.561197022263887,1026400
2016-01-12,17.044414520263672,17.97462218518417,16.790722824123357,17.97462218518417,1433000
2016-01-13,16.330310821533203,17.241727518670142,15.832322028732284,17.044409818159927,2038600
2016-01-14,16.762531280517578,16.89407523388996,15.973263975979382,16.358501375557317,1750100
2016-01-15,16.80951499938965,16.894079502826628,16.114208253915233,16.283337260789196,1501200
2016-01-19,16.22696304321289,17.14777462009305,16.048437764543447,17.00683436520773,2011800
2016-01-20,15.522255897521973,16.0296410402033,14.281978216944784,15.916889582786162,3306900
2016-01-21,15.4658784866333,15.59742424409147,14.986681204898868,15.4658784866333,2749200
2016-01-22,15.851113319396973,16.20816189431932,15.541044207017798,15.775945104036918,1730500
2016-01-25,15.409501075744629,16.067224414795795,15.390708570708442,15.775947755342584,1103800
2016-01-26,15.681983947753906,15.71017090763002,15.090032700233545,15.390705553255888,689100
2016-01-27,15.935678482055664,16.349104627172284,15.785342027859055,16.245749435007056,1833300
2016-01-28,16.198768615722656,16.377293832017568,15.992056433590408,16.17057985773337,1402700
2016-01-29,16.734338760375977,16.75313126153354,16.039032346910187,16.226953774182693,1867200
2016-02-01,16.771928787231445,16.978640985436876,16.17997736849212,16.621592317236207,1403700
2016-02-02,16.001453399658203,16.593403006608938,15.822928175403971,16.537027280268877,1155500
2016-02-03,15.63500690460205,16.15179007802729,15.03366103662568,16.15179007802729,1583300
2016-02-04,15.813529014587402,16.07661867605177,15.343727199784269,15.719568293196435,1247100
2016-02-05,14.902114868164062,15.738362512300505,14.620234465401527,15.738362512300505,2603500
2016-02-08,14.13163948059082,14.704797409667366,13.361164740508265,14.639025438024,2009200
2016-02-09,14.13163948059082,14.610837578187686,13.7370058585788,13.93432266958481,1332000
2016-02-10,14.432316780090332,14.789366399274263,14.06587180214391,14.27258403213762,1786600
2016-02-11,14.056471824645996,14.328956870270394,13.708818552371827,14.09405593797088,1547600
2016-02-12,15.01486587524414,15.099430346994405,14.357143500407224,14.422916365144024,2002500
2016-02-16,15.7947416305542,15.898098636794817,15.052455454528001,15.296752692454374,2361300
2016-02-17,16.208166122436523,16.339710085593715,15.44708751935948,16.02964089232884,3655300
2016-02-18,16.039037704467773,16.367899415969337,15.851118006575557,16.255146163512286,1301600
2016-02-19,15.315542221069336,16.086018892679757,15.268562744869056,16.010850655468026,5659400
2016-02-22,15.672592163085938,15.888700613758322,15.494066933675148,15.653799656379102,2822800
2016-02-23,15.240368843078613,15.691379906369114,15.23097259257761,15.691379906369114,2104600
2016-02-24,15.287353515625,15.371917996901013,14.60144230888976,15.052452577003173,1969800
2016-02-25,15.371915817260742,15.597420471304332,15.11822240940482,15.35312331471919,1273200
2016-02-26,16.574607849121094,16.649776069601053,15.512856510822683,15.541045265559571,3089700
2016-02-29,16.27393913269043,16.71555410917906,16.264542878706393,16.57461209157074,1394400
2016-03-01,16.903472900390625,16.95984862910093,16.31152326855218,16.471255993358128,1415200
2016-03-02,16.9598445892334,17.072597811948075,16.715549225629676,16.922261376429624,1122300
2016-03-03,16.969247817993164,16.98804032819811,16.71555609883604,16.91287207953074,1050400
2016-03-04,16.80011558532715,17.006829573593752,16.640382863553896,16.9504538459538,971600
2016-03-07,16.39608383178711,16.865885640237725,16.142390425107376,16.68736045122402,1559700
2016-03-08,16.22696304321289,16.41488278567579,15.94508074128968,16.311527554574596,1879200
2016-03-09,16.762531280517578,16.771927533208743,16.17997615872912,16.283333146179963,1112100
2016-03-10,16.715551376342773,17.22293646346253,16.537026164137718,16.828302821412983,1252000
2016-03-11,17.551799774169922,17.608175501984338,16.894076378444108,16.894076378444108,1725300
2016-03-14,17.673952102661133,17.871269889813703,17.429654828742613,17.533011850210748,1526500
2016-03-15,17.232336044311523,17.570594029160013,17.072603306149986,17.551801520634598,1279900
2016-03-16,17.918243408203125,17.993411637282428,17.044411625061272,17.10078914098471,1362600
2016-03-17,17.880661010742188,17.993412463462228,17.626967553894055,17.89005726382753,1109800
2016-03-18,17.84307098388672,18.29408025232188,17.77729902292553,18.040388658921806,1266400
2016-03-21,17.63636589050293,17.8524743605403,17.47663315348569,17.843078106344905,949700
2016-03-22,18.65113067626953,18.74509138894588,18.03099248161778,18.059179440914612,1928900
2016-03-23,18.294084548950195,18.585363004691416,18.20952006723848,18.519589236130788,965100
2016-03-24,18.594755172729492,18.660527134690387,17.974615179015863,18.200121608812573,881600
2016-03-28,18.54777717590332,18.716906131866114,18.322272498670216,18.604152897173627,818300
2016-03-29,19.449806213378906,19.496785703031172,18.528992803681657,18.55718157276461,1053700
2016-03-30,19.487384796142578,19.966583003279553,19.337048314548884,19.647117531854903,1433900
2016-03-31,19.412216186523438,19.703492890058076,19.346444201094858,19.440404948343765,906100
2016-04-01,19.60953140258789,19.73167910373079,19.13972951916573,19.224292209401916,1347200
2016-04-04,19.581342697143555,19.73167915687137,19.374630513055802,19.590738949895538,738200
2016-04-05,19.487384796142578,19.675306294210806,19.355840822786153,19.412216555345733,730400
2016-04-06,19.60953140258789,19.61892586316261,19.186708990647162,19.449798690538277,805900
2016-04-07,19.64711570739746,19.863224155601245,19.5061754930103,19.5061754930103,1175100
2016-04-08,19.91959571838379,20.0229508888796,19.675298583495604,19.86321821576623,910200
2016-04-11,19.487384796142578,20.088730722517344,19.487384796142578,20.022958735839133,764900
2016-04-12,19.938390731811523,19.957183236741354,19.412213138839682,19.543757089044664,713900
2016-04-13,20.06053924560547,20.126311217507652,19.89141029377024,20.069935497613184,1124700
2016-04-14,19.778657913208008,20.098123326614523,19.51557001427457,20.098123326614523,1011500
2016-04-15,19.825634002685547,19.900802210219414,19.656505087696484,19.75986204511234,699700
2016-04-18,19.722286224365234,19.88201896373603,19.57194973932828,19.759871241700605,1089300
2016-04-19,19.788047790527344,19.99476169269472,19.618918885899973,19.835029037452347,900500
2016-04-20,19.844430923461914,20.13570756852605,19.590737494461617,19.853825383364,1969800
2016-04-21,19.665904998779297,19.75986572372678,19.29946014285106,19.58134052554174,1637600
2016-04-22,18.82026481628418,19.51557141533582,18.406838641227086,19.45919389681529,2931900
2016-04-25,18.979995727539062,19.534362061817163,18.81086677238278,18.857846241192032,2435300
2016-04-26,19.3746280670166,19.487379501501657,18.857844983812928,19.073953393369067,2420200
2016-04-27,18.425634384155273,19.32765333311337,18.303484864721984,18.933019594906117,4321700
2016-04-28,18.03099250793457,18.52898123918844,17.918239294128078,18.22830839190651,3534800
2016-04-29,17.51421356201172,18.00280794869794,17.354480850677838,17.955828477427012,2318200
2016-05-02,18.059181213378906,18.11555872180895,17.486024214887145,17.683340117937167,2576600
2016-05-03,17.504819869995117,17.993414328154692,17.429651629674584,17.86187035563181,1861600
2016-05-04,17.551799774169922,17.683343736454255,17.429650273061263,17.429650273061263,1063100
2016-05-05,17.63636589050293,17.730326640304643,17.410861166270163,17.58938461952595,1071800
2016-05-06,17.598783493041992,17.758516253833108,17.36388247965226,17.626972259823663,1608100
2016-05-09,17.899442672729492,17.97461086724645,17.523601700144706,17.66454184084511,1655200
2016-05-10,18.303476333618164,18.34106133504952,17.861863319708764,17.95582403113565,951500
2016-05-11,18.03099250793457,18.359854106706006,17.974615004955556,18.29408035323049,1148800
2016-05-12,17.946434020996094,18.247106968388977,17.636364819978166,18.15314622429067,1212600
2016-05-13,17.814889907836914,18.02160392237638,17.71153469271948,17.833682416822736,1315200
2016-05-16,17.664554595947266,17.984020101359608,17.61757511250821,17.843079858890025,1245100
2016-05-17,17.401460647583008,17.74911300685395,17.269914913236992,17.65515407223054,1270800
2016-05-18,17.561195373535156,17.673946824965235,17.307501919589473,17.363877645304512,1331900
2016-05-19,17.288711547851562,17.561197541390165,17.053810570864037,17.410861059490326,1249400
2016-05-20,17.128976821899414,17.44844225686156,17.08199734882052,17.32629455156522,1059000
2016-05-23,17.25112533569336,17.448441261956244,17.03501511225773,17.072600122299377,1097000
2016-05-24,17.288711547851562,17.514216270701322,17.119582557676186,17.420257313628095,2622600
2016-05-25,17.420259475708008,17.570595976266553,17.326298714820805,17.326298714820805,1263700
2016-05-26,17.3262939453125,17.579985600074608,17.147768727985717,17.439045393617445,1023700
2016-05-27,17.6833438873291,17.758512122440354,17.307502711772838,17.307502711772838,1171800
2016-05-31,17.767906188964844,17.92763889293528,17.683341710853913,17.692737963105337,1251100
2016-06-01,18.247106552124023,18.54777949265776,17.95582986500098,18.209521538481262,1913100
2016-06-02,18.51959228515625,18.622949289187474,18.190732348970066,18.247108082008804,1338800
2016-06-03,18.303476333618164,18.37864454432937,17.993407240415497,18.37864454432937,1047900
2016-06-06,18.153141021728516,18.27529049169478,17.946428877676183,18.265894240762634,1023300
2016-06-07,18.190725326538086,18.48200192563676,18.17193282539584,18.265893538955535,1445300
2016-06-08,18.23771095275879,18.359860459326235,18.021602493019042,18.190731476172637,1187100
2016-06-09,18.04039192199707,18.237707840570362,18.01220316556438,18.153143363424135,1096000
2016-06-10,17.70213508605957,17.918243522016247,17.626966856502815,17.796095821043505,676600
2016-06-13,17.354482650756836,17.730325628516045,17.316899428272198,17.589383615780275,826500
2016-06-14,17.476625442504883,17.533001150651106,17.20413956752049,17.298100275865156,852500
2016-06-15,17.476625442504883,17.65515060914461,17.420249734358663,17.46722919245527,937700
2016-06-16,17.241731643676758,17.29810737495942,17.044413895959163,17.29810737495942,754400
2016-06-17,17.561195373535156,17.570591626512996,17.22293743494091,17.307501919589473,1208200
2016-06-20,17.711528778076172,17.946429685498533,17.655153062097284,17.85246896409925,1225400
2016-06-21,18.021604537963867,18.04039704759161,17.608178286915297,17.739722270004787,1602600
2016-06-22,17.626962661743164,18.134347642468818,17.61756641126564,17.993407469609,670600
2016-06-23,17.918243408203125,17.937035913510936,17.63636299719373,17.833678926469915,1205200
2016-06-24,17.157161712646484,17.420251362165246,16.988032780252396,17.110180458008337,3218700
2016-06-27,16.39608383178711,16.969240819433722,16.320915614121077,16.884676350540477,1962500
2016-06-28,16.865886688232422,16.875281147891705,16.602797013977888,16.64038022907037,1221900
2016-06-29,17.157161712646484,17.2323299279159,16.969240278397137,17.05380474459418,1100400
2016-06-30,17.288711547851562,17.29810780198933,16.86589086456535,17.269919039576024,795700
2016-07-01,17.194753646850586,17.504822916149447,16.99743765372973,17.307506923028594,1032000
2016-07-05,17.035017013549805,17.138374010548173,16.71555335329981,17.053809520668075,1039000
2016-07-06,17.138370513916016,17.157163017200173,16.75313315734959,16.90346959931933,817600
2016-07-07,17.18535041809082,17.48602327834025,17.03501219581449,17.194744876840954,938600
2016-07-08,17.608177185058594,17.645762201962146,17.28871170998739,17.28871170998739,2104600
2016-07-11,17.589380264282227,17.843073688285056,17.523608293352265,17.730322250162775,1025700
2016-07-12,17.786701202392578,17.85247318527821,17.63636472946767,17.767908695238933,482800
2016-07-13,17.93703269958496,17.974615911314547,17.673943048871372,17.814883229122657,663900
2016-07-14,18.012203216552734,18.16253966698229,17.833678009610693,17.993410712211077,838000
2016-07-15,18.021604537963867,18.1249615487641,17.93704003679138,18.049791510253126,623300
2016-07-18,18.087373733520508,18.17193822162082,17.84307652258094,17.993412992058815,1022100
2016-07-19,17.73032569885254,18.049789363771765,17.702136937763132,18.049789363771765,751900
2016-07-20,18.012203216552734,18.068578937425855,17.56119386526407,17.767906036566743,892700
2016-07-21,17.720924377441406,18.03099349214476,17.617567408489744,17.96522152723066,828600
2016-07-22,17.77730369567871,17.786699948593185,17.44844201228016,17.551799002187362,1250000
2016-07-25,17.589380264282227,17.880658695760346,17.542400797089908,17.77730171735509,1380800
2016-07-26,17.946434020996094,18.01220600421927,17.62696856635312,17.655157327228252,1879600
2016-07-27,18.021604537963867,18.06858401988087,17.80549605370189,18.03100079277774,708000
2016-07-28,18.51019287109375,18.54777608568089,18.002806033029135,18.049785499301002,943500
2016-07-29,18.425634384155273,18.538385856698863,18.256505383187545,18.463217610952356,1209300
2016-08-01,18.265897750854492,18.50079869284333,18.162540762890774,18.416234210355192,646000
2016-08-02,17.908843994140625,18.322270077171567,17.767903813515783,18.256498112356752,1003500
2016-08-03,17.84307098388672,18.040388658921806,17.645755101003154,17.84307098388672,1508900
2016-08-04,17.288711547851562,18.359861221578203,16.912870343101964,17.73972099355108,3933500
2016-08-05,17.617568969726562,17.75850916305402,17.241727856802754,17.335688583071654,1306300
2016-08-08,17.70213508605957,17.758510810189147,17.53300612151888,17.645759361929994,995600
2016-08-09,18.209516525268555,18.312873492179133,17.5423988461407,17.64575581305128,1645700
2016-08-10,18.218917846679688,18.369254317398646,18.040394407795983,18.265899113874422,1444400
2016-08-11,18.792076110839844,18.848451837369794,18.11556201602434,18.256502228425234,2473800
2016-08-12,18.622947692871094,18.876641158027766,18.528986951092467,18.792076669642206,891000
2016-08-15,18.54777717590332,18.933014556862187,18.538380923666292,18.7450948885772,1605100
2016-08-16,18.38804817199707,18.59476217850046,18.2189191820042,18.472612666993506,1199900
2016-08-17,18.38804817199707,18.46321641286588,18.09677146264947,18.435029442635216,960500
2016-08-18,18.50079345703125,18.50079345703125,18.200120623121688,18.341060789997865,525800
2016-08-19,18.604150772094727,18.62294327442219,18.3692498694564,18.482003091269526,824300
2016-08-22,18.566572189331055,18.604155411206033,18.350463735131633,18.59476094985137,514900
2016-08-23,19.03636932373047,19.11153754072623,18.6887152000303,18.6887152000303,941000
2016-08-24,18.82965660095215,19.139725710625235,18.79207159752433,18.979993030360212,938000
2016-08-25,18.745094299316406,18.810866270756172,18.622944816226717,18.810866270756172,755800
2016-08-26,18.71691131591797,18.895436573564208,18.51019908590552,18.735703825597017,1032700
2016-08-29,18.51959228515625,18.745098801615693,18.482009060514503,18.66993056017996,756100
2016-08-30,18.341066360473633,18.557174801462796,18.256501876234047,18.46321406429081,901900
2016-08-31,18.322269439697266,18.378645151555435,18.077972298776448,18.369248900887143,1392100
2016-09-01,18.53838348388672,18.70751246320686,18.369254504566577,18.472611501296022,842000
2016-09-02,18.472612380981445,18.66993013030213,18.350464663517936,18.57596938263286,598700
2016-09-06,18.444421768188477,18.613550738591098,18.359859075139187,18.557175012507564,411600
2016-09-07,18.575963973999023,18.65113219181779,18.406835035868873,18.406835035868873,872700
2016-09-08,18.604150772094727,19.731675821619355,18.444418086614597,19.402814199495364,2637200
2016-09-09,17.880661010742188,18.463214364817127,17.749115259699437,18.43502739771313,1586100
2016-09-12,17.974618911743164,18.002807669359505,17.5611945529484,17.72092726180381,1646900
2016-09-13,17.420259475708008,17.852476466775716,17.401466965100077,17.852476466775716,1318500
2016-09-14,17.561195373535156,17.64575985818372,17.298105666611633,17.457838382930913,1348700
2016-09-15,17.598783493041992,17.739723742645328,17.448446987844765,17.570596518412827,805200
2016-09-16,17.36387825012207,17.4860277509367,17.166562307170533,17.4860277509367,1409000
2016-09-19,17.486024856567383,17.852469714051452,17.410856634720606,17.730322025607354,1403700
2016-09-20,17.392061233520508,17.542397652166432,17.288704273644633,17.542397652166432,975800
2016-09-21,17.608177185058594,17.61757343928448,17.21354346833253,17.486029464426544,945400
2016-09-22,18.077974319458008,18.115559326332264,17.730321966629994,17.777301433071045,939400
2016-09-23,17.93703269958496,18.04978412692534,17.777300017393074,18.04978412692534,836300
2016-09-26,17.86186981201172,17.965226811363895,17.673948320853604,17.852473558238596,886500
2016-09-27,18.096765518188477,18.096765518188477,17.664546931054673,17.890053371738524,1292300
2016-09-28,18.557174682617188,18.56657093548941,18.124957803406904,18.124957803406904,1210800
2016-09-29,18.171937942504883,18.56657161686086,18.059184696052295,18.491403383276484,1043800
2016-09-30,18.585363388061523,18.651135365826917,17.984015751023676,18.256501707082574,1128300
2016-10-03,18.444421768188477,18.792075962032975,18.34106656906067,18.707511476831666,908400
2016-10-04,18.406841278076172,18.62294975357381,18.29408801703481,18.406841278076172,1135500
2016-10-05,18.575963973999023,18.63233968932518,18.46321075119503,18.46321075119503,1541800
2016-10-06,18.585363388061523,18.67932233221095,18.510195157450788,18.60415410160022,790600
2016-10-07,18.265897750854492,18.669927657819606,18.181333268366355,18.5571744171181,619800
2016-10-10,18.50079345703125,18.58535791558725,18.369247748082227,18.369247748082227,643900
2016-10-11,18.171937942504883,18.491403383276484,18.0779772024864,18.491403383276484,486800
2016-10-12,18.143747329711914,18.322272538297852,18.077975356062325,18.134351077454564,618200
2016-10-13,17.93703269958496,18.04978412692534,17.673943048871372,17.946428950555262,722000
2016-10-14,17.85247230529785,18.096769509797014,17.739719060085918,18.040393783267064,555700
2016-10-17,17.85247230529785,18.040393783267064,17.76790781942691,17.880661064638844,697200
2016-10-18,17.89005470275879,18.19072758983847,17.852469695797943,18.087370612847916,820800
2016-10-19,17.89005470275879,18.124955619808762,17.814884688837097,17.871262199278366,548000
2016-10-20,17.833675384521484,18.021596815972615,17.702131457796646,17.786695922734495,575200
2016-10-21,17.52360725402832,17.796093165607676,17.457835286999288,17.71152869595558,1308700
2016-10-24,17.692745208740234,17.805498489780803,17.551804951553976,17.61757695209739,1621100
2016-10-25,17.57059097290039,17.702134925392816,17.551798467643774,17.61757044388999,686100
2016-10-26,17.392061233520508,17.551793902350738,17.345079982598985,17.410853733889116,999200
2016-10-27,16.875286102294922,17.476633849690003,16.856495385307817,17.476633849690003,1145700
2016-10-28,16.903472900390625,17.13837386086101,16.875284139959422,16.88468039343649,1164200
2016-10-31,16.781322479248047,16.950451430216116,16.659172995925857,16.903470170418423,846000
2016-11-01,16.537029266357422,16.969246207126982,16.302128287551643,16.818909724063463,1897500
2016-11-02,15.973258018493652,16.865881977564104,15.75714966365387,16.292723322235627,4238900
2016-11-03,16.07662010192871,16.29272852578896,15.841719173693175,15.992055624391769,2808100
2016-11-04,16.255144119262695,16.452461838209782,16.09541141045864,16.17997589112855,1161600
2016-11-07,16.527631759643555,16.706156991809507,16.414878509814503,16.659175724317357,1252200
2016-11-08,16.67797088623047,16.74374287903742,16.33971287504914,16.443069887832856,1547800
2016-11-09,17.241731643676758,17.33569239058265,16.358503490204853,16.377295998016468,1922400
2016-11-10,17.11958122253418,17.55179991840201,16.922265277486236,17.429650416289586,2371300
2016-11-11,17.561195373535156,17.57998608733883,17.10078973053299,17.119580444336666,1817700
2016-11-14,17.64575958251953,18.162540943163513,17.617570824026377,17.720927813015965,2144100
2016-11-15,17.486024856567383,17.777301492204675,17.457836101317927,17.60817254501148,1624400
2016-11-16,17.542407989501953,17.62697249884113,17.4108639937088,17.4108639937088,917100
2016-11-17,17.6833438873291,17.805493389479942,17.495424195627013,17.542403670514513,1265500
2016-11-18,17.439043045043945,17.937033619088638,17.401459831387736,17.692736457792282,1357700
2016-11-21,17.52360725402832,17.852468881325176,17.46723153831082,17.664547439397918,1689500
2016-11-22,17.542407989501953,17.60817998739853,17.363882715102296,17.551804245223256,1103800
2016-11-23,17.805484771728516,18.077968820069074,17.457830732506455,17.467226981366643,1219100
2016-11-25,18.115558624267578,18.13434933482471,17.81488395738143,17.824280208735843,375400
2016-11-28,18.059181213378906,18.218913902960608,17.880657813138896,18.11555872180895,1489300
2016-11-29,18.10616683959961,18.23771080670914,17.937037857800416,18.04039485604484,1234100
2016-11-30,17.70213508605957,18.247105198384038,17.598778098362047,18.247105198384038,1334100
2016-12-01,17.57059097290039,17.814886372628624,17.335690033648525,17.702134925392816,1581400
2016-12-02,17.75851058959961,17.843075070819527,17.420254456871877,17.514213398536732,815200
2016-12-05,18.077974319458008,18.106163074613697,17.824280899512093,17.918241624545963,988700
2016-12-06,18.444421768188477,18.453818021227736,18.115561872574514,18.181333851697307,869800
2016-12-07,19.05516815185547,19.05516815185547,18.378652182155637,18.378652182155637,1289900
2016-12-08,19.731678009033203,20.126311640899942,19.045767727407068,19.149122917362547,3844300
2016-12-09,20.163894653320312,20.276647886490906,19.85382550229098,19.9102030149522,2803600
2016-12-12,19.55315589904785,20.116918575619092,19.261879203144364,20.079335352995486,2934700
2016-12-13,19.769264221191406,20.069937141457867,19.656510980015497,19.665907232792822,1468300
2016-12-14,19.506175994873047,19.797452684387537,19.42161150563463,19.769265716076134,1022500
2016-12-15,19.459197998046875,19.797456011853406,19.26188201809467,19.496783018315337,791600
2016-12-16,19.581342697143555,19.825639892239245,19.120937065208125,19.318252996543897,3202600
2016-12-19,19.52496910095215,19.910206545013505,19.440404609118957,19.56255232390459,604300
2016-12-20,19.440401077270508,19.637716994265674,19.32764784459339,19.571945021933953,603300
2016-12-21,19.477981567382812,19.543753530509516,19.27126942724866,19.42160585501015,738300
2016-12-22,19.393423080444336,19.487383824794982,19.290067874595547,19.468591317494425,547300
2016-12-23,19.252479553222656,19.4216085055741,19.177311329083327,19.31825152532559,368800
2016-12-27,19.092748641967773,19.440402831283524,19.064561675369198,19.290066368917792,484000
2016-12-28,18.961200714111328,19.252477324919568,18.961200714111328,19.149120356633706,573800
2016-12-29,19.05516815185547,19.280672877704664,18.92362238432925,18.97060365564299,582200
2016-12-30,18.951810836791992,19.073958555903108,18.76388933891865,19.073958555903108,746200
2017-01-03,19.17731475830078,19.402819471042694,18.95181004555887,19.167918504584183,942500
2017-01-04,19.56255340576172,19.618929139384175,19.24308792831403,19.280672945497177,1714600
2017-01-05,19.618928909301758,19.6753064344153,19.37463346908535,19.57194943052604,927600
2017-01-06,19.017580032348633,19.618925869845203,18.979996813581078,19.618925869845203,2102700
2017-01-09,18.453815460205078,19.21489572139406,18.369250986739633,19.008181767522192,2627900
2017-01-10,18.416236877441406,18.735702348184184,18.341068636805,18.48200886397923,1299200
2017-01-11,18.275291442871094,18.472607346261007,18.030994282375218,18.416231629885562,1682600
2017-01-12,18.453815460205078,18.613548155400718,18.059181848083604,18.29408276500944,1158400
2017-01-13,18.425634384155273,18.68872234819188,18.34106988367141,18.44442510147764,1030300
2017-01-17,18.406841278076172,18.914226472381596,18.406841278076172,18.857850737937056,1101400
2017-01-18,18.435028076171875,18.55717578647262,18.096770121258892,18.435028076171875,1108400
2017-01-19,18.218917846679688,18.604155276916032,18.171938371637047,18.444422552758127,775600
2017-01-20,18.294084548950195,18.35985831751082,18.087372367072636,18.228312572541515,716000
2017-01-23,18.171937942504883,18.425631402909165,18.04039398177024,18.275294935740416,890100
2017-01-24,18.406841278076172,18.528989001398052,18.190732802578534,18.20012905701134,1006900
2017-01-25,19.252479553222656,19.252479553222656,18.538380527823126,18.622945003998847,1618300
2017-01-26,19.16791534423828,19.44979753280393,19.026975146031383,19.13033212772064,1521200
2017-01-27,19.393423080444336,19.53436509304637,19.28067162094527,19.384026826794056,1704400
2017-01-30,19.092748641967773,19.41221407253295,18.970600938352614,19.271273863084076,832100
2017-01-31,19.092748641967773,19.130333653635205,18.886036454252892,18.970600938352614,772500
2017-02-01,19.57194709777832,20.051145251215193,19.506175118470676,19.957184512710544,2101500
2017-02-02,19.788047790527344,19.919593489766036,19.590731929896293,19.67529638220998,1860200
2017-02-03,19.769264221191406,20.013559624793928,19.75047171563676,19.919600681324635,861400
2017-02-06,19.57194709777832,19.83503680716092,19.449799392228698,19.712887309459276,624100
2017-02-07,19.55315589904785,19.797453118633793,19.487383915342434,19.609533421211477,831800
2017-02-08,19.421607971191406,19.571944415333576,19.19610330497815,19.468587437928917,1336400
2017-02-09,19.60013771057129,19.665909696099025,19.318255468399588,19.384027453927327,1292000
2017-02-10,19.60013771057129,19.99477141588991,19.57194894870846,19.844434936925882,1507800
2017-02-13,19.637720108032227,19.928996799751328,19.609533139507484,19.816245341348118,1520900
2017-02-14,19.412216186523438,19.797453637306983,19.299464723546503,19.68470217433005,1291300
2017-02-15,20.041746139526367,20.201478834555434,19.600133061340955,19.966577917874556,3304400
2017-02-16,19.03636932373047,19.8914084641141,18.848447885165243,19.797447744831487,3192300
2017-02-17,19.120935440063477,19.130331692016846,18.773281286396077,18.933013985299723,1609700
2017-02-21,18.942405700683594,19.252474772278212,18.669921627901115,19.158514067399246,1224400
2017-02-22,18.810863494873047,18.97999242056116,18.679317779253655,18.942407418340892,1123700
2017-02-23,18.66992950439453,18.998789421983673,18.491404269023185,18.942413692132984,2031900
2017-02-24,18.557174682617188,18.70751114426876,18.444421440302513,18.453817693174734,1403400
2017-02-27,18.51019287109375,18.56656858905034,18.284686414963858,18.406835894713527,1651100
2017-02-28,18.48200225830078,18.82965636708375,18.453813506080028,18.472606007560533,1445300
2017-03-01,18.88603973388672,18.914226705380074,18.698118227220263,18.773286471456384,1351000
2017-03-02,18.50079345703125,18.754485040547785,18.472604706795433,18.698109332227606,1208900
2017-03-03,18.378646850585938,18.528983290873416,18.21891415876152,18.45381507072968,1043200
2017-03-06,18.735702514648438,18.763889485042387,18.28469127467061,18.359861308127115,1507600
2017-03-07,18.575963973999023,18.77327987371641,18.453814499948724,18.716904158390253,1747600
2017-03-08,18.68871307373047,18.754485032099627,18.557169156992156,18.604148615212566,1072800
2017-03-09,18.82026481628418,18.88603679573944,18.65113584502664,18.679322812134878,1704000
2017-03-10,19.111543655395508,19.177315642291347,18.876642678109086,18.88603893225881,1586000
2017-03-13,19.073955535888672,19.196105027811857,18.989391054450138,19.10214429375216,851600
2017-03-14,19.092748641967773,19.15852062023378,18.84845144258546,18.989391652034335,897900
2017-03-15,19.111543655395508,19.24308762918719,18.961207173304373,19.1961081505908,1259000
2017-03-16,18.989397048950195,19.214903598741284,18.970606329928025,19.14912980962992,719200
2017-03-17,19.16791534423828,19.30885554244518,19.04576765036613,19.04576765036613,1905100
2017-03-20,19.102142333984375,19.214895561718578,18.94240964011611,19.149121800118436,733600
2017-03-21,18.82026481628418,19.186709725907498,18.810868563197424,19.177313472820742,1145200
2017-03-22,18.632343292236328,18.754490997754488,18.472610574465183,18.745096536843263,1218700
2017-03-23,19.3558349609375,19.384021922604852,18.84844814510499,19.149121017234616,1984800
2017-03-24,19.365238189697266,19.524970934588378,19.261881180605272,19.421613925496384,1222200
2017-03-27,20.06053924560547,20.0793317496209,19.045767326745914,19.064559830761347,1859400
2017-03-28,20.210874557495117,20.26725027422105,19.966577395480442,20.079330621084033,2160000
2017-03-29,20.107519149780273,20.530341538542643,20.098122897568683,20.210876131955935,1789300
2017-03-30,20.398799896240234,20.398799896240234,20.060543709453245,20.14510820418805,1554800
2017-03-31,20.680679321289062,20.708868079738963,20.257856905300425,20.370610146948053,1692600
2017-04-03,20.614912033081055,20.765248528040885,20.267257768391207,20.699476535515007,1611900
2017-04-04,20.520946502685547,20.74645119267471,20.464570778226246,20.58671847991339,1084400
2017-04-05,20.0323543548584,20.680681531271976,20.0323543548584,20.54913756208598,1601100
2017-04-06,20.511552810668945,20.511552810668945,20.013562104676556,20.069939628326242,1034200
2017-04-07,20.53034782409668,20.549140334273364,20.33303005154631,20.473972085719037,1155100
2017-04-10,20.586715698242188,20.65248766658294,20.426983007063903,20.57731944674326,606700
2017-04-11,20.887392044067383,20.93437330935901,20.539739641669456,20.577322861750734,1082100
2017-04-12,20.380006790161133,21.009541403719055,20.314234811336757,20.92497691890142,1469600
2017-04-13,20.088726043701172,20.41758769265009,20.069935331992628,20.380004477081197,866800
2017-04-17,20.699472427368164,20.71826314139453,20.126313533991272,20.13570978708047,2146700
2017-04-18,21.009538650512695,21.009538650512695,20.520944311628266,20.56792377830294,1395100
2017-04-19,21.075315475463867,21.094107983323344,20.915582742962698,21.028334205815177,1198200
2017-04-20,21.06591796875,21.29142267319645,20.981353480563573,21.141086203565482,1134300
2017-04-21,20.83101463317871,21.0941043210786,20.83101463317871,21.05651931188495,733000
2017-04-24,21.169273376464844,21.23504535297798,21.03772763128662,21.22564910031154,894000
2017-04-25,21.34779930114746,21.375988062448542,21.197462825179336,21.291423570697454,938400
2017-04-26,21.460552215576172,21.648473703647216,21.34779896430312,21.422967201101113,2404800
2017-04-27,21.648473739624023,21.65786820110627,21.300819523760477,21.48874101214382,1903000
2017-04-28,21.31021499633789,21.751828148055075,21.29142248975791,21.657867407307233,1644100
2017-05-01,21.460552215576172,21.573303674697094,21.263234473886364,21.4981354378991,1281700
2017-05-02,21.103498458862305,21.554509601537326,21.075311494549513,21.413569403517815,1433300
2017-05-03,22.860559463500977,23.16123238067199,21.667262255345562,21.798808000721845,6784400
2017-05-04,22.82297706604004,22.90753975890377,22.475322872958422,22.775995800946838,1702100
2017-05-05,22.91693878173828,22.926335035892585,22.72901907510894,22.869959303119003,1022000
2017-05-08,22.973312377929688,23.11425258183715,22.8323703818703,22.926331115192585,1195800
2017-05-09,23.1142520904541,23.292777300756,22.963915637195203,23.057876368519988,1094200
2017-05-10,23.349159240722656,23.358555495572606,23.020297489583843,23.048486254133696,1387800
2017-05-11,23.161235809326172,23.29278157417572,22.907542325850844,23.264592811961055,756700
2017-05-12,23.302175521850586,23.377343760611954,22.898147358603335,23.217611029225022,1564600
2017-05-15,23.44310760498047,23.471294562478256,23.180017984708822,23.226997441972745,1349600
2017-05-16,23.847139358520508,23.86593186125084,23.358546832593824,23.40552629726795,1039300
2017-05-17,23.273984909057617,23.847141967832926,23.227003647091184,23.847141967832926,1460500
2017-05-18,23.26459312438965,23.414929607249015,23.076671624739323,23.170632374564487,1336100
2017-05-19,23.49949073791504,23.809559913431787,23.311569265173745,23.33036177087827,1992100
2017-05-22,23.696807861328125,23.865936836857966,23.51828442462625,23.687411608004016,1125500
2017-05-23,23.52767562866211,23.771970994052314,23.46190186950908,23.771970994052314,879000
2017-05-24,23.64042854309082,23.659221046884884,23.386735118326335,23.527677104630026,666900
2017-05-25,23.546470642089844,23.79076784427546,23.461906157019747,23.640431380184623,1623400
2017-05-26,23.66861915588379,23.724994879537572,23.527678950673362,23.56526216905857,591200
2017-05-30,23.696807861328125,23.894125596830296,23.55586764577062,23.574660152418836,1026600
2017-05-31,23.875328063964844,23.912913069348917,23.405526249574113,23.70619912403991,1109100
2017-06-01,24.241777420043945,24.241777420043945,23.88472876316356,23.95989699577796,931700
2017-06-02,23.7907657623291,24.467281583687523,23.781369510126694,24.363924601612908,1515300
2017-06-05,23.66861915588379,23.818955613728505,23.584054674327145,23.64043039798093,1109200
2017-06-06,23.847139358520508,24.035060801520412,23.067268416728805,23.602843991633016,1840400
2017-06-07,24.26996612548828,24.354530611010876,23.743788498354817,23.80016422465254,927100
2017-06-08,24.363924026489258,24.617617453510096,24.166606319200223,24.241774542893232,1357600
2017-06-09,23.38673973083496,24.429700599132783,23.208216286037004,24.354532361283074,1979700
2017-06-12,23.33036231994629,23.50888754403682,22.879352925335287,23.358551079166485,1630200
2017-06-13,23.72579002380371,23.80110991802219,23.45275428490677,23.51865896787695,804600
2017-06-14,23.584564208984375,23.76344963539962,23.386850155394868,23.74461921245739,1054200
2017-06-15,23.659887313842773,23.678717739338868,23.13264797032961,23.245628727537966,621800
2017-06-16,23.716381072998047,23.876436114933234,23.49983474866098,23.55632603106286,1737100
2017-06-19,24.17771339416504,24.27186372647617,23.904677610039585,23.923508035655455,960400
2017-06-20,23.744617462158203,23.970577133504776,23.443337900362774,23.452753111139863,1134600
2017-06-21,23.292701721191406,23.81052761939504,23.273871296725503,23.735205921531428,727400
2017-06-22,23.066743850708008,23.405684334996906,23.000839155600335,23.32094921392468,856100
2017-06-23,23.641054153442383,23.659882779561865,22.85960960279595,23.066738856253217,1611200
2017-06-26,23.772865295410156,23.829354769534703,23.490416129019415,23.669299763041817,757200
2017-06-27,23.37743377685547,23.829353130300067,23.330359517617946,23.688128556819617,1644900
2017-06-28,23.772865295410156,23.848185192832222,23.481000917370658,23.481000917370658,891000
2017-06-29,23.471586227416992,23.829355299181813,23.142060995458213,23.77286582380169,1518100
2017-06-30,23.358612060546875,23.622232679524213,23.151482728630178,23.45276240987939,894100
2017-07-03,23.104402542114258,23.24562713210578,22.906686679511647,23.207966283698394,497800
2017-07-05,23.302114486694336,23.339775331671742,22.75604480489747,23.11381385334317,976900
2017-07-06,22.97258949279785,23.179720550590538,22.8407801256701,23.151474916591184,1378300
2017-07-07,23.349191665649414,23.46217241893558,22.92551788130464,22.97259214764245,760500
2017-07-10,23.706958770751953,23.923503234572618,23.17030431877558,23.377433571677802,1588800
2017-07-11,23.78227996826172,23.895258913951228,23.50924422393747,23.641055388265848,906600
2017-07-12,24.262449264526367,24.478993778505686,23.95175441532222,23.998828685050494,1560300
2017-07-13,23.876434326171875,24.337768989948128,23.810529630742163,24.234203442405285,841400
2017-07-14,24.036481857299805,24.12121695235073,23.819935616743162,23.857596457106997,500300
2017-07-17,23.79169464111328,24.036484745589743,23.706959535880355,23.961164851579134,635500
2017-07-18,24.215373992919922,24.262450059959846,23.791700164170646,23.83877443544223,757800
2017-07-19,24.47899055480957,24.47899055480957,24.168295746521558,24.22478522190991,700100
2017-07-20,24.460163116455078,24.76144274965489,24.384843208155125,24.66729421110615,1224300
2017-07-21,24.347177505493164,24.5354763269563,24.215366355124416,24.47898686009414,1366700
2017-07-24,24.657875061035156,25.109794438678016,24.48840484547709,24.573139953256124,2612100
2017-07-25,24.695539474487305,24.883840153949603,24.57314528987467,24.714369901587208,1960100
2017-07-26,24.695539474487305,24.695539474487305,24.19654572671844,24.62021956185606,1438500
2017-07-27,24.262449264526367,24.629633596558104,24.017659111249117,24.59197453992914,1537800
2017-07-28,23.72579002380371,24.780268542862405,23.13264428553626,23.302114496469816,2974700
2017-07-31,23.59398078918457,24.14946572782925,23.537491312848793,23.8764317623996,1452700
2017-08-01,23.904674530029297,24.196540702164974,23.6410557884461,23.678714839057413,1345800
2017-08-02,24.12122344970703,24.168297717074168,23.70696307295711,24.008242693950436,1034400
2017-08-03,24.074142456054688,24.347178179015792,24.008237776931065,24.149462345877094,557000
2017-08-04,24.497821807861328,24.55431128516204,24.092976663042002,24.111807087398272,775700
2017-08-07,25.10979652404785,25.298097178254743,24.47899166695333,24.573141994056776,2108000
2017-08-08,24.76144027709961,25.156870205130748,24.68612037632073,24.940325714862478,1281400
2017-08-09,24.6296329498291,24.912082152318717,24.478993135732207,24.591973894188992,1143600
2017-08-10,24.921493530273438,25.175698850858144,24.36600862785558,24.46015894612043,1362600
2017-08-11,24.66729164123535,25.0909654078706,24.535480468616495,24.66729164123535,959300
2017-08-14,24.742610931396484,24.977985838977535,24.63904539741505,24.949740203591315,1200200
2017-08-15,24.87441635131836,25.08154559059092,24.817926885292707,24.921490607045115,944100
2017-08-16,24.657875061035156,24.968569857635618,24.544894318740454,24.912078588604277,612200
2017-08-17,24.31893539428711,24.657875836056473,24.234200283844768,24.507236038774096,941100
2017-08-18,24.064733505249023,24.337769299234182,23.979998382685928,24.17771426725592,990400
2017-08-21,24.54489517211914,24.57314080761686,23.876431293918877,24.10239099059649,791800
2017-08-22,24.855592727661133,25.156872356542028,24.591973950274465,24.66729385749469,1234300
2017-08-23,24.563730239868164,24.817935620104237,24.50724075396072,24.601389298550334,575500
2017-08-24,24.54489517211914,24.62963028284425,24.40367058616664,24.601384647346535,428500
2017-08-25,24.912080764770508,24.940326401753545,24.488406984633784,24.60138594102966,539600
2017-08-28,24.723777770996094,24.959152652522217,24.620212248478893,24.90266318377094,568000
2017-08-29,24.460163116455078,24.723783693389045,24.460163116455078,24.544898237763558,585500
2017-08-30,24.441329956054688,24.582556339614573,24.281276740120536,24.46957559192028,1068800
2017-08-31,24.89325523376465,24.90267044726402,24.526069090362654,24.544899517361394,699400
2017-09-01,24.949737548828125,24.98739839200247,24.71436266629201,24.91207670565378,685400
2017-09-05,24.912080764770508,25.241606013166717,24.64846200266805,25.043891941589873,1312700
2017-09-06,25.07213592529297,25.147455828574316,24.8273475864547,24.949741755873834,541600
2017-09-07,25.20394515991211,25.307508896585237,24.98740067914248,25.109794839126355,535000
2017-09-08,25.081546783447266,25.392241555016355,24.987398267516138,25.156866673652868,437700
2017-09-11,25.222774505615234,25.42048855462706,25.156868026843362,25.23218792110043,417100
2017-09-12,25.13804054260254,25.307508965557155,25.053305433241224,25.279265126282056,558300
2017-09-13,24.827346801757812,25.138041617444514,24.761440317172557,25.090965557026475,899700
2017-09-14,24.676706314086914,24.846176547678038,24.544896930524114,24.761441430882478,1062200
2017-09-15,24.610679626464844,24.686143500782837,24.26165808324369,24.629546044844513,1738700
2017-09-18,24.63896942138672,24.808761721442856,24.440875705854605,24.65783403303742,1070800
2017-09-19,24.516342163085938,24.87479681065404,24.497475750224424,24.66726986757772,861500
2017-09-20,24.506912231445312,24.667273163796434,24.403150545241928,24.58237609377523,752000
2017-09-21,24.450315475463867,24.572943580515304,24.374851611001343,24.535212547884264,750600
2017-09-22,23.620208740234375,24.403146868649483,23.478712445383348,24.337114424758944,3015600
2017-09-25,23.36551856994629,23.60134333920485,23.139127007362095,23.56361051250738,1604200
2017-09-26,23.752273559570312,23.96923193842507,23.40325207250799,23.51644876537156,1085400
2017-09-27,23.752273559570312,24.091861838960643,23.657943282050734,23.846603837089894,1057500
2017-09-28,23.837167739868164,23.903198386367492,23.544743735085166,23.88433197331049,903500
2017-09-29,24.57294464111328,24.620110682938385,23.97866690772121,23.97866690772121,1643500
2017-10-02,24.56351089477539,24.58237551050997,24.11072593233871,24.355983928891806,1329500
2017-10-03,24.252214431762695,24.53520518800818,23.978658679845296,24.525771982880006,1487400
2017-10-04,24.129592895507812,24.544645037504775,24.06356224093565,24.299387035379315,1151600
2017-10-05,25.638872146606445,25.836964111920864,24.082428850563094,24.082428850563094,3741400
2017-10-06,26.053918838500977,26.393505250702702,25.487939085898052,25.544536521398335,1827200
2017-10-09,25.846397399902344,25.940727678573605,25.572841570876147,25.874697023263845,909700
2017-10-10,25.94072723388672,26.14825240404567,25.667169610349546,25.94072723388672,1342400
2017-10-11,26.223718643188477,26.261451477111027,25.874698925407642,25.98789382877419,1179100
2017-10-12,26.223718643188477,26.33691534575558,25.940729585571553,26.101090531341292,1209200
2017-10-13,26.11995506286621,26.45011013905449,26.072789023867646,26.289749204860207,1879300
2017-10-16,26.31804847717285,26.70480102223951,26.044492632730822,26.261451026460797,1168500
2017-10-17,26.365211486816406,26.685933335969832,26.223715177507305,26.26144800644315,977100
2017-10-18,26.978361129760742,26.997227548121298,26.18598955062422,26.374648336627732,1253900
2017-10-19,26.789691925048828,27.072682711803633,26.610464606690797,26.80855833733917,1247700
2017-10-20,27.07268524169922,27.261343984632152,26.761396606619623,26.950055349552557,1119200
2017-10-23,26.846290588378906,27.412270388528043,26.74252891444503,27.261342681714964,1134100
2017-10-24,26.770824432373047,27.35567059537036,26.733093408515174,27.072681619236192,1313400
2017-10-25,26.1293888092041,26.978357737471285,25.89356400695208,26.85572783274798,1658900
2017-10-26,25.76149559020996,26.497269469460225,25.431340575192532,26.41237241419288,2577600
2017-10-27,27.459436416625977,28.195208537411574,25.912424723261008,25.912424723261008,2814100
2017-10-30,26.997224807739258,27.110419708011257,26.4972755671365,26.997224807739258,1838300
2017-10-31,27.572633743286133,27.629232987752655,26.8745925876688,27.072686344900937,1430700
2017-11-01,27.45000648498535,28.006553144860753,27.31794337639092,27.79902617386968,1106500
2017-11-02,27.299076080322266,27.732992796706547,27.214179018560085,27.412270963205025,619000
2017-11-03,27.544336318969727,27.648098003592988,27.204748044056284,27.204748044056284,910300
2017-11-06,27.685829162597656,27.94052035340894,27.402838350851695,27.506601828411906,585300
2017-11-07,27.431140899658203,27.770729190319315,26.874594222941578,27.72356315039391,785900
2017-11-08,27.846193313598633,27.90279076283427,27.365110497094538,27.41227473825749,1042300
2017-11-09,27.610361099243164,27.91221647975447,27.402834175741653,27.638658916666106,1048100
2017-11-10,27.251909255981445,27.94051893687858,27.251909255981445,27.563197873680085,906700
2017-11-13,27.459436416625977,27.525467063445177,27.016084703639592,27.204745236723184,656100
2017-11-14,27.7424259185791,28.07258095784384,27.478301527327268,27.478301527327268,1091400
2017-11-15,27.3651065826416,27.78959008998917,27.346240169194985,27.591498146400347,1294900
2017-11-16,28.0159854888916,28.03485010450891,27.459438846173256,27.572633736678483,668600
2017-11-17,28.289539337158203,28.440467046789706,27.865055828519683,27.865055828519683,1439600
2017-11-20,28.69515609741211,28.751753534514673,28.317836851394876,28.346134670346114,1859500
2017-11-21,28.6668643951416,28.99701950127359,28.62913335972112,28.949855257197843,950300
2017-11-22,28.515928268432617,28.846083277464963,28.46876403822802,28.751753017855712,573500
2017-11-24,28.657421112060547,28.714020344094862,28.289535099837238,28.468762402879342,443900
2017-11-27,28.959285736083984,29.16681090933629,28.51593396708074,28.54423359037895,1228700
2017-11-28,29.232839584350586,29.713922352630544,29.02531442515543,29.0724786615906,1553800
2017-11-29,29.496965408325195,29.817687269306823,29.289438439925096,29.289438439925096,617600
2017-11-30,30.081806182861328,30.59118853439358,29.185673163269627,29.629023069854984,1678000
2017-12-01,30.232736587524414,30.270469416578575,29.28000604351097,30.081808869708404,904300
2017-12-04,30.223304748535156,31.14773745677767,30.119541269316,30.62892365908246,1940600
2017-12-05,30.251604080200195,30.47799746419305,30.034645703007456,30.18557342620244,676400
2017-12-06,29.855419158935547,30.506296107196825,29.845985951082437,30.459131867131696,892000
2017-12-07,30.204437255859375,30.270467904204814,29.6761884706954,29.855415801347473,809300
2017-12-08,30.2138729095459,30.62892686993291,30.091244802413765,30.383667057267687,566800
2017-12-11,30.27989959716797,30.41196449350394,29.96861276609154,30.27989959716797,625900
2017-12-12,29.68562126159668,30.327066720080733,29.64789023415656,30.20443683269989,1100700
2017-12-13,30.5534610748291,30.789285879171285,29.657327897849086,29.761089588303328,1640900
2017-12-14,30.015779495239258,30.63835680752112,29.893151393996025,30.600623976861424,713500
2017-12-15,30.496864318847656,30.704387692230657,29.82712096321869,30.062945759009096,2360800
2017-12-18,32.79851150512695,33.128664764520266,31.081707359480447,31.15716941945578,2469500
2017-12-19,33.10036087036133,33.26071996739529,32.64757779835958,33.015463819461,916300
2017-12-20,32.515525817871094,33.24186666143189,32.279701008860485,33.17583240437999,1340900
2017-12-21,33.779537200927734,33.78896860727305,32.468348618130726,32.81737182570689,1169300
2017-12-22,33.26072692871094,33.84557500105251,33.15696704336073,33.68521227205539,987300
2017-12-26,33.53428268432617,33.92103517599191,33.03433530686573,33.19469442854152,874700
2017-12-27,33.449275970458984,33.6193092917958,33.31702863241251,33.53429263112739,425000
2017-12-28,33.3925895690918,33.6759807772741,33.24144927301339,33.49649919829612,431600
2017-12-29,33.109195709228516,33.49649286997618,32.64633021645283,33.42092453794816,840000
2018-01-02,32.57075500488281,33.449258847588546,32.53296904093533,33.21310197811857,1081400
2018-01-03,32.98639678955078,33.01473807025241,32.13623404134289,32.608547880392365,1596900
2018-01-04,33.1658821105957,33.203668086831335,32.835260223737464,33.1375444301535,1220300
2018-01-05,34.76231384277344,35.01736386573705,33.94993308891977,34.308892780883774,2265500
2018-01-08,33.997161865234375,34.71507752929309,33.779894263385465,34.65839855444515,1456200
2018-01-09,34.11994552612305,34.308871753655495,33.23199694122901,34.091607853207,1319800
2018-01-10,33.987701416015625,34.18607235185499,33.75154451045398,33.959363740458116,1172300
2018-01-11,34.771751403808594,34.922891711097414,33.921584923140735,34.101062911962096,841300
2018-01-12,34.46002197265625,34.941784172248816,34.24275800942653,34.903998195129965,408300
2018-01-16,34.15773391723633,35.121254502932466,34.01603833566077,35.00790019975302,714500
2018-01-17,35.149600982666016,35.17794226816148,34.6867353600478,34.781196702448064,1178600
2018-01-18,35.10236358642578,35.4424301194663,34.64894274352793,35.35741348620618,689700
2018-01-19,35.6502571105957,35.6597018036927,35.064585241441115,35.14015720009435,671000
2018-01-22,35.41409683227539,36.10367467486916,35.05513726918925,35.75415980399654,1100300
2018-01-23,36.33982467651367,36.69878056756091,35.51799607563851,35.51799607563851,1509000
2018-01-24,36.67045211791992,36.93494675753866,36.169800520507536,36.415402171086484,1104700
2018-01-25,37.407264709472656,37.53006734974747,36.53820874068372,36.70824205691975,1303400
2018-01-26,37.14276123046875,37.511165460432345,36.717678040715086,37.492272473835655,1298000
2018-01-29,37.01051330566406,37.36002454315616,36.65155377329807,37.04829927822231,929600
2018-01-30,36.69878387451172,37.15220833132039,36.46262695484699,36.547643590065036,566000
2018-01-31,37.28445053100586,37.49226614153269,36.82158144623567,36.982170003450356,957800
2018-02-01,37.70008850097656,38.20073999086118,37.25611236256964,37.31279131751577,1437100
2018-02-02,36.44373321533203,37.41669845491887,36.18868334017012,37.388360781056946,1063600
2018-02-05,35.00790786743164,36.52875561164532,34.69617896107568,36.16979963904462,1274800
2018-02-06,35.91475296020508,36.273712568875624,34.22386816521087,34.38445678098563,1234900
2018-02-07,35.69747543334961,36.45317674109774,35.61245881101119,36.122558545041706,1635300
2018-02-08,34.23331069946289,35.79194430001943,34.18607642994122,35.67858998079886,2626500
2018-02-09,33.53429412841797,34.696186140451,32.40073980338311,34.48836682654481,3866200
2018-02-12,33.27922821044922,34.07271549793188,33.27922821044922,33.78932795314553,14404400
2018-02-13,33.92158126831055,33.99715321554716,33.18477280009751,33.25089645219516,1926000
2018-02-14,34.37499237060547,35.13069361082778,33.64762880080782,33.67597007470024,2061000
2018-02-15,35.253509521484375,35.26295781751116,34.29943702051938,34.73396494755416,2281300
2018-02-16,35.27239990234375,35.64080414383105,34.8284237121058,35.15904558268662,1918700
2018-02-20,35.51800537109375,35.706931659939094,34.677287169374665,34.705628454956475,2605700
2018-02-21,33.07141876220703,34.10106324165084,32.58966015415039,33.2981310270667,6001900
2018-02-22,32.16457748413086,33.41148595445445,32.079560833723825,33.06197465987856,2150900
2018-02-23,33.31700897216797,33.41147027118284,32.17401067813714,32.4479498866673,1802400
2018-02-26,33.33591079711914,33.71375969689449,33.1186468689679,33.5437264307816,1134500
2018-02-27,33.02417755126953,33.55317026479426,32.806913652000816,33.34535105529025,1333600
2018-02-28,33.42093276977539,33.67598270969358,33.005294229107626,33.10920386427457,1432300
2018-03-01,32.995849609375,34.006601075279384,32.57076637524018,33.66653448797153,1293200
2018-03-02,33.35480499267578,33.42092864262202,32.2023580590951,32.627441239798515,1273900
2018-03-05,33.33591079711914,33.64763604934709,32.835255689800725,32.948613602855005,1003700
2018-03-06,33.67597579956055,33.67597579956055,33.118645364501134,33.4776012624613,1166400
2018-03-07,33.81767654418945,34.157743149106494,33.392593288043145,33.392593288043145,1097800
2018-03-08,33.73265075683594,34.592261729351314,33.713757772405366,34.11050323851079,749100
2018-03-09,33.439823150634766,34.09161498839674,33.071415308280095,33.82712037657487,1789200
2018-03-12,32.495201110839844,33.704323666360395,32.476308120476155,33.51539736619294,2354100
2018-03-13,31.512786865234375,32.68412342636711,31.512786865234375,32.63689275274343,2500100
2018-03-14,31.985095977783203,32.21180461832542,31.569457464341024,31.597798747010454,1757100
2018-03-15,31.322877883911133,32.2310607149982,31.29449829818897,31.918874445661046,1278000
2018-03-16,31.40802001953125,31.833731846230478,31.313415386488227,31.322877654191405,1432200
2018-03-19,31.786428451538086,31.89049174586408,31.237736002543517,31.256656929584413,1663100
2018-03-20,31.7202091217041,31.96617758080266,31.54046571605367,31.862114279553122,849500
2018-03-21,31.767507553100586,31.966171851443768,31.37963400567233,31.720203436430605,994600
2018-03-22,30.461997985839844,31.767513164763884,30.443077057588994,31.46478192154837,1495800
2018-03-23,29.36461067199707,30.679584567211162,29.31730834933524,30.584983530685715,1632300
2018-03-26,30.263330459594727,30.32955370543453,29.648414754845266,29.752478051051728,1127400
2018-03-27,30.093048095703125,30.717426117794208,29.970065666811895,30.44307806229971,881300
2018-03-28,29.638948440551758,30.14034209082934,29.392981846324943,30.14034209082934,1087100
2018-03-29,30.140350341796875,30.34847695010148,28.967279820476598,29.572735107764718,3020100
2018-04-02,29.09971809387207,30.320088939127412,28.995654806239884,30.04574273227728,1128500
2018-04-03,29.70517349243164,29.76193446590057,28.995655008674206,29.11863922298883,1363500
2018-04-04,30.301166534423828,30.339008384224552,29.109177136080486,29.165938106382857,1049200
2018-04-05,31.332338333129883,31.474243487444337,30.376854934979583,30.376854934979583,2850300
2018-04-06,30.272790908813477,31.30395799349685,30.04574519352525,31.04853088714799,1085400
2018-04-09,30.121423721313477,30.51875232521894,30.10250279606119,30.395771724275342,939000
2018-04-10,30.622821807861328,30.74580604249481,30.2822523019829,30.613363147719472,1250100
2018-04-11,30.736345291137695,31.07691116504675,30.499839106902034,30.499839106902034,1026300
2018-04-12,31.389097213745117,31.80534674782147,30.821483884659404,30.916084903241178,1586700
2018-04-13,30.972848892211914,31.653984192020744,30.84040240869579,31.625604607094697,884700
2018-04-16,32.0986213684082,32.42972860092478,31.21881802623765,31.21881802623765,1427200
2018-04-17,32.543251037597656,32.770294944071416,32.20268156908918,32.448646402568734,1739000
2018-04-18,33.148704528808594,33.754159726062106,32.70407178947658,32.71353405688234,1414300
2018-04-19,33.13923645019531,33.26222064332052,32.75136655692075,32.9405721750833,1342600
2018-04-20,33.10140609741211,33.52711432867314,32.88381723898367,33.05410197500723,844300
2018-04-23,33.129783630371094,33.801460264833445,32.79867283804909,33.158163215016714,955500
2018-04-24,32.39189147949219,33.508197448887024,32.10808114597322,33.44197600007881,1340400
2018-04-25,31.9283390045166,32.391892773490525,31.79589610160932,32.391892773490525,1447100
2018-04-26,31.644529342651367,32.921661341230894,31.6161461455109,32.59055411457638,2667500
2018-04-27,31.322877883911133,33.318990545786384,31.25665644469423,31.966174958130583,3461700
2018-04-30,31.4174747467041,32.21213552082911,31.40801608898238,31.62560130455505,1596400
2018-05-01,32.20268249511719,32.33512537916842,31.635065495014594,32.022935487792296,1458400
2018-05-02,32.117530822753906,32.656764470944616,31.672898176113645,31.871562444647722,1724600
2018-05-03,31.63506317138672,32.32566073664154,31.228272280938345,31.966173965992287,1078100
2018-05-04,31.881032943725586,32.00401716454077,31.34179915627153,31.578305330024985,740200
2018-05-07,31.59722328186035,32.249978960790735,31.531001848148467,31.97563095895721,636900
2018-05-08,32.12699890136719,32.12699890136719,31.606686022652298,31.81481261765743,1211500
2018-05-09,31.7958927154541,32.3351265391777,31.7958927154541,31.890493747799344,2048000
2018-05-10,33.36628723144531,33.54603060173372,31.814807504079457,31.881028935701362,2339300
2018-05-11,33.10140609741211,33.38521278785209,32.647311062150706,33.38521278785209,950700
2018-05-14,34.1136589050293,34.69073105776428,33.044649766594986,33.148713082123805,4281300
2018-05-15,34.208255767822266,34.68126815598839,34.03797101937861,34.27447721346167,1687600
2018-05-16,34.3406982421875,34.529903916916524,34.1893344241639,34.36908143911561,1187800
2018-05-17,34.88938903808594,35.23941713744422,34.2839338579643,34.35015529274026,1669900
2018-05-18,34.57720184326172,34.93669223743805,34.47313854951611,34.76640750381757,1086800
2018-05-21,35.012367248535156,35.21103514808803,34.785323375899424,34.85154480615129,1280900
2018-05-22,34.47313690185547,35.10697529310327,34.435298658591044,35.06913344104121,883400
2018-05-23,34.29339599609375,34.558281762075836,34.075810744208766,34.236633213898486,493200
2018-05-24,34.6055793762207,34.78532273950203,34.11364618278016,34.293389546061476,600900
2018-05-25,35.16373825073242,35.2205010349408,34.67180855611857,34.72856773152892,1390500
2018-05-29,35.31510543823242,35.390785541204224,34.709646570467974,34.936694096979394,1502000
2018-05-30,35.854331970214844,36.071917184154955,35.523221211682035,35.523221211682035,1655700
2018-05-31,35.712440490722656,36.12869015356621,35.334029081738585,35.90164619521469,1304500
2018-06-01,36.52602005004883,36.639542021629225,35.494852818797675,35.807039142843365,1635000
2018-06-04,36.15705871582031,36.70575106701613,35.759726536377585,36.68683014334769,1150900
2018-06-05,34.99345779418945,36.28004844867612,34.9366950088805,36.04354225641931,1676000
2018-06-06,35.97732162475586,36.06246400024534,34.53936351026572,34.95561672768019,1588000
2018-06-07,35.428627014160156,36.03408226658256,35.27726320105456,35.9110980406849,837500
2018-06-08,34.6055793762207,35.854331479263166,34.5677375285413,35.46646156254236,1373600
2018-06-11,34.95560836791992,35.01236753213997,34.57719709873214,34.78532365766515,843800
2018-06-12,35.12590026855469,35.561070791043264,34.983995111361516,35.12590026855469,695500
2018-06-13,34.88938903808594,35.22995847910374,34.75694616853402,35.22995847910374,558800
2018-06-14,34.23663330078125,35.08805699188134,34.16095319979342,34.99345596344707,1415600
2018-06-15,34.59611892700195,34.70964086720547,33.89606275214994,34.13256889937243,1275200
2018-06-18,34.86100769042969,34.870469958068476,34.179872381143674,34.25555247826535,439000
2018-06-19,34.70018768310547,35.3151052064055,34.35015954046289,34.81370964121695,827300
2018-06-20,34.88938903808594,35.192116628146756,34.53935732993012,34.82316760330998,546800
2018-06-21,34.78532409667969,35.15427310395564,34.60558072638553,34.8799251107719,649900
2018-06-22,34.6055793762207,35.296176856782274,34.6055793762207,35.05020845566339,645600
2018-06-25,32.912200927734375,34.37853852432821,32.88381773210624,34.34069666935598,1119100
2018-06-26,33.517642974853516,33.77306998214732,32.66621961720749,32.92164662450129,640500
2018-06-27,32.73245620727539,34.1041928710481,32.68515568965526,33.58387995963036,986100
2018-06-28,32.69455337524414,32.74193606291943,32.2775806626073,32.69455337524414,730800
2018-06-29,32.8461799621582,33.708557887294475,32.770368385312864,32.770368385312864,1233200
2018-07-02,32.67558670043945,33.045176579753864,32.116462530047784,32.31547190889925,703700
2018-07-03,33.301055908203125,33.44320756689327,32.62821243587905,32.69454891258329,356800
2018-07-05,33.86965560913086,34.03075743246484,33.225241085661935,33.43372558556083,722200
2018-07-06,34.86470031738281,35.02580211317757,33.79383465775375,33.86017111661816,860900
2018-07-09,35.13953399658203,35.28168203895517,34.90261697755999,35.15848417684499,622800
2018-07-10,35.31010437011719,35.83132460726969,35.1300487705066,35.1300487705066,1007900
2018-07-11,35.38592529296875,35.89766690991839,34.90261617589413,35.04476421500232,606200
2018-07-12,36.19144058227539,36.48521897152202,35.36697041254018,35.67970259609948,779200
2018-07-13,36.172481536865234,36.46625988346456,35.96399705982432,36.314633166041126,632200
2018-07-16,35.94504928588867,36.466265988347935,35.764993658513056,36.31463924554039,727200
2018-07-17,36.33358383178711,36.712652400267096,35.94504017587473,36.11562067018414,838900
2018-07-18,35.92610549926758,36.39046456194951,35.423842451624694,36.305174269418856,781100
2018-07-19,36.115631103515625,36.191442670073116,35.43330892916405,36.039815921891304,686900
2018-07-20,36.34307098388672,36.532605331045694,35.76499646689899,36.14406154614995,483200
2018-07-23,35.85028076171875,36.314636038972786,35.77446558947607,36.26725336385431,1321600
2018-07-24,35.67021560668945,36.43782783026858,35.18690661670201,36.32410870587138,1269400
2018-07-25,35.74604415893555,35.96400740196965,35.442790636882265,35.793426843931286,1048200
2018-07-26,34.59935760498047,35.64179458955508,34.13500230249777,35.64179458955508,2190800
2018-07-27,33.53797149658203,37.29073608296351,33.46215993290161,36.27673156515437,3040200
2018-07-30,34.04023361206055,34.58040771041506,33.36739018411479,33.57587830575805,1593100
2018-07-31,35.39540100097656,35.69865449444969,34.1444794366332,34.26767729806503,1710300
2018-08-01,33.623260498046875,35.385923571757694,32.41024660433902,35.35749468833222,2705300
2018-08-02,34.267677307128906,34.286631102359344,33.007280652372856,33.177857579313155,809300
2018-08-03,34.855228424072266,35.016333866406946,34.220292589451084,34.267675267173075,1248500
2018-08-06,34.76046371459961,35.00685581237275,34.5519755906685,34.94051933931588,595400
2018-08-07,34.14447784423828,34.874182658585156,34.12552404989681,34.80784618592332,973700
2018-08-08,33.99285888671875,34.48564680721342,33.98338379491215,34.153964367970595,1176300
2018-08-09,33.83174133300781,34.476155729070115,33.77487996333204,34.09708716136319,640800
2018-08-10,33.24419403076172,33.945466302182346,33.20628644445076,33.7369781925385,1084600
2018-08-13,32.59978103637695,33.519016549138655,32.5903023318262,33.17785548664295,1358200
2018-08-14,33.50954818725586,33.6043135613897,32.83670463173061,33.291584934694185,920800
2018-08-15,33.33896255493164,33.46216041463596,32.78931334630218,33.46216041463596,954900
2018-08-16,33.79384994506836,34.21082267727993,33.48112129967656,33.48112129967656,977400
2018-08-17,33.92652130126953,34.144484556444276,33.452687194785135,33.6327464688923,671600
2018-08-20,34.65622329711914,34.7983749629422,33.9549509038952,34.11605275109877,686500
2018-08-21,34.646728515625,35.31957163931365,34.61829602957923,34.69411117228132,1059100
2018-08-22,34.99738693237305,35.09215230639262,34.46669143868849,34.48564523650587,533500
2018-08-23,35.03529739379883,35.2437819567088,34.72256512683248,35.016343594431085,503900
2018-08-24,34.95000076293945,35.43330990638992,34.86471048879326,35.0637199234454,447500
2018-08-27,34.19185256958008,35.22480689871374,34.08760854350391,35.18690293792138,1231000
2018-08-28,34.34348678588867,34.38139075498942,33.301049911694825,34.29610049814689,2302400
2018-08-29,34.4951171875,34.92156490214077,34.22029259557008,34.485638482913956,844700
2018-08-30,34.3150634765625,34.71308598673587,34.12552912005457,34.409832462350046,629300
2018-08-31,34.514060974121094,34.656212596050885,34.11604221682313,34.17290358860823,771200
2018-09-04,33.45267868041992,34.46668312100706,33.35791332926962,34.46668312100706,771300
2018-09-05,32.68507766723633,33.320013623257346,32.438681911864535,33.320013623257346,1182700
2018-09-06,31.244613647460938,33.007276622977706,31.187752268711044,32.83669610179438,1772200
2018-09-07,31.12141227722168,31.528909741123243,30.818158855025064,31.083504695680613,1707100
2018-09-10,31.509963989257812,31.57630046634564,30.969793467218743,31.22566428530044,1036200
2018-09-11,31.699495315551758,31.784785580134344,31.074034580301642,31.197228817424744,999600
2018-09-12,32.65664291381836,32.68507541598277,31.53839423047218,31.671067190349348,1257700
2018-09-13,32.01222229003906,32.96936894684238,31.86059556218767,32.64716169827488,1147900
2018-09-14,31.81321907043457,32.42920480552204,31.33938500192638,32.11647258507445,1209900
2018-09-17,31.405717849731445,31.889030568144392,31.3488600817299,31.775307802008033,748900
2018-09-18,31.95536231994629,32.07855654246069,31.415191913333626,31.48152837624633,701400
2018-09-19,31.62368392944336,32.32495992393348,31.491010971988544,31.955369938147356,581700
2018-09-20,32.65664291381836,32.69455050665956,31.595255619733976,31.784789968872943,1466100
2018-09-21,32.56187438964844,32.893556757182104,32.391293853469215,32.77983760475151,1326900
2018-09-24,31.917457580566406,32.54291829737403,31.56682144320651,32.38181286232775,552900
2018-09-25,32.26809310913086,32.41024474825055,31.756351546379612,32.059608617506036,633900
2018-09-26,32.14488983154297,32.656631307827915,32.021695621192166,32.296520149019166,893200
2018-09-27,32.11642074584961,32.581598892631256,31.689213738569755,32.068950483895435,876300
2018-09-28,32.135406494140625,32.448692859363376,31.83161563048552,32.01199394554326,872700
2018-10-01,31.812620162963867,32.23033521042297,31.167067457882393,32.23033521042297,1206500
2018-10-02,31.4803466796875,32.1828650599312,31.280984676911974,31.689204180578873,761700
2018-10-03,32.32527160644531,32.98981537424982,31.670223338715378,31.72718185327404,931600
2018-10-04,31.964521408081055,32.752481394427704,31.79364222821265,32.31578251165541,1206100
2018-10-05,30.417085647583008,32.106922531957984,29.77152925145661,32.049960395309576,2361000
2018-10-08,30.12278938293457,30.4265802291009,29.48672661974771,30.046841671392986,1454900
2018-10-09,30.578472137451172,30.844291813397433,29.667099703706615,29.667099703706615,1329700
2018-10-10,29.505712509155273,31.08163061278773,29.439258491256883,30.52151558944959,1643300
2018-10-11,30.08481216430664,30.730366715455137,29.21141270012218,29.37280179059331,1457200
2018-10-12,30.227218627929688,30.663917523292987,29.486727071014517,30.64493014243294,750500
2018-10-15,30.094308853149414,30.398099686498927,29.72406219061052,30.07532147338102,897200
2018-10-16,31.053146362304688,31.119600377270558,30.008865880150562,30.398098091295886,881000
2018-10-17,31.2714900970459,31.831604993770505,30.46454656413302,31.06263621149322,1065100
2018-10-18,30.132278442382812,31.138585918339917,29.8949416539481,31.043652651554826,1772500
2018-10-19,29.505712509155273,30.50252820983971,29.4677395606717,30.20822925809514,1150000
2018-10-22,28.95509147644043,29.714568561364057,28.803196059455704,29.610141593897186,1062200
2018-10-23,27.806385040283203,28.38548569851435,27.36968431315164,28.38548569851435,1746300
2018-10-24,26.25894546508789,27.958277955420048,26.230464394990804,27.749420396180525,1642100
2018-10-25,28.091190338134766,28.26207316366841,26.543753027568094,26.543753027568094,2804500
2018-10-26,24.69252586364746,27.56904911099386,24.341266532161683,26.932986286428278,3521100
2018-10-29,23.173564910888672,25.470985197775676,22.99318843663177,24.88238913949656,2619300
2018-10-30,23.7906436920166,23.857097715703876,22.641934286596317,23.192555668094766,1860300
2018-10-31,25.214662551879883,25.57541552230693,24.49315842176197,24.578599819455945,2361500
2018-11-01,26.970951080322266,27.33170399386161,24.8918804155145,25.19567300981875,2281200
2018-11-02,26.382366180419922,27.360192883031242,25.99313206482589,27.25576408537895,1327100
2018-11-05,25.670351028442383,26.515269518598778,25.489974540287392,26.34438672042418,921400
2018-11-06,26.059581756591797,26.41083921186737,25.53743970228989,25.53743970228989,782900
2018-11-07,25.945663452148438,26.610207332945176,25.660859966513495,26.2209750575671,1073400
2018-11-08,25.395042419433594,25.850728727336406,25.195680338752272,25.489977519597453,1512000
2018-11-09,23.68621063232422,25.470982365744568,23.534315242702736,25.205164528539036,1643100
2018-11-12,22.452062606811523,23.80962949465241,22.385608587530285,23.49634496751499,2122500
2018-11-13,22.423582077026367,23.211540195225673,22.338140682581226,22.603956744645114,2215000
2018-11-14,23.382421493530273,23.705199696801117,22.717879518535582,22.717879518535582,2046000
2018-11-15,23.895071029663086,23.92355209983234,22.746359883143704,23.19255426211421,2208800
2018-11-16,23.610271453857422,23.94254160679601,23.230531032093555,23.581790379004172,978000
2018-11-19,22.5469970703125,23.88557654099637,22.347635018002045,23.486850625639292,1322300
2018-11-20,21.360313415527344,22.2432066597536,21.170443238650396,22.015363533942985,2773300
2018-11-21,22.271686553955078,22.575479207769558,21.55018420701243,21.60714453740553,1408400
2018-11-23,21.901443481445312,22.518518908255814,21.88245609951603,22.06283260637142,513000
2018-11-26,22.708389282226562,22.793830690834714,22.243209285769087,22.281182239185814,1249300
2018-11-27,22.395103454589844,22.679906926688673,22.148272933760577,22.51851780963632,1974000
2018-11-28,23.68621063232422,23.771652015328286,22.328644003188334,22.62294109423797,2195500
2018-11-29,23.600772857666016,23.85709523513173,23.002683085194995,23.543810719797055,1796900
2018-11-30,23.562795639038086,23.895067498971926,23.164069769264675,23.49634162919851,1359100
2018-12-03,24.445690155029297,24.74948096626723,24.179872289828072,24.398223519799394,2188000
2018-12-04,23.183059692382812,24.53113284672601,23.088124606157145,24.331768984578495,1619300
2018-12-06,23.135595321655273,23.26850336895294,22.414091130671885,22.660921654750652,1310800
2018-12-07,22.5469970703125,23.505838005117287,22.395101655960868,23.078631020543217,2210500
2018-12-10,22.784332275390625,23.078629393608328,22.167256971746003,22.57547654806452,2112500
2018-12-11,22.22422218322754,23.54381447162785,22.157768155860104,23.306477624894764,1639100
2018-12-12,22.803319931030273,23.439382620554802,22.471048052490108,22.651424525538093,847300
2018-12-13,22.784332275390625,23.448876024383935,22.698890884499026,23.249512175391523,2159100
2018-12-14,22.708389282226562,23.37293316901519,22.290675930224097,22.509025391895406,1383800
2018-12-17,21.664104461669922,22.69889313321649,21.47423609367355,22.509022954483896,1792600
2018-12-18,21.21790885925293,22.309657703891936,21.179934104646232,21.891944456898106,1467100
2018-12-19,19.746423721313477,21.797013807344634,19.689463388572705,21.217913167884717,3049500
2018-12-20,19.347698211669922,20.126164560307856,18.892011917884087,19.66098276498973,2900100
2018-12-21,18.69264793395996,19.499593461821306,18.312909394594676,19.366683614991317,4029300
2018-12-24,18.284427642822266,18.721126494112628,18.018609769817623,18.369869037333185,761200
2018-12-26,19.945785522460938,19.993252159673318,18.113545078579275,18.445816971274358,1711500
2018-12-27,19.469751358032227,19.964824321621826,18.489122677375494,19.384065268658247,1576800
2018-12-28,19.412630081176758,19.831539735853703,19.060366588772933,19.5744814148527,1054600
2018-12-31,19.783935546875,19.841059008271895,18.936595425864272,19.584000708102725,1271000
2019-01-02,20.250446319580078,20.621751516325478,19.155570671183717,19.32694104327408,3028200
2019-01-03,20.050512313842773,20.650314996383507,19.802974900595082,20.136198411348595,1281100
2019-01-04,21.1929931640625,21.37388624483735,20.402778315526607,20.507506175331326,2700800
2019-01-07,22.268831253051758,22.364038250841407,20.945459613135213,21.173955318276906,2426600
2019-01-08,23.34466552734375,23.401788995455295,22.24026879226819,22.57349053618747,3203200
2019-01-09,24.38241958618164,24.458584820862466,23.35418801002926,23.696930658131762,3802200
2019-01-10,24.829891204833984,25.010784326126625,24.039676179299843,24.24913012990223,1974200
2019-01-11,24.982215881347656,25.19166978332595,24.239603621006655,25.077422860764006,1907100
2019-01-14,24.172958374023438,24.753719292362373,23.934941842366108,24.715635775654626,1515300
2019-01-15,24.068233489990234,24.372894374585204,23.70644732759212,24.24912475526718,1694100
2019-01-16,24.553787231445312,24.839406354162975,24.077754149634483,24.125356731446725,1672600
2019-01-17,24.572826385498047,24.858447314965524,24.33480985223617,24.40145419100197,1057000
2019-01-18,25.4296817779541,25.486807044945134,24.45857584608952,24.687071466288348,1663400
2019-01-22,24.77276039123535,25.410644751732626,24.591867323533208,25.410644751732626,1907200
2019-01-23,24.420494079589844,24.896527109663417,24.125354109402362,24.896527109663417,1489800
2019-01-24,24.73468017578125,24.915573267619166,24.35385404764002,24.382416688221443,1325100
2019-01-25,25.439210891723633,25.439210891723633,24.982219503375138,25.048863853852332,2240100
2019-01-28,25.315439224243164,25.705786202789536,24.94413400463127,25.03933916745949,1001200
2019-01-29,24.925090789794922,25.55345427055261,24.82988381660576,25.38208208199652,1175400
2019-01-30,25.3820858001709,25.572499774442605,24.89653180010806,25.22023446681662,938300
2019-01-31,26.010446548461914,26.18181874351243,25.410645681707145,25.57249699748574,1258800
2019-02-01,26.353185653686523,26.505516059644805,25.943797006703008,25.99139957759434,1246200
2019-02-04,26.581689834594727,26.686417703433953,26.23894540270072,26.505524607054088,1583300
2019-02-05,26.38175392150879,26.667374875296872,25.93428345460631,26.65785399524505,969500
2019-02-06,26.23893928527832,26.515039305693794,26.067567109285523,26.381748826631704,873900
2019-02-07,25.886682510375977,26.16278078568285,25.65818682242199,26.03901296901197,1023500
2019-02-08,25.34400177001953,25.905719129157028,24.763240836095076,25.658183527601828,1259500
2019-02-11,25.87715721130371,25.93428066955804,25.048858894966983,25.51537107187498,933900
2019-02-12,26.124698638916016,26.372236084010325,25.97236818284602,26.162780344972376,992500
2019-02-13,26.23893928527832,26.914907111036374,25.981882837210964,26.515039305693794,1249000
2019-02-14,26.134214401245117,26.267503070222332,25.51537000174366,25.9628422177476,558800
2019-02-15,26.51504135131836,26.791139577112855,26.191338730785514,26.353190041051935,602000
2019-02-19,26.75305938720703,26.933952465578535,26.29606806745784,26.4388776278892,818600
2019-02-20,27.038679122924805,27.1434069837196,26.705455597059455,26.96251390123462,819200
2019-02-21,26.924434661865234,27.133888586697186,26.410318006474586,27.057723358038086,1469100
2019-02-22,29.514047622680664,30.27569973818754,29.15226332179537,29.771105892634942,4382500
2019-02-25,29.380765914916992,29.80919465038693,29.361724153539043,29.799673769697957,1413300
2019-02-26,29.628299713134766,29.742546635475964,29.142745753379454,29.237950916689755,1035300
2019-02-27,29.39980125427246,29.761587400082764,29.190347359697356,29.628298723164246,1027800
2019-02-28,28.3334903717041,29.38076355643332,28.30492773192999,29.3236382768851,1224400
2019-03-01,28.666715621948242,28.80000431703111,28.190682492741114,28.676236502443057,716900
2019-03-04,28.32396697998047,28.96185135099002,28.076429571656554,28.800000038467537,1153500
2019-03-05,27.85745620727539,28.39061275124524,27.676563127457694,28.39061275124524,1472300
2019-03-06,27.30525779724121,28.190679617817516,27.27669515866962,27.89553780034402,882300
2019-03-07,27.124366760253906,27.343341558022527,26.591210178232238,27.200531986257,1016700
2019-03-08,27.55279541015625,27.581356233005874,26.667373583375845,26.819704024980847,718300
2019-03-11,27.914579391479492,28.152595930378084,27.638481150636604,27.781290710791342,972700
2019-03-12,27.419506072998047,27.990746161169294,27.390945248938902,27.990746161169294,692000
2019-03-13,27.667043685913086,28.066911568654444,27.448068892391486,27.600399341443225,1076600
2019-03-14,27.07554054260254,27.628881342933468,26.588983789971596,27.61934258436985,1077000
2019-03-15,26.93243408203125,27.724283837461087,26.846570702071944,27.180483644171566,1421900
2019-03-18,26.76070785522461,27.008757422306434,26.608062247740285,26.84657123689444,1282600
2019-03-19,26.48404312133789,27.027843422937604,26.436340223148747,26.89427894736701,1194900
2019-03-20,26.340932846069336,26.560360675216227,25.797132652236105,26.484037872918215,1042100
2019-03-21,26.636686325073242,26.808413103521776,26.05472375803751,26.28369218940911,877300
2019-03-22,26.09288787841797,26.52220303456338,25.91162050866086,26.52220303456338,1864700
2019-03-25,26.369552612304688,26.779788354744188,25.949778111850474,26.092883137899825,1137500
2019-03-26,26.646224975585938,27.07554007096054,26.33139317777288,26.560361592575177,900600
2019-03-27,25.64448356628418,26.770246191993564,25.501378548708026,26.655762905804252,1221700
2019-03-28,26.06426429748535,26.32185446476956,25.549085782596265,25.68265024577504,1719800
2019-03-29,26.10242462158203,26.340933613169064,25.82575331789506,26.321852457119093,1079000
2019-04-01,27.037378311157227,27.31404778369681,26.464956391139904,26.541279192496937,1195300
2019-04-02,27.266345977783203,27.37129050919047,26.922892471126023,26.97059535798345,736000
2019-04-03,27.810150146484375,27.953255188262506,27.428536095182913,27.65750452596379,1179600
2019-04-04,27.686124801635742,28.02957651984892,27.61934257364094,27.819689257625356,803500
2019-04-05,27.810150146484375,28.21084535527074,27.667045104706244,27.73382733622408,1129900
2019-04-08,27.56209945678711,27.905552999073066,27.42853499908891,27.74336680629128,573400
2019-04-09,27.037378311157227,27.380831827103446,26.8561109755546,27.36175067184441,849400
2019-04-10,27.84830665588379,27.84830665588379,26.980134187782188,26.99921352161027,994500
2019-04-11,28.048656463623047,28.268084294598637,27.85785036612742,27.96279308286231,1037100
2019-04-12,28.49705696105957,28.716484810807646,28.201304482168528,28.373031258381566,687400
2019-04-15,28.21084976196289,28.649707354271076,27.972340715183115,28.535222211157752,838500
2019-04-16,28.516132354736328,28.71648083916874,28.144058937520644,28.23946289107517,531400
2019-04-17,28.239465713500977,28.659242059288484,28.096360678705924,28.61153916790397,1057700
2019-04-18,28.43027114868164,28.563837421725157,27.915092671648424,28.334869007523814,1142000
2019-04-22,28.449352264404297,28.516134490991664,28.020037170765846,28.30624723319148,659800
2019-04-23,29.12672233581543,29.174423412202966,28.54475974155451,28.54475974155451,2983200
2019-04-24,29.508333206176758,29.68005997403753,28.926370675021754,29.24120247620676,890000
2019-04-25,29.164878845214844,29.89948696708668,29.126718353258465,29.470170059582575,1345500
2019-04-26,29.136262893676758,30.052136661338082,28.22038730633601,30.052136661338082,1718800
2019-04-29,28.687864303588867,29.403391355336563,28.61154149085629,29.09810010440625,1266100
2019-04-30,27.457155227661133,28.55429620349122,27.275887888102687,28.535215047815772,1836500
2019-05-01,26.522201538085938,27.800609994321558,26.512662778876454,27.714746604001302,1284300
2019-05-02,26.674848556518555,26.98014163789582,26.121507689771416,26.550824663833616,1164300
2019-05-03,26.779794692993164,27.037384892655993,26.445881673394634,26.894279832736498,886100
2019-05-06,26.255069732666016,26.56036094495855,25.98793901207047,26.18828750743692,937900
2019-05-07,25.272411346435547,25.892534331579306,24.96712014265272,25.844833263367907,1171800
2019-05-08,25.4822998046875,25.71127003808127,25.21517089852676,25.23425205458944,635900
2019-05-09,25.739891052246094,25.911617824788937,24.642750007274813,25.09114627583058,1057700
2019-05-10,25.921157836914062,26.00702122130958,25.100686305881002,25.425058687002014,989700
2019-05-13,24.843097686767578,25.41551781658461,24.451941262529758,25.1960899788428,1634200
2019-05-14,24.785856246948242,25.005284102651846,24.4901055797095,24.91942253189426,1303400
2019-05-15,25.30103302001953,25.45367862155408,24.327915945477447,24.537803192667678,640300
2019-05-16,25.501384735107422,25.739893762154097,25.262875708060747,25.339198523928506,495800
2019-05-17,24.957584381103516,25.587248065330666,24.94804380168438,25.234255725220017,482000
2019-05-20,24.766775131225586,24.995745385899408,24.251596607407905,24.661832402486063,1097600
2019-05-21,24.948040008544922,25.625406486879868,24.86217662650698,24.90033893838126,964800
2019-05-22,24.461483001708984,24.862178203407336,24.118031271452754,24.85263762483365,1641700
2019-05-23,24.33745765686035,24.39469930518279,23.860439674921917,24.15619031421357,1760300
2019-05-24,24.699996948242188,24.852642596599306,24.509190797635622,24.61413354358135,686700
2019-05-28,24.327917098999023,24.976661846121,24.308835942982682,24.776313347307827,705400
2019-05-29,23.927223205566406,24.509185757552604,23.803199324160463,24.0607876654927,1362700
2019-05-30,23.135374069213867,24.280218049995156,22.96364729012874,24.079869534502727,1694400
2019-05-31,22.820539474487305,23.24031579238994,22.562949337159843,22.610652225375553,1919100
2019-06-03,21.914203643798828,22.877780106908773,21.70431640398758,22.744215665181528,2607100
2019-06-04,22.935026168823242,23.00180839725345,22.105014053398225,22.209958595033836,2014300
2019-06-05,22.73468017578125,23.211698225478447,22.26720270543953,23.087674333216135,1442600
2019-06-06,23.059049606323242,23.14491298971381,22.44846716414963,22.715596072760977,1187600
2019-06-07,23.917680740356445,23.97492238728387,23.039967602192945,23.106749826888134,1298100
2019-06-10,24.490102767944336,24.738152331874236,23.994003640084536,24.156189823435657,1313100
2019-06-11,25.510921478271484,25.568163126644553,24.890798465138833,24.95758069152061,1947000
2019-06-12,24.83355712890625,25.568163448018534,24.728612589170545,25.329654453840455,873100
2019-06-13,25.215173721313477,25.291496534429182,24.862179573353707,25.043446936883285,698000
2019-06-14,25.215173721313477,25.683892578144473,24.95689950698468,25.253435554263145,901900
2019-06-17,25.932600021362305,26.104782825226362,25.042990084405698,25.3299602078381,1056000
2019-06-18,26.324792861938477,26.678722552308706,25.884769946802024,26.15261006142906,987800
2019-06-19,26.66915512084961,26.86046973819818,26.210002228626728,26.33435727725672,1438800
2019-06-20,26.697853088378906,27.2526632940053,26.382185244220985,27.013520932536828,1258600
2019-06-21,26.07608413696289,26.63089436011055,26.047386395856268,26.477843389898194,1235700
2019-06-24,26.286529541015625,26.78394612114829,25.875204362233287,26.076084906887896,865200
2019-06-25,25.435182571411133,26.296094736892634,25.272565687135955,26.19087151044649,1104200
2019-06-26,25.67432403564453,25.980425965954403,25.291696622757193,25.67432403564453,794900
2019-06-27,26.229135513305664,26.248267341006315,25.52127430898517,25.846508081850196,1291100
2019-06-28,25.769981384277344,26.219568367041376,25.60736450548841,26.219568367041376,1312700
2019-07-01,25.84650421142578,26.42044618491892,25.674321436926714,26.066514723502927,934500
2019-07-02,26.363052368164062,26.39175010722221,25.463878438478215,25.741282617994933,1175300
2019-07-03,26.678722381591797,26.678722381591797,26.19087172477404,26.51610549598588,761400
2019-07-05,26.372621536254883,26.525672514432813,26.066519579899023,26.458712939543915,414700
2019-07-08,26.171741485595703,26.363054286369454,25.932599116244898,26.162175571880294,547500
2019-07-09,26.05695152282715,26.334357538281065,25.875202816995667,26.07608334965392,679300
2019-07-10,25.368221282958984,26.114344257773954,25.339523543730962,26.114344257773954,1041600
2019-07-11,24.928203582763672,25.769985863215947,24.660365259038464,25.425620218984402,1166800
2019-07-12,25.282135009765625,25.358660505359786,24.631667384959382,24.985598942402213,978800
2019-07-15,25.884767532348633,25.999556663484896,25.34908917757254,25.387352829455075,671600
2019-07-16,26.037822723388672,26.296096942045068,25.760418500192706,25.913469483579096,489400
2019-07-17,25.3012638092041,25.932599528362413,25.081251439276226,25.798678558729897,690300
2019-07-18,24.794281005859375,25.492576288694274,24.736887347896484,25.215172088114056,941700
2019-07-19,24.373388290405273,25.196038572299447,24.335126462497673,24.98559395752922,800000
2019-07-22,23.962060928344727,24.7942770462031,23.809009981878322,24.373386031164888,1292200
2019-07-23,24.832544326782227,24.85167615542198,24.057723511988165,24.14381491635546,605500
2019-07-24,25.636064529418945,25.683894104087212,24.526443940279158,24.67949493019418,1027700
2019-07-25,25.215173721313477,25.60736708773353,24.861242187843096,25.37779061650069,1012300
2019-07-26,25.827373504638672,26.09521359039974,25.444746113916658,25.454312026748624,999800
2019-07-29,25.703020095825195,25.970858355084417,25.454311837576416,25.923030615791358,1016000
2019-07-30,26.72655487060547,26.803080364868357,25.291700484792536,25.454317388165137,2398900
2019-07-31,25.339523315429688,27.281359864091193,24.57426852135741,27.281359864091193,3066400
2019-08-01,24.72732162475586,26.047386715146732,24.095985908763073,25.83694208465297,1910400
2019-08-02,24.966463088989258,25.033422658779536,23.923802239225477,24.191642342898035,1826200
2019-08-05,24.26816749572754,24.669926733510355,23.608134071260466,24.000327395701856,985500
2019-08-06,23.722929000854492,24.727328330125896,23.41682697367113,24.440356311257496,2093500
2019-08-07,23.072458267211914,23.49334755407548,22.680263074547835,23.215943334302295,1922000
2019-08-08,23.541175842285156,23.579437673317212,23.02462743951604,23.12985066774934,1225900
2019-08-09,23.3498592376709,23.636829331917543,23.015059578042237,23.45508245699997,789900
2019-08-12,22.85244369506836,23.282900679603387,22.81418186561605,23.139415626262192,679500
2019-08-13,22.63243293762207,23.445517331309034,22.555907454952205,22.976798521892178,861800
2019-08-14,21.50368309020996,22.173282506387608,21.24540887329759,22.163716591926597,1126600
2019-08-15,20.834083557128906,21.83848076328943,20.814951729989676,21.58977248401384,1240100
2019-08-16,22.010663986206055,22.087189471738466,20.814952134442436,21.044528591039672,1314300
2019-08-19,22.288066864013672,22.708957921712912,22.259370948962136,22.55590695973344,696900
2019-08-20,22.43155288696289,22.737654799317866,22.05848958483286,22.14458097574661,814400
2019-08-21,22.38372230529785,22.718521940908218,22.326328655468174,22.718521940908218,651200
2019-08-22,22.517650604248047,22.814186687090324,22.297638196482655,22.46982102668521,533200
2019-08-23,21.714128494262695,22.52721111393934,21.64716709632005,22.2498069062231,720800
2019-08-26,22.020231246948242,22.077624908480473,21.618471967199426,21.97240167524505,581100
2019-08-27,21.522815704345703,22.26894063892056,21.47498795480739,22.25937472411056,608300
2019-08-28,22.402856826782227,22.680261021443723,21.293236399113336,21.3888937100182,1215100
2019-08-29,23.06289291381836,23.235075728319877,22.632435877564564,22.632435877564564,730200
2019-08-30,22.99593162536621,23.321163576385665,22.77591925402829,23.263769917324765,559400
2019-09-03,22.421985626220703,22.756785256923934,21.828911838302595,22.756785256923934,982800
2019-09-04,22.43155288696289,23.129848102586596,22.2976319319241,22.823746190231617,874500
2019-09-05,22.96722984313965,23.177674439015476,22.575036563614443,22.670693861562075,1317500
2019-09-06,22.87157440185547,23.18724223355002,22.73765526856425,23.08201901481472,759300
2019-09-09,23.87596893310547,23.92379849297416,22.890703718455388,22.957663277760403,1638400
2019-09-10,24.459482192993164,24.641230911605085,23.589004080789337,23.761186885315205,1094600
2019-09-11,25.349088668823242,25.626494665870133,24.44991293725465,24.58383389164442,1940600
2019-09-12,25.549968719482422,25.836940644536487,24.98559443168337,25.38735366714994,1828400
2019-09-13,25.951730728149414,26.324794088134087,25.65519468263265,25.722154258280476,1367900
2019-09-16,25.9899959564209,26.372623429331444,25.588236653736896,25.674328063205735,1124600
2019-09-17,25.769981384277344,25.913466436264894,25.4064839730967,25.789111386567306,905300
2019-09-18,25.607364654541016,25.836941103959674,25.310826810927743,25.674324224224193,867300
2019-09-19,25.234302520751953,25.970861471110968,24.97603014326566,25.70302317971607,1333500
2019-09-20,24.736892700195312,25.425622218304255,24.268173772307186,25.24387346683355,1418200
2019-09-23,24.5360050201416,25.100381118429056,24.50730910550718,24.56470275928738,888700
2019-09-24,23.990760803222656,24.78471334297141,23.78988210227349,24.727319689058987,914700
2019-09-25,23.780317306518555,24.095985154635553,23.598568598659845,23.875972792696505,1013300
2019-09-26,23.339054107666016,23.732354915429784,23.012901950545306,23.588464688385592,1554700
2019-09-27,22.715526580810547,23.63642541695313,22.303039957664595,23.52131397726698,1250200
2019-09-30,22.974531173706055,23.15679126695171,22.67715597589032,22.763490474654443,932600
2019-10-01,22.945749282836914,23.818685247700557,22.773080308747282,23.166381047656696,1025200
2019-10-02,22.88819694519043,23.12801459355273,22.610007594851698,22.734713796611633,1644800
2019-10-03,23.04167938232422,23.147197900174447,22.331819384649368,22.811454666564543,520000
2019-10-04,23.57887077331543,23.607649549382185,22.97453111322103,22.97453111322103,679500
2019-10-07,23.914615631103516,24.192803145307245,23.377424623574527,23.57887056527412,1091000
2019-10-08,23.684396743774414,23.943398471192474,23.38702147616308,23.66521088850971,979000
2019-10-09,24.07769203186035,24.10646897840475,23.4541665179981,23.905023033940218,1107300
2019-10-10,24.087284088134766,24.643660933766736,23.96257789206396,24.106468108584345,773200
2019-10-11,24.960220336914062,25.267186622465168,24.461399208061824,24.528547854318205,901800
2019-10-14,24.960220336914062,24.988997282644863,24.528547854318205,24.729995622750735,527300
2019-10-15,25.219226837158203,25.49741438052532,24.854702957301644,24.941037464127483,609200
2019-10-16,25.161666870117188,25.286373070108073,24.931442150514897,25.0753323715584,656400
2019-10-17,25.171260833740234,25.37270861524121,25.075333405866605,25.238409484352726,781500
2019-10-18,24.960220336914062,25.219223826471577,24.83551413986931,25.180852125945997,1173600
2019-10-21,24.835514068603516,25.545374059319343,24.72040262668386,25.18085205368925,1180100
2019-10-22,25.094520568847656,25.161669222969426,24.538143653699795,24.83551704895203,1458600
2019-10-23,25.708450317382812,26.178494502640763,24.269544475074145,25.343928309049844,2029500
2019-10-24,25.171260833740234,26.025011099522185,25.16166790798652,25.804379296177288,1008500
2019-10-25,25.881118774414062,25.967453269535017,25.056147352772,25.084924298036746,721300
2019-10-28,26.140121459960938,26.341567389303904,26.034601118116548,26.034601118116548,525700
2019-10-29,26.23604965209961,26.274419522299773,25.90030459694725,26.120936382172413,603800
2019-10-30,26.495054244995117,26.51423826606564,25.929084455987486,26.293606471615462,717800
2019-10-31,26.140121459960938,26.46627358051333,25.881117982522866,26.351160313986423,838500
2019-11-01,26.27442169189453,26.658131403560887,26.188087189735953,26.3511632682951,1258600
2019-11-04,26.96509552001953,26.993872465293816,26.31279125873983,26.523830119292466,856700
2019-11-05,26.71568489074707,27.770882850119445,26.581385771047298,27.08020689070164,1370600
2019-11-06,26.188087463378906,26.715687407601358,26.1209388120347,26.715687407601358,963900
2019-11-07,26.955503463745117,27.24328390374252,26.322385032020104,26.552609749950708,1122700
2019-11-08,27.454326629638672,27.78047696522869,26.715687794819495,27.003468256083917,808400
2019-11-11,27.69413948059082,27.857215534894134,27.070612206707814,27.252874109673456,737500
2019-11-12,27.722919464111328,27.914774312447594,27.44473194665352,27.761291165643954,1182800
2019-11-13,27.876401901245117,27.972329322971156,27.243283479382,27.521472819421177,1027100
2019-11-14,27.885995864868164,28.38481701268913,27.732512716256092,27.828440141554502,970500
2019-11-15,28.08744239807129,28.336852960945173,27.703732713857086,27.96273620180266,530000
2019-11-18,28.88364028930664,28.941196016862307,28.00111120491089,28.020295227653722,1025100
2019-11-19,29.171419143676758,29.20979084636778,28.65341396499237,29.075491716612692,791400
2019-11-20,29.113861083984375,29.689423770537505,28.874043450392517,28.874043450392517,1653200
2019-11-21,28.79730224609375,29.334493239847493,28.7013748255076,29.161824248725093,1211700
2019-11-22,28.682193756103516,29.190607889186424,28.63423095264785,29.027531795908033,734000
2019-11-25,28.643821716308594,29.094678255603053,28.62463586450963,28.778119019574277,1143100
2019-11-26,28.288888931274414,28.874044565325836,28.24092613456936,28.701375569726178,1051600
2019-11-27,28.58626365661621,28.91241581279076,28.24092747864466,28.480745132910446,954100
2019-11-29,28.21214485168457,28.739742887208994,28.20255192726335,28.490334170910238,277400
2019-12-02,28.05866813659668,28.547896415973906,27.914777896700713,28.384820322848164,789200
2019-12-03,27.91477394104004,27.991515513420808,27.252876735716274,27.742104945767455,669800
2019-12-04,27.78047752380371,28.097038599088556,27.674958995039017,28.097038599088556,873300
2019-12-05,27.502288818359375,28.039479854616438,27.19532251192677,27.885996701400135,969300
2019-12-06,28.183372497558594,28.28889286056244,27.780478728419137,27.9147778712414,914500
2019-12-09,27.81884765625,28.38481746183644,27.799661804954038,28.106628107035466,575800
2019-12-10,27.962738037109375,28.039479613056397,27.617401860179516,27.70373453216436,984800
2019-12-11,28.183372497558594,28.413599076778567,28.001112381032975,28.164188474009983,699400
2019-12-12,28.682193756103516,28.912418506085302,28.11622389294108,28.21215132951607,840000
2019-12-13,28.490333557128906,28.82607675632232,28.164181452486837,28.52870342432392,1057200
2019-12-16,28.45196533203125,28.950786474075972,28.423186555875944,28.73015467920892,742200
2019-12-17,28.490333557128906,28.710965325074067,28.384813220431997,28.461554784485237,519500
2019-12-18,29.171419143676758,29.33449522078663,28.58626348528308,28.58626348528308,780200
2019-12-19,29.526350021362305,29.545534043009532,29.037121790920015,29.161826165112686,761500
2019-12-20,29.10427474975586,29.66065171249423,28.922012794647017,29.430426951671155,2322100
2019-12-23,29.113861083984375,29.257751298206824,28.95078501995538,29.171416803740687,934600
2019-12-24,29.171419143676758,29.392050945159674,29.161826218004002,29.20979084636778,344400
2019-12-26,29.450246810913086,29.546395553850083,29.23872104355949,29.257951158923838,462100
2019-12-27,29.20026397705078,29.661775763512694,29.104115229733345,29.55601195807503,529700
2019-12-30,28.815671920776367,29.238725351702577,28.411848608047947,29.190651890093125,1003400
2019-12-31,28.786828994750977,29.06565837712162,28.71952541396789,28.748368757797763,846600
2020-01-02,28.89259147644043,29.07527393734585,28.469539865975865,29.056043818537898,926600
2020-01-03,28.53683853149414,28.632987275084,28.23877907686184,28.488763242756832,557400
2020-01-06,28.584909439086914,28.767591852239974,27.854181620359256,27.959945412271754,771900
2020-01-07,28.392614364624023,28.575294947506503,28.306080684780905,28.479148044467145,554000
2020-01-08,28.642606735229492,28.85413253653112,28.411848981592215,28.411848981592215,479200
2020-01-09,28.46953582763672,28.80605368961627,28.411845479396106,28.77721034938077,349800
2020-01-10,27.536893844604492,28.344540336371693,27.306137966083107,28.31569699773446,1435400
2020-01-13,27.575353622436523,27.70034570021248,27.133070153776504,27.536893393037968,705400
2020-01-14,27.7099666595459,27.950337642829794,27.431137272556814,27.62343295885289,615500
2020-01-15,28.190704345703125,28.27723803325706,27.565740250835095,27.565740250835095,983400
2020-01-16,28.68106460571289,28.834901882691362,28.36377499270917,28.402235228896288,645100
2020-01-17,28.13301658630371,28.82528427141245,27.921490807658362,28.777210814320046,634700
2020-01-21,27.450361251831055,28.02725188800314,27.383057680489852,27.883029687431314,672600
2020-01-22,27.325366973876953,27.77726365510161,27.325366973876953,27.681116751693754,777900
2020-01-23,28.075328826904297,28.11378722683669,26.613872951775605,26.988851062069653,864600
2020-01-24,28.373382568359375,28.498374635231215,27.844565463570472,28.219545331955025,1445900
2020-01-27,27.671504974365234,28.084941476121966,27.30614009612553,27.488822535245383,1283100
2020-01-28,28.527225494384766,28.777211511871496,27.729193983666875,27.883031250753344,1055700
2020-01-29,28.68106460571289,29.13296137760152,28.161864254381804,28.613761026270435,839600
2020-01-30,29.69061851501465,29.738693804662105,28.24839283551705,28.334926522997687,1414800
2020-01-31,28.700288772583008,29.930986733216177,28.623370150043435,29.632927300110907,1067100
2020-02-03,29.248336791992188,29.488707738069085,28.690676270449178,28.719521444176927,695000
2020-02-04,30.104061126708984,30.257898407734736,29.488712002605986,29.681009520830695,775300
2020-02-05,30.825170516967773,30.83478374070273,30.017522181876963,30.46942072057842,853200
2020-02-06,31.52705955505371,31.67127994668249,30.91171041478914,31.036700687313374,1088900
2020-02-07,30.4886531829834,31.20976609838662,30.325202682688246,31.20976609838662,740700
2020-02-10,31.382831573486328,31.430905031354456,30.171361729583897,30.33481405377434,1029200
2020-02-11,31.786657333374023,32.11356198838524,31.373218985337193,31.642433289074738,1090500
2020-02-12,32.2097053527832,32.623143655210626,31.940491078744657,32.12317166930376,849500
2020-02-13,32.15201950073242,32.50777117573184,31.488596946530926,31.82511483610344,1327800
2020-02-14,31.99818229675293,32.28663039446441,31.623204171051906,32.20970992366937,828800
2020-02-18,32.402008056640625,32.46931163599695,31.786658949514226,31.89241909723846,671500
2020-02-19,32.77698516845703,33.171193407164715,32.26739989269999,32.26739989269999,1080900
2020-02-20,33.40195083618164,33.59424467353953,32.2770128152348,32.77698486145897,1820200
2020-02-21,32.60390853881836,34.82493696223998,31.998172847381763,33.53654879905594,1925500
2020-02-24,30.248281478881836,31.363602614326478,29.700235969864977,30.430963926515766,1439800
2020-02-25,28.363773345947266,30.527111990977144,27.825342907783156,30.46942347393078,2712400
2020-02-26,26.488880157470703,28.73875258312879,26.046598452985165,28.681064063823058,3111100
2020-02-27,25.60431480407715,27.56574279085385,25.344715551379608,25.72930873489907,2445900
2020-02-28,25.681232452392578,26.133131030285156,24.969734631793607,25.392788034325523,2165000
2020-03-02,25.200489044189453,25.873528425096204,24.248620320142326,25.873528425096204,1802100
2020-03-03,23.777494430541992,25.844684276945365,23.575583708589104,25.29663879291913,1973300
2020-03-04,23.777494430541992,24.498607295604902,23.03715144894504,24.498607295604902,1873600
2020-03-05,21.58531379699707,22.989079378764668,21.393016287822213,22.989079378764668,2375900
2020-03-06,21.469928741455078,22.691013355112165,20.191155625213593,20.546905364566985,3488300
2020-03-09,19.393131256103516,20.171932738551533,19.171990388747982,19.460434838873887,2244500
2020-03-10,21.10457420349121,21.181492848932844,18.662404001420395,20.306542569327355,2341900
2020-03-11,17.845142364501953,20.431534814508797,17.797068898492473,20.20077887666998,2676700
2020-03-12,13.979972839355469,15.76833217565388,13.480001796527416,15.72025872462714,3613200
2020-03-13,14.749162673950195,15.38374187978034,13.393470567505348,15.239519666434386,3171300
2020-03-16,10.422484397888184,13.230017129309813,10.009046076052753,10.009046076052753,3187400
2020-03-17,10.701313018798828,11.153210586155408,9.00910159303388,10.64362359696814,3952000
2020-03-18,7.538033485412598,9.64368270080447,6.191956011807316,9.33600816407496,5269800
2020-03-19,10.77823543548584,11.0474506927175,6.788076833082058,7.2111298386316705,6042400
2020-03-20,11.153210639953613,14.729929136325651,10.335949175573244,11.489729365272039,7283900
2020-03-23,11.701257705688477,12.25891822615011,10.807077494594786,11.797406450709747,3949800
2020-03-24,14.431873321533203,15.008763101872722,12.874269539202773,12.874269539202773,3441700
2020-03-25,14.787619590759277,16.94134380108321,13.71075794406847,15.72025904752292,4848700
2020-03-26,16.2683048248291,17.345167411977755,14.787619913677627,15.152983842006217,3286800
2020-03-27,14.71070384979248,16.287537775506326,14.441488614602191,15.326052958798858,1713900
2020-03-30,14.5280179977417,15.095293512647444,13.470386505509651,14.42225512360118,1904200
2020-03-31,13.864598274230957,15.499121680565034,13.566537853975175,14.374184497824361,2118700
2020-04-01,12.518519401550293,13.172327756045147,11.70125781225373,13.12425338309669,2401900
2020-04-02,11.633952140808105,12.970413782552134,11.249358143567354,12.258916125528756,1863900
2020-04-03,10.787847518920898,11.960856988834369,10.470557966918136,11.826249855828543,2163400
2020-04-06,11.92240047454834,12.037779354115761,11.01860597551549,11.537807265798731,2798200
2020-04-07,12.191615104675293,13.835752469999981,12.18200004642989,13.114639606558319,2826600
2020-04-08,14.979917526245117,15.095295472178142,12.460830081018043,12.931956922813498,3398400
2020-04-09,14.691473960876465,16.72020469093285,13.979976084016027,16.047167050927857,3944700
2020-04-13,14.297264099121094,14.893383949388985,13.374239607783814,14.739546686989842,2160300
2020-04-14,14.40302562713623,15.229902209830518,14.008817450243525,14.729930237323059,2797600
2020-04-15,14.047276496887207,14.38379615794512,13.06656360179261,13.528075336674231,2126300
2020-04-16,13.94151496887207,14.181885916611243,13.326165012560523,13.94151496887207,2245700
2020-04-17,14.499177932739258,15.633729290298254,14.345340647024658,14.922231385396957,3011400
2020-04-20,13.845366477966309,14.797236145418644,13.48961757879419,13.941515225609548,2985200
2020-04-21,13.604995727539062,13.999204865167844,13.191558307204373,13.364624771809098,1629100
2020-04-22,13.576148986816406,14.229958160256176,13.556919790684669,13.999202305021761,1430700
2020-04-23,14.008817672729492,14.489559538417586,13.681913057350815,13.729987427308092,1535800
2020-04-24,14.864538192749023,14.999146242243471,13.84536505673065,14.412640592321246,1480700
2020-04-27,15.806795120239258,16.633669990095704,15.0952963692878,15.104911427922575,2808500
2020-04-28,16.220230102539062,17.25863237887427,15.652954598126959,17.114408363198503,2218200
2020-04-29,16.893272399902344,17.32594090306341,15.874099944982454,16.345226851821696,3180900
2020-04-30,16.047164916992188,17.06633721762756,15.720260282732482,16.258690689913557,2604000
2020-05-01,15.60488224029541,15.720261107688513,14.970303054345552,15.38374139783392,2206600
2020-05-04,15.152984619140625,15.38374050667457,14.335723037946583,14.893383557958146,2272800
2020-05-05,14.864538192749023,15.806792705325517,14.73954520042039,15.63372534411013,1342600
2020-05-06,14.662627220153809,15.441428545900486,14.604937791570697,15.268362094035869,1319500
2020-05-07,16.527908325195312,16.614442020658505,14.951074440052372,14.951074440052372,3059600
2020-05-08,17.287477493286133,17.489390035672482,16.34522385250912,17.181715527164453,3412300
2020-05-11,17.008647918701172,17.499004847453534,16.66251318455016,16.92211423516342,3520200
2020-05-12,16.056781768798828,17.34517033390652,15.92217277655139,17.229791459677998,2616200
2020-05-13,14.787619590759277,16.066391936571183,14.451099925006135,16.066391936571183,2959700
2020-05-14,14.854926109313965,15.508734539452458,13.893442206873676,14.422258536604335,2886600
2020-05-15,15.402970314025879,15.82602184909161,14.518405179248388,14.633783120705143,2919800
2020-05-18,17.1240234375,17.30670584602909,16.229843342033636,16.66251172173818,3389900
2020-05-19,17.931673049926758,18.88354182088131,17.220175236300676,17.316323986009035,5313400
2020-05-20,19.075841903686523,19.31621289356777,18.43164757744938,18.43164757744938,4078000
2020-05-21,19.00853729248047,19.277751612909256,18.181660545140584,19.06622581344592,2510400
2020-05-22,18.931617736816406,19.123913408687873,18.08551091215018,19.08545500786755,1814800
2020-05-26,19.59503746032715,20.912270967241987,19.412356873424063,20.777663832916627,3391300
2020-05-27,21.11418342590332,21.133413542088654,19.12391224784184,20.229620087995833,3928400
2020-05-28,20.96034812927246,22.066056073089186,20.60460011591568,21.54685389071768,3971200
2020-05-29,20.556522369384766,20.883427000657754,19.90271494072356,20.479603740490226,2879700
2020-06-01,21.22955894470215,21.373781125602264,20.316148742527204,20.768047232267968,2576600
2020-06-02,20.931501388549805,21.921828463686296,20.758434022518465,21.719917759239525,3083700
2020-06-03,22.017972946166992,22.18142522315557,20.921882285116705,21.527616115201248,3208000
2020-06-04,22.52756690979004,23.23906473906711,21.70069021154794,22.594870485900923,3758100
2020-06-05,23.66211700439453,24.729362779842983,23.364055704743464,24.498606886938322,3833100
2020-06-08,23.84480094909668,24.642832544959024,23.248681934006054,24.537070558731052,2834800
2020-06-09,22.777551651000977,23.315982063516078,22.258349520662097,23.056380998346636,2035800
2020-06-10,21.671846389770508,22.50833629417342,20.969961800723457,22.441032719553057,2731600
2020-06-11,19.614267349243164,20.71036002747408,17.941285911178195,19.59503723487946,3113900
2020-06-12,20.306533813476562,21.15263854850775,19.44119713302102,20.91226765591107,2095700
2020-06-15,20.52767562866211,20.81611998075542,18.768160679570183,19.03737491915475,1603500
2020-06-16,21.219947814941406,22.575639867269665,20.700747500844454,22.08528289435957,3400500
2020-06-17,21.30647850036621,21.883369083219225,20.902655275757564,21.143026199122602,2561400
2020-06-18,20.854581832885742,21.681456562546945,20.681514474572936,21.143026207484017,1724900
2020-06-19,20.325763702392578,21.44108458574394,20.152696352582105,21.27763229246566,3300300
2020-06-22,20.47960662841797,20.47960662841797,19.50850948939211,20.15270195104658,1840900
2020-06-23,21.566078186035156,22.10450850713794,20.489215709945093,20.92188407843764,3028500
2020-06-24,20.3930721282959,21.383401180706528,20.037324121175885,20.979577879458837,2625300
2020-06-25,19.50850486755371,20.085393611997215,18.82585049693149,19.796949239775465,3482400
2020-06-26,18.873926162719727,19.479661982913065,18.65278532913763,19.335439779876253,4112700
2020-06-29,19.75849151611328,19.9315588949334,18.585481930832792,19.00853531973921,2657200
2020-06-30,20.09501075744629,20.248848016471186,19.489276779271353,19.489276779271353,3961400
2020-07-01,19.470046997070312,20.893042584378158,19.268136278846885,20.402685625126505,2439600
2020-07-02,19.171985626220703,20.335380031131955,19.10468206016926,20.277691522214237,1675700
2020-07-06,18.58548355102539,19.758493238563194,18.19127530218543,19.52773732464846,2662900
2020-07-07,17.65284538269043,18.325883027299113,17.50862132738103,18.210505983713645,2419000
2020-07-08,17.797060012817383,17.922052062367392,16.758657894051122,17.48938558264727,2721600
2020-07-09,17.681684494018555,17.912440359836406,16.94134344555968,17.893212079765036,1693000
2020-07-10,17.681684494018555,17.97013070170432,17.364394949283437,17.595150815101285,1535700
2020-07-13,17.489391326904297,18.48933355338055,17.40285763576209,18.018206698209013,3227100
2020-07-14,17.72014808654785,18.191274964616863,17.412473540370943,17.748991429073843,1781800
2020-07-15,20.998807907104492,21.123800003530793,18.90277277313078,18.950846233167447,4451000
2020-07-16,20.441144943237305,20.787279683436093,19.883484436186333,20.26807757313791,1565500
2020-07-17,20.22000503540039,20.912272713297213,19.998862366978578,20.566137957406394,2095600
2020-07-20,19.941173553466797,20.69113156869694,19.72003272224367,20.325766702090668,1453100
2020-07-21,21.14302635192871,21.36416716289048,20.354610011014834,20.48921714222902,1890300
2020-07-22,21.53723907470703,21.748766707193724,20.787282803556046,20.902659845016963,2283300
2020-07-23,21.037267684936523,21.18149174225376,20.594985955226534,20.989194221754158,2270500
2020-07-24,21.344938278198242,21.421856898697435,20.421912998323375,20.883424721318523,2966000
2020-07-27,20.796892166137695,21.210330461335026,20.075779372342726,21.104568498620004,2345800
2020-07-28,21.258405685424805,21.691072260099062,20.498832664595735,20.498832664595735,2391100
2020-07-29,23.59481430053711,24.008250811040273,22.46987813501714,22.777552670221766,5429500
2020-07-30,23.440977096557617,23.787111893624296,22.85447315405412,23.412133752725417,1858500
2020-07-31,22.758319854736328,23.248676774781543,22.296808106653064,23.210216545498938,1770200
2020-08-03,23.960182189941406,24.114019488601926,22.41219230904903,22.700638619451443,1765800
2020-08-04,23.9121036529541,24.508222600427622,23.6909609783576,23.854413302771608,1576700
2020-08-05,23.854413986206055,24.47937812667619,22.854471728230823,24.32554085621846,2262600
2020-08-06,24.767822265625,24.988963093756574,23.700574688464705,23.796723432747708,2522500
2020-08-07,24.662057876586914,25.594698289885724,24.277464742492686,24.60436936494396,3029300
2020-08-10,25.14280128479004,25.710076879853577,24.565910631552644,25.383172237481883,2491500
2020-08-11,25.498550415039062,26.46003419991488,25.027423580516086,25.854298388467637,1998200
2020-08-12,25.873525619506836,26.36388251518692,25.652384813774027,25.79660699864827,1250400
2020-08-13,25.815839767456055,26.498492368550107,25.767764478297114,25.78699459396069,1290300
2020-08-14,25.979290008544922,26.161970591108705,25.12356826868742,25.47931804452014,820500
2020-08-17,25.96967887878418,26.219664898601078,25.363943029335765,26.09467097175018,972600
2020-08-18,25.79660987854004,26.113899454238897,25.33509810186621,25.74853642284331,722900
2020-08-19,25.652389526367188,26.29658378210915,25.565855832768644,25.88314543133499,950700
2020-08-20,25.79660987854004,26.085054280489988,25.152415669226023,25.315867986033602,1078800
2020-08-21,25.037038803100586,26.142744796203093,24.998578571187902,25.777379928571783,949900
2020-08-24,25.306255340576172,25.47932273179866,24.546684031625748,25.296640281743258,906700
2020-08-25,25.06588363647461,25.883145274460325,24.96973488484954,25.575470736368032,663500
2020-08-26,25.2581787109375,25.32548228043777,24.758206717671605,24.998577656678126,855400
2020-08-27,25.844682693481445,26.13312892216486,25.335097473744796,25.479319671144136,864400
2020-08-28,26.70040512084961,27.47920647237379,26.315811974040432,26.469649232764105,1481800
2020-08-31,25.748538970947266,26.931163703414608,25.748538970947266,26.931163703414608,1066400
2020-09-01,26.585025787353516,26.69078958855303,25.488934879957622,25.681230533002037,1094200
2020-09-02,26.585025787353516,27.075382728526613,26.258121159904785,26.73886304334295,825200
2020-09-03,25.748538970947266,26.77732642929942,25.152418158337202,26.58502891971296,1171000
2020-09-04,26.354272842407227,27.056155630368824,25.671620172060045,26.440806537787147,1234600
2020-09-08,25.623544692993164,26.335042534624154,25.537010998238117,25.825457258716586,859300
2020-09-09,26.527341842651367,26.71963936269282,25.7677686557612,26.450423201411798,1142200
2020-09-10,27.09461212158203,28.084939201373658,26.710018991862725,26.969618208245322,1841200
2020-09-11,26.80616569519043,27.46958998509309,26.01774932678552,27.35421296399635,1379700
2020-09-14,27.979177474975586,28.027250928892833,26.950390156514924,27.123455690947836,2057200
2020-09-15,28.046485900878906,29.286799198801553,27.911878739492657,28.39262069745501,1293500
2020-09-16,27.315753936767578,28.48876348360333,27.181146794934637,28.19070402645121,1425200
2020-09-17,26.729248046875,27.469590989199077,26.440803649704847,26.652329418703975,1041200
2020-09-18,26.258121490478516,27.392672643097452,26.14274446397629,27.161916756208225,2005100
2020-09-21,26.21966552734375,26.623488825364667,24.998580574532287,25.219721424097685,1915100
2020-09-22,27.613815307617188,27.700349000188126,25.95044869954896,26.37350210390856,1840900
2020-09-23,26.613872528076172,28.78682618926661,26.585027353172432,27.575356351582478,2667600
2020-09-24,27.08500099182129,27.777268725704896,26.152362287770252,26.67156262971172,1583700
2020-09-25,28.642606735229492,28.825287358855206,26.931164704710735,26.960009882386654,2309700
2020-09-28,29.729076385498047,30.104054445541625,28.315695992046784,29.08488222646557,2499000
2020-09-29,28.911815643310547,29.6425435026157,28.49837734347746,29.6425435026157,1396800
2020-09-30,29.5079345703125,30.30596594912931,29.03680778849386,29.13295468911779,1623800
2020-10-01,30.229055404663086,30.392507746832095,29.286799755396704,29.863690482692327,1673300
2020-10-02,30.73863410949707,31.046310442775415,28.85412688376849,29.00796413346533,1672400
2020-10-05,30.988616943359375,31.305908301671675,30.084823651888936,30.998233833606463,1840800
2020-10-06,29.719465255737305,31.652046154339207,29.67139179744,31.24822470331812,1652400
2020-10-07,30.084829330444336,30.565571236008086,29.66177594006048,30.238666593513948,1896800
2020-10-08,31.152076721191406,31.219380294059523,30.440577092310363,30.440577092310363,1360200
2020-10-09,31.036693572998047,31.48859209894389,30.680945620535013,31.325141625677134,1153900
2020-10-12,31.25783920288086,31.786658269031115,30.93093453824703,31.488596946998236,1354000
2020-10-13,31.709733963012695,31.978948242112416,30.63287317884435,30.940547688606735,911700
2020-10-14,31.373218536376953,32.14240487016965,31.3059149614057,31.882803794807785,752200
2020-10-15,32.77698516845703,32.98851279285575,30.998241481847455,31.39244972055514,1225500
2020-10-16,33.680782318115234,34.40189529610128,32.89236575560544,33.24811746553982,1633900
2020-10-19,32.98850631713867,34.18074402407281,32.81543896165321,33.70000218500633,1145300
2020-10-20,32.45969009399414,33.411560629339206,32.24816616107149,33.0750427807558,1235400
2020-10-21,32.37315368652344,33.3250241418204,32.25777667210746,32.71928839754051,855200
2020-10-22,33.16157913208008,33.334642848288205,32.565456512703015,32.565456512703015,876700
2020-10-23,33.363487243652344,33.64231841463542,32.25777945128193,33.38271735900664,1504900
2020-10-26,32.748138427734375,33.87307267470897,31.86357145476463,32.690448081311516,1906500
2020-10-27,31.094383239746094,33.82499711509695,30.411728853966064,33.82499711509695,4013600
2020-10-28,30.03675651550293,31.969339355239228,29.75792714091201,30.517498460694494,2352200
2020-10-29,30.15213394165039,31.190534586170042,29.58485832684852,30.1617490001588,3098500
2020-10-30,30.498266220092773,30.79632569187898,29.132959117417904,30.286740439129147,1675500
2020-11-02,30.286739349365234,30.863628155578645,29.796382396976004,30.623259042246254,1569600
2020-11-03,31.344371795654297,31.66166322418108,30.584800513765785,30.7674829573126,1071600
2020-11-04,31.31552505493164,32.19047510984817,30.71940616431484,31.353985284718373,1225300
2020-11-05,32.34431457519531,32.87312993376746,31.71935230334446,31.71935230334446,1330200
2020-11-06,31.95010757446289,32.7962143809402,31.652046263559466,32.41161937769512,796400
2020-11-09,32.77698516845703,36.90175183761272,32.72891170866729,35.09416114091339,2315400
2020-11-10,32.95966339111328,33.546169094191185,31.87318934117743,32.89235981873742,1473400
2020-11-11,32.440460205078125,33.44040042097938,31.8154943608419,33.065422381545275,1206000
2020-11-12,32.1712532043457,32.67122531584686,31.42129687097912,31.988572567896753,1174200
2020-11-13,33.46924591064453,34.142281505966125,32.65198263840288,32.70967297561712,1226600
2020-11-16,34.26728439331055,34.67110952422273,33.6230919636969,34.507655359781886,1391500
2020-11-17,34.31535339355469,34.84417238528417,33.488480457277326,33.77692484600379,887100
2020-11-18,34.661495208740234,35.497985207279044,34.094219538979395,34.44035434327688,984800
2020-11-19,36.0941047668457,36.33447573039513,34.13267682401768,34.65187898554918,1279700
2020-11-20,36.103721618652344,36.421013082943105,35.594136298419514,35.863350630954564,1324000
2020-11-23,36.632530212402344,36.86328793128871,35.257608126285255,36.28639913572706,1689900
2020-11-24,38.0074577331543,38.305519065216586,37.18058098491764,37.363265274923904,1306200
2020-11-25,37.88246536254883,38.15167966832247,37.34403308323172,38.11321943384914,1029800
2020-11-27,38.01707458496094,39.12277887798634,37.73824337150539,37.73824337150539,739000
2020-11-30,37.00752258300781,37.97861985666293,36.344096243201804,37.88247291907074,1068300
2020-12-01,37.20942306518555,37.78631186678519,36.622917371823156,37.574787929009084,1371700
2020-12-02,37.526710510253906,37.81515857655208,36.53638339712339,36.87290125077856,776500
2020-12-03,38.59396743774414,39.093939561304225,37.267118481672,37.66132677766374,1382000
2020-12-04,40.67076110839844,40.7284514526847,38.62279973335308,38.87278755749086,1523300
2020-12-07,40.40155029296875,41.07458969613205,40.016955300369816,40.68999470353312,793400
2020-12-08,40.757293701171875,41.32456923429285,39.68043297767365,39.9688773558538,1263400
2020-12-09,40.363094329833984,41.72840339699229,39.90158249055754,41.497645643469035,1080700
2020-12-10,40.18040466308594,40.56499594203982,39.44967499786586,39.82465305364782,849100
2020-12-11,39.44968032836914,40.680382123515955,38.920864955997416,40.33424735824872,1005800
2020-12-14,39.1516227722168,40.04580302847319,38.88240480545193,39.94003922021946,985700
2020-12-15,40.97843933105469,40.97843933105469,39.0170151281706,39.613134068862344,817000
2020-12-16,41.44956588745117,41.641863374893305,40.50731223353119,41.00728423377293,716100
2020-12-17,41.39188003540039,41.814935287264184,40.613080444960055,41.622637778941545,730100
2020-12-18,41.045745849609375,42.12261044473514,40.61308103431719,41.60340826506057,1554500
2020-12-21,40.901519775390625,41.305341191540954,39.66120485246699,39.920805906179105,741100
2020-12-22,40.9111328125,41.18996398015258,40.31501391471508,40.94959304274921,408900
2020-12-23,40.9495964050293,41.36303474473115,40.47846771521681,41.22842759557608,861100
2020-12-24,40.95921325683594,41.11305053631835,40.47847129998213,40.85345310725495,324700
2020-12-28,40.411163330078125,41.47841094521483,40.38231998948621,41.38226403139535,1002200
2020-12-29,39.87273406982422,40.54576979071577,39.64197634568312,40.54576979071577,551200
2020-12-30,40.56499481201172,40.74767905711228,40.06502286230719,40.084252975884574,481000
2020-12-31,41.266883850097656,41.766855877311244,40.151562764088794,40.56500110067369,1023300
2021-01-04,40.49769592285156,41.939921597702956,39.536212139617305,41.449566482072086,1386600
2021-01-05,41.353416442871094,41.66109463187016,39.93042086524244,39.968881097338524,978600
2021-01-06,43.69944763183594,44.12249926270912,41.71878931230858,41.80532301723381,2126300
2021-01-07,45.21858215332031,45.853161317598776,43.834046795195384,43.834046795195384,1859700
2021-01-08,46.17045211791992,46.6704241297401,44.987827494252215,45.45895249823785,1272600
2021-01-11,46.05508041381836,47.02617754188217,45.28589035731908,45.305120475508566,984300
2021-01-12,47.5357551574707,47.57421538763655,45.718551461482704,46.13198976634202,1100500
2021-01-13,46.2281494140625,47.94920287239379,46.208919295205654,47.651145199538,752900
2021-01-14,47.67036819458008,48.506858067112944,46.66080727819915,47.10309261027168,1052700
2021-01-15,46.478126525878906,47.30500317159843,45.38203559281613,47.07424544832594,1123300
2021-01-19,45.86277770996094,47.42999732124551,45.25704189273102,47.401150313340544,966400
2021-01-20,47.2857780456543,47.98766084584581,46.1319966430747,46.170456878973674,1266500
2021-01-21,47.891510009765625,48.38186514020672,46.70888536080095,47.362690978799186,885200
2021-01-22,48.16071701049805,48.343397586769555,46.78579507373023,47.25692368421974,723500
2021-01-25,47.06462860107422,48.814528669631976,46.228138795674894,47.920348520913315,1141600
2021-01-26,45.54549026489258,47.68959887227689,45.26666272783277,47.5838387266445,893500
2021-01-27,43.997501373291016,44.98783227814215,42.70911280868845,44.4205566340014,1654500
2021-01-28,44.23786163330078,45.70893412886371,43.29560808555703,44.71860346384978,1381900
2021-01-29,43.42061233520508,44.42055646128901,42.87256681120657,44.05519155603335,1102300
2021-02-01,44.334022521972656,44.72823076809212,43.612909608258775,43.891740815159594,825800
2021-02-02,46.04545974731445,46.61273535021971,44.65130746887581,45.55510461086333,881700
2021-02-03,46.17045211791992,46.62235067370865,45.34357547020846,46.18006534201837,568700
2021-02-04,48.45878219604492,48.756839809505244,46.18967997189444,46.18967997189444,1122600
2021-02-05,51.016334533691406,51.59322337807946,49.11259694588706,49.16067040495776,1023900
2021-02-08,52.49701690673828,52.535477141123074,50.2856047783903,51.82398114385355,979200
2021-02-09,51.38168716430664,53.36234488961541,51.27592703914525,52.19895050291723,954100
2021-02-10,51.65092086791992,52.71816867852712,51.40093297777158,51.61246062824013,577700
2021-02-11,51.73744201660156,52.8912195848102,51.14131944955507,51.77589857917759,801200
2021-02-12,52.00665283203125,52.10279973372616,50.718264543365784,51.47783753717085,399600
2021-02-16,52.50662612915039,53.5161832937731,52.16049140578962,52.727766942904374,1360300
2021-02-17,50.727882385253906,52.141264709028036,49.75678538574682,51.1990110491018,1483500
2021-02-18,49.78563690185547,50.78558107293845,49.06452395174623,50.49713662644878,975500
2021-02-19,50.872108459472656,51.43938405652644,49.477956195414734,50.08369202529887,1589500
2021-02-22,54.6891975402832,55.17955264625695,50.785572136833636,50.92017927699233,2948400
2021-02-23,55.21800994873047,55.592988010077704,52.54508639941892,53.81424460756464,1518400
2021-02-24,58.09285354614258,58.26592093581046,54.96803097502897,55.237248952162275,1824800
2021-02-25,53.554649353027344,57.81402295675892,53.36235185602826,57.4775014200681,1390000
2021-02-26,56.43909454345703,57.41019147730468,53.28542547873538,54.57381379759726,1435900
2021-03-01,59.72737503051758,59.823525615045334,57.63133996881952,57.9774747375799,1541600
2021-03-02,59.55430603027344,60.89077161067416,58.842810062921636,59.583153038733954,1313700
2021-03-03,58.55436706542969,61.092683805016236,58.535136948581936,60.05427950185641,1190600
2021-03-04,56.525638580322266,58.842814600598004,53.99693493128253,58.15054502847581,2167700
2021-03-05,58.09285354614258,58.20823425110109,52.093196263555576,57.544808034784246,1756300
2021-03-08,58.62167739868164,60.438881470937,57.583272975809905,58.448609994869685,1730800
2021-03-09,56.12180709838867,60.27541672618645,56.00643007199694,59.83313506854353,1232200
2021-03-10,58.53513717651367,58.75627801946924,56.13142757773172,56.554479146720226,1204500
2021-03-11,63.07334518432617,63.409863097218135,58.40053630296698,59.4293238284026,1546000
2021-03-12,61.47726821899414,63.62137649129288,61.10229015209369,62.890654139944594,985300
2021-03-15,62.38105773925781,64.05404460317102,61.74648233285555,62.611819101166134,870600
2021-03-16,59.94851303100586,62.294535833477,59.10240993389556,61.9291746329033,813000
2021-03-17,62.083003997802734,62.10223044471774,58.91010843027189,59.467767085040656,1188500
2021-03-18,58.58321762084961,62.034941495251665,58.21785269129029,61.544589960215326,1097600
2021-03-19,60.17927169799805,60.708087058919396,58.1793836165439,58.554365382643795,1596200
2021-03-22,58.217838287353516,60.41963687790515,58.16976483509325,60.188879172178844,807000
2021-03-23,56.51601791381836,58.69858663106259,55.900668854251116,57.94863042318623,1240700
2021-03-24,54.82380676269531,59.0062598291397,54.80457664654662,57.62172447636085,1348000
2021-03-25,57.9197883605957,58.23707612178895,53.07390890789144,53.698871205659266,1258100
2021-03-26,57.660179138183594,58.65050618366421,55.72759483129567,58.58320261753073,838600
2021-03-29,54.67958450317383,57.727490158094305,54.53536412902431,57.03522062531343,893500
2021-03-30,56.7660026550293,57.1505939623267,54.583434057229006,54.583434057229006,739000
2021-03-31,56.689083099365234,57.400582714285036,56.48717238472283,56.87176736593941,1315800
2021-04-01,59.16009521484375,59.57353352950808,57.400581822376274,57.852476700349065,1209400
2021-04-05,59.52546310424805,61.1599863305597,58.94857427979438,60.6504010800333,1040400
2021-04-06,60.50617980957031,61.39074320325748,59.71776333510311,60.1696619245306,812200
2021-04-07,60.14080810546875,60.871537812779465,59.573532543649684,60.006200966692944,517100
2021-04-08,61.265750885009766,61.429201375750296,59.1504857232557,60.70808850250025,769400
2021-04-09,61.592647552490234,62.313760375232924,59.76583060220376,61.06383221603282,645100
2021-04-12,60.948448181152344,61.640717585047575,59.8619706262099,61.11190230941386,495200
2021-04-13,61.12152862548828,61.65034768217388,59.53507879097116,60.352342271813555,703700
2021-04-14,61.65034103393555,62.69835480621006,61.015758234344844,61.361892973114514,476600
2021-04-15,62.63105010986328,62.65028389252604,60.74654286354605,62.3233756071082,643600
2021-04-16,63.09257125854492,64.24634891471776,62.99641700758099,63.544462494594,1067900
2021-04-19,61.3042106628418,63.429092828192296,60.70809168336302,62.573372760609075,885000
2021-04-20,60.63117218017578,61.30420793295402,58.410143192698285,61.044610524179426,786200
2021-04-21,62.80411911010742,62.986803372462596,59.68891377172162,60.54463373400803,720600
2021-04-22,62.717594146728516,64.04443920589358,62.21761844174024,62.79450727896247,777000
2021-04-23,64.27518463134766,64.65977958296371,62.44836411282535,63.15986734075354,1005700
2021-04-26,64.6694107055664,65.61166084206745,64.28481566931406,64.68863715638594,765800
2021-04-27,66.32315826416016,66.68851948120702,64.68863134091576,65.67895851874609,1434700
2021-04-28,65.75587463378906,68.26534786759592,64.57325370116779,68.26534786759592,1782600
2021-04-29,63.909828186035156,66.52506524769477,62.525289192088515,65.98662934141602,1393700
2021-04-30,63.60214614868164,63.82328328457103,62.371448226488475,63.227168104748976,870600
2021-05-03,64.85206604003906,65.22704405808796,63.457917750938094,64.5924686950582,825500
2021-05-04,63.29446792602539,64.87130046255186,61.842625618240696,64.66938978433616,1136800
2021-05-05,64.17903900146484,65.2270527464976,63.29447573006384,64.08289209553669,836300
2021-05-06,63.400245666503906,64.22712234152499,61.64072850903768,63.98675138565931,914500
2021-05-07,65.08283233642578,65.43857660158598,62.88103383945366,63.80405728759047,695200
2021-05-10,61.72726058959961,64.90016024700225,61.67919079814785,64.6405628336517,1065700
2021-05-11,60.81385040283203,62.25607610408497,59.996590639229886,59.996590639229886,1089400
2021-05-12,56.14104080200195,60.996533457961064,55.50646161463777,59.833138892421694,1695700
2021-05-13,58.09285354614258,58.515908795450684,56.16027258521106,56.59294105938077,1565300
2021-05-14,59.41970443725586,60.2273510620165,58.265923020773506,58.612057812495216,1147900
2021-05-17,58.160152435302734,59.0927891592199,56.70830994920706,58.9677989151272,1131900
2021-05-18,58.602439880371094,60.208116107949664,58.07362451005712,58.56397964709779,1170900
2021-05-19,57.26597595214844,57.89093821607094,56.16988134872036,57.31404940817792,994500
2021-05-20,57.36212921142578,57.69864710863806,55.28532413833143,57.42943279086823,1559000
2021-05-21,57.150596618652344,58.535135659030175,56.939072673526596,57.89093959601667,999800
2021-05-24,58.56397247314453,59.09278777867983,57.2948142727521,57.68902244608961,1488000
2021-05-25,59.121639251708984,59.73698828412508,57.84286406365652,59.29470295777766,2395300
2021-05-26,61.198448181152344,61.22729152280649,59.05433597987284,59.05433597987284,1632100
2021-05-27,62.85219955444336,63.75598935132831,61.092682414504736,61.91955908128881,1674000
2021-05-28,61.909950256347656,63.371409951789445,60.7850158080478,62.91951132669285,1034000
2021-06-01,61.64072799682617,62.477221557081975,61.2176727706454,62.457987772870474,722900
2021-06-02,60.30426788330078,61.99648150308288,59.438930956392916,61.84264056694833,1430000
2021-06-03,60.121578216552734,60.36194915606273,58.22745770729724,59.986971077270255,1369300
2021-06-04,60.02542495727539,60.94844838707488,59.60237346889289,60.736920808999095,795100
2021-06-07,60.57347869873047,60.82346287001773,59.94851276885796,60.198500607914795,1030900
2021-06-08,61.57341766357422,62.08300285614592,60.20810888824706,60.81384465247238,1078500
2021-06-09,59.996585845947266,61.89070995595258,59.84274859681486,61.602261904531154,793800
2021-06-10,59.24662780761719,60.419639159463145,58.89087984613435,60.236958566868054,602100
2021-06-11,60.41002655029297,60.448483113283,59.140864609615456,59.4869993509121,652200
2021-06-14,59.39085388183594,61.41958525647241,58.554364015266295,60.79461932866995,1103200
2021-06-15,59.15047836303711,59.44853963395584,58.07361763328862,58.94856766391601,757600
2021-06-16,59.24662780761719,59.938897283168174,58.45821142391498,58.85241961576609,849200
2021-06-17,57.57365798950195,59.89083408326691,56.55448371686228,58.97742362836353,1325100
2021-06-18,56.419864654541016,57.131360549247816,55.112246216110975,56.189106949266005,2046100
2021-06-21,58.1120719909668,58.217835782049605,56.34294188242762,56.996751074785735,982100
2021-06-22,58.56397247314453,59.09278777867983,57.43903829597503,57.88131992113043,713700
2021-06-23,58.63128662109375,59.35239953181726,58.054397759622915,58.31399884761577,1193500
2021-06-24,59.1024055480957,60.352333652783784,59.07355854236083,59.55430040322312,1324200
2021-06-25,58.70820617675781,59.573539455472314,58.68897605930596,58.97742048554412,11424100
2021-06-28,57.72749328613281,59.27548292649778,56.987150255185654,59.27548292649778,726800
2021-06-29,58.1216926574707,58.977412596885436,57.66979412722137,57.76594470161984,1430200
2021-06-30,59.121639251708984,59.256246394078815,57.94862786630983,58.34283606943699,1114200
2021-07-01,59.81390380859375,60.6503973202977,59.52545941424767,59.688913560631114,691300
2021-07-02,59.217796325683594,60.236970627891395,58.99665545844203,60.092746569017685,592900
2021-07-06,56.94868469238281,59.448544758054524,56.79484743201606,59.410084526020434,1208700
2021-07-07,54.49689865112305,57.58326057481432,53.92000987450072,56.81407431672809,1465100
2021-07-08,53.19889831542969,54.46805658793021,52.33356146246594,53.03544416863899,1456500
2021-07-09,54.98725509643555,55.08340567341623,53.516186112441176,53.99692799403614,1366800
2021-07-12,55.98720169067383,56.2468027589243,54.30460502694532,54.593049435744845,1001600
2021-07-13,54.17000198364258,55.40070017721344,54.10269840541729,55.39108695222551,702600
2021-07-14,53.12198257446289,55.35262480724499,52.71816111904173,54.80457930759067,1046700
2021-07-15,52.77584457397461,53.31427681603422,51.75667410534301,52.55470374270984,1105700
2021-07-16,51.11247634887695,53.76616990300087,50.74711149443117,53.41042194007099,1461800
2021-07-19,49.651023864746094,50.86249553157479,48.4395558656871,49.07413504000747,1981000
2021-07-20,52.112422943115234,52.57393472919301,49.4779557046804,49.98754461520411,1481700
2021-07-21,55.1314811706543,55.38146534452707,53.006602855542035,53.121979884424114,1588900
2021-07-22,54.06423568725586,54.910342490366936,53.38158304359306,54.737275106372174,1005300
2021-07-23,54.01616287231445,54.66035528992411,53.17967295155705,54.42960122036266,701000
2021-07-26,55.37185287475586,55.43915644816817,54.02577407097039,54.41036906284329,1239900
2021-07-27,54.70843505859375,55.612228598934635,53.03545146851511,55.1218734266083,1356500
2021-07-28,56.24680709838867,58.32361213684915,53.02583756071713,56.977533234907945,2487100
2021-07-29,55.61222457885742,56.83330947661126,55.28531993168104,56.58332162818653,1115000
2021-07-30,54.80458450317383,56.57371509700463,54.62190387522717,55.179562652404954,1158700
2021-08-02,55.47761917114258,57.39096998878249,54.91995677467196,55.23724820737487,1216200
2021-08-03,54.208457946777344,56.17949901325168,53.208513909425115,56.17949901325168,1181800
2021-08-04,53.17005157470703,55.04494565366977,52.98737097939755,53.89116439986428,1600800
2021-08-05,56.227569580078125,56.5448609799144,53.102747374782574,53.17966783574995,1849900
2021-08-06,56.82368850708008,57.20828347655123,55.84297830369061,56.78523194434853,933500
2021-08-09,56.94868469238281,57.3813531333423,55.40069519682198,56.63139694752559,790300
2021-08-10,57.237125396728516,58.0159285401061,56.727540192415056,57.01598457848363,666000
2021-08-11,58.323612213134766,58.41975913435492,55.8429857015093,56.73716233861259,979800
2021-08-12,58.496673583984375,58.650510842762806,56.98714433604302,58.39090978086741,656500
2021-08-13,57.814022064208984,58.48706145943036,57.39096684378831,58.48706145943036,758800
2021-08-16,57.006370544433594,57.74671344773694,55.79489900529383,57.092904225800716,834500
2021-08-17,55.27571105957031,56.496792385700395,54.621901713737664,55.996823985023674,1380400
2021-08-18,55.381465911865234,56.083352319826325,54.60266637422101,54.881497558997914,1012700
2021-08-19,53.5065803527832,55.208403623396194,53.064294972512315,54.50652081848739,1268500
2021-08-20,53.88154602050781,54.02576637107824,52.55469752219884,53.35273073287796,790200
2021-08-23,56.006439208984375,56.41026070112035,54.227695396493786,54.5930566509682,782300
2021-08-24,57.862098693847656,58.29476716220042,55.90067074916167,55.90067074916167,930800
2021-08-25,59.55430603027344,59.65045661219237,57.75633232774049,58.13131042780017,990000
2021-08-26,58.62167739868164,60.85231986140221,58.34284617389903,59.49662764338867,927700
2021-08-27,60.80423355102539,61.236898301372534,58.8812660640802,58.8812660640802,1074300
2021-08-30,59.67930221557617,60.93884737819639,59.65045887379175,60.8715438021862,816900
2021-08-31,59.006263732910156,60.333112492794996,58.41014476394097,60.092741526688236,1711100
2021-09-01,58.75627136230469,59.59276118092985,58.2274560440421,59.438923930748565,849000
2021-09-02,59.03511047363281,59.74660647611213,58.42937461483135,59.26586454609157,852100
2021-09-03,58.323612213134766,59.217792518008,57.41981868324749,58.66974699795924,1268100
2021-09-07,59.967735290527344,60.24656643425315,57.939004166087194,58.26590875961455,1685600
2021-09-08,58.45820617675781,60.34271328241774,58.246682264257444,60.035038802627106,823700
2021-09-09,59.13125228881836,59.63122429301876,57.03521736141917,58.083234825118765,1094900
2021-09-10,56.96791458129883,59.57353477302265,56.86215077751151,59.57353477302265,1528900
2021-09-13,56.256412506103516,57.87170549686687,55.554529809890894,57.62172133609681,1479500
2021-09-14,56.323726654052734,56.487177150810645,55.15071516336231,55.68914378117178,2264500
2021-09-15,57.29481506347656,57.90055083449565,55.91989304944795,56.97752367511489,1993400
2021-09-16,59.006263732910156,59.352398510947054,57.40058743984658,57.43904767468843,1228800
2021-09-17,59.121639251708984,60.467714343176816,58.458213096072626,59.14086569967364,1785600
2021-09-20,58.54475402832031,59.02549597786181,57.20829199543815,57.34289915446657,1043400
2021-09-21,58.13131332397461,59.756223395547856,57.82363878204462,59.179330878601725,703400
2021-09-22,60.477333068847656,61.14075557683215,58.41975463612904,58.6216690235762,1881500
2021-09-23,61.6695671081543,62.68873753528603,60.82346038159049,60.88115072695942,1357700
2021-09-24,61.81378936767578,62.49644193003149,60.82345863993214,61.42919441176785,874400
2021-09-27,63.83292007446289,64.48672946638862,61.708041384589386,62.01571596105205,1325700
2021-09-28,63.03487014770508,64.40979215662328,62.69835231381712,63.66945292206976,787700
2021-09-29,62.063785552978516,63.84252921127277,61.61188696905486,63.71753161582346,729300
2021-09-30,60.823463439941406,62.083008535558605,59.96774344667316,62.083008535558605,1905100
2021-10-01,63.842533111572266,64.37134486091772,61.458049786370296,61.631117183647376,1308000
2021-10-04,63.46754455566406,64.80400638477886,62.70797151093411,63.60215169416923,860600
2021-10-05,62.361846923828125,64.0829040011821,62.275309557538336,64.02520997847554,1157700
2021-10-06,61.900325775146484,62.400301470129776,61.15998646037509,61.23690325883965,1365200
2021-10-07,62.13108444213867,63.4579294164151,61.99647729991668,62.67912990276797,1127700
2021-10-08,61.72726058959961,62.832968490545355,61.58304387970467,62.140698940890985,679000
2021-10-11,61.53496551513672,62.76566365175313,61.50612217373782,62.015707433223724,511800
2021-10-12,64.17903900146484,64.69824109612337,61.996474161186896,62.102230622830774,1529900
2021-10-13,64.37132263183594,65.47703021396897,63.15024171505298,64.41939974496512,1558700
2021-10-14,64.72710418701172,65.92895921672861,64.6021139047159,64.9770920871443,1037100
2021-10-15,63.7944450378418,66.56352291923706,63.70791502181761,65.69818608130105,837700
2021-10-18,64.04442596435547,64.20787642292522,62.90987497365929,63.505997472343054,612200
2021-10-19,63.246402740478516,64.86169580641143,62.996414900305545,64.61170796623847,612400
2021-10-20,63.7559814453125,64.41940754199791,63.102172239524414,63.34254316318859,633700
2021-10-21,63.7559814453125,64.4578677700488,63.49638407539211,63.63099120580097,628500
2021-10-22,63.506019592285156,63.82330372957049,62.50607537629899,63.756000144626256,1098000
2021-10-25,63.78481674194336,64.43862586531422,63.15985828762765,63.880970967718866,1179000
2021-10-26,64.03482055664062,64.80401054219269,63.55407864955543,64.27519151018322,1149900
2021-10-27,64.62133026123047,65.04438551296651,62.56375535867029,64.05405829689332,1977700
2021-10-28,62.409915924072266,64.66940134876974,61.986860711851094,64.66940134876974,1799500
2021-10-29,61.32343292236328,62.97718616010102,60.7657742498651,62.073389080049246,1405800
2021-11-01,62.91950225830078,63.573311536126866,61.313822404067146,61.650343934937126,1400500
2021-11-02,62.78490447998047,63.89060514719335,62.32338895920387,63.34255959251258,1276200
2021-11-03,64.8616943359375,65.23667241992626,62.26569108747084,62.5925920486758,1688000
2021-11-04,61.64072799682617,65.41935968505719,61.2176727706454,65.09245137331585,1763500
2021-11-05,64.8328628540039,65.65012274202701,63.457940516067495,63.46755740949093,1527900
2021-11-08,61.89070510864258,64.9193727336675,61.75609798466538,64.79438250012814,1028300
2021-11-09,61.38112258911133,62.70797118768001,60.65039655480606,61.80417411762812,898900
2021-11-10,60.6888542175293,62.49644472263639,60.34271947529927,60.90999504333859,841200
2021-11-11,60.006202697753906,60.8138492214772,59.53507403067801,60.8138492214772,850100
2021-11-12,59.804290771484375,60.56386382425652,59.50622948466037,60.28503265281822,516000
2021-11-15,59.60238265991211,60.57347968872219,59.56392242746408,60.50617611582295,1043500
2021-11-16,58.43898010253906,59.573531200599405,57.4582662550071,59.53507097102497,1969400
2021-11-17,58.6120491027832,58.987027182170216,58.006316975051625,58.12169399922391,771500
2021-11-18,57.03521728515625,58.98702817627972,56.91984025903952,58.640897097929525,1297100
2021-11-19,57.42942428588867,58.05439019418034,55.91989508291222,56.24679970654996,1158900
2021-11-22,58.064002990722656,58.80434591727204,56.91022175885649,57.81401882990688,1035600
2021-11-23,58.1216926574707,58.94856925845058,57.333276286250204,58.47744061332156,936100
2021-11-24,59.50623321533203,59.535076556334126,57.10252365796512,57.27559103951712,992100
2021-11-26,58.67935562133789,58.987030146438485,55.85259454656257,56.69870132447403,1247600
2021-11-29,57.76595687866211,60.09274625305055,57.650576165061736,59.073571956201555,973800
2021-11-30,56.35257339477539,58.015940143820984,55.631460451490135,57.11214657530069,1828800
2021-12-01,54.51613235473633,58.669742089595324,54.38152520918149,57.4005837632645,1524100
2021-12-02,57.68902587890625,57.94862693549367,54.2757592479582,54.948798616766,1838600
2021-12-03,57.38135528564453,57.77556350935618,55.95835965693491,57.75633339261784,1456500
2021-12-06,58.91011047363281,59.929284580638445,56.948682721027005,58.179380761358736,2419900
2021-12-07,60.07351303100586,61.121530618234274,59.57354096787423,60.06389980592081,1281800
2021-12-08,61.99647521972656,62.56374710926551,59.91005358198345,60.3715653403034,1165400
2021-12-09,60.823463439941406,62.33299637695786,60.775389983601436,61.31382223081015,708100
2021-12-10,60.16965866088867,61.47727356309556,59.55430594084055,61.11191235566126,814000
2021-12-13,58.515907287597656,60.61194235932428,58.03516536596806,59.53507781407974,1349500
2021-12-14,58.24668502807617,59.20816873998682,57.400578334619404,58.054387552140184,1291700
2021-12-15,58.1120719909668,58.65050416931147,56.76599704675884,58.25629600931047,988600
2021-12-16,56.56409454345703,59.37162552007102,56.54486442704286,58.544748853110285,919300
2021-12-17,57.75633239746094,58.12169727365462,55.150712142511885,55.8525948864039,1529700
2021-12-20,56.91023254394531,57.67942262280534,55.679534286201466,56.55448451652313,609500
2021-12-21,60.84269714355469,60.90038749522607,57.52558077950125,57.52558077950125,796600
2021-12-22,61.43880844116211,62.20799098161132,60.43886453659365,60.602315001191045,749200
2021-12-23,62.18876647949219,62.496440972396286,61.50611392759679,62.13107980442846,693900
2021-12-27,62.70797348022461,62.861807070973434,61.20805745884321,61.83301971692496,751900
2021-12-28,62.111846923828125,63.26563179061761,62.01570001881367,62.25607094911914,562900
2021-12-29,62.51567840576172,63.17910462774298,61.42920426640009,61.75611259880383,657300
2021-12-30,62.871421813964844,63.361780580324535,62.38106304760515,62.38106304760515,701700
2021-12-31,63.04449462890625,63.51561965306928,62.57336960474322,62.86181035328529,441600
2022-01-03,62.42914581298828,64.40980016930125,62.30415555500623,63.419472991144765,953700
2022-01-04,62.4868278503418,63.45792850720602,61.78494880960332,62.967569732972144,853800
2022-01-05,59.97736358642578,62.62144050599947,59.86198288363834,62.40992022086528,990800
2022-01-06,60.84269714355469,61.42920288168605,59.42931837141908,60.26580829792013,519500
2022-01-07,61.073455810546875,62.19839384472968,60.63117411098812,60.833084843251484,616000
2022-01-10,60.131202697753906,60.775395136420336,58.5639829473612,60.48695070615522,890400
2022-01-11,61.23690414428711,61.38112818667688,59.95813255069475,60.0542794671081,727300
2022-01-12,61.054222106933594,62.0253228117193,60.448486277952284,61.71764828507444,739400
2022-01-13,59.996585845947266,61.71764259220746,59.82351848220214,60.919609340741694,773800
2022-01-14,58.352447509765625,60.275415011171546,57.33327708139293,60.227341557190286,901800
2022-01-18,57.29481506347656,58.55436005799608,57.20828138190241,57.76594370044014,584400
2022-01-19,55.47761917114258,57.56403737611683,55.41031559470921,57.51596391691725,836400
2022-01-20,55.49684524536133,57.390965807778365,55.39108144216539,55.80451976314794,1027500
2022-01-21,54.26613998413086,55.57375843373366,53.862318581160814,54.86226253294758,1259000
2022-01-24,56.65061950683594,56.91983744482375,52.49701009429995,53.035442302506226,1271900
2022-01-25,57.871707916259766,58.640897881366364,55.5641490242487,55.9295102231278,1588000
2022-01-26,57.16020965576172,59.53507202354315,56.77561468875684,58.77550264875113,952300
2022-01-27,55.51607131958008,57.9582371682485,55.458380976281404,57.40057852077185,1330700
2022-01-28,56.61216354370117,56.61216354370117,53.85270257371219,55.679523143771355,868500
2022-01-31,57.16981887817383,57.18904899195512,55.50645254766875,56.28525565084963,2285400
2022-02-01,58.79473876953125,59.063953073272195,57.19867572863742,57.698644101936374,1070500
2022-02-02,57.89093780517578,58.97741550902466,57.44865614441236,58.7274313387839,731800
2022-02-03,57.25636672973633,58.650519147954846,57.16021980479853,57.45827747276775,1056700
2022-02-04,60.9773063659668,61.47727842744543,57.70826335013417,58.823584512580354,2079300
2022-02-07,62.34260559082031,63.1021786672353,61.246518321874404,61.246518321874404,1704600
2022-02-08,62.90989303588867,63.448321682490786,62.22724033450667,62.75605208797941,1268300
2022-02-09,66.82312774658203,66.87120487342133,63.51562094671665,63.59254141544367,2316200
2022-02-10,67.99613952636719,69.91910723996111,66.15970183882595,66.15970183882595,2305500
2022-02-11,66.89043426513672,69.07299947860777,66.33277184564545,67.97690842542283,1105500
2022-02-14,65.70780944824219,68.12113621031388,65.4770553548035,67.2461896326078,1612400
2022-02-15,67.20773315429688,67.66924136699275,66.17894556638386,66.96736215398504,930500
2022-02-16,68.42880249023438,68.73647702272602,66.40007102002586,66.59237218754532,1576000
2022-02-17,66.59236145019531,68.111500083186,66.37121697709013,67.6980691446446,1107600
2022-02-18,65.77511596679688,67.03465750634001,65.09245595449103,66.34238793679145,919900
2022-02-22,64.25595092773438,65.47703187550329,63.37138777379644,64.72707583909775,1269000
2022-02-23,64.00597381591797,66.19815562209195,63.86174978434568,65.54434636976471,1136300
2022-02-24,65.97701263427734,66.17892332642066,61.0542135614428,61.8234034381645,1282900
2022-02-25,67.76537322998047,67.82305990360905,65.16936288361876,66.13084656696643,1179400
2022-02-28,68.2076644897461,68.41919210368222,66.70774474344422,66.76543876077005,913000
2022-03-01,65.52511596679688,68.25572616810254,65.06360056073218,68.11150214523616,1239200
2022-03-02,67.38078308105469,67.39039263698389,65.92894056200686,66.51544623739906,1089400
2022-03-03,66.43852233886719,69.2268265416815,66.30391520743477,67.7846009887298,2427900
2022-03-04,64.46749114990234,66.07316732106864,63.02526546275052,65.58280853348604,1432000
2022-03-07,57.73710632324219,64.70786812859367,57.51596547073406,64.70786812859367,2777900
2022-03-08,59.04472351074219,61.01576468400761,57.02560887818148,58.08323965375712,1607400
2022-03-09,61.99647521972656,63.2848599193472,60.91961078254393,60.91961078254393,1294200
2022-03-10,62.18876647949219,63.25601398140235,60.66962046148007,60.66962046148007,1227100
2022-03-11,61.746490478515625,63.26563663489726,61.67918690629817,62.698357381459395,687200
2022-03-14,60.32979202270508,62.5463848205707,59.65518065955245,61.900684322594266,1302900
2022-03-15,63.625762939453125,63.77996402385873,60.32015623416618,60.56108991401564,1049100
2022-03-16,65.86162567138672,66.23748896775595,63.9919853588322,64.56058530082689,1212100
2022-03-17,65.65924835205078,66.44951058280947,64.8497146607573,65.1195592245218,615200
2022-03-18,66.3820571899414,66.53625830306962,64.59914909750073,65.31231086393424,1185600
2022-03-21,65.63035583496094,66.24714568250765,64.84973279256602,66.02549073717537,623300
2022-03-22,66.5651626586914,67.21086321311333,65.54360611869774,65.86163301614941,1318700
2022-03-23,65.58216094970703,66.47843467435221,65.23521580773382,65.80381585264273,705200
2022-03-24,66.49771881103516,66.66155200577307,65.59180550624792,66.20859535337945,794000
2022-03-25,66.50733947753906,67.08557887717859,65.91946067130354,66.6808120327022,1055300
2022-03-28,65.18701934814453,67.04702775102267,64.59914054938373,66.5940712320385,1180300
2022-03-29,65.79418182373047,67.90476371781835,65.46651546992159,66.41097895643772,1504800
2022-03-30,64.54133605957031,65.93874891033967,64.42568520912911,65.10030414096396,898300
2022-03-31,63.39447784423828,65.04246357068965,63.163183536853914,64.20401894915376,2146500
2022-04-01,62.98005294799805,64.28109315251362,61.8332138046426,64.03052745719536,1424300
2022-04-04,64.2232894897461,64.42567292489306,62.41147062792082,62.90297010497202,1159200
2022-04-05,62.912601470947266,64.7051486419481,62.19943983548091,64.31002122936857,736300
2022-04-06,60.339439392089844,62.08379711325143,59.24078225412236,62.01633596803284,1338500
2022-04-07,59.43352127075195,60.86948769007975,57.76626056628074,60.34907003397252,1887900
2022-04-08,59.72263717651367,60.532174426037926,58.8167242565961,59.35641698173091,1080900
2022-04-11,58.90346908569336,60.66710550856736,58.57579911142829,59.04803077412306,1038700
2022-04-12,58.83600616455078,60.56109226146568,58.62398701798725,59.59735750471184,798800
2022-04-13,60.56109619140625,61.139335612439226,58.8938353951927,58.92274626333737,927400
2022-04-14,60.040672302246094,61.22606556631845,60.03103657264579,60.66710134059574,606100
2022-04-18,60.86949157714844,61.264622709494475,59.46243961087782,59.70337331782923,1132200
2022-04-19,62.748779296875,63.18245705643299,60.59965093262687,60.792398645962,959300
2022-04-20,63.86671829223633,64.6184378047383,62.89335118928891,63.028273507573005,769600
2022-04-21,61.76576232910156,65.58215876359101,61.45737115095247,64.89790055721535,795200
2022-04-22,60.52254867553711,62.0837981245889,60.06959578974186,61.7850426698561,984100
2022-04-25,61.87178039550781,61.97779182744808,59.27933472249423,59.46244671452089,1261600
2022-04-26,60.05995178222656,62.575300170816426,59.587723794172895,62.401827614613225,1073100
2022-04-27,57.97828674316406,62.51748054871316,57.41932245812204,61.120060645216626,1685800
2022-04-28,59.510623931884766,60.05031674366227,57.77590202622663,58.51797826378701,956900
2022-04-29,58.383052825927734,60.869486565230936,58.23849114311728,59.144400483174735,960300
2022-05-02,58.758914947509766,58.903472969113515,56.54232185268529,58.67217866400484,1370400
2022-05-03,58.97093963623047,59.73229112091239,57.746995821659496,59.15405162764034,881300
2022-05-04,57.45786666870117,59.4046113693427,54.952157706251285,59.11549167003794,1830300
2022-05-05,56.27247619628906,57.457869597307166,55.26055535896694,56.600146185897394,1250100
2022-05-06,56.23392105102539,57.13983406662305,54.4510132385362,56.12791331693037,918900
2022-05-09,53.03432846069336,56.118280764905435,52.74520873637652,55.125635030086805,1047000
2022-05-10,52.542816162109375,54.20044101866124,51.463434330016966,53.45836486023642,1126500
2022-05-11,51.39598846435547,54.345015162698076,51.05867901412156,52.475370617118124,1081900
2022-05-12,52.051307678222656,52.68737241054706,50.69244194660433,51.28996008633029,1121800
2022-05-13,54.45102310180664,55.212374572635454,52.92832016014902,52.92832016014902,905000
2022-05-16,53.092159271240234,55.08709035101195,52.95723696460557,53.90169678740536,902100
2022-05-17,54.3931884765625,54.952156401455035,53.57401540192355,54.354641880231846,772700
2022-05-18,52.10913848876953,53.805313735209246,51.37670168441355,53.63184118326981,1246600
2022-05-19,52.52354431152344,53.32344592532246,51.49234841456167,51.49234841456167,1031300
2022-05-20,53.015052795410156,53.56438504541718,51.376706481776175,53.313811924170935,1123700
2022-05-23,52.76448059082031,53.9595133670038,51.569447814636824,53.583653704792724,1205900
2022-05-24,50.586448669433594,52.25370967615943,49.9118334754789,52.25370967615943,1133000
2022-05-25,53.535465240478516,54.132979762943286,50.22021898599058,50.22021898599058,1259400
2022-05-26,57.36149597167969,57.53496853049744,54.15225730990791,54.15225730990791,1422900
2022-05-27,57.17839050292969,58.51798135826912,56.580872248035575,57.881916503346915,910300
2022-05-31,56.63869857788086,57.4193251436824,55.67496371082763,56.91818257165191,1057600
2022-06-01,55.626773834228516,57.689165718078,54.44138047135306,57.33258487144632,1325300
2022-06-02,57.746986389160156,58.08429576876964,56.725429872818665,57.29403354141412,1576100
2022-06-03,57.23621368408203,57.901193101235386,56.85072193958596,56.88926854058581,881800
2022-06-06,57.987918853759766,58.171030811372695,57.06273436474286,57.737349433284656,1087100
2022-06-07,58.23849868774414,58.46015726744077,56.812171516420094,57.07238037337443,622000
2022-06-08,57.64098358154297,58.932388447303026,57.5735224351221,57.94937844414029,739100
2022-06-09,56.88926315307617,57.534967370401915,55.90625323171518,56.918177696533796,809300
2022-06-10,53.525840759277344,56.25320879448869,53.304182158817966,55.771341312701225,1521200
2022-06-13,49.53596878051758,51.98385230880844,48.948089981034315,51.32851236935395,1430600
2022-06-14,50.20094680786133,50.87556191561421,49.25648712754992,49.699804261426515,1308700
2022-06-15,51.27069091796875,52.099503415154196,50.52861469784588,50.72136238869122,1207600
2022-06-16,48.30238342285156,50.00819432850851,47.94580260372122,49.805810918436386,1629900
2022-06-17,49.78654098510742,50.18167211687984,48.119280176586905,48.75534501496096,2084400
2022-06-21,48.98664093017578,51.14540479175407,48.86135437863351,50.88519595840771,1407800
2022-06-22,47.94580078125,49.3817670855615,47.79160337805299,48.46621839567345,1292800
2022-06-23,47.27119445800781,48.41804130180381,45.93160358203207,48.30239047086785,1348300
2022-06-24,51.44417190551758,51.44417190551758,47.56995702220274,47.868712499450446,2775700
2022-06-27,50.53825378417969,51.74292233651732,50.13348691524545,51.52126376404999,911100
2022-06-28,49.94073486328125,52.60064485400521,49.902184590637404,51.530898684454684,1497200
2022-06-29,48.8872184753418,49.92140801578788,48.27830193240608,49.834419938225636,794200
2022-06-30,48.084991455078125,48.91620998774379,46.95415020972752,48.06566036280348,1077300
2022-07-01,49.39948272705078,49.496134514099985,47.911021609505276,47.911021609505276,729300
2022-07-05,50.13404846191406,50.27902983694069,47.466419920254495,48.11399503810649,940800
2022-07-06,48.771236419677734,50.67530691165543,47.891691859526055,49.81509344686229,1012100
2022-07-07,49.29315948486328,50.433668175749894,48.8968812913877,49.25449729841956,804800
2022-07-08,47.959346771240234,48.906548280581006,47.47608046930947,48.80023279126083,649700
2022-07-11,47.36975860595703,47.70804721033704,46.412893447147766,47.70804721033704,783500
2022-07-12,48.249305725097656,49.42847667946111,47.2731094193092,47.2731094193092,688500
2022-07-13,48.626258850097656,48.90655051588615,46.76085054442291,47.10880288764112,1141000
2022-07-14,48.02699661254883,48.59725091145941,47.32142835915585,47.84335677246969,1257200
2022-07-15,50.39500427246094,50.704294379415835,48.809891552559854,48.99353140136779,838900
2022-07-18,50.97492980957031,51.989788279533485,50.752624071941895,51.003924607074374,920100
2022-07-19,52.676021575927734,53.14962412615081,51.88346521598618,51.97045328900556,905300
2022-07-20,53.07231140136719,53.72955394461252,52.289418572405324,52.39573776131703,575000
2022-07-21,53.80686950683594,53.90352498163055,52.31841206529262,52.7436850933008,687500
2022-07-22,52.81134033203125,54.125825249442386,52.20242376560684,53.92285428964399,849900
2022-07-25,53.352603912353516,53.61356817467452,52.241089871396966,53.06264484989558,1080100
2022-07-26,52.46338653564453,53.01430980364888,51.58384204751222,52.86933213087513,1514800
2022-07-27,53.777870178222656,54.50276958649207,52.39572834482664,53.1592899397574,1682100
2022-07-28,53.84553146362305,54.21281489219363,52.27008594510034,53.67155529677537,921400
2022-07-29,53.6522216796875,53.71021496158689,52.057445141260665,53.555569896884364,985100
2022-08-01,53.188289642333984,53.90352541342604,52.550378251697026,53.04331195952477,1444100
2022-08-02,53.13029479980469,53.40092273062645,51.82547366113757,52.63736114063188,1634600
2022-08-03,53.42026138305664,54.04850540951085,52.463392412632516,53.51691317573281,1330400
2022-08-04,53.6425666809082,54.63809421603769,53.468590494007735,53.66189777801156,941000
2022-08-05,52.405399322509766,53.50724590858347,51.9704589103677,52.869334533118206,944000
2022-08-08,53.381595611572266,54.74440644428596,52.946655199636126,53.033643282023355,965000
2022-08-09,53.188289642333984,53.45892128689742,52.13476892432437,52.8693357905302,1358000
2022-08-10,54.34812545776367,55.01503159746401,53.46858097481289,54.425449832410784,949500
2022-08-11,54.69608688354492,55.788269891734984,54.676755786662035,55.285672433869024,770800
2022-08-12,55.79792785644531,55.85592114112792,54.69608125668123,54.725076055507856,662000
2022-08-15,55.836585998535156,56.38750925847974,55.44030779950433,55.44030779950433,620000
2022-08-16,56.3585205078125,56.638812175955465,55.498303346728505,55.63362101569517,731600
2022-08-17,55.09236145019531,55.894585325296866,54.676752112713935,55.52730188326064,548000
2022-08-18,55.46930694580078,55.59495721984254,54.66708678160193,55.00537172668047,419300
2022-08-19,53.9808464050293,55.02470342476274,53.72954954122092,54.93771533978496,741700
2022-08-22,53.217288970947266,53.632898304898994,52.57937757021219,52.96598841751952,631800
2022-08-23,53.69088363647461,54.164486219041095,53.159291459287566,53.40092460228433,518500
2022-08-24,54.087162017822266,54.64775268115544,53.14962792715314,53.30427299168829,537400
2022-08-25,55.31466293334961,55.65295157194379,54.57043235287776,54.73474482008738,681400
2022-08-26,54.154823303222656,55.54663268158337,54.067835217075114,55.53696529032838,839200
2022-08-29,54.02916717529297,54.386783160978176,53.09162948865543,53.24627453817029,849800
2022-08-30,52.85966491699219,54.986037308036884,52.56004218004173,54.628421289565786,1423600
2022-08-31,52.60837173461914,53.7778753406743,52.48272145942241,53.34293491655437,1170100
2022-09-01,51.738487243652344,52.0381136674014,50.74295987733678,52.0381136674014,904800
2022-09-02,51.45820236206055,52.52138685294637,51.2262328927062,52.38607286541868,878000
2022-09-06,51.34221267700195,52.366738600189706,50.70430128366641,52.018786260728604,1051700
2022-09-07,53.00465393066406,53.217292306580305,50.95560561911648,51.25522839932972,1289100
2022-09-08,53.24628829956055,53.275283101641726,51.70950110975214,52.33774885972926,837500
2022-09-09,54.879722595214844,55.0053728718726,53.83586925221885,54.00984542388976,802700
2022-09-12,55.343666076660156,56.18455226080288,54.97638627016908,55.28567646880893,915200
2022-09-13,52.57938003540039,54.63809201923269,52.52138674642202,53.64256452412985,1142600
2022-09-14,52.74368667602539,52.956325039924984,51.07158562571084,52.85966956222995,1336900
2022-09-15,51.96078872680664,53.94218342151278,51.75781777439246,52.60836745830837,1320000
2022-09-16,50.114707946777344,51.864133074552775,49.92140439911367,51.2455528731598,2026200
2022-09-19,50.94593811035156,51.40987336735241,49.438149446856244,49.438149446856244,1096800
2022-09-20,50.47233581542969,51.17790420262946,50.05672648382812,50.965265841243706,920600
2022-09-21,49.244834899902344,51.08124456028042,48.751901227258806,50.48199540264371,982000
2022-09-22,46.809173583984375,49.273830948726086,46.36456947789575,49.273830948726086,1962600
2022-09-23,45.44635772705078,46.45155239279673,44.634470295029644,46.219582974921195,2236100
2022-09-26,44.67314147949219,46.44189435990766,44.55715490367216,45.56234977193503,1607800
2022-09-27,45.37871170043945,46.76085377766248,44.9534349461987,45.47536349711433,978400
2022-09-28,46.635196685791016,46.88649353268587,45.485024250300974,45.66866411199224,763500
2022-09-29,46.518856048583984,46.53824742883598,44.957885074310695,45.791695932508425,927800
2022-09-30,46.19889831542969,47.33326609518699,45.74321021662451,46.07285621816992,1495900
2022-10-03,47.26539993286133,48.00225377112943,46.10194319480857,46.83880073160368,957900
2022-10-04,50.881813049316406,50.9496810260051,48.01195555396576,48.58398828500427,1491100
2022-10-05,51.03694152832031,51.289025760423144,49.82500806232286,49.97044155765352,856700
2022-10-06,50.697601318359375,51.84166679894688,50.629733340572606,50.74607791698887,684300
2022-10-07,49.621402740478516,50.290388663537236,49.252973941527316,50.08678473458814,595000
2022-10-10,48.72941207885742,49.75713283986514,48.42885499010634,49.56322277383183,635600
2022-10-11,48.96210479736328,49.61169926393639,47.37204891650033,48.75850089278307,1149000
2022-10-12,49.32084655761719,49.67958155021085,48.06043640935012,49.02998324625212,660100
2022-10-13,50.300086975097656,51.09511502290086,47.65322476250494,48.147691983054784,931400
2022-10-14,49.05906295776367,51.25993447416374,48.97180360430191,50.8624204636218,749500
2022-10-17,51.10480880737305,51.33750165701317,50.018917472283,50.30008692019434,765600
2022-10-18,51.9095344543457,53.034208548791064,51.55079948995514,52.54943516845207,843000
2022-10-19,50.42612838745117,51.93862275531975,49.79592517473497,51.172679881291764,562200
2022-10-20,50.42612838745117,51.91923137513235,50.212830602445,50.397043166433875,561700
2022-10-21,51.8222770690918,52.025881008932025,50.212829533089376,50.53277805304866,866500
2022-10-24,52.14221954345703,52.68516701860681,51.51201641723039,51.7156203334639,808000
2022-10-25,53.11177062988281,53.31537826151603,51.94831747011959,52.21978938092736,904200
2022-10-26,54.29461669921875,55.710154032658984,53.94557928581655,54.44005018764541,1616100
2022-10-27,54.876338958740234,55.59380510772163,54.56608432635016,55.11872562145292,825000
2022-10-28,55.90407180786133,55.9234631888875,54.158888199310816,54.798788979063595,1047900
2022-10-31,56.00101852416992,56.68939952597141,55.67137248198511,56.10766925818962,899300
2022-11-01,56.64091873168945,57.09660688266567,55.96223897303632,56.90269679511022,808300
2022-11-02,53.8970947265625,56.485782329303845,53.8292267615973,56.18522525546558,1072100
2022-11-03,52.93724822998047,54.10070500725494,52.36521553023461,52.89846917294213,982800
2022-11-04,54.449745178222656,54.663046646148764,53.276594501683704,54.061924999907426,795200
2022-11-07,56.34035873413086,56.34035873413086,54.129793464990534,54.97329804950033,990400
2022-11-08,56.44700622558594,56.82512882115249,55.603497990908515,56.81543128363561,590500
2022-11-09,55.58411407470703,56.6021373697894,55.312638483765156,55.487157185610954,595700
2022-11-10,57.36808395385742,58.47337044292977,56.88331054056394,57.99829087055,1398900
2022-11-11,57.46503829956055,58.82240157728956,57.35838756161544,58.22128360713139,1289600
2022-11-14,57.426246643066406,58.46366124475258,56.718478044623396,57.08690680084266,794400
2022-11-15,58.4345817565918,59.1229590460162,57.99828498916533,58.221280292843915,854400
2022-11-16,58.21158218383789,58.32792674711014,57.271120742859125,57.46503081399754,641900
2022-11-17,57.571685791015625,58.02737023854743,56.89300234115862,57.29051635202058,579000
2022-11-18,58.4345817565918,58.58001154671579,57.639553735293454,58.45397313498045,840600
2022-11-21,57.49411392211914,58.550919887621575,57.12568517031757,57.90132542643179,1001200
2022-11-22,58.9581298828125,59.09386581460007,57.48441861185492,57.91101778297681,964100
2022-11-23,57.91102600097656,59.17143601597125,57.891634622465595,58.793313381325575,737400
2022-11-25,58.42488098144531,58.6478799712972,57.72680989076276,57.949805182087594,273600
2022-11-28,57.58137512207031,58.24066714190276,57.300205705092104,58.00797801638952,866800
2022-11-29,58.23097229003906,58.41518481941067,57.51350615204218,57.51350615204218,1023800
2022-11-30,59.46229934692383,59.52046978036053,57.33898976183502,58.26005984269565,1474900
2022-12-01,59.01630783081055,59.93737795482811,58.95813739464826,59.56894916551564,889800
2022-12-02,57.998291015625,58.686668376576996,57.86255505132772,57.86255505132772,847000
2022-12-05,57.11600112915039,57.93042057895462,56.77666123278508,57.65894866186237,673100
2022-12-06,56.55366134643555,57.494119139751966,55.89436928802334,57.16447311054586,892400
2022-12-07,56.78635025024414,57.115996278084204,55.74893557115013,56.127058194564015,709700
2022-12-08,57.12568664550781,57.329294252185434,56.5730453527977,57.212945991647665,734700
2022-12-09,56.854217529296875,57.23234014809212,56.67000498895556,56.980259635071,744000
2022-12-12,56.980262756347656,57.2323432831773,55.952541873214116,55.99132463073478,827200
2022-12-13,57.66864013671875,58.87087973178887,57.01904559074484,58.72544624015398,1265200
2022-12-14,56.95117950439453,57.998288103925084,56.41792581638678,57.348693536391934,1506100
2022-12-15,55.97193145751953,56.48579003334839,55.302945555108735,55.96223761771382,968400
2022-12-16,55.5247802734375,56.01081652441547,55.26232025292992,55.38869071646964,2253700
2022-12-19,53.69728469848633,55.52477826622293,53.1529227821312,55.52477826622293,1402200
2022-12-20,54.23191833496094,54.43605264241115,53.28900695079311,53.463980273796665,1045100
2022-12-21,54.19303894042969,55.24287896349843,54.018065603251564,54.92209327595116,1000800
2022-12-22,53.07516098022461,53.804215409668146,52.1419722004959,53.736170626239755,966200
2022-12-23,53.590354919433594,53.69728348166618,52.70576914300323,52.92934536032496,879200
2022-12-27,53.32789611816406,53.82365144460547,53.12376179010949,53.67784279949314,708300
2022-12-28,51.51984405517578,53.23069007522789,51.36431259880741,53.23069007522789,891500
2022-12-29,52.734928131103516,53.162638655661716,51.32542239794854,51.636485271838495,680800
2022-12-30,53.00710678100586,53.084874352917154,51.69481052437912,51.86978385301761,841500
2023-01-03,52.87101745605469,53.89169273854123,52.530793597946484,53.73616130224006,560200
2023-01-04,54.64018630981445,54.698511986186354,53.17235868199169,53.4348186634226,911100
2023-01-05,53.78475570678711,54.72766320347475,53.561175841342916,53.95972528835384,720700
2023-01-06,54.649906158447266,55.01929096436777,53.852807165222835,54.40688808226515,671600
2023-01-09,54.426334381103516,55.437286841691225,54.20275446972697,54.824883909992614,955400
2023-01-10,54.74711990356445,54.766561797478644,53.60979692080019,54.1833198127014,730000
2023-01-11,55.51506042480469,55.78723953503779,54.960979402880284,55.04846607519268,849700
2023-01-12,56.71070861816406,57.10925818654366,55.52477900623158,55.728917045186776,892200
2023-01-13,56.78847122192383,56.92456448091317,56.21495203148413,56.21495203148413,422800
2023-01-17,57.77027130126953,57.925802759214925,57.03149409490706,57.28423503166986,642200
2023-01-18,57.55640411376953,58.713172606811305,57.39115359085602,58.382667852822486,588200
2023-01-19,56.82735061645508,57.43975725598982,56.3899173025017,56.963440156760164,524600
2023-01-20,58.450714111328125,58.51875888228057,57.0314855973552,57.0314855973552,709900
2023-01-23,58.68400573730469,59.11171993728416,58.178527678886375,58.713170428860714,874300
2023-01-24,59.257537841796875,59.461672173846935,58.31463005216278,59.004800627091406,710000
2023-01-25,59.02424240112305,59.19921574485462,58.53820615923807,58.85898815063779,345300
2023-01-26,59.51999282836914,59.685247065227905,59.05339851961335,59.685247065227905,580000
2023-01-27,59.461669921875,60.06435751009587,59.28670029257455,59.28670029257455,481400
2023-01-30,58.68400573730469,59.6949618541413,58.606241878865845,58.946465712338906,595200
2023-01-31,60.56983947753906,60.63788425663607,58.67429734001394,58.732619317432885,968600
2023-02-01,60.60872268676758,61.05587888296974,59.80190438949282,60.482355923731944,794500
2023-02-02,60.404579162597656,60.987824835411516,59.31585909810522,60.987824835411516,1448000
2023-02-03,64.6233901977539,64.97332951336936,62.66952218047149,63.1458356814867,2781000
2023-02-06,63.17498016357422,64.60392770951837,62.66950580304713,64.3511868210931,1016800
2023-02-07,64.59420776367188,64.65253715054652,62.543134414297874,63.00000962714286,1257800
2023-02-08,63.43745803833008,64.68170974217242,62.85421597919463,64.39980780671983,827500
2023-02-09,63.03889083862305,64.98303555171134,62.9708460703179,64.64281171018558,1079200
2023-02-10,63.80683517456055,63.90404093652401,62.5917446092066,62.5917446092066,1542100
2023-02-13,64.1373519897461,64.23455776432671,63.5055033304843,63.67075388890386,882700
2023-02-14,65.26493835449219,65.4010278930405,63.58325730686353,64.10816986050784,1341600
2023-02-15,65.44963836669922,65.61488889956553,64.92471836554381,65.38159359338226,1050500
2023-02-16,64.06929016113281,65.31354154392879,63.99152259562725,64.66224745322378,1004000
2023-02-17,64.34147644042969,64.60393273304322,63.48604795657268,63.9040393976417,627300
2023-02-21,63.19443130493164,64.28314768962962,62.86392281934536,63.437449414562316,640000
2023-02-22,63.417999267578125,63.81655249864431,62.9222476992147,63.28190972924421,596000
2023-02-23,63.07777786254883,64.06929587028988,62.329285372749254,63.680465424436996,879200
2023-02-24,61.79464340209961,62.34872438448218,61.07531188834349,61.76548241613063,966100
2023-02-27,62.193199157714844,62.55286495051717,61.678001910606454,62.2515248436405,745200
2023-02-28,63.311073303222656,63.80683230818704,62.09598650061578,62.16403127256588,1237600
2023-03-01,63.272186279296875,63.92348039614859,63.116658558365216,63.13609674236035,1027300
2023-03-02,63.56382751464844,63.57355031734099,62.39734334660843,62.747290080285524,900700
2023-03-03,64.0012435913086,64.22482350766187,63.02917118621831,63.80683207682009,923700
2023-03-06,62.99029541015625,64.32202987123621,62.92225063781146,63.99152881022552,810400
2023-03-07,63.097232818603516,63.85544822145137,62.9125366607675,63.10694820435541,747600
2023-03-08,63.058349609375,63.213877362417634,62.31957238752853,63.09723340171693,721400
2023-03-09,61.298892974853516,63.19443508498953,61.2697282784031,63.19443508498953,1237400
2023-03-10,59.40334701538086,61.055870894266214,59.05340034595078,61.04614809335868,978200
2023-03-13,57.274505615234375,58.402113190317316,56.60377697558589,58.32434561624455,1022800
2023-03-14,58.746334075927734,59.33116418274789,58.190744358970846,58.3564448592082,1031500
2023-03-15,57.63515853881836,57.74237826657848,56.280299182415476,57.28425896369773,1064900
2023-03-16,58.6098747253418,58.960774281286426,56.84563138829094,56.84563138829094,940000
2023-03-17,58.473411560058594,58.93152709572468,57.71312798912307,58.25897212745383,926400
2023-03-20,59.37015914916992,59.74055356629968,58.57088952996218,58.92178911268938,1046800
2023-03-21,60.3643684387207,61.02717788095872,60.23765388463601,60.442344051670325,1270200
2023-03-22,58.78532028198242,60.46183489139862,58.77557100709561,60.25714473788263,1073500
2023-03-23,58.444175720214844,60.25715444221159,57.91782633932685,59.20445939869512,991900
2023-03-24,58.892539978027344,59.126474252642474,56.86512571048591,57.76186570694907,982200
2023-03-27,59.3798942565918,59.82826793241964,58.79506420048079,59.69180783387766,719000
2023-03-28,59.643070220947266,60.120684294702464,59.019250489049064,59.1947002534278,638900
2023-03-29,60.734764099121094,60.793244880494925,60.12068986688116,60.18891992399012,544800
2023-03-30,60.841983795166016,61.60226746347905,60.66653772214243,61.16364298527143,463200
2023-03-31,62.49900436401367,62.606224082228245,61.21237146369779,61.42681090012695,796900
2023-04-03,62.77193069458008,63.064342051957325,61.95316625184175,62.596480905546194,581200
2023-04-04,62.216339111328125,63.054598363633986,61.30010052473366,63.044849087718255,608700
2023-04-05,60.98818588256836,61.96290517584036,60.608045953113724,61.68998496356709,565300
2023-04-06,61.280601501464844,61.3878212196515,60.28638736681457,61.01742684362279,517000
2023-04-10,62.08962631225586,62.18709676462023,60.89072190052889,60.89072190052889,587000
2023-04-11,62.888893127441406,63.14232225653392,62.0798779497833,62.206592514329564,564200
2023-04-12,61.93366622924805,63.40549447859099,61.79720611993341,63.40549447859099,1049400
2023-04-13,63.20079803466797,63.434736029075424,62.12861197304056,62.596476807077934,561100
2023-04-14,63.63943099975586,63.78564039816557,62.78168059841455,63.02536045025777,792500
2023-04-17,64.27300262451172,64.74086379396324,63.94159414600762,63.94159414600762,1141600
2023-04-18,64.682373046875,65.64734306723334,64.65313265785173,64.87731393137553,1164500
2023-04-19,65.30619049072266,65.79355012125043,64.4289416684691,64.55565993177771,1288000
2023-04-20,65.86178588867188,66.21268544803034,65.24771537805377,65.78380655625479,947000
2023-04-21,66.44661712646484,66.60257579392241,65.67658793805987,66.2809166196801,791100
2023-04-24,65.65708923339844,67.15815776983126,65.60835029632217,66.57332770750466,1093100
2023-04-25,64.5654067993164,65.5011364704348,64.47768562851705,65.30619557764619,1290100
2023-04-26,65.54987335205078,66.53434193368956,64.91630431561953,65.50113441212602,1522000
2023-04-27,66.85598754882812,67.16790483743839,65.07225703282236,65.90076688027033,1617300
2023-04-28,67.6455307006836,68.01592141116038,66.514852579461,66.6610619829321,871500
2023-05-01,69.47798919677734,69.5559685240631,68.00616099945977,68.18161076759377,1390500
2023-05-02,69.2830581665039,69.57546953062685,67.50906911935625,69.4779990759192,1055300
2023-05-03,68.24009704589844,69.48773650101349,68.19135810859767,69.29278818832817,913400
2023-05-04,66.27116394042969,67.95743162225196,66.22243243674077,67.95743162225196,964600
2023-05-05,68.81520080566406,69.1855990051408,67.30438991978441,68.20113014790242,1097900
2023-05-08,68.50328826904297,69.68269802329195,67.58704951924628,69.19533825195667,858500
2023-05-09,69.15634155273438,69.8776392953331,67.91845113136061,68.26935072599805,1013700
2023-05-10,68.11337280273438,69.72166091771099,67.1776432935611,69.40000180741224,896100
2023-05-11,66.83650207519531,68.04515192445768,66.42712175413327,67.52855188551966,1121500
2023-05-12,66.59283447265625,67.32387408152024,66.5733433551551,66.76828427624439,503200
2023-05-15,66.66105651855469,66.93397674985185,66.29066583843978,66.7682762432098,722900
2023-05-16,64.34121704101562,66.4271155524692,64.31197665460081,66.30039729598184,933800
2023-05-17,64.94554138183594,65.97874885053237,64.58490001631127,64.77009161820959,1139000
2023-05-18,65.86178588867188,65.87153516435362,64.61414631607218,64.90655765785861,695200
2023-05-19,65.10151672363281,66.19320524792768,64.80909789711036,65.86179674876759,620800
2023-05-22,64.41918182373047,65.34516943170783,64.17550204844957,65.14047931285387,1654800
2023-05-23,63.01560592651367,64.08779569803647,62.460016208037054,64.04880603260605,1080400
2023-05-24,63.103328704833984,63.366507094068176,62.08962340561769,62.76217841926974,820600
2023-05-25,63.3275146484375,64.11703490845403,62.81091460489492,63.31776537312967,692800
2023-05-26,63.532203674316406,63.95133326683769,63.06433514264598,63.48346473516727,535600
2023-05-30,62.53799057006836,64.00006944321066,62.29430703961912,63.53220093173733,866200
2023-05-31,62.118858337402344,62.63546207647751,61.621753148085055,62.40152409848998,865400
2023-06-01,62.70369338989258,63.044843652344845,61.6997299979092,62.031134703545256,736300
2023-06-02,64.6239013671875,65.05277286077283,63.590693711619444,63.590693711619444,1123500
2023-06-05,65.00403594970703,65.38417590197867,63.961086540766175,63.961086540766175,826000
2023-06-06,66.07622528076172,66.45636523033748,64.93580543203441,65.04302515489101,762800
2023-06-07,66.7000503540039,67.06069921733987,66.03724084949289,66.21269064293755,747200
2023-06-08,67.13865661621094,67.16790443923286,66.12494774378978,66.42711575621018,686300
2023-06-09,66.6805419921875,67.57728184386319,66.3978725404929,67.3433438887605,514800
2023-06-12,67.61627960205078,67.75273970728051,66.66105142892468,66.93397163938414,633100
2023-06-13,67.41159057617188,68.2693408858074,67.08018214610757,68.03541033527372,923500
2023-06-14,67.77308654785156,68.09548419386441,67.31390488218732,67.32367676654037,929000
2023-06-15,67.48974609375,67.8512237407249,66.64954312191098,67.42135782644972,661200
2023-06-16,66.43460083007812,67.77306532427353,65.97541930820957,67.77306532427353,1510900
2023-06-20,66.78631591796875,66.8742404908207,65.73117632117535,66.19035785609998,569200
2023-06-21,66.51277160644531,67.0891859809358,66.33691498386534,66.59093176176144,559800
2023-06-22,65.47716522216797,66.55184867476312,65.27200041406226,66.4639166405679,849600
2023-06-23,64.2754898071289,64.77375149815677,63.45482305403814,64.6662831441358,1263100
2023-06-26,65.15477752685547,65.39902244791429,63.81631267609828,64.00194120130729,520600
2023-06-27,66.52252960205078,66.54207336587103,65.19384435898885,65.42831734849838,607000
2023-06-28,66.63978576660156,67.34321235717998,65.78981072735868,66.36623263776856,762200
2023-06-29,67.4408950805664,67.62652357459115,66.46391556045677,66.71793232273869,573800
2023-06-30,67.77308654785156,68.08571976327516,67.47998964737027,67.92939942868146,717500
2023-07-03,67.39205169677734,68.07593439071437,67.31389154496674,67.87076958253326,389000
2023-07-05,65.53579711914062,67.12827127520576,64.9007588519322,67.03057480034983,844100
2023-07-06,65.12545776367188,65.232918652392,64.02146614612896,64.85189723950474,565500
2023-07-07,66.29784393310547,66.68863730913262,65.29155602112604,65.32086421991943,697000
2023-07-10,68.056396484375,68.12478475216565,66.24897842149228,66.24897842149228,698900
2023-07-11,68.36903381347656,68.69143140777904,67.83169206670142,68.04662876541148,471100
2023-07-12,68.51556396484375,69.00405367429903,68.32994294380852,68.98451736557585,623300
2023-07-13,69.78563690185547,69.90287710995318,68.9845141142571,69.05290237220716,808200
2023-07-14,70.19598388671875,70.73332565677798,69.3069363125224,70.68447369449517,712900
2023-07-17,69.41439056396484,70.34251802867192,69.34600230292077,69.95172477109368,654700
2023-07-18,70.43045043945312,70.87009569833506,69.40462640958644,69.40462640958644,715200
2023-07-19,71.13388061523438,71.2511208478274,70.16667292107059,70.53792247697118,879600
2023-07-20,70.66493225097656,71.15342202328455,70.47930375229556,71.0166454833393,622300
2023-07-21,70.59654235839844,71.31950511774406,70.27413732718242,71.12411219481677,708900
2023-07-24,69.63909912109375,70.65515871821418,69.51209446661453,70.40114195549351,683000
2023-07-25,70.09828186035156,70.47930328391868,69.45347178738422,69.4730155522536,711100
2023-07-26,70.34252166748047,70.90917154759356,69.99080846284212,70.17643694689065,733200
2023-07-27,68.28108978271484,70.35228879749707,67.94892036397047,70.34251691642773,1218500
2023-07-28,65.8386459350586,67.36273152416733,65.14499140530367,66.6397688028929,1697700
2023-07-31,66.74724578857422,66.99149068789625,65.75072987899595,66.07312748124131,1372400
2023-08-01,66.4052963256836,67.21619108149034,65.8484183212615,66.48345647284224,690300
2023-08-02,66.23921966552734,66.59093291678778,65.07661155976298,65.76049429623448,594400
2023-08-03,65.52601623535156,65.8093411911526,64.60765309956629,65.35993150553233,782800
2023-08-04,65.19385528564453,66.29783960613764,64.7053654609331,65.97543453292492,842000
2023-08-07,65.789794921875,65.97542340917177,64.99844392447203,65.01798768827271,645800
2023-08-08,65.90704345703125,65.96565984830339,65.21338882984696,65.21338882984696,815800
2023-08-09,65.69210052490234,66.6690800402497,65.61394782853381,66.15128208971754,660200
2023-08-10,66.16105651855469,66.50299787133562,65.86795967116392,65.98519990087271,882700
2023-08-11,65.76049041748047,65.86795876312473,65.14499599095984,65.71164591276367,736200
2023-08-14,65.90704345703125,65.95589541893328,64.68581894710901,65.2817771042521,648300
2023-08-15,65.1645278930664,65.56509305495867,64.92028302472094,65.55532117317154,690200
2023-08-16,64.48065948486328,65.45763917402788,64.46112317073593,65.00822941146379,607200
2023-08-17,63.25943374633789,64.65651497510252,63.03472514217765,64.51973841735746,889800
2023-08-18,63.30828094482422,64.03124376043816,62.49738608941567,62.69277902755042,690300
2023-08-21,63.405975341796875,63.80653308801181,63.073798413307905,63.46459173056917,657900
2023-08-22,63.30828094482422,63.73814689947323,62.86863565337682,63.474365687615034,597700
2023-08-23,64.1093978881836,64.28525449747198,62.98586996516123,63.31803941950479,421100
2023-08-24,63.54275131225586,64.42203440473074,63.454819276127125,63.86515635512373,481000
2023-08-25,63.572059631347656,63.9921611400358,63.2301182763137,63.67952797918154,401100
2023-08-28,63.90422821044922,64.3145577828935,63.611131399411,63.738136042188074,423800
2023-08-29,64.66629028320312,64.77375864908845,63.67953867542139,63.74792695791535,628000
2023-08-30,64.9300537109375,65.33061886545407,64.74442522920917,64.79327718348348,396500
2023-08-31,65.33062744140625,65.7898015845567,65.03753058480898,65.11569074040327,754600
2023-09-01,66.07312774658203,66.19036798208204,65.60418171210767,65.70187818147626,583100
2023-09-05,64.32433319091797,65.62371784589642,63.72838249326247,65.62371784589642,802500
2023-09-06,63.7577018737793,64.49043670123936,63.43529676079348,64.08987141775442,868500
2023-09-07,63.01517868041992,63.75768519843642,62.90771033753219,63.54274851266094,982000
2023-09-08,63.28873825073242,64.09963311987583,63.07380154288593,63.230121859051714,903100
2023-09-11,62.184749603271484,63.94330831408606,61.69625983019592,63.73814350384581,1116900
2023-09-12,62.487606048583984,62.92725128263542,61.95026808510042,61.96003623997936,789800
2023-09-13,62.067501068115234,62.87839577180461,61.891644475191775,62.30197776764009,962800
2023-09-14,63.61503219604492,63.761950630942565,62.37113872208649,62.978398099125144,1103500
2023-09-15,63.36037826538086,64.07536982023326,62.9685982834683,63.497500138163005,2531800
2023-09-18,63.06654739379883,63.781546489063395,63.027368644632595,63.27223022248477,547300
2023-09-19,62.01853561401367,62.97839621708956,61.74429186244392,62.635587791336484,944700
2023-09-20,61.46025085449219,62.77270521418715,61.411279290312514,62.25360364484994,937600
2023-09-21,60.4122428894043,61.20559566926642,60.39265351673341,60.950937560835754,942600
2023-09-22,59.5405387878418,60.91176130421141,59.49156722230912,60.627724729605525,677800
2023-09-25,59.1683464050293,59.756012646528326,58.76677360153709,59.04101734939786,791000
2023-09-26,59.00184631347656,59.462183530346245,58.874517249269964,58.874517249269964,648400
2023-09-27,59.01163864135742,59.52095115765435,58.521915499105496,59.305471779450365,763700
2023-09-28,59.432804107666016,59.7462266370225,58.59047965891123,58.98225968875247,805700
2023-09-29,59.57971954345703,60.17717864116392,59.53074423998225,59.92252425003402,736200
2023-10-02,58.737388610839844,59.78539572454777,58.53170207345674,59.28587608041967,851600
2023-10-03,57.89506912231445,58.698214757941656,57.66979693049619,58.45335319253602,814000
2023-10-04,57.31719207763672,58.35540639479706,57.062533973290435,58.12033766280747,723800
2023-10-05,57.00377655029297,57.562060653584346,56.74911841486356,57.4151422111219,521800
2023-10-06,57.59143829345703,58.365201721496184,56.47487017516808,56.749113927367915,680500
2023-10-09,58.68841552734375,58.77656583632256,56.680551529816114,57.248632129077535,500800
2023-10-10,59.28588104248047,59.7951935470688,58.9724585375478,59.041019476983635,433600
2023-10-11,59.72663497924805,59.99108592884032,59.42300528091074,59.46218402965577,453400
2023-10-12,58.4631462097168,60.020465920436706,58.02239837952273,59.795193727853444,526500
2023-10-13,57.80691909790039,58.845133485468,57.67959003709234,58.3260244235387,629100
2023-10-16,58.54150390625,58.85492641321131,58.13013453068141,58.36520327904789,630500
2023-10-17,59.34465026855469,59.86375560146316,58.33582179553147,58.33582179553147,759100
2023-10-18,58.845130920410156,59.6776587161392,58.55129406423207,58.86471655695059,845800
2023-10-19,58.5806884765625,59.67766735996583,58.277058758135894,58.80596069231462,806700
2023-10-20,58.31623077392578,58.825543273610094,58.13993014956233,58.50232421684679,795900
2023-10-23,59.1585578918457,59.716841982784764,58.10075409661942,58.29664410347145,1069200
2023-10-24,59.77560806274414,60.00088026930353,59.09979144306595,59.38383177423306,1366900
2023-10-25,52.74317932128906,56.21041995965072,51.342570878159194,52.870508380562036,3286100
2023-10-26,54.16337966918945,54.49639156080371,52.27304801036313,53.03701866541413,1924100
2023-10-27,53.43859100341797,54.71187043496949,53.409205073998265,54.42783011375592,1454500
2023-10-30,54.40823745727539,54.6530990153516,53.27207997725342,54.11440433484211,857400
2023-10-31,54.114410400390625,54.702076711127226,54.026260080151005,54.58454419623816,931500
2023-11-01,53.64427185058594,54.359267168592694,53.291670600875,54.31029560308639,755300
2023-11-02,55.00570297241211,55.08406046828461,53.80098449555528,54.300500454723796,813200
2023-11-03,56.425899505615234,56.89603326097058,55.87740825622185,55.91658700324087,934900
2023-11-06,56.45528793334961,56.85686079392179,56.05371507277743,56.357344791274976,694100
2023-11-07,56.47486877441406,56.563019083476306,55.75987348370511,56.347539719926196,590300
2023-11-08,55.59336471557617,56.96459089126516,55.33871034732631,56.69034715064366,786200
2023-11-09,55.28974151611328,56.21041964532178,55.04487995380657,56.05370839489712,639300
2023-11-10,56.102684020996094,56.259395282764025,54.56495359730727,54.89796549560052,728900
2023-11-13,55.152618408203125,55.80884558712063,55.09385028949629,55.68151653140124,606200
2023-11-14,57.32698440551758,57.846093427804675,56.54342819940302,56.64137506034903,794800
2023-11-15,58.54150390625,58.56109327997146,57.317196070841455,57.317196070841455,1332300
2023-11-16,58.237876892089844,58.66883566116806,58.00281186922098,58.198698142847974,901500
2023-11-17,57.60123825073242,58.77657082175396,57.532677308632536,58.766778002721594,1339800
2023-11-20,57.620826721191406,57.83630236314326,57.11151420480246,57.68938766221578,657400
2023-11-21,57.57184982299805,57.79712201387893,57.0331551286054,57.424935126140575,482900
2023-11-22,58.02239227294922,58.34560756349411,57.9244454149882,58.02239227294922,365700
2023-11-24,57.983211517333984,58.52190614040599,57.83629310363686,57.83629310363686,272900
2023-11-27,57.444522857666016,58.0321891008801,57.326986619990514,57.66979504210777,631200
2023-11-28,57.268218994140625,57.679584593835216,57.013560896556754,57.28780836597712,530900
2023-11-29,57.70896911621094,58.12033846882493,57.53267223513728,57.60123317119115,873300
2023-11-30,57.836307525634766,58.48274198177345,57.39555591092853,57.81671814983767,1118500
2023-12-01,59.77560806274414,59.77560806274414,57.86569071663379,58.01260542371624,1128400
2023-12-04,59.12916946411133,60.32409509276291,58.91369382833962,59.4621813408032,847000
2023-12-05,57.7481575012207,58.75698981038374,57.61103560622356,58.73740043448538,837700
2023-12-06,57.86568832397461,58.8157486799561,57.630619571554725,57.78733082773763,848700
2023-12-07,57.816707611083984,58.60026755497608,57.562053244722556,57.983215406862804,908000
2023-12-08,58.492530822753906,58.58068113406828,57.513084579834604,57.76773895902562,899400
2023-12-11,59.23691177368164,59.677663355925255,58.463148299997414,58.463148299997414,777100
2023-12-12,59.2467041015625,59.423000985589475,58.80595255076792,59.26628973822817,749700
2023-12-13,59.795188903808594,59.80498545799069,57.963625582279654,59.24670143091347,881200
2023-12-14,61.12724304199219,62.41031903183813,60.647312714098334,60.99012115867711,1297300
2023-12-15,60.03025817871094,60.87258250408347,59.79518944798041,59.94210787172333,3665100
2023-12-18,60.324092864990234,60.539572229095235,59.90293069130727,60.294710673990764,844500
2023-12-19,61.754085540771484,61.86182522647151,60.54936709722669,60.8432002260416,832100
2023-12-20,60.04985809326172,61.81286080623431,59.91273246342568,61.73450330347086,915700
2023-12-21,60.73725128173828,60.86491349250314,60.04002583521764,60.64887032752674,626400
2023-12-22,61.02203369140625,61.41483875784567,60.737250205541,60.737250205541,409300
2023-12-26,61.13005065917969,61.39519349710892,60.86490782125045,61.080950966096445,347900
2023-12-27,61.8665657043457,61.89602477498729,60.786357325395024,61.28718025663693,690300
2023-12-28,61.92548751831055,62.09242724650436,61.48358272887551,61.70944434434965,560000
2023-12-29,61.48358154296875,62.092426048854094,61.130057718239556,61.9156641364895,1057600
2024-01-02,62.671810150146484,62.927134571932555,60.92383543850396,61.01221639280424,769800
2024-01-03,60.40336608886719,61.94512351585827,60.314985137588295,61.85674256457937,1074400
2024-01-04,60.73725128173828,61.04167540092623,60.03020739411272,60.03020739411272,751700
2024-01-05,61.15951919555664,61.52286522197812,59.48028470806408,59.7552460287575,922900
2024-01-08,62.396854400634766,62.63253446903765,60.91401867382578,61.33628285462035,758000
2024-01-09,61.46394348144531,61.768367620136445,60.92383928046889,61.6407054011928,747300
2024-01-10,61.43448257446289,61.57196323103245,60.855097131729096,61.39520131656675,625400
2024-01-11,61.4737548828125,61.59159864652597,60.70778914900802,61.13005327048142,663000
2024-01-12,61.18898010253906,62.082608112961175,60.98275537239017,61.70944365647934,615700
2024-01-16,61.79782485961914,61.846924558967594,60.87473777524062,60.87473777524062,782600
2024-01-17,60.904197692871094,61.34610248528836,60.58995511738925,60.94347895132307,740100
2024-01-18,62.573612213134766,62.593252841888905,61.581781064418635,61.581781064418635,748300
2024-01-19,63.025333404541016,63.23155438071122,62.328107963546444,62.78964961315594,696900
2024-01-22,63.035160064697266,63.68328210834761,62.868212840788665,63.290477010187416,509100
2024-01-23,63.3199348449707,64.10553744086248,63.14317294977177,63.62435519531713,564600
2024-01-24,62.14152908325195,64.16446525057474,62.13171064140106,63.97788863293808,508200
2024-01-25,62.81911849975586,62.9860582358186,62.455772463500836,62.95659916382333,485900
2024-01-26,63.3003044128418,63.359222560172746,62.84858113499022,63.13336466731431,646500
2024-01-29,63.43777847290039,63.58508131800983,62.90749272578679,63.42795628532405,424600
2024-01-30,63.36903762817383,63.61453987064599,63.13335757319803,63.310119487463346,664400
2024-01-31,62.347755432128906,63.57526298279859,62.328114801853054,63.13336191282707,512700
2024-02-01,63.329750061035156,63.457416009367506,62.31828212155971,62.82892718455635,518100
2024-02-02,62.96641540527344,63.35921298429337,62.24954558850826,62.85839382340288,451900
2024-02-05,62.31828689575195,62.75037323004084,61.73890146701019,62.39684940964697,781600
2024-02-06,62.80929183959961,63.43777697119732,62.14152545076032,62.25936922248505,699100
2024-02-07,62.848575592041016,63.143181286982326,62.45577049616395,62.93695280524298,570100
2024-02-08,64.32159423828125,64.63583684174472,63.30030390399131,63.535983983555255,884800
2024-02-09,65.5490951538086,66.77660629901101,63.064613794660275,65.62765766521358,1656600
2024-02-12,65.3723373413086,65.74549805564072,63.958242016034966,64.02698234478389,786000
2024-02-13,63.70292663574219,64.25284927919655,63.094078357536205,63.830585108791496,885500
2024-02-14,63.60472106933594,64.1448290283825,63.33958192988943,64.1448290283825,718100
2024-02-15,63.5163459777832,63.97789143237979,63.22174026442616,63.59490850029635,883500
2024-02-16,62.22990417480469,63.22173153515045,62.21026354688826,62.730730821506725,693300
2024-02-20,61.13987350463867,61.699622033531426,60.66850967415711,61.55231919760174,920900
2024-02-21,61.53268051147461,61.55232113995613,60.72743347406643,60.8256328704072,741400
2024-02-22,62.64235305786133,62.907492183063724,61.90584633080216,62.11206731532266,843100
2024-02-23,63.182464599609375,63.6047288303518,62.51470182943627,62.61290124520854,599900
2024-02-26,62.11206817626953,63.21192093442466,61.91566563045133,62.956596501040906,606900
2024-02-27,62.31828689575195,63.15299300251883,62.26918719760099,62.612888830724565,473500
2024-02-28,62.80929183959961,63.133356592742295,61.91566384072158,61.91566384072158,845800
2024-02-29,64.94024658203125,65.16611192808176,63.270834430319084,63.69309856170041,1121200
2024-03-01,63.71273422241211,64.52780340096879,62.789647212420185,64.20373866846313,1144700
2024-03-04,62.475406646728516,63.6636402908425,62.25936723094423,63.447597128991454,565600
2024-03-05,62.347755432128906,63.19228005758744,62.00405002140227,62.19063413598928,754800
2024-03-06,61.905845642089844,62.77001082839043,61.5130405602682,62.77001082839043,846100
2024-03-07,62.76020050048828,62.897684919146165,62.18081499023727,62.18081499023727,832100
2024-03-08,62.02368927001953,63.40832183205154,61.88620860721831,62.92713951224727,925400
2024-03-11,62.23972702026367,62.82893087972303,61.75854099638734,61.75854099638734,484200
2024-03-12,62.17099380493164,62.52451391339685,61.81746995039922,62.17099380493164,775700
2024-03-13,61.788002014160156,62.65217094854522,61.60142166019606,62.2299067957245,860800
2024-03-14,60.88210678100586,61.9160088314274,60.635939447276186,61.472906879470905,793900
2024-03-15,60.75410461425781,61.41383132972189,60.419316857632765,60.557169976910885,1505300
2024-03-18,61.177513122558594,61.66984784065628,60.67532960661811,60.68517840446091,703500
2024-03-19,61.72892379760742,62.1818745797349,61.04950325873974,61.11842981676042,750500
2024-03-20,62.743133544921875,62.75297858590061,61.54183570987611,61.640301144525694,618600
2024-03-21,62.72343826293945,63.402858761299534,62.664356749780346,63.16654022109406,621900
2024-03-22,62.20156478881836,62.80221372954691,61.728923923052214,62.75298101032004,660000
2024-03-25,62.31972122192383,62.86128858849144,62.260639711379696,62.378798976252654,400900
2024-03-26,64.64354705810547,64.66323714046682,63.196081850529865,63.33393496435313,621500
2024-03-27,65.4017333984375,65.48050874577667,64.81093331825497,64.98817409355279,629600
2024-03-28,66.2879409790039,66.71134910407312,65.51005128353111,65.54943895940163,967700
2024-04-01,66.63257598876953,67.4104657103512,66.59318831157702,66.59318831157702,777100
2024-04-02,65.63805389404297,66.08115203863045,65.3131112480495,65.81528714193398,870600
2024-04-03,65.83500671386719,66.46519462487137,65.48052507487328,65.48052507487328,804600
2024-04-04,64.65339660644531,66.53411125969642,64.33829518555365,66.37656806168194,759300
2024-04-05,65.11618041992188,65.39189414416737,64.69277230536913,64.71246989903067,645400
2024-04-08,64.97833251953125,65.84484641171605,64.83063060496053,65.53959378495485,684600
2024-04-09,65.62821197509766,65.9728447361586,64.94878773726983,65.17526498735602,621900
2024-04-10,64.08228302001953,64.81093623461825,63.77703041345215,64.63369545134495,475600
2024-04-11,64.43675994873047,64.64353959559455,63.47178075093442,64.06258081517896,668600
2024-04-12,63.4127082824707,64.07243495064549,63.245316294264754,63.87550408363036,702800
2024-04-15,63.570255279541016,64.77155317257548,63.45209975723039,64.00351222783056,538400
2024-04-16,63.668724060058594,64.07243458888952,63.087765234511366,63.29454489743906,562200
2024-04-17,62.713592529296875,64.35799237516777,62.6938986906152,64.33829478027045,918200
2024-04-18,61.96524429321289,62.920374792404075,61.87662389889396,62.743134003766215,733800
2024-04-19,61.69938278198242,62.388652094549535,61.55168087349819,61.94555012531242,1018600
2024-04-22,62.2704963684082,62.772676124670625,61.837239415491204,62.122794451510906,650300
2024-04-23,62.624969482421875,63.06807519967935,62.14248360189933,62.78251642899063,713000
2024-04-24,62.61512756347656,62.95976035246111,62.11294782006826,62.69389916258059,649100
2024-04-25,61.92586135864258,62.66436344911369,61.79785327788714,62.45758376527358,956200
2024-04-26,52.36471939086914,54.37344588364257,51.675450054382296,53.31000112056874,6825400
2024-04-29,53.12291717529297,54.04850509902574,52.413953974688226,52.413953974688226,1745300
2024-04-30,52.68965530395508,53.44785115475048,51.76406746652178,52.788124492755735,1791200
2024-05-01,52.532108306884766,53.3789245486676,51.724679740583795,51.93146315875588,1549200
2024-05-02,53.32969284057617,53.585705223617076,52.44348890655852,53.585705223617076,1330700
2024-05-03,53.29030990600586,54.15682007901047,52.99490982045443,54.097738559413834,973100
2024-05-06,54.07803726196289,54.35374722584311,53.42815566088476,53.86141256574709,1003100
2024-05-07,53.595550537109375,54.402979066191826,53.46754247580158,54.058346312150036,917000
2024-05-08,52.43364334106445,53.487239254181084,52.27609639395025,53.290304631234456,1319100
2024-05-09,53.29030990600586,53.61525262946355,52.207175006912,52.620734375440826,1442800
2024-05-10,53.07368087768555,53.61524828333222,53.03429320114728,53.34938710102227,585700
2024-05-13,53.74325942993164,54.59007198667768,53.61525135196361,54.3143657475611,799400
2024-05-14,54.137123107910156,54.35375157768571,53.26076794376818,54.19620462408958,844400
2024-05-15,54.55068588256836,54.964245224704605,54.15681662282519,54.49160436674219,1056600
2024-05-16,54.22574234008789,55.21041171798121,54.137121945828866,54.58022391712398,724100
2024-05-17,54.16666030883789,54.41282765096465,53.87126024952888,54.14697022693743,1161100
2024-05-20,54.28482437133789,54.432522525697394,53.615248887504414,54.30451820982895,732100
2024-05-21,54.22574234008789,54.56053007882024,53.86141572200773,54.19620346074008,878000
2024-05-22,52.56165313720703,54.26513073269303,52.46318394438911,54.1962041758283,1486000
2024-05-23,50.72031784057617,52.748738104796324,50.66124008206921,52.65027266980767,1375700
2024-05-24,50.966487884521484,51.26189171756939,50.71047548625784,51.18311636043241,966500
2024-05-28,49.58795166015625,50.96648656851633,49.40086206989465,50.96648656851633,1278800
2024-05-29,49.80457305908203,49.863650810805524,48.58358152185622,48.97745072901684,1240500
2024-05-30,50.4839973449707,50.66123812607961,49.86365461108952,50.21813617330734,1152400
2024-05-31,52.50257110595703,52.63057917725552,50.789248486121366,50.87786512446387,1454900
2024-06-03,53.11306381225586,53.211533001773994,51.98069630441365,52.896439107746986,847900
2024-06-04,53.12291717529297,53.28046413584782,52.58134973314916,52.88659485635278,1551200
2024-06-05,52.512420654296875,53.27061278320759,52.18747795086458,53.201686226033885,1041700
2024-06-06,52.532108306884766,52.837357157546045,52.14808786147522,52.42379783363283,739500
2024-06-07,52.197322845458984,52.620730984745585,51.911771576348194,52.157938924481535,902800
2024-06-10,51.596675872802734,51.961002483600886,51.37019861494429,51.54743939991972,1048900
2024-06-11,52.000389099121094,52.24655643365472,50.86801785778023,51.37019756749404,744900
2024-06-12,53.60539245605469,53.81217585265437,52.71919238745709,52.75858005882989,1263200
2024-06-13,53.684173583984375,53.89095324665223,53.11306355617925,53.53647167852705,897400
2024-06-14,53.01250457763672,53.4965034058275,52.5285095174106,53.23969023868206,835600
2024-06-17,53.79281997680664,54.039757274277804,52.676666105171165,52.775439516973975,790100
2024-06-18,53.091522216796875,54.22743536210944,52.96311375919599,53.83233415470567,934400
2024-06-20,52.03463363647461,55.047268260100076,50.98761801776098,52.982872064008895,3692500
2024-06-21,53.1705436706543,53.35821467075012,52.16303898852882,52.21242569718937,2999400
2024-06-24,53.921234130859375,55.01763645049421,53.03225825873261,53.200177598118565,1645400
2024-06-25,53.279197692871094,54.00025425417505,52.824833903769644,53.86196995035849,1166200
2024-06-26,53.87184524536133,54.178045102762646,52.9137272627367,52.95323813722861,966300
2024-06-27,54.64229202270508,54.76082088594861,53.891604198209876,54.039764335273134,1071900
2024-06-28,54.424983978271484,55.22506225385341,53.39772758775252,55.05714668439056,1797900
2024-07-01,53.11127853393555,54.85959518852293,52.69642188249161,54.43486270231425,864600
2024-07-02,53.061893463134766,53.74343912188712,53.03225842199628,53.74343912188712,598000
2024-07-03,53.298954010009766,54.128663614546554,53.28907817441642,53.397731205766966,307300
2024-07-05,53.387847900390625,53.66442026136901,53.05201299403181,53.09152386959508,1052300
2024-07-08,53.852088928222656,54.59290085700201,53.69404920080163,53.69404920080163,767100
2024-07-09,53.71380615234375,54.444738499290146,53.67429527738329,53.753313259339784,672700
2024-07-10,54.424983978271484,54.53363700226014,53.54588771940248,53.95086477465554,1117700
2024-07-11,56.13379669189453,56.35109898405685,54.75094611139209,54.75094611139209,918400
2024-07-12,56.61779022216797,56.894358823582756,56.15354684010921,56.19305771687263,870600
2024-07-15,57.01288986206055,57.48700906609036,56.59803320355666,56.87460556521408,728500
2024-07-16,58.12904739379883,58.375984729826804,57.30921739752762,57.30921739752762,988700
2024-07-17,58.138919830322266,58.790834166353875,57.76357407079974,57.8821029224516,918200
2024-07-18,57.82284164428711,58.88960886839584,57.72406445911497,57.86235251835597,852200
2024-07-19,58.3957405090332,58.53402481514005,57.51664419052704,58.27721164207944,743900
2024-07-22,58.87973403930664,59.03777377031645,58.3265930967901,58.741449745668604,1092300
2024-07-23,59.116790771484375,59.12667037398863,58.41548971225604,58.613040314733354,837900
2024-07-24,57.06227493286133,58.84022283887153,56.79558218176514,58.62291679694922,941700
2024-07-25,57.81296157836914,58.49451096271853,57.22031354394422,57.25982441769637,1323500
2024-07-26,60.302093505859375,63.176443794043436,59.13654904019365,62.72208002416412,2229200
2024-07-29,60.7367057800293,61.00339477375009,60.11442266943021,60.292217843887094,1036300
2024-07-30,60.242828369140625,61.29971976439183,59.98601145427781,61.01327157780037,1072600
2024-07-31,60.124298095703125,61.023149796917636,60.045280112017586,60.10454265779061,931900
2024-08-01,57.072147369384766,60.43049614475065,56.94374268677089,60.22306971779209,1314800
2024-08-02,54.6126594543457,56.11403883571201,54.247189502063925,55.7386930483793,1422300
2024-08-05,53.496498107910156,54.138536614137756,52.11364767971114,52.55813558648685,1863200
2024-08-06,54.29658126831055,54.95837150338257,53.73356445794746,53.73356445794746,1128400
2024-08-07,54.039764404296875,55.481877507489806,53.90148010234202,54.978127012087896,907700
2024-08-08,55.84734344482422,56.025138611087904,54.15829313328358,54.38547500840621,1113700
2024-08-09,55.24481964111328,56.22268935558875,55.0472690239778,55.74857013524237,752100
2024-08-12,55.136165618896484,55.78808000611091,54.86947285576815,55.333716232469094,604900
2024-08-13,55.62016296386719,55.965873702509676,55.38310148025201,55.38310148025201,831800
2024-08-14,55.61028289794922,56.18317928060223,55.22506128725156,55.876975651808614,858600
2024-08-15,56.88447952270508,57.378354148264954,56.36097362536021,56.696808521459495,930400
2024-08-16,57.437625885009766,58.00064270989004,56.49926325422108,56.60791628498125,1138100
2024-08-19,58.08953857421875,58.31672046452317,57.506766327624064,57.506766327624064,887000
2024-08-20,57.793209075927734,58.593287354193,57.68455981953917,57.92161753815995,667300
2024-08-21,58.405616760253906,58.47475890933874,57.78333365052587,58.09941312290355,683800
2024-08-22,58.09941101074219,58.879733828291,57.753700277886075,58.52414349280221,534600
2024-08-23,59.29458999633789,59.492140612339895,58.22782269867043,58.22782269867043,785200
2024-08-26,59.18593215942383,60.14405011999558,59.06740330664065,59.7390730856858,583100
2024-08-27,59.18593215942383,59.38348275937198,58.66242627233087,58.929119017066235,554000
2024-08-28,58.69206237792969,58.8501058852775,58.30684074868091,58.83035044685902,529500
2024-08-29,59.19581604003906,59.88724130584659,58.889612399591066,59.04765213737868,487500
2024-08-30,59.28471374511719,59.502019797991004,58.46488001324931,59.26495830685916,688600
2024-09-03,58.65255355834961,59.225446183917555,58.18831018896742,58.72169570681532,586600
2024-09-04,60.82560348510742,61.65530927689438,59.44275296286675,59.6205481376681,1648600
2024-09-05,59.156307220458984,61.17131677328612,58.77108558170535,61.17131677328612,1092700
2024-09-06,58.98838806152344,60.015644446530956,58.93899758327395,59.38348551176803,971300
2024-09-09,59.59091567993164,60.252705886786515,59.26495660995395,59.26495660995395,714800
2024-09-10,58.60316848754883,60.24283219469333,57.95125032440544,59.788464647536,816400
2024-09-11,58.138919830322266,58.51426558984479,56.96349584423012,58.24757284765491,1363900
2024-09-12,59.28471374511719,59.304469183375225,57.990760798950184,58.46488001324931,605900
2024-09-13,60.681392669677734,61.18657779437431,59.63140687398245,59.65121842580066,872300
2024-09-16,60.86960220336914,61.434218220443576,60.483286378914755,61.037994730472946,666200
2024-09-17,61.97902297973633,62.38515035848627,61.3846915206228,61.850249778083736,952900
2024-09-18,62.38514709472656,63.39551354529475,61.89977731019896,62.19694302420911,850500
2024-09-19,63.5341911315918,63.86107606466817,63.07853678124331,63.66296054886392,862300
2024-09-20,63.42523193359375,63.67287066990004,62.9101429086366,63.573816686844424,1100900
2024-09-23,63.62335205078125,63.98985257028261,63.246936307723594,63.58372894323123,1146600
2024-09-24,63.4549446105957,64.75257667134245,63.32617519396215,64.24739155521456,799300
2024-09-25,63.35588836669922,63.851165800044896,63.31626526515149,63.60352708337206,723100
2024-09-26,64.27710723876953,64.48512286212683,63.682775806700946,63.870983657167436,593200
2024-09-27,64.7327651977539,65.23795034397902,64.24739538285858,64.90115772738407,596600
2024-09-30,64.03938293457031,64.46532189134065,63.672874860077464,64.38607567674734,559500
2024-10-01,63.29646301269531,64.05918700133269,62.74175087865541,64.05918700133269,621900
2024-10-02,63.445045471191406,63.50447634787794,62.72193705639012,63.01910277582418,591800
2024-10-03,63.4549446105957,63.46485227567033,62.53373202801036,62.87052084587326,425800
2024-10-04,64.1879653930664,64.40588113937176,63.67287257403815,64.38607336510206,582000
2024-10-07,63.94032669067383,64.40588118099195,63.51438774892067,64.20777320882827,625300
2024-10-08,62.61297607421875,63.59362333660665,61.879967543760536,63.395515373996645,642100
2024-10-09,62.60307312011719,63.3063662223939,62.305907393108306,62.305907393108306,662700
2024-10-10,61.90968322753906,62.64269553956669,61.513459743415936,62.40496069335938,803500
2024-10-11,62.731842041015625,63.157777160847914,62.02854520805154,62.02854520805154,703600
2024-10-14,63.524288177490234,63.563911283589576,62.23657123726813,62.46439842933826,664800
2024-10-15,63.55400466918945,64.32663626569716,63.36579682381769,63.49456623745765,735000
2024-10-16,64.74267578125,65.02993763980143,64.38607537458856,64.50494469592068,876700
2024-10-17,65.45586395263672,65.48557938789688,64.61389387182065,64.70304017760111,607900
2024-10-18,64.35635375976562,65.63417050149664,63.960130284003924,65.62426283633569,618200
2024-10-21,63.15778350830078,64.30682712751576,62.93986398341564,64.08890382396328,785600
2024-10-22,63.791744232177734,63.831367339505576,62.67241601150482,63.365805275072134,543000
2024-10-23,63.3955192565918,63.831365869828005,62.761564668612664,63.415327031132165,686700
2024-10-24,63.70259094238281,64.47522264910673,63.16769410316416,63.72240627489807,933200
2024-10-25,68.70489501953125,70.32940460583991,66.89217756593023,69.29922650473334,2403000
2024-10-28,70.9732666015625,71.50816720346923,68.84357185989728,68.84357185989728,1771500
2024-10-29,70.95345306396484,71.32986880667839,70.30959834953698,70.6959142011277,1376600
2024-10-30,69.72516632080078,71.5378837969203,69.65582777262142,70.40865169380797,1038900
2024-10-31,68.63555145263672,69.82421433610952,68.3780050568617,69.6855372516155,901700
2024-11-01,68.01151275634766,69.41809910109193,67.78368177164404,68.78414447931041,742200
2024-11-04,67.66480255126953,68.39781861584852,67.0902864549609,67.35773295174819,571300
2024-11-05,68.26904296875,68.2789506339595,67.0011338859674,67.3577342601668,816000
2024-11-06,70.93363952636719,72.65720299785576,70.22043876372794,70.99307040414232,1308800
2024-11-07,71.69636535644531,72.60768166413841,70.72562572677397,70.91382603037619,898500
2024-11-08,72.97417449951172,73.05342070182975,71.46853444213818,71.54778064445621,961100
2024-11-11,73.43974304199219,74.07369760241501,73.16238886647402,73.79634342689684,756500
2024-11-12,73.17229461669922,73.6675720763991,72.56805551127864,73.30106403558085,754200
2024-11-13,72.8553237915039,73.56851704841897,72.50862349316824,73.08314721101797,649200
2024-11-14,72.3204116821289,72.97417395302224,72.15201161413076,72.89492775129767,1055800
2024-11-15,71.74589538574219,72.49871926437243,70.7652481005448,71.78551849065268,903100
2024-11-18,71.27042388916016,71.99353231022921,71.19118523866938,71.64683959766226,663500
2024-11-19,70.81476593017578,71.25061249372254,70.41854246852726,70.41854246852726,633000
2024-11-20,71.08222198486328,71.10202975770449,69.9529899995609,70.59684464091104,979100
2024-11-21,70.844482421875,71.41900607195116,70.49778972177182,71.08222103680352,810000
2024-11-22,71.64684295654297,71.83504326228272,70.54732633275961,70.54732633275961,1027400
2024-11-25,72.30059814453125,73.4991686353126,72.02324398895658,72.1520134019494,815400
2024-11-26,72.36004638671875,72.57796214040587,71.75580722700658,72.34023105444312,478800
2024-11-27,72.4095687866211,73.20201580734533,72.38976101190369,72.43928422736465,490600
2024-11-29,73.15248107910156,73.84587407407635,72.86521923855501,72.97418088694627,486400
2024-12-02,74.34114837646484,74.48972556581444,73.35059347501873,73.35059347501873,938700
2024-12-03,73.31097412109375,74.62840646381464,72.31051150341746,74.34115217815956,745800
2024-12-04,74.0142593383789,74.19255951303919,73.07322769981987,73.1821893375197,448700
2024-12-05,74.12323760986328,74.55907670113425,73.96474517133899,74.1925761623838,597000
2024-12-06,74.83642578125,76.00528086653229,74.33124066576903,75.80716535196419,528100
2024-12-09,73.97463989257812,75.35151059263113,73.7864320441006,75.05434110107021,596200
2024-12-10,74.20246887207031,74.97510046079769,73.4199296185984,73.97463792694957,670400
2024-12-11,74.92557525634766,75.14349855290094,74.24208992758227,74.5095439942011,577500
2024-12-12,73.73690795898438,75.29207882405804,73.72700029409413,74.78689371733115,548800
2024-12-13,74.24208068847656,74.32132688778582,73.46944913854519,73.87558024200494,508000
2024-12-16,73.22943115234375,74.58957161068913,73.1202217991827,74.00381923874778,672500
2024-12-17,73.34856414794922,74.14281262306943,72.32597434902945,73.96410709489314,1039700
2024-12-18,70.30064392089844,73.68611859233228,70.19143457185126,73.68611859233228,833900
2024-12-19,70.64813232421875,71.77993141900008,70.43963624008823,71.204101683195,763900
2024-12-20,70.68783569335938,71.57143307143781,69.99287401661708,70.30064167710093,2258200
2024-12-23,70.5786361694336,70.78713227598453,69.82410840811829,70.38007782688014,830400
2024-12-24,71.16439056396484,71.16439056396484,70.191436583079,70.59849100019373,349000
2024-12-26,71.63101196289062,71.8692834734543,70.5984919844283,70.68784096044666,576300
2024-12-27,71.88914489746094,71.96856368579492,71.05518323657783,71.11474922145703,526200
2024-12-30,71.5714340209961,71.95863561690584,70.37013877839553,71.22395317801481,588300
2024-12-31,72.0182113647461,72.14727353121054,71.2736062111501,71.74022665265937,785300
2025-01-02,71.31331634521484,72.57417768526287,70.92612228786463,72.30612317421848,781600
2025-01-03,72.39546966552734,72.72309772572473,70.74741432475687,72.47489602700212,756900
2025-01-06,72.95145416259766,74.2917419593473,72.70325243821752,74.2917419593473,867600
2025-01-07,71.83950805664062,73.5868503255591,71.43245359092873,72.99116012456457,742000
2025-01-08,71.35302734375,71.87921373509701,70.86654655877486,71.31331416286336,803500
2025-01-10,70.56871032714844,70.8566252128444,69.49647714755966,70.59849331971786,1021300
2025-01-13,71.31331634521484,71.35302952731679,70.05244743065184,70.09216061275377,1264800
2025-01-14,72.16712951660156,72.46496701519746,71.46223758972195,71.67072611109353,1108500
2025-01-15,73.04080200195312,73.87476372153768,72.31604964534411,73.77547697373052,952700
2025-01-16,73.53720092773438,73.75561964027452,72.79259581199202,72.81244861562524,710700
2025-01-17,74.35130310058594,75.70152099912164,73.51734899682184,73.55705460455964,1002900
2025-01-21,75.61216735839844,75.94971802496462,74.50022104741686,74.50022104741686,850200
2025-01-22,75.09590911865234,76.14828195007047,75.02641294251181,75.53274655411576,1061700
2025-01-23,74.90726470947266,75.58237358849973,74.53000087909533,74.78813274962414,613700
2025-01-24,74.88741302490234,75.47316536826754,74.41086245485602,74.47043601018328,626300
2025-01-27,75.52281188964844,75.59230806167092,74.51015230096148,74.51015230096148,776600
2025-01-28,76.57518768310547,76.73404041086783,75.26468297712576,75.26468297712576,841900
2025-01-29,76.14828491210938,76.95246363817687,75.73130783904647,76.5950525542614,902000
2025-01-30,77.25028991699219,78.01475534754482,76.61489421016402,76.7935997261166,916300
2025-01-31,76.09864807128906,77.60771118032498,75.74123699226458,77.24037748625531,1087300
2025-02-03,76.26741790771484,76.46597623747857,74.36123067372992,74.53000601148057,1049800
2025-02-04,76.11849212646484,76.47590316440677,75.6419491255519,76.32698063617856,728300
2025-02-05,75.93978881835938,76.4858355795886,75.48309860647431,76.4858355795886,884400
2025-02-06,78.00483703613281,78.06440302568161,75.97951007180352,76.03907606135232,1897100
2025-02-07,76.66454315185547,79.92094827978003,75.83058149192743,79.42454487431556,1853700
2025-02-10,77.1212387084961,77.84599106337383,76.57519189492278,76.82339361481694,1249200
2025-02-11,77.15101623535156,77.61763664760618,76.04900007115893,76.49576768001572,1279600
2025-02-12,76.42627716064453,78.11404583137563,76.08871888178908,76.99217678078523,1174400
2025-02-13,77.50843048095703,77.5779266574804,76.01922020587178,76.94253087940524,898400
2025-02-14,77.96511840820312,78.41188602217295,77.43893200521826,77.82612605928315,951800
2025-02-18,78.81893157958984,79.27562180058072,77.77648140537244,77.94526431871792,654400
2025-02-19,78.94799041748047,79.444393798707,77.68712916195146,78.292741893009,631400
2025-02-20,78.84871673583984,79.23591079414396,78.11404180143137,78.46152267753571,640400
2025-02-21,76.30713653564453,79.3550533196289,76.04900462891351,79.3550533196289,711700
2025-02-24,75.93978881835938,76.8730296195458,75.61216833613649,75.98943218738555,791800
2025-02-25,74.86756134033203,76.76381831148665,74.72856142550319,76.10856978922085,842200
2025-02-26,75.39374542236328,76.45604831938817,75.1653965419123,75.53273775845894,680800
2025-02-27,75.2944564819336,76.3369065465966,74.74841734171669,75.60223170956101,589800
2025-02-28,75.7114486694336,76.13835589630463,74.53993634275366,75.32425462349414,1284700
2025-03-03,73.79532623291016,76.71417287532776,73.21949651026802,76.31705624200211,819900
2025-03-04,71.77993774414062,73.21950463599137,70.72755734039713,72.9315897427182,951700
2025-03-05,72.77274322509766,73.15993728047566,71.65086666634834,71.93878155423467,778600
2025-03-06,71.29345703125,73.25921791481075,70.99561952281148,71.9189301905496,899500
2025-03-07,68.52352142333984,71.02539877989622,66.87546608803403,70.78712727077671,1826900
2025-03-10,65.86280059814453,68.08669332167712,65.06855968932423,67.7888482467977,1319500
2025-03-11,66.32941436767578,67.4115776284222,64.9791966260094,65.61459231920368,1434500
2025-03-12,66.72654724121094,68.48381960116244,66.25000419664163,67.87820681886448,1182100
2025-03-13,65.51531982421875,67.1534525894534,64.98913342239824,66.89532069580969,848000
2025-03-14,67.9973373413086,68.15619006911764,66.14079342575882,66.14079342575882,1272400
2025-03-17,69.08235931396484,69.64975013328656,67.97743915089492,67.97743915089492,1316100
2025-03-18,67.50958251953125,70.42617199571215,67.46976469116497,69.0425347364992,899200
2025-03-19,68.89321899414062,69.1818925506529,67.71861965137215,67.81816042391712,1068200
2025-03-20,67.42994689941406,68.67422555725778,67.31050100872457,67.71862045937071,1011900
2025-03-21,67.64894104003906,67.80821235331223,66.20558083725348,66.49425439670544,1488500
2025-03-24,68.86335754394531,69.13211838935045,68.18646965815836,68.95294196092232,757500
2025-03-25,67.98738861083984,69.45065392683121,67.4996259110352,69.18189307945808,558500
2025-03-26,68.04711151123047,68.66427645647987,67.5593564062204,68.05706786689677,726200
2025-03-27,67.43990325927734,68.18647045402949,67.05168892556416,67.76839464764211,624300
2025-03-28,65.94676971435547,67.42994776713873,65.3992840600692,67.05168978429734,946300
2025-03-31,65.52869415283203,65.88704701982878,64.00569826533298,64.83189353612751,788000
2025-04-01,65.40924072265625,65.49883273672066,63.77674770245969,65.3196563030662,876400
2025-04-02,67.27068328857422,67.68875909560857,64.21473520377204,64.68258519498991,914100
2025-04-03,63.06999969482422,64.52331631296028,62.721599378594505,64.23464274165951,982500
2025-04-04,61.48727798461914,62.39311274533035,59.46657054854891,60.53167283431141,1415200
2025-04-07,60.95970153808594,64.11519418180903,58.670225775038354,59.45661079635515,2092600
2025-04-08,60.52171325683594,63.93601800054696,59.83487280359071,62.8908208884629,1279600
2025-04-09,67.2408218383789,68.7140435192242,60.11359002704727,60.11359002704727,2599100
2025-04-10,64.00569152832031,66.38475150384748,63.07994418786145,65.65808949045815,1157900
2025-04-11,64.28440856933594,64.86175563686967,62.51255333919606,63.88623791605497,945200
2025-04-14,64.36405181884766,65.27983911339649,63.079951500254715,65.10066267798699,587400
2025-04-15,64.93144226074219,65.23006458855474,64.08532667908727,64.51335885064557,520000
2025-04-16,64.5233154296875,65.02102690557045,63.41839534566938,64.56313325909507,792500
2025-04-17,64.38395690917969,65.30970055932575,64.07537822395582,64.34413907971944,661000
2025-04-21,63.44826126098633,64.24459887104251,63.04013799850521,63.90615111487673,1141400
2025-04-22,65.48887634277344,65.7775499076309,63.86633967941011,64.13510053249846,952600
2025-04-23,66.1458511352539,68.72400049157667,65.73773168015259,67.22090973004042,778300
2025-04-24,65.73773193359375,66.46438642760283,64.99116472785946,66.1458513902685,1679900
2025-04-25,68.55477905273438,71.819765006566,68.18646983929972,68.21633131170472,2173200
2025-04-28,68.96289825439453,70.05786194070267,68.49504826978286,68.60454539786109,937500
2025-04-29,68.91313171386719,69.20179767594108,68.11679034446063,68.52490979028774,831900
2025-04-30,68.82353973388672,69.1520311185026,67.36026683375604,67.9973368917828,927000
2025-05-01,68.85340881347656,69.86874455183685,68.75386802987605,69.26153589905618,770100
2025-05-02,70.55557250976562,70.95374318917835,68.91313079820841,69.28143241122412,878600
2025-05-05,69.75923919677734,70.67502644922021,69.74928284124724,69.80900578547967,844700
2025-05-06,68.76382446289062,69.69951694314392,68.66428367917963,69.002723862692,516400
2025-05-07,70.58544921875,70.86416644617461,68.69414398261537,69.24162208092088,1171900
2025-05-08,71.24241638183594,71.8496249561149,70.1574090702557,71.05328360131409,663900
2025-05-09,71.54104614257812,71.82971969324274,70.81438408821906,71.42159266125945,820400
2025-05-12,74.43772888183594,75.75168690552387,74.01965305486128,74.30832662905081,1217500
2025-05-13,75.01507568359375,75.56256135529839,74.45764125020327,74.62686133255758,824200
2025-05-14,75.73177337646484,75.81140902832234,74.62685338898176,74.95534475703862,1173100
2025-05-15,75.07479095458984,75.71186098316889,74.80603012153804,75.44310015011709,491100
2025-05-16,75.56256103515625,75.63224033903484,74.6268610163798,74.89562187577594,784800
2025-05-19,74.3282241821289,75.44310053506783,74.05946334770574,74.93543274285314,850900
2025-05-20,73.71107482910156,74.33818857353128,73.44230637114978,74.14905577678557,488700
2025-05-21,72.67583465576172,73.76084206995291,72.5165633319494,73.0341875398647,907100
2025-05-22,72.99436950683594,73.57171666234518,72.30752521512753,72.5663373183687,896200
2025-05-23,72.7056884765625,73.04412861232368,71.6804041194962,71.6804041194962,948400
2025-05-27,74.99516296386719,75.01507567618606,73.37262625570892,73.80065843686994,988300
2025-05-28,74.4576416015625,75.37342891630398,74.33818811049747,75.06485022414589,690100
2025-05-29,74.77617645263672,75.3734287174369,74.39791086249943,74.90557870509313,706000
2025-05-30,74.62686157226562,74.98521445044616,74.21873450759767,74.44768513317536,1000700
2025-06-02,74.00968933105469,74.26850140533503,73.04412792596644,74.25854505011975,1141600
2025-06-03,74.3083267211914,74.79608185326664,73.40248816714848,73.87033818126079,792900
2025-06-04,73.36266326904297,74.37799886025186,73.36266326904297,74.30831956238254,563100
2025-06-05,72.93463134765625,73.3925325572986,72.37719696301188,72.74550616399415,933000
2025-06-06,73.74093627929688,73.92011271971452,72.84505407720863,73.56175983887923,680200
2025-06-09,73.59161376953125,74.20877868870032,72.8550029653109,73.96987172965005,725300
2025-06-10,74.67662811279297,74.8558045517597,73.1735448911841,73.54184653082851,687700
2025-06-11,74.87571716308594,75.59242291798569,74.58704358989162,74.67662801201679,681500
2025-06-12,74.95535278320312,75.18429581371629,73.63143840858501,74.01965275986782,679100
2025-06-13,72.93463134765625,74.377999085716,72.66587051062383,73.91014911525781,612600
2025-06-16,74.59111022949219,74.9204106034873,73.74291852543779,73.8427044412364,712400
2025-06-17,75.09004974365234,75.37943423764109,73.78283669595974,74.21192299902201,937900
2025-06-18,75.89832305908203,76.42719526343629,74.98028045480001,75.00024220581943,885300
2025-06-20,76.2475814819336,76.46710744024895,75.21976452329423,76.35734065450278,2502100
2025-06-23,76.8363265991211,76.94609338903116,74.97029878382719,75.8783681161419,890300
2025-06-24,77.83419799804688,78.02379655759208,76.98600633737021,77.4450276171108,1207100
2025-06-25,77.9439697265625,78.68239464834811,77.5448184452917,78.01382062979657,1028400
2025-06-26,77.60469055175781,78.62252672692318,77.44503460287909,78.0337768583123,929500
2025-06-27,78.8520278930664,78.87198964347239,77.02592361612935,77.5847308166629,1858600
2025-06-30,78.06371307373047,78.79215707953796,77.47496325348098,78.79215707953796,794700
2025-07-01,80.259033203125,80.72803535946957,77.93398417151477,78.06371270771552,1185600
2025-07-02,81.21699523925781,81.3866320568208,79.84990459690214,80.35882266276846,886800
2025-07-03,81.39661407470703,82.03525307828873,81.11721046228722,81.50638086718301,451200
2025-07-07,80.65818786621094,81.75584816026424,80.24905571657455,80.94757234964653,784200
2025-07-08,81.1571273803711,81.8755981718019,80.82782699876905,81.29682918835181,898100
2025-07-09,83.93121337890625,84.42016968565709,81.007441187378,81.32676067938347,2494900
2025-07-10,85.18853759765625,87.57345672982288,83.93121376138996,84.21061736652085,2906200
2025-07-11,79.49067687988281,83.82144804100986,78.99173968916251,83.82144804100986,3782200
2025-07-14,82.17495727539062,82.22485404185053,79.36095170486692,79.49068025239163,1634700
2025-07-15,81.4065933227539,82.48429947469262,80.91762939761782,82.1051023398379,1728900
2025-07-16,81.516357421875,82.24480142804575,81.18705706190228,81.79576101948444,1094700
2025-07-17,82.26476287841797,83.17282456733889,81.33673943935368,81.65605892305446,1208100
2025-07-18,81.96540069580078,82.67389058969998,81.03737722091192,82.67389058969998,924300
2025-07-21,82.38450622558594,82.80361925043255,81.79576399679013,82.30468206134702,826300
2025-07-22,82.08515167236328,82.90340838975877,81.36668087403015,82.63397803379503,1299300
2025-07-23,83.30255889892578,83.6917293088481,82.48430218919457,82.63397725979733,1485200
2025-07-24,82.14501953125,83.79151379840725,81.79576501716875,83.34246575472214,2048500
2025-07-25,85.75732421875,85.83714838086901,82.85350620106483,84.91910580449496,2762000
2025-07-28,86.17642974853516,86.7053019376052,85.10870449517381,85.75732434736763,1460900
2025-07-29,85.55774688720703,86.64543391616183,84.7993678427516,86.42590033528047,1070600
2025-07-30,86.54564666748047,87.29405243812802,85.79724089683292,86.02674773645228,940900
2025-07-31,84.71953582763672,86.76517372528103,84.3403386932963,86.12653473533402,1158400
2025-08-01,83.4721908569336,83.8214453566174,82.01529522026887,83.8214453566174,1372100
2025-08-04,83.322509765625,83.9611487523792,82.85350759434486,83.52208159404422,1363900
2025-08-05,83.07304382324219,83.4222983407044,81.99533764377807,83.34246656151947,1116400
2025-08-06,83.12294006347656,83.64183139854605,82.57410610151875,83.04310828479589,1167300
2025-08-07,81.9554214477539,83.81146843438762,81.02739795443705,83.73164426867865,1479200
2025-08-08,81.79576110839844,82.38450331640443,80.72803586598627,81.95541704441578,1167000
2025-08-11,81.26689147949219,81.98536224709906,80.90765609568875,81.93546548311296,1270900
2025-08-12,83.22272491455078,83.30255669220918,81.27686530330823,81.32676206763907,1287000
2025-08-13,84.15074920654297,84.28047013660805,83.00319213444362,83.2426798565551,1163100
2025-08-14,83.77155303955078,83.92123572255225,83.10297901707871,83.39236350736756,951500
2025-08-15,82.5441665649414,83.81146362605355,82.43439977856433,83.56199504122874,979200
2025-08-18,82.91337585449219,83.26263796655373,82.1350350817848,82.7138040303231,934600
2025-08-19,83.71167755126953,84.14076382085727,82.80361586313273,83.15287035856997,720700
2025-08-20,83.39236450195312,83.82145080464687,82.46434099208886,83.68174899569334,772400
2025-08-21,83.12294006347656,83.25266099394958,82.61402199085909,82.88344472743455,497600
2025-08-22,85.47792053222656,85.49787466944191,83.32250828046672,83.39235918048614,704900
2025-08-25,86.06666564941406,86.3859851478761,85.12866129191673,85.21847394535966,930800
2025-08-26,86.62547302246094,86.64543477356258,85.56772860939537,85.79724306799997,967600
2025-08-27,87.09447479248047,87.46369105435079,86.2861989797447,86.2861989797447,833700
2025-08-28,86.67536926269531,87.64330862948009,86.39596565438164,87.53354183861724,629100
2025-08-29,85.67749786376953,86.9847109109405,84.9889620813408,86.52568959371389,1047300
2025-09-02,85.44798278808594,85.53779544362861,84.37028421381667,84.62972607832319,803400
2025-09-03,85.1585922241211,86.03672651269022,84.34033557270342,85.61762111851515,908900
2025-09-04,86.28620147705078,86.93482136638356,84.96900755997729,85.30828120515524,880400
2025-09-05,86.27621459960938,87.16432215394568,85.47791969480507,86.45583228549633,592400
2025-09-08,86.1564712524414,86.62547343425352,85.58768315417886,86.32611568490228,882800
2025-09-09,85.1585922241211,86.26623334671024,85.12865721213387,85.86708970264463,713600
2025-09-10,85.0887451171875,85.557747294361,84.64968556651266,84.81932238411834,577300
2025-09-11,85.80721282958984,86.10657817848183,84.80933848418596,85.16857385758553,789900
2025-09-12,84.5,85.78725882108196,84.44012997540268,85.58767938379575,540500
2025-09-15,83.47000122070312,85.43000030517578,83.44000244140625,84.81999969482422,841800
2025-09-16,82.1500015258789,83.66999816894531,80.70999908447266,83.47000122070312,1157000
2025-09-17,82.83999633789062,83.76000213623047,81.98999786376953,82.55000305175781,753300
2025-09-18,83.30000305175781,83.7699966430664,82.38999938964844,82.81999969482422,956500
2025-09-19,83.30000305175781,83.80000305175781,82.86000061035156,83.45999908447266,1326500
2025-09-22,83.45999908447266,83.62000274658203,82.55999755859375,83.27999877929688,942000
2025-09-23,85.0999984741211,85.5,83.36000061035156,83.79000091552734,847300
2025-09-24,84.41000366210938,85.37000274658203,84.06999969482422,84.94000244140625,508500
2025-09-25,84.48999786376953,84.81999969482422,83.80999755859375,84.0,498100
