Price,Close,High,Low,Open,Volume
Ticker,GOOGL,GOOGL,GOOGL,GOOGL,GOOGL
Date,,,,,
2010-01-04,15.576997756958008,15.64559450042104,15.514616157859551,15.58196835702282,78169752
2010-01-05,15.508400917053223,15.604087803287278,15.447510123214931,15.58768425589215,120067812
2010-01-06,15.11745548248291,15.554878721182552,15.070233833166926,15.554878721182552,158988852
2010-01-07,14.76552677154541,15.160699878266776,14.729489922624955,15.145787131571746,256315428
2010-01-08,14.962369918823242,14.992938921586422,14.641508573259287,14.713336021548937,188783028
2010-01-11,14.939751625061035,15.023011066988275,14.764035994896707,15.023011066988275,288227484
2010-01-12,14.675558090209961,14.866433674837447,14.613920945888562,14.853758076662158,193937868
2010-01-13,14.591304779052734,14.623365529018814,14.263485741718624,14.327856339944463,259604136
2010-01-14,14.65989875793457,14.76801213968673,14.484929486165681,14.512019632598573,169434396
2010-01-15,14.415093421936035,14.752108272726423,14.36637907570012,14.746639475744598,217162620
2010-01-19,14.604475975036621,14.674066268368604,14.322885048322975,14.444916686364722,172495332
2010-01-20,14.42528247833252,14.563716726771856,14.298033027647836,14.563716726771856,129897972
2010-01-21,14.489156723022461,14.584594521046384,14.222477578812109,14.50058967189256,252055692
2010-01-22,13.669733047485352,14.181468082831202,13.293200610772004,14.029861935247286,271743984
2010-01-25,13.420948028564453,13.666502114937794,13.30935483564237,13.584732522721277,176619204
2010-01-26,13.481094360351562,13.659543463214419,13.328742804197354,13.370496605790738,174045780
2010-01-27,13.473139762878418,13.611077699445854,13.304383727901032,13.45251101546405,158417424
2010-01-28,13.279034614562988,13.594924412420125,13.187324764908512,13.532541862562208,129034836
2010-01-29,13.170921325683594,13.445553627481699,13.06330517514195,13.383420175406552,165454380
2010-02-01,13.247469902038574,13.316812048723884,13.179868602012386,13.286738401759562,89941968
2010-02-02,13.200247764587402,13.29568555907935,13.113011270783256,13.29568555907935,163684152
2010-02-03,13.441326141357422,13.473138736185447,13.128419890888805,13.139355588753649,119844036
2010-02-04,13.09238338470459,13.371239919118052,13.06206158790237,13.346386918927815,134972892
2010-02-05,13.204472541809082,13.259399186257346,12.985016009438398,13.132645099948505,126113760
2010-02-08,13.258652687072754,13.470655211437574,13.210437489625916,13.234545088349334,107664228
2010-02-09,13.332468032836914,13.45897301803645,13.298418287634778,13.409514224025036,112671216
2010-02-10,13.283011436462402,13.366021786940646,13.114999843401526,13.273566538239281,106873020
2010-02-11,13.331474304199219,13.433126296269839,13.159984812614718,13.254925357997125,96303600
2010-02-12,13.249955177307129,13.350115424236787,13.184839177530165,13.24622817426535,91096812
2010-02-16,13.453258514404297,13.523594214258695,13.279282766329866,13.343157064581717,146029824
2010-02-17,13.376460075378418,13.505451318205498,13.361548274753778,13.4706561696062,81106812
2010-02-18,13.5009765625,13.545464758853486,13.32501277481534,13.35980792223477,93382524
2010-02-19,13.439837455749512,13.521107907740223,13.413492705707304,13.434121454796617,102021876
2010-02-22,13.490537643432617,13.607349581724277,13.445801297490965,13.603620684682541,85698216
2010-02-23,13.298418045043945,13.511165016609562,13.229325951366764,13.49550781695258,114789096
2010-02-24,13.20894718170166,13.382176583520769,13.185087731512619,13.271329732106608,92970936
2010-02-25,13.083684921264648,13.13488267028058,12.923875582702813,13.100832923224383,132235632
2010-02-26,13.092880249023438,13.215906393813263,13.010366201137925,13.10829024637301,81890028
2010-03-01,13.23926830291748,13.254181050485839,13.116243107972961,13.152529057296006,89426484
2010-03-02,13.447293281555176,13.561619929970844,13.296929780936079,13.308609933936832,174097728
2010-03-03,13.553170204162598,13.62275955415463,13.402308509988126,13.479602858580805,123452424
2010-03-04,13.783561706542969,13.821835704906404,13.575039924664832,13.582495824568742,127224648
2010-03-05,14.022653579711914,14.108648375005304,13.915535627330684,13.951573426812129,156331512
2010-03-08,13.979657173156738,14.046763119149722,13.943123071241631,14.036820971331224,95360544
2010-03-09,13.92274284362793,14.033838787440981,13.831032050902909,13.914291497404324,126936936
2010-03-10,14.326862335205078,14.37781193249888,13.972945763874614,14.011468861131334,225969804
2010-03-11,14.443424224853516,14.569431957761662,14.270939301164134,14.27243104935513,169162668
2010-03-12,14.40365982055664,14.620880161638711,14.394214922559884,14.61740036267761,110025864
2010-03-15,13.997056007385254,14.15288831473729,13.818606898938826,14.084043412473875,185969844
2010-03-16,14.047260284423828,14.127289038499347,13.936910676993438,13.963503579865543,137122740
2010-03-17,14.056206703186035,14.202595046750005,14.023647756393537,14.124305252040873,132731136
2010-03-18,14.0770845413208,14.12778599282577,13.991587938895094,14.035329791930792,71016912
2010-03-19,13.91801929473877,14.116848020031103,13.850417054568517,13.91801929473877,191576232
2010-03-22,13.85588550567627,14.088266736448327,13.775856762680203,13.821339457128563,160031808
2010-03-23,13.644631385803223,13.876018136617859,13.470656584588996,13.844454634894985,219831948
2010-03-24,13.85166072845459,13.914291426373357,13.413492099888286,13.557890495566253,262345392
2010-03-25,13.989599227905273,14.216263526962797,13.884716530610364,13.893663232303107,157078764
2010-03-26,13.984875679016113,14.101687618429436,13.91851703358896,14.048998122766843,107740152
2010-03-29,13.978912353515625,14.035329806270674,13.93218795067991,13.992582452156016,124055820
2010-03-30,14.084787368774414,14.107652317160603,13.9249780397779,13.988355081172765,79036884
2010-03-31,14.094977378845215,14.160094322635434,13.987858486147763,14.043530532213207,121110768
2010-04-01,14.136731147766113,14.252301386236413,14.055957003550214,14.20010819199658,84023892
2010-04-05,14.191658973693848,14.287841221765307,14.141701980345458,14.188924575366105,75983940
2010-04-06,14.12231731414795,14.188676911173122,14.052229766936644,14.15313541454338,82321596
2010-04-07,14.006002426147461,14.135489023422842,13.964248626916312,14.099452172112917,103136760
2010-04-08,14.10417366027832,14.162829204921959,13.919263166313009,14.000534562900016,77822100
2010-04-09,14.072608947753906,14.135985041679556,14.017433206841995,14.10417244558052,82181736
2010-04-12,14.234406471252441,14.265969022258533,14.072609090964427,14.100693737538448,94001904
2010-04-13,14.583351135253906,14.635792480718568,14.194641311840863,14.229435511865963,156335508
2010-04-14,14.638774871826172,14.721785216986751,14.514755182796002,14.665118672703553,135971892
2010-04-15,14.7953519821167,14.858480876200346,14.621129039802732,14.717560386098993,270201528
2010-04-16,13.673213958740234,14.136981035007771,13.660290207735596,13.992582624827172,488930580
2010-04-19,13.671969413757324,13.768650809129793,13.545217212800045,13.638416914848953,155604240
2010-04-20,13.794746398925781,13.909570295312575,13.695828802162188,13.773124098455492,118976904
2010-04-21,13.77635383605957,13.924232971414218,13.723167091216489,13.830036883178458,95564340
2010-04-22,13.596414566040039,13.731618109485614,13.504207471313931,13.719191609194853,131096772
2010-04-23,13.544966697692871,13.652583788766247,13.477365399907466,13.601136941271253,83492424
2010-04-26,13.213171005249023,13.544966124302247,13.152776511864758,13.544469822027748,174577248
2010-04-27,13.149049758911133,13.379441992814222,13.103567064299579,13.146315360640719,153634212
2010-04-28,13.1522798538208,13.292453986897137,12.949474080252166,13.224603595529814,136107756
2010-04-29,13.222119331359863,13.333961630949998,13.089650176306886,13.256170028427755,122233644
2010-04-30,13.065540313720703,13.363285672110162,13.059077965916925,13.20049569280863,97318584
2010-05-03,13.187324523925781,13.244984623537881,13.050131978692479,13.085425324266343,74237688
2010-05-04,12.58512020111084,13.091388294384721,12.531437154840209,13.085920445161545,242808948
2010-05-05,12.6693754196167,12.817502718716895,12.438484973273175,12.451160572361745,183104712
2010-05-06,12.393747329711914,12.862237726212706,11.432658938269995,12.644271052866804,199803996
2010-05-07,12.256309509277344,12.559026471897996,11.962787400003796,12.426059117994694,203356440
2010-05-10,12.964884757995605,12.99396390672486,12.739960355586087,12.77400915754257,164954880
2010-05-11,12.651728630065918,12.92089306513702,12.631099882007081,12.81626041795815,132771096
2010-05-12,12.56076431274414,12.726041502888567,12.476511314484547,12.726041502888567,153917928
2010-05-13,12.697211265563965,12.973582501162122,12.68453566712667,12.83688721095335,132898968
2010-05-14,12.613951683044434,12.699945532167229,12.333603381113091,12.669623733286068,164475360
2010-05-17,12.624885559082031,12.634578607277362,12.38579384311677,12.595310112243315,111640248
2010-05-18,12.38629150390625,12.699446870074246,12.353981657895917,12.675339271490097,112906980
2010-05-19,12.288369178771973,12.412885174727569,12.122098436825409,12.33385092772255,137690172
2010-05-20,11.805712699890137,12.068415744231134,11.775639999897091,12.05574014522616,196335468
2010-05-21,11.732144355773926,12.053999220968223,11.542015122571636,11.657832561872269,387244368
2010-05-24,11.859147071838379,12.1730478533905,11.850200370585458,11.947874366637473,173650176
2010-05-25,11.856911659240723,11.866355610556637,11.532323308241034,11.635216062348384,120575304
2010-05-26,11.817144393920898,12.172301702367587,11.80546234792785,11.981177974384993,138884976
2010-05-27,12.189701080322266,12.235680080215758,11.955828085189903,12.05275763241619,112251636
2010-05-28,12.069656372070312,12.264012698075732,12.004291279325022,12.246365553218526,115676208
2010-06-01,11.988635063171387,12.204613722695715,11.932714858827365,11.940419858104795,106565328
2010-06-02,12.262024879455566,12.274451380249301,11.966018432270918,12.095754131411356,101530368
2010-06-03,12.565983772277832,12.625632867028198,12.295079440165281,12.305268791388318,145881972
2010-06-04,12.394990921020508,12.656699460734691,12.344786722695089,12.41984486903125,156655188
2010-06-07,12.066924095153809,12.449420693157757,12.008021344753615,12.403441693026267,145162692
2010-06-08,12.048531532287598,12.14943717335395,11.86859070040094,12.124831377721797,107296596
2010-06-09,11.781105995178223,12.150430660271706,11.730902746764944,12.109174112820824,109050840
2010-06-10,12.103955268859863,12.140987566723071,11.826341372601878,11.938927173126228,103012884
2010-06-11,12.140987396240234,12.146207094714834,11.9699951508924,11.991866549400013,71196732
2010-06-14,12.009014129638672,12.290108758243237,12.009014129638672,12.289611508814305,81534384
2010-06-15,12.376849174499512,12.43674737739839,11.983915031313325,12.006282735170947,170213616
2010-06-16,12.458368301391602,12.52621870043737,12.330123403760554,12.331615152137749,91480428
2010-06-17,12.428791999816895,12.572693141993122,12.344538057241081,12.512548692967686,79012908
2010-06-18,12.4275484085083,12.513045001115861,12.380327708802506,12.489185552979457,114801084
2010-06-21,12.142477035522461,12.450910892627526,12.051264447226579,12.424317047636489,119220660
2010-06-22,12.085065841674805,12.342301022318193,12.072142092213744,12.175782133329694,88699212
2010-06-23,11.980680465698242,12.100972206944478,11.884000968924813,12.100972206944478,81082836
2010-06-24,11.807948112487793,11.998078296286794,11.76221726694868,11.921281201059738,75668256
2010-06-25,11.747802734375,11.871325174175604,11.695113238254068,11.856661525443908,89718192
2010-06-28,11.732890129089355,11.868839059451707,11.656589341265668,11.745565726396228,70421508
2010-06-29,11.289999961853027,11.545742446312413,11.21195926874518,11.518155995180573,139943916
2010-06-30,11.058612823486328,11.37872686676801,11.052896822636557,11.307396669585383,143983872
2010-07-01,10.92291259765625,11.14435815399078,10.777270593252728,11.067062853624215,140403456
2010-07-02,10.849843978881836,10.992254342262788,10.836173879687399,10.97585173865652,77362560
2010-07-06,10.837913513183594,11.126214954190466,10.777269917726475,11.035001409852013,102301596
2010-07-07,11.189092636108398,11.216183730313436,10.820762486787682,10.893583476822096,125062812
2010-07-08,11.347162246704102,11.366301141057203,11.175673699533409,11.272353198770942,106649244
2010-07-09,11.618812561035156,11.762217402096041,11.5017524682974,11.729908502049353,173086740
2010-07-12,11.826091766357422,11.915813559590214,11.70803717405818,11.740097923152227,133242624
2010-07-13,12.158384323120117,12.252579468334686,11.93669063310088,11.985652180749211,158892948
2010-07-14,12.211572647094727,12.273457000505156,12.090286399031234,12.175285748997748,124595280
2010-07-15,12.278177261352539,12.295078057297337,11.99633726199717,12.221263518451686,194133672
2010-07-16,11.422966957092285,11.6951139513586,11.420729808118242,11.659325250624798,312679008
2010-07-19,11.58625602722168,11.6724980319593,11.371022768569208,11.457762969940644,181829988
2010-07-20,11.96924877166748,12.004043919981214,11.447572539538546,11.458258193328337,162017820
2010-07-21,11.867596626281738,12.071397860533729,11.816150725778124,12.02914586536709,131052816
2010-07-22,12.049277305603027,12.152917348119926,11.991368109818502,12.010008807259421,85822092
2010-07-23,12.17975902557373,12.19293092600995,11.929979748149465,11.94886859624032,90485424
2010-07-26,12.152667045593262,12.196906139632876,12.051016010894546,12.155648647632242,79728192
2010-07-27,12.243631362915039,12.364668492553788,12.182491473153235,12.192681770494096,97949952
2010-07-28,12.03784465789795,12.308749946148172,11.996090858471248,12.301044947546952,99740160
2010-07-29,12.053750991821289,12.150431439204654,11.91307959593712,12.077610441153496,106912980
2010-07-30,12.050271987915039,12.112654540195857,11.908357932612535,11.921033532290268,85678236
2010-08-02,12.188457489013672,12.259786734344377,12.102215496800323,12.15316509305679,74273652
2010-08-03,12.174042701721191,12.239407799253652,12.097741904884112,12.19069440183158,72019908
2010-08-04,12.583879470825195,12.600779322068762,12.204364484890032,12.232449133720063,152347500
2010-08-05,12.628117561340332,12.64054500891537,12.515282664266222,12.573191861140346,96719184
2010-08-06,12.432271957397461,12.569463559535668,12.328632855160846,12.561014107125729,132647220
2010-08-09,12.559769630432129,12.563498527619512,12.460604833220591,12.482724382347882,74813112
2010-08-10,12.519010543823242,12.57592618862694,12.391262899807595,12.485208947408506,82877040
2010-08-11,12.221513748168945,12.37709694805914,12.215548648921942,12.370386448191718,88831080
2010-08-12,12.228224754333496,12.296323307607219,11.99211554625837,12.027656097768729,88095816
2010-08-13,12.087552070617676,12.207842863881181,12.07910072461054,12.153413467826931,77310612
2010-08-16,12.06866455078125,12.17503805459635,11.942159546444469,12.021193800080397,52147800
2010-08-17,12.191190719604492,12.295078907917231,12.079598480421671,12.141731925359986,75552372
2010-08-18,11.98316764831543,12.199890752108113,11.968255847031825,12.189204150616566,107348544
2010-08-19,11.630743026733398,11.992114558714073,11.612847729725116,11.954833163517714,156843000
2010-08-20,11.482864379882812,11.72071347824554,11.458010431060378,11.63074352844973,156547296
2010-08-23,11.5338134765625,11.637701671045718,11.376242232509469,11.469940128463751,119328552
2010-08-24,11.218668937683105,11.39214741104944,11.206986891982623,11.375494765718981,110397492
2010-08-25,11.298945426940918,11.378228761375025,11.184121548696119,11.184121548696119,103580316
2010-08-26,11.208479881286621,11.364560326089336,11.19505888194288,11.334736725007069,71008920
2010-08-27,11.403580665588379,11.432410714898195,11.125716728005996,11.24774837205394,92403504
2010-08-30,11.250978469848633,11.42669313988179,11.244267971106254,11.411532243146537,49206744
2010-08-31,11.18462085723877,11.305160757619799,11.134416656938638,11.186858006261689,77794128
2010-09-01,11.440861701965332,11.555436504494097,11.246258148767652,11.307895298981048,129002868
2010-09-02,11.511693954467773,11.542760205284907,11.440363758879693,11.50324450253059,67300632
2010-09-03,11.688652038574219,11.727921486953315,11.6175709367688,11.69411988849324,101514384
2010-09-07,11.542015075683594,11.621297469122922,11.50771623193554,11.544499428461632,68327604
2010-09-08,11.695608139038086,11.743327029483185,11.544747417548361,11.561647265950805,95975928
2010-09-09,11.83479118347168,11.939673882785765,11.695610583677519,11.87580053106326,97126776
2010-09-10,11.833796501159668,11.924512798496929,11.807452698299556,11.905374850679593,78893028
2010-09-13,11.986149787902832,12.037844788297436,11.918050291230571,11.952100986708519,89570340
2010-09-14,11.94041919708252,12.04778719582076,11.93172064644374,11.979687697679621,88571340
2010-09-15,11.945636749267578,11.976703945571625,11.892450004703273,11.928488748015031,96015888
2010-09-16,11.956076622009277,11.990622671311126,11.915067277197316,11.92848922336874,78701220
2010-09-17,12.181994438171387,12.208090086212726,11.959058119767121,12.022931461543102,225438336
2010-09-20,12.632591247558594,12.68552889455446,12.229465932176753,12.24040163088523,175963860
2010-09-21,12.761332511901855,12.923378995783407,12.6482485213528,12.667386467774628,178473348
2010-09-22,12.824461936950684,12.868700089016057,12.717093942471683,12.74642124117535,101382516
2010-09-23,12.76183032989502,12.916170875285676,12.70764908304577,12.78991497864205,92603304
2010-09-24,13.105057716369629,13.118478715001787,12.880629636702318,12.967120727252173,134141724
2010-09-27,13.182602882385254,13.342659429416711,13.143829738181626,13.143829738181626,124171704
2010-09-28,13.10207462310791,13.261634851810166,12.885351550593189,13.258901400826076,146041812
2010-09-29,13.114997863769531,13.24547988968275,13.04093517323855,13.118974911668907,86801112
2010-09-30,13.067779541015625,13.218888445794642,12.897034491435374,13.151535294670515,129634236
2010-10-01,13.063553810119629,13.187821657004339,12.998436863546985,13.172411659757216,88911000
2010-10-04,12.982282638549805,13.128918188966619,12.895294291790481,13.046901389653915,77542380
2010-10-05,13.376956939697266,13.420947886843596,13.08666650818916,13.132149203640088,140143716
2010-10-06,13.280525207519531,13.419705803789807,13.17092100888469,13.40255685398396,110381508
2010-10-07,13.172660827636719,13.35135807385508,13.151038527144223,13.326753223787446,95736168
2010-10-08,13.330231666564941,13.36129886428222,13.113260426265128,13.241257167203303,114253632
2010-10-11,13.392117500305176,13.535275145545302,13.350612798444951,13.383170798637673,104946948
2010-10-12,13.455493927001953,13.569820569846993,13.366021231607323,13.423930427181636,149993856
2010-10-13,13.502964973449707,13.6071013202001,13.478857373185603,13.594923918063,122101776
2010-10-14,13.444063186645508,13.551430241760745,13.34912168570821,13.524837339507986,265098636
2010-10-15,14.948202133178711,14.952924582235585,14.703394389951624,14.894021833168797,592399008
2010-10-18,15.352320671081543,15.401531313858966,14.925833169385852,14.925833169385852,283644072
2010-10-19,15.106767654418945,15.280494285731182,14.983245217910694,15.132117902955502,183332484
2010-10-20,15.110496520996094,15.344120409801285,15.098567270120395,15.114472622240728,140862996
2010-10-21,15.210159301757812,15.309821348320344,15.061285662637538,15.198229103908448,116703180
2010-10-22,15.223581314086914,15.280496014522347,15.16194416442662,15.208419467478096,90153756
2010-10-25,15.322249412536621,15.527043257681695,15.284223562858815,15.29963261308319,126209664
2010-10-26,15.37444019317627,15.439805285161814,15.186299013440559,15.237745857752078,100415484
2010-10-27,15.321504592895508,15.409238342751467,15.218610890538258,15.304107491337112,89586324
2010-10-28,15.373945236206055,15.434090635398706,15.242717791345406,15.410479337227411,87284628
2010-10-29,15.252657890319824,15.38438162797637,15.23501169253964,15.336414581635346,91040868
2010-11-01,15.284968376159668,15.425639767731878,15.190773231772711,15.303111824113218,123360516
2010-11-02,15.299880027770996,15.409237016723425,15.274529778253312,15.376180821751758,79824096
2010-11-03,15.413708686828613,15.454717082163825,15.247687055003697,15.347101892049448,135084780
2010-11-04,15.515360832214355,15.655785021753621,15.4614286841731,15.524557579035342,142689168
2010-11-05,15.535493850708008,15.54568320250474,15.436824403526703,15.488271253396098,70557372
2010-11-08,15.577495574951172,15.645097822011923,15.487029324471203,15.509147927281848,83967948
2010-11-09,15.529029846191406,15.678897028961151,15.421910958175088,15.657771979858913,89398512
2010-11-10,15.480816841125488,15.483799390849354,15.347352239906327,15.460933492013668,99780120
2010-11-11,15.339397430419922,15.405507925245805,15.265333786237978,15.401779975279693,90373536
2010-11-12,14.993932723999023,15.332190207955238,14.942236777839128,15.259866460703089,135584280
2010-11-15,14.799577713012695,15.011578346505996,14.764284369764809,14.988712450236493,139016844
2010-11-16,14.507548332214355,14.859723127026154,14.500837832438272,14.732224578422372,132163704
2010-11-17,14.503321647644043,14.651200788390707,14.449141349132065,14.539360392458756,97602300
2010-11-18,14.826667785644531,14.911667127803984,14.62783905356712,14.638774752224098,103496400
2010-11-19,14.684257507324219,14.859723105877283,14.672079157853776,14.837604503047663,91808100
2010-11-22,14.693948745727539,14.749124488976479,14.483438912356622,14.600748102226001,87376536
2010-11-23,14.489900588989258,14.639022369393423,14.370354255822845,14.589315424972607,86417496
2010-11-24,14.787150382995605,14.827661530496847,14.590309698889348,14.596771099998799,95760144
2010-11-26,14.663628578186035,14.737692225862606,14.589067681062168,14.67506057976482,52391556
2010-11-29,14.467534065246582,14.658658767385175,14.413850064883754,14.643000618232065,114273612
2010-11-30,13.81139850616455,14.273922880067099,13.75174941133939,14.273922880067099,284411304
2010-12-01,14.026132583618164,14.205575210973253,13.977667342208452,13.992580088465944,150013836
2010-12-02,14.211790084838867,14.249319632329492,14.050987188000697,14.133253085093195,101814084
2010-12-03,14.24111557006836,14.32760570866224,14.116847737639207,14.152885532172082,105142752
2010-12-06,14.374330520629883,14.464798656991105,14.33083777251481,14.42925811081798,83668248
2010-12-07,14.592547416687012,14.738189411313064,14.56421461687402,14.69519296214844,121566312
2010-12-08,14.67704963684082,14.72626028376942,14.506802791100649,14.712590186051683,70205724
2010-12-09,14.700908660888672,14.802310607083095,14.638775212926292,14.760060506525088,74681244
2010-12-10,14.718554496765137,14.762794541114605,14.670835600740498,14.741667597072574,68119812
2010-12-13,14.778450965881348,14.98672459933998,14.765279065307402,14.840585360175737,95844060
2010-12-14,14.785658836364746,14.869663676544421,14.725264344870974,14.839839131062616,65666268
2010-12-15,14.6710844039917,14.823934147605495,14.642502505906226,14.76801394861738,86621292
2010-12-16,14.706127166748047,14.75732491155775,14.615659032607105,14.734459963681495,63812124
2010-12-17,14.683511734008789,14.727253583387965,14.605719190066013,14.688482334133118,123360516
2010-12-20,14.789387702941895,14.85947525158611,14.63032470318096,14.77919835108154,78853068
2010-12-21,14.988463401794434,15.029471795942046,14.852762621992024,14.87662206853503,75104820
2010-12-22,15.04861068725586,15.08614023466417,14.993684986070837,15.011579336443974,48251700
2010-12-23,15.017294883728027,15.061285831292055,14.962617335350906,15.04488322977817,44387568
2010-12-27,14.971315383911133,15.00610958133021,14.899737044365406,14.980262084390787,48275676
2010-12-28,14.885323524475098,15.008348723112388,14.86270577772237,14.963114176748757,42549408
2010-12-29,14.937017440795898,14.972060738591136,14.88532244380506,14.961871387590266,40727232
2010-12-30,14.883830070495605,14.945218113629679,14.84729597311216,14.86245592340691,39540420
2010-12-31,14.762296676635742,14.87289536928475,14.714081477245564,14.831140623967578,61510428
2011-01-03,15.02027702331543,15.051096069169152,14.824678989096942,14.824678989096942,94513392
2011-01-04,14.964852333068848,15.06575891694026,14.915145388803369,15.051840669460578,72907020
2011-01-05,15.137585639953613,15.168901934046568,14.91340571722328,14.913902966630454,101190708
2011-01-06,15.247688293457031,15.370216240008231,15.161943545986444,15.177600747140055,82229688
2011-01-07,15.320757865905762,15.365743314248844,15.163932963170742,15.307585964480227,83963952
2011-01-10,15.265334129333496,15.29466142743947,15.124910888886793,15.279996831244702,63104832
2011-01-11,15.310070991516113,15.379412190772724,15.272542391467695,15.35232204064313,57514428
2011-01-12,15.331445693969727,15.393082843944946,15.279253442492486,15.393082843944946,65242692
2011-01-13,15.326971054077148,15.401034698856087,15.264090312144928,15.333929704641632,53306640
2011-01-14,15.513124465942383,15.515360667694607,15.336663427291256,15.34461657685222,94529376
2011-01-18,15.897113800048828,15.955768396671877,15.540214673067378,15.559848922324512,144535320
2011-01-19,15.70126724243164,15.979875639537479,15.649323143455666,15.958998739484082,136107756
2011-01-20,15.577495574951172,15.759176317945125,15.491005425811464,15.71269912193086,219212568
2011-01-21,15.206183433532715,15.949306195366074,15.194502333064714,15.89587224061032,355819824
2011-01-24,15.187542915344238,15.222587164306844,14.94273610493571,15.100307361115814,183784032
2011-01-25,15.406999588012695,15.42638568663406,15.074209946435627,15.115963746104583,145726128
2011-01-26,15.322249412536621,15.471123057651123,15.291927614400093,15.417439059451011,81442476
2011-01-27,15.329456329345703,15.401780074581412,15.24147443643796,15.356795576415227,80687232
2011-01-28,14.936769485473633,15.418183650185378,14.906199537786751,15.38612195421473,169074756
2011-01-31,14.921111106872559,15.023259397771774,14.801565716257658,15.001637098696788,112083804
2011-02-01,15.18654727935791,15.243959222698196,14.989458450240292,15.023755399565472,109702188
2011-02-02,15.210407257080078,15.268564602992551,15.099311316390708,15.185553309975063,70357572
2011-02-03,15.1644287109375,15.196738558992259,15.064516617260594,15.147776063896819,59744196
2011-02-04,15.185057640075684,15.19648964167816,15.076446994859513,15.164428891533683,61969968
2011-02-07,15.26732349395752,15.369222692053729,15.141065702952954,15.164677000978164,71912016
2011-02-08,15.368972778320312,15.400039974976147,15.272789586112857,15.283228982519693,67728204
2011-02-09,15.322249412536621,15.395567660607734,15.21885846462691,15.331445212440023,73626300
2011-02-10,15.320757865905762,15.347103563040493,15.1994725660463,15.257629915814917,93282624
2011-02-11,15.521078109741211,15.53350555748592,15.235261018740118,15.254896215691232,103492404
2011-02-14,15.611793518066406,15.648825816003045,15.410231320665098,15.492248119241154,85034880
2011-02-15,15.512377738952637,15.660008725228547,15.486282089155537,15.591164779193704,83596320
2011-02-16,15.514117240905762,15.5707828332674,15.461426802170218,15.549160535881162,67292640
2011-02-17,15.539965629577637,15.58942442374475,15.41619504216367,15.440302640699366,59092848
2011-02-18,15.659760475158691,15.687098774773423,15.513123988658114,15.558357584590775,128587284
2011-02-22,15.16592025756836,15.531765136744937,15.105276663521009,15.409981646356226,145450404
2011-02-23,15.193507194519043,15.277512990456328,15.011579247990191,15.168903291650045,115468416
2011-02-24,15.131373405456543,15.237498748910413,14.945716565770512,15.195246753591647,108359532
2011-02-25,15.161693572998047,15.278008262607987,15.148273521558513,15.206928115781633,77218704
2011-02-28,15.24520206451416,15.32200010582981,15.111240230273092,15.160699972238254,91168740
2011-03-01,14.931053161621094,15.389851494378892,14.894766264709602,15.3540618469161,132795072
2011-03-02,14.931798934936523,15.061285527821637,14.79261834602924,14.907193138877902,80986932
2011-03-03,15.149764060974121,15.197732054016306,15.036430975547294,15.070729819106116,77734188
2011-03-04,14.927573204040527,15.135349581144979,14.917133807816555,15.119193237397154,120319560
2011-03-07,14.704885482788086,15.003874479096499,14.589068033013511,14.925834728242515,138369492
2011-03-08,14.721038818359375,14.861958348236485,14.668597477017324,14.736447866587483,91304604
2011-03-09,14.707619667053223,14.775719163438762,14.558000621927668,14.688482666712892,85953960
2011-03-10,14.422548294067383,14.57962228554541,14.40142229684164,14.550295934857191,124998876
2011-03-11,14.333325386047363,14.415094038842684,14.249320531273058,14.370853988763725,121158720
2011-03-14,14.166308403015137,14.3725930510637,14.117346853516189,14.236146852619624,112531356
2011-03-15,14.155619621276855,14.19140926629786,13.806177358259689,13.855885251185626,160063776
2011-03-16,13.84594440460205,14.161337898739713,13.701297851256777,14.117097850938165,151788060
2011-03-17,13.95181941986084,14.141700490240844,13.931439772261768,14.02936285661241,115856028
2011-03-18,13.944363594055176,14.116599415783886,13.911557447398533,14.033339031393044,131812056
2011-03-21,14.328104019165039,14.410121760726883,14.142199979716839,14.172023579766487,120715164
2011-03-22,14.348483085632324,14.39595382920939,14.228937697721978,14.347240435680746,75400524
2011-03-23,14.468777656555176,14.475984458929785,14.216263955164052,14.295547305561449,72575352
2011-03-24,14.586333274841309,14.623612773820733,14.385266448638463,14.550046380407881,83864052
2011-03-25,14.40863037109375,14.586830363821523,14.396202923621955,14.586085910371875,114221664
2011-03-28,14.299772262573242,14.53911216383945,14.28361686422701,14.4665393147169,88647264
2011-03-29,14.458089828491211,14.46206687706346,14.24136672770412,14.315678529068762,64127808
2011-03-30,14.460823059082031,14.551786553731034,14.429506763922987,14.523950057398942,56835108
2011-03-31,14.58310317993164,14.617897380423956,14.458337140170853,14.489653436040788,81094824
2011-04-01,14.708365440368652,14.792619389659022,14.632810988855073,14.632810988855073,104423472
2011-04-04,14.605969429016113,14.781435036818452,14.49213907814053,14.738190433502865,82097820
2011-04-05,14.143939018249512,14.452123797775872,14.059187825023052,14.441934446553487,241658100
2011-04-06,14.2704439163208,14.294799666922449,14.116848776992882,14.220736969117803,106625268
2011-04-07,14.415093421936035,14.430999721990203,14.270693124213146,14.30896807309304,101158740
2011-04-08,14.36936092376709,14.536626164472906,14.36687657084313,14.536626164472906,75995928
2011-04-11,14.349727630615234,14.367870131678359,14.241116986819325,14.320648483257362,74253672
2011-04-12,14.181716918945312,14.338294610978261,14.118090774968339,14.290823864500657,83340576
2011-04-13,14.322636604309082,14.35544370192926,14.210049858708564,14.30349960426821,82693224
2011-04-14,14.378060340881348,14.40142254022574,14.21874919784536,14.295546295446975,218033748
2011-04-15,13.189809799194336,13.56385599249876,13.173903499528443,13.552423990773898,561186252
2011-04-18,13.093873977661133,13.114254574063198,12.89902229184409,13.083435528318855,201390408
2011-04-19,12.961902618408203,13.194283875864768,12.946245416178675,13.171169825703895,107256636
2011-04-20,13.066286087036133,13.093377181789949,12.958421798851557,13.070511286270367,122277600
2011-04-21,13.050628662109375,13.129661954828691,12.983274573796868,13.11002770721267,98705196
2011-04-25,13.049386978149414,13.097851279333835,12.973831578706713,13.054357578564037,65166768
2011-04-26,13.242500305175781,13.357323263458108,13.05336364718142,13.085922596739811,139860000
2011-04-27,13.365275382995605,13.373974880570279,13.280525133351427,13.371240482149148,91844064
2011-04-28,13.37049674987793,13.402309350890357,13.273815349569919,13.372732951824766,79920000
2011-04-29,13.522847175598145,13.522847175598145,13.383915682539497,13.420947979278086,168970860
2011-05-02,13.38515853881836,13.56335948026294,13.349368891553116,13.56261313252311,85262652
2011-05-03,13.269094467163086,13.470905782654981,13.163217261527592,13.34962047241535,83176740
2011-05-04,13.316314697265625,13.396094346160009,13.247469800561449,13.30090564716753,84595320
2011-05-05,13.278535842895508,13.406531628739488,13.209691899327362,13.268346492196526,79832088
2011-05-06,13.3041353225708,13.457233207136655,13.30115277324267,13.374968264474155,82161756
2011-05-09,13.363286972045898,13.383419417931782,13.199750629178268,13.296679225671944,77870052
2011-05-10,13.487058639526367,13.531049587508967,13.359808244586905,13.420948141976837,81634284
2011-05-11,13.30786418914795,13.509178231959451,13.26412233931961,13.424427983542506,93458448
2011-05-12,13.29792308807373,13.344896586080186,13.195028443393273,13.3026445899905,57874068
2011-05-13,13.161226272583008,13.319543849048834,13.148798826346278,13.286985853134835,84263652
2011-05-16,12.88460636138916,13.104562048347193,12.834403110370946,13.080702599306541,118209672
2011-05-17,13.183844566345215,13.202733415399653,12.80035442587744,12.810295626282363,132011856
2011-05-18,13.16769027709961,13.180614027212792,13.06554197911818,13.160979777315667,78049872
2011-05-19,13.203479766845703,13.334954415378002,13.16545297043096,13.240262966067675,98649252
2011-05-20,13.024035453796387,13.221869687816975,13.001666806974775,13.217147239027858,92607300
2011-05-23,12.883861541748047,12.923875440163002,12.759841851063435,12.83937334560515,91908000
2011-05-24,12.880629539489746,13.022295424617404,12.877896088412818,12.933070883643385,75924000
2011-05-25,12.91567325592041,12.992718498041127,12.855526916128268,12.857514966570353,52011936
2011-05-26,12.877399444580078,12.976565189976192,12.799607847955254,12.866711896623539,84655260
2011-05-27,12.946245193481445,12.968364744299814,12.831917594775291,12.886098844435509,69762168
2011-05-31,13.148054122924805,13.14879857628631,13.010862544671298,13.04814204124742,107384508
2011-06-01,13.063055992126465,13.251942580770905,13.055848243266805,13.12369863814978,118117764
2011-06-02,13.124197006225586,13.179869056992098,12.98551365520932,13.112017709184013,88091820
2011-06-03,13.0004243850708,13.112762976287446,12.961156834372273,12.973582387270655,69870060
2011-06-06,12.950221061706543,13.093377751063953,12.90523466924886,13.011857259267991,77606316
2011-06-07,12.899768829345703,13.0389484818901,12.898774330409546,12.995702932436728,76227696
2011-06-08,12.903247833251953,12.954694684537872,12.8189938823887,12.83763458123914,66069864
2011-06-09,12.842604637145996,12.923876034861456,12.81551448695478,12.923876034861456,67496436
2011-06-10,12.66316032409668,12.841608448545923,12.657692475118427,12.77674155560057,97498404
2011-06-13,12.544361114501953,12.680310052537845,12.480735920393862,12.67533945264087,96994908
2011-06-14,12.6348295211792,12.776743571599637,12.600530673735527,12.629360724196355,93566340
2011-06-15,12.500121116638184,12.634330155776468,12.441963771630752,12.551816113470677,82849068
2011-06-16,12.435999870300293,12.590091312200961,12.3440409285913,12.496642516485847,110169720
2011-06-17,12.054497718811035,12.593074771663547,12.049028921828846,12.580399172423395,209606184
2011-06-20,12.043561935424805,12.084570335371492,11.910594587762946,12.054000385567134,121022856
2011-06-21,12.252828598022461,12.276191746401265,12.047289341944134,12.108430190741997,110505384
2011-06-22,12.103955268859863,12.236673515824796,12.09699661793782,12.214305814698488,96187716
2011-06-23,11.935199737548828,12.000812984473383,11.773899597848423,11.982669536503886,191875932
2011-06-24,11.802481651306152,11.948371796146164,11.756252607474375,11.946631896670269,152071776
2011-06-27,11.999321937561035,12.138502536228025,11.770669585259581,11.780610785980985,137650212
2011-06-28,12.2689847946167,12.332609995751477,12.029643942580908,12.029643942580908,108495396
2011-06-29,12.366408348083496,12.433016086531444,12.23741807020952,12.340809002832573,93626280
2011-06-30,12.585369110107422,12.592576859127696,12.464083815358114,12.476262164491187,97038864
2011-07-01,12.949474334716797,12.953203231740156,12.585368424861153,12.594316072862085,145322532
2011-07-05,13.233054161071777,13.306621506053215,13.055600514969692,13.055600514969692,153814032
2011-07-06,13.305625915527344,13.383914755955505,13.247965821796724,13.259398769518763,107716176
2011-07-07,13.584981918334961,13.686383860738685,13.318549998213625,13.445801333132668,157262580
2011-07-08,13.221869468688965,13.362541801196311,13.104561228600241,13.245728916237105,190617192
2011-07-11,13.10481071472168,13.32103751292094,13.060571613867994,13.127179363451264,113458428
2011-07-12,13.272074699401855,13.406531888714728,13.072996870228392,13.126680864355325,113534352
2011-07-13,13.377701759338379,13.520362142435598,13.333461715824894,13.34638641200304,111496392
2011-07-14,13.146068572998047,13.470656930344619,13.091140975026626,13.39907763130694,265714020
2011-07-15,14.853011131286621,14.918376222945517,14.617896458789588,14.85002858200411,548734716
2011-07-18,14.786404609680176,14.963113802471272,14.713335461225942,14.725513810491949,178553268
2011-07-19,14.975540161132812,15.028477806776202,14.801068129959779,14.816228080510271,118581300
2011-07-20,14.796595573425293,14.982500562410438,14.796595573425293,14.966345165033632,89022888
2011-07-21,15.085891723632812,15.11248462383084,14.76329143944829,14.763788688891037,138641220
2011-07-22,15.365245819091797,15.396810267203406,15.018289776728581,15.046126274658132,140986872
2011-07-25,15.383885383605957,15.543693768773872,15.235259901018408,15.244207549081144,125138736
2011-07-26,15.471868515014648,15.595639113859525,15.340143819159568,15.36077256801432,93622284
2011-07-27,15.091608047485352,15.432848089515405,15.030219997824151,15.339150191085535,157218624
2011-07-28,15.184062957763672,15.309325301563934,14.986725017655482,15.041154415182719,124211664
2011-07-29,15.003874778747559,15.283974931189718,15.003874778747559,15.017295778707338,165330504
2011-08-01,15.080422401428223,15.297394583569886,14.891783965117805,15.191022039342524,158485356
2011-08-02,14.723278045654297,15.15249904366416,14.702649296635364,15.061286444179757,127895976
2011-08-03,14.941244125366211,14.98672587696491,14.505311670710485,14.769754622149632,152874972
2011-08-04,14.35345458984375,14.883582163146112,14.352212886955664,14.775468769121415,196387416
2011-08-05,14.39123249053955,14.663628579212745,13.96772750410247,14.47822083528469,236926836
2011-08-08,13.570565223693848,14.141701157057186,13.52905957889219,13.99208307257842,299564136
2011-08-09,14.251307487487793,14.281132035860468,13.446050364276436,13.942873599339036,258529212
2011-08-10,13.644879341125488,14.02041728559638,13.61306674155604,13.952318735624848,214569216
2011-08-11,13.97095775604248,14.129275344994708,13.629966827419183,13.76442402080038,193030776
2011-08-12,14.011717796325684,14.178983031158376,13.927961103338765,14.154129084231736,126045828
2011-08-15,13.849177360534668,14.042041015256785,13.571313407083101,13.754733110358533,285510204
2011-08-16,13.396095275878906,13.730128536712655,13.179869415765433,13.729880385541355,277298424
2011-08-17,13.250699996948242,13.512657627212915,13.191549098915182,13.421693184152756,163000836
2011-08-18,12.548089027404785,13.045408532474315,12.438981139706108,13.010117083881553,251376372
2011-08-19,12.201132774353027,12.79637729922899,12.199641973158123,12.41040091387696,216183600
2011-08-22,12.381319999694824,12.600777459401938,12.2908528163307,12.526216573175644,196039764
2011-08-23,12.894548416137695,12.958919013711881,12.40344119012973,12.513790785971192,173698128
2011-08-24,13.005643844604492,13.172411841078775,12.855032193345933,12.907224443499079,143636220
2011-08-25,12.924871444702148,13.353098915109616,12.881625893525408,13.18185755718123,131588280
2011-08-26,13.094371795654297,13.183596341933006,12.75337990995567,12.923627701652961,143708148
2011-08-29,13.39808177947998,13.407278526026076,13.260890188984726,13.285743188919799,93338568
2011-08-30,13.438345909118652,13.49526060976771,13.19254460446832,13.375963358594454,119440440
2011-08-31,13.444808006286621,13.577526254929161,13.321533708810646,13.538754057059894,107624268
2011-09-01,13.234546661376953,13.51613761717618,13.202734060812604,13.439588665460946,96523380
2011-09-02,13.044167518615723,13.120716465701646,12.942019223070384,13.03497171891939,95951952
2011-09-06,12.978056907653809,12.992471458519331,12.687766474029727,12.695222374181734,108523368
2011-09-07,13.27256965637207,13.320040395837827,13.107790687925238,13.183594222689852,110121768
2011-09-08,13.295686721801758,13.398580425397475,13.219635018646988,13.266856670587151,95124780
2011-09-09,13.044415473937988,13.287981507371699,12.95345197722594,13.207206414805126,130621248
2011-09-12,13.175393104553223,13.22186934926811,12.86174049051109,12.873173438339771,106709184
2011-09-13,13.160481452941895,13.268842992401833,13.008377119310014,13.2221176488871,94073832
2011-09-14,13.223859786987305,13.34514508735083,13.06852473770482,13.236783537307172,107668224
2011-09-15,13.484573364257812,13.544718762869772,13.28574367465726,13.309106821448877,118313568
2011-09-16,13.586970329284668,13.590946430437311,13.498987488795747,13.540244984319601,141230628
2011-09-19,13.586722373962402,13.66699927575955,13.306124970848588,13.42964742238388,98637264
2011-09-20,13.585726737976074,13.881236864788821,13.487306395133745,13.65457163187944,111052836
2011-09-21,13.401065826416016,13.79375368783089,13.392616373778958,13.612073881151392,100471428
2011-09-22,12.940279006958008,13.142090293038176,12.77475366933245,13.079210497889186,175835988
2011-09-23,13.060818672180176,13.083435470178234,12.787179947375154,12.838378642152282,110980908
2011-09-26,13.219385147094727,13.245232645214092,12.756113495752395,13.104063062960702,105262632
2011-09-27,13.404545783996582,13.596167741166445,13.322778078108607,13.376212034571244,120315564
2011-09-28,13.143582344055176,13.520860203683956,13.115249542371822,13.458229500865428,90441468
2011-09-29,13.110278129577637,13.353843221636705,12.909212237410395,13.322527872167706,116147736
2011-09-30,12.800601959228516,13.023290141545173,12.784197463925242,12.929094051972628,108835056
2011-10-03,12.315459251403809,12.725046929116633,12.302535501704675,12.671612030855291,178797024
2011-10-04,12.474024772644043,12.512300665907444,11.944643558097718,12.179012842274082,166185648
2011-10-05,12.543615341186523,12.620662484542953,11.948869018581528,12.336088050276182,181182636
2011-10-06,12.792401313781738,12.805325063774543,12.4914233252172,12.613205871961405,136835028
2011-10-07,12.802590370178223,12.936303112073858,12.682795876854618,12.845090516481328,114121764
2011-10-10,13.35061264038086,13.358068540729446,13.00340750044363,13.052618147599569,92795112
2011-10-11,13.499981880187988,13.589952770537016,13.258404849263988,13.258404849263988,114021864
2011-10-12,13.632203102111816,13.799468340298441,13.536019907303833,13.623007302578669,126984888
2011-10-13,13.892918586730957,13.893166737886059,13.620274344335925,13.67023039214001,227276496
2011-10-14,14.705381393432617,14.902222072896059,14.60323310380835,14.898991372417534,340854804
2011-10-17,14.474989891052246,14.709111028327214,14.365384749002972,14.507547890032075,160167672
2011-10-18,14.67630386352539,14.727253461519954,14.350471935510642,14.419814079811534,151879968
2011-10-19,14.432490348815918,14.714826697794166,14.395707148777946,14.597518446668843,117142740
2011-10-20,14.506303787231445,14.636040423473268,14.402912846060346,14.462313788397688,135024840
2011-10-21,14.675806045532227,14.731975339723158,14.581610904464565,14.651450295496481,135504360
2011-10-24,14.823187828063965,14.911418822570273,14.576641134317423,14.582108983936712,136938924
2011-10-25,14.493629455566406,14.787895986920937,14.48592540435752,14.740674339377115,101518380
2011-10-26,14.571919441223145,14.66810264328329,14.237638985075007,14.652445441352672,114809076
2011-10-27,14.879110336303711,14.979270584590916,14.745645739926456,14.87289613877168,151060788
2011-10-28,14.915645599365234,14.96932865179261,14.76925725064577,14.775967750591922,100219680
2011-10-31,14.729240417480469,14.904458793100275,14.705132819440225,14.790132158257872,102209688
2011-11-01,14.381540298461914,14.552035293612192,14.334317702671665,14.417578096753525,124878996
2011-11-02,14.534887313842773,14.61292801467919,14.427023957207092,14.536876311752337,84751164
2011-11-03,14.850028991699219,14.850028991699219,14.507547271291761,14.589066814409751,106685208
2011-11-04,14.816229820251465,14.90570346868419,14.724023667603213,14.750616569114275,113278608
2011-11-07,15.119194030761719,15.130378828119532,14.719052198756668,14.746142348136647,134161704
2011-11-08,15.218857765197754,15.26931106034059,15.001637429393758,15.135846471584236,121054824
2011-11-09,14.935775756835938,15.145540202036702,14.878860110810027,15.018041653575478,148291560
2011-11-10,14.789884567260742,15.060042544215662,14.702399925272925,15.05954529479711,114621264
2011-11-11,15.119691848754883,15.212644341363129,14.87736941729116,14.944474411190633,158920920
2011-11-14,15.235260963439941,15.361517808245965,15.105526213904634,15.110993116436614,127420452
2011-11-15,15.323740005493164,15.361517703501425,15.173127410049206,15.230290259367077,106932960
2011-11-16,15.197233200073242,15.366983722594885,15.17586000066232,15.212394097129463,104235660
2011-11-17,14.933788299560547,15.217616404649544,14.832136300085539,15.161944353616313,139592268
2011-11-18,14.784913063049316,15.024005738450873,14.756829362949759,14.961871345211822,131376492
2011-11-21,14.438454627990723,14.626347666045243,14.218500840874327,14.607956067070843,119931948
2011-11-22,14.415093421936035,14.538615872088721,14.296789723319522,14.415093421936035,96115788
2011-11-23,14.169290542602539,14.421306032092527,14.169290542602539,14.29952253976457,92938968
2011-11-25,13.99258041381836,14.272680533142934,13.951073821602566,14.047009807854938,62433504
2011-11-28,14.61864185333252,14.634300000273848,14.32810328880957,14.399433479004248,113042844
2011-11-29,14.4879150390625,14.672577397106323,14.44814928723415,14.61094024498691,73198728
2011-11-30,14.897004127502441,14.899986677006115,14.715572487211752,14.861214480600138,135744120
2011-12-01,15.254399299621582,15.309822251235206,14.887311750084733,14.91216475183368,144679176
2011-12-02,15.418184280395508,15.508651477155032,15.316284134893529,15.335919331677541,163264572
2011-12-05,15.54965877532959,15.7049928619747,15.468884633531767,15.599117569806038,127772100
2011-12-06,15.502935409545898,15.623474358132329,15.415201664417104,15.483548363998652,92966940
2011-12-07,15.493489265441895,15.549906709488623,15.362013681040416,15.450990069057703,90201708
2011-12-08,15.311064720153809,15.594395549205307,15.292424023073941,15.435084410023979,96427476
2011-12-09,15.59365177154541,15.636150974112445,15.334925764342001,15.359529668535888,110537352
2011-12-12,15.543196678161621,15.562830926731072,15.416443538590759,15.45596113401108,87268644
2011-12-13,15.549161911010742,15.820811639942859,15.480068866570628,15.6269535053986,160966872
2011-12-14,15.3612699508667,15.516604999377003,15.22258660285065,15.45521694887734,155991852
2011-12-15,15.397802352905273,15.50865013747494,15.376677303884973,15.47186694146739,96247656
2011-12-16,15.557364463806152,15.640872060369178,15.445771272005814,15.516604217253096,178193628
2011-12-19,15.454717636108398,15.620491122742784,15.40923683591016,15.608313721127825,85654260
2011-12-20,15.666967391967773,15.703502436082939,15.607814603945569,15.608064649355596,95432472
2011-12-21,15.55388355255127,15.70300438534098,15.383386678430849,15.658019889660974,99816084
2011-12-22,15.65031623840332,15.700769534677843,15.583460340524072,15.606822540037998,72819108
2011-12-23,15.735812187194824,15.774087132696911,15.671690690313001,15.707479388705565,58089852
2011-12-27,15.912522315979004,16.01790131400561,15.707480320762489,15.70872297082011,64191744
2011-12-28,15.89885139465332,16.030576074657905,15.859084702954735,15.974654934009406,85002912
2011-12-29,15.965958595275879,15.980870396371309,15.787012246421549,15.943340848187539,62952984
2011-12-30,16.05294418334961,16.074317383649657,15.956511895157234,15.956511895157234,71220708
2012-01-03,16.537837982177734,16.60593747593005,16.21374879755752,16.227914249971427,146912940
2012-01-04,16.609169006347656,16.658130553011986,16.418789721987448,16.528392967625162,114445440
2012-01-05,16.37877655029297,16.502050852838394,16.30968444538583,16.456320949220384,131184684
2012-01-06,16.15534210205078,16.4033814809951,16.1496251543747,16.382254536849523,107608284
2012-01-09,15.470375061035156,16.08028223352068,15.439805115000723,16.067855734203178,232671096
2012-01-10,15.487277030944824,15.752216267597856,15.33243829143982,15.651559721218145,175648176
2012-01-11,15.557364463806152,15.642611959821204,15.437072721887462,15.49622362040568,95904000
2012-01-12,15.648824691772461,15.729598834480568,15.570784000154335,15.688093188719979,74932992
2012-01-13,15.533255577087402,15.58196802496956,15.435580635898328,15.564819076254693,92199708
2012-01-17,15.622480392456055,15.706982487517147,15.550404797509307,15.706982487517147,76295628
2012-01-18,15.730096817016602,15.757186966607502,15.461926878041371,15.574015426506012,110357532
2012-01-19,15.895621299743652,15.930913697466826,15.6940591063062,15.930913697466826,251959788
2012-01-20,14.56396484375,14.688481781893472,14.45734320195146,14.676799735470354,422628948
2012-01-23,14.552285194396973,14.630324947188965,14.493630593864143,14.564215393148935,136379484
2012-01-24,14.438206672668457,14.605968214584406,14.365384729217824,14.572167565624612,122109768
2012-01-25,14.153882026672363,14.383031627531064,14.076586728800686,14.353207078343093,199308492
2012-01-26,14.11933422088623,14.277899961836217,14.031104175594859,14.215766513984711,128918952
2012-01-27,14.414594650268555,14.423045048869051,14.149902631159692,14.18594137435056,144555300
2012-01-30,14.357681274414062,14.415093223372148,14.251058677573976,14.366628923249468,93126780
2012-01-31,14.417825698852539,14.514507088537554,14.294551409903379,14.489653141549256,85610304
2012-02-01,14.435720443725586,14.5517869870429,14.393718493977335,14.537868738462407,92735172
2012-02-02,14.542094230651855,14.574404079129701,14.46678887982441,14.53612913154848,96491412
2012-02-03,14.820950508117676,14.839343053370806,14.615163130176589,14.68003097297469,126613260
2012-02-06,15.138084411621094,15.181329962832022,14.763292791599325,14.788145794594895,147036816
2012-02-07,15.080422401428223,15.145539344755786,15.005613356442923,15.089867299085892,83600316
2012-02-08,15.15697193145752,15.194252377490061,15.029969695525923,15.126898286925488,73382544
2012-02-09,15.19698715209961,15.27254254957214,15.135847253167068,15.210905401182732,90497412
2012-02-10,15.059049606323242,15.114223456913148,15.01157885989703,15.108010206782344,92914992
2012-02-13,15.215377807617188,15.256137106281138,15.16119751016,15.173126760675231,72579348
2012-02-14,15.15473461151123,15.21040665522451,15.030466775186806,15.198974654550472,72075852
2012-02-15,15.050349235534668,15.233520763897538,14.975788344008654,15.233520763897538,96938964
2012-02-16,15.074209213256836,15.131123909152699,14.855746229085158,14.982251219139092,101134764
2012-02-17,15.027485847473145,15.10179859558201,14.971813797752382,15.035687148593137,97866036
2012-02-21,15.260114669799805,15.356546964596715,14.983742482354472,15.00834827906739,99132768
2012-02-22,15.109502792358398,15.329208443723823,15.078932842307442,15.209413943710032,78601320
2012-02-23,15.064020156860352,15.10950190538162,14.920863464607217,15.08613970610995,82117800
2012-02-24,15.158215522766113,15.201709221314806,15.049107628954701,15.094838476432468,77346576
2012-02-27,15.14355182647705,15.219354425835812,15.037923731962449,15.075949580788002,72483444
2012-02-28,15.369223594665527,15.403521495676502,15.103040740796033,15.160701790051723,113790096
2012-02-29,15.365741729736328,15.54841600844998,15.297394088070043,15.374440279403233,125350524
2012-03-01,15.468886375427246,15.550903176422445,15.363258275358103,15.465406576285776,89418492
2012-03-02,15.440302848815918,15.508650491489918,15.41718974878857,15.458943545518713,62869068
2012-03-05,15.266328811645508,15.471122651413143,15.194998616121719,15.419923007543993,63668268
2012-03-06,15.03543758392334,15.131123525608913,14.759065412006368,15.112234677836703,126849024
2012-03-07,15.081168174743652,15.1902751130844,15.057805976914622,15.137088369425552,50529420
2012-03-08,15.089618682861328,15.197980221450512,15.069984434725658,15.161693327356264,53766180
2012-03-09,14.918376922607422,15.207921949162579,14.912163672619846,15.109750705075351,106717176
2012-03-12,15.040160179138184,15.086139175479401,14.893771844263206,14.912163442799693,66693240
2012-03-13,15.354061126708984,15.355801026126914,15.050101550824545,15.129633044631522,89742168
2012-03-14,15.30957317352295,15.47832921260909,15.246694325190136,15.284968324423867,117358524
2012-03-15,15.437320709228516,15.496223455975045,15.280743020192508,15.324733966894378,97306596
2012-03-16,15.534499168395996,15.556121468955721,15.41047947162474,15.431357318715634,121897980
2012-03-19,15.756689071655273,15.838457713661755,15.440054847196478,15.486779244262037,86825088
2012-03-20,15.744510650634766,15.808383996025809,15.58992101549301,15.680637305243723,61558380
2012-03-21,15.90581226348877,16.08997640595075,15.720155425577657,15.772347673499235,98685216
2012-03-22,16.05667495727539,16.125022610883473,15.682627784827124,15.869030045966491,96311592
2012-03-23,15.970678329467773,16.117562954998007,15.928676384665902,16.070340365273303,77530392
2012-03-26,16.138193130493164,16.142171126355326,15.894878066442132,16.030578871002955,72695232
2012-03-27,16.080780029296875,16.24183010843483,16.025603342848783,16.081028180420354,80207712
2012-03-28,16.298002243041992,16.368338891695227,16.181687540037636,16.205297892271997,101454444
2012-03-29,16.115325927734375,16.31862799591946,16.013178591399424,16.240339158604215,76895028
2012-03-30,15.937127113342285,16.241583953588403,15.931162014228681,16.198339352869294,92335572
2012-04-02,16.078296661376953,16.092712159671454,15.778064074427043,15.92544691664852,91276632
2012-04-03,15.971424102783203,16.1038951372231,15.8725074593024,16.040766244959986,81714204
2012-04-04,15.78576946258545,15.881455413087426,15.685111964618615,15.867786262199095,65038896
2012-04-05,15.715432167053223,15.81758045588575,15.622231526178496,15.713444116554289,92655252
2012-04-09,15.678648948669434,15.7902411875715,15.540711015341124,15.619994355470254,87220692
2012-04-10,15.579731941223145,15.769613028513946,15.522319995836524,15.745257277959356,99180720
2012-04-11,15.805900573730469,15.806895072627364,15.690082179339667,15.75644177573327,87872040
2012-04-12,16.179946899414062,16.232884546613843,15.912771469155762,15.964714617508484,230033736
2012-04-13,15.523563385009766,16.129742632447545,15.497217689954338,16.09395203981185,326045628
2012-04-16,15.063024520874023,15.503927512837672,14.953420334632673,15.483796962856479,227456316
2012-04-17,15.15001392364502,15.35182521133696,15.086387780270973,15.124910877900408,120835044
2012-04-18,15.09732437133789,15.230290772303157,14.982003222781914,15.11223617240777,106673220
2012-04-19,14.894765853881836,15.316283726346239,14.887310900924211,15.053580693423015,131652216
2012-04-20,14.814241409301758,15.132119252458743,14.808525408421435,15.017792604859538,122213664
2012-04-23,14.852516174316406,14.87364122519685,14.668599230942323,14.735703280880836,87824088
2012-04-24,14.94372844696045,15.076943939326895,14.845557200719554,14.868422150603793,77086836
2012-04-25,15.153741836547852,15.194253934348671,14.98374313676345,15.011579635357567,72771156
2012-04-26,15.296649932861328,15.359528783286017,15.153245085824196,15.183317785405961,83616300
2012-04-27,15.28447151184082,15.328214308948771,15.17561271566021,15.285466010735748,65390544
2012-04-30,15.03270435333252,15.311809997997258,14.927325354868417,15.235012898118912,96195708
2012-05-01,15.022266387939453,15.200465432308652,14.91688644557849,15.006360088768945,80011908
2012-05-02,15.092602729797363,15.113727781117786,14.927325533757855,14.941989183531115,64395540
2012-05-03,15.186051368713379,15.280743766188392,15.134604519477579,15.151257166910545,74645280
2012-05-04,14.836857795715332,15.108259382235916,14.832881694468025,15.059297834384964,88207704
2012-05-07,15.099808692932129,15.174866837164881,14.787895963633481,14.787895963633481,79700220
2012-05-08,15.230042457580566,15.332190756381003,14.929562660399885,15.049605309720368,106984908
2012-05-09,15.139575958251953,15.319267713795394,14.957150751272193,15.081667704330775,93058848
2012-05-10,15.251664161682129,15.314543006866986,15.166415723113289,15.234266115239992,61374564
2012-05-11,15.042149543762207,15.273785392243884,15.030716594677422,15.169399943516915,83892024
2012-05-14,15.011579513549805,15.123420862199595,14.92658016434731,14.93155171181022,72903024
2012-05-15,15.188288688659668,15.284969137897662,15.0053662402704,15.04513198992024,83999916
2012-05-16,15.631178855895996,15.660257055430742,15.308330428723897,15.358534625477708,193210596
2012-05-17,15.485040664672852,15.852873615199577,15.439807064874582,15.752963411499252,134017848
2012-05-18,14.92210578918457,15.717917978227295,14.830146848131465,15.535989093826444,238701060
2012-05-21,15.262848854064941,15.302117352367697,14.912163926240883,14.92483952471618,122892984
2012-05-22,14.932046890258789,15.255392562227962,14.812749650106362,15.246195815755968,121953924
2012-05-23,15.147278785705566,15.150757637294678,14.840584820807674,14.953171558732421,126996876
2012-05-24,15.003129959106445,15.208419160679464,14.884080861945172,15.139823361288821,75576348
2012-05-25,14.701653480529785,14.955159756711135,14.62087933837126,14.937017256616784,143132724
2012-05-29,14.771492004394531,14.890541092191562,14.62187391666394,14.808027050202035,104123772
2012-05-30,14.619637489318848,14.710850085628056,14.502825544567273,14.61789758984095,76191732
2012-05-31,14.4364652633667,14.663627740754443,14.390237168818913,14.631815143645955,118613268
2012-06-01,14.190912246704102,14.232417892812823,14.125547152575557,14.21104374476537,122193684
2012-06-04,14.380048751831055,14.427271348283671,14.166805455755643,14.17202420713865,97210692
2012-06-05,14.176746368408203,14.368616458463404,14.078823272758,14.302008711900934,93502404
2012-06-06,14.429258346557617,14.464053492759872,14.256277114376198,14.327606359020338,83748168
2012-06-07,14.371100425720215,14.611186656566774,14.346744675177899,14.603979854860514,70269660
2012-06-08,14.426276206970215,14.439946304131155,14.28038511877018,14.31194956538457,56359584
2012-06-11,14.12927532196045,14.547313391793184,14.084289876335085,14.51972599338637,106337556
2012-06-12,14.044774055480957,14.174013452239253,13.882728507215049,14.16084060369094,128839032
2012-06-13,13.945110321044922,14.091994962317271,13.885213074981142,13.960768468924847,78089832
2012-06-14,13.894408226013184,14.044027258616497,13.831528433424122,13.95032936828138,93702204
2012-06-15,14.030110359191895,14.030358510350093,13.845696162977731,13.92647125925485,119927952
2012-06-18,14.187682151794434,14.271190696999408,13.899379765558537,13.983137409056438,99776124
2012-06-19,14.453118324279785,14.52146596922456,14.244099288263701,14.255780387805064,82964952
2012-06-20,14.353206634521484,14.415092879994011,14.253792736491373,14.41037043095933,93774132
2012-06-21,14.047506332397461,14.411115944175716,14.01072313542787,14.411115944175716,80371548
2012-06-22,14.203340530395508,14.203340530395508,14.062670071723568,14.116850375639308,89026884
2012-06-25,13.935418128967285,14.119085020012816,13.85215773719586,14.100196171649232,63200736
2012-06-26,14.034334182739258,14.08205307749658,13.905095746223612,13.986615287981936,53953992
2012-06-27,14.14915943145752,14.265722281391861,14.067639881850805,14.109393681997924,67624308
2012-06-28,14.025139808654785,14.072858708260485,13.848678761720599,14.064657407167124,76759164
2012-06-29,14.416831016540527,14.418322764797393,14.221232985100213,14.289828779230556,100679220
2012-07-02,14.426774024963379,14.489654773654896,14.328105520746798,14.460326525677297,66153780
2012-07-03,14.60969352722168,14.62410902355503,14.365383067188416,14.415339107832718,47532420
2012-07-05,14.810762405395508,14.913656103036246,14.627341763950572,14.632810560759895,93742164
2012-07-06,14.563716888427734,14.751113635342008,14.485179887825618,14.724519787019455,86385528
2012-07-09,14.564462661743164,14.62883325944453,14.446159916044932,14.538116965619373,68535396
2012-07-10,14.457344055175781,14.724023198122488,14.38377670919124,14.668351149538998,76847076
2012-07-11,14.196131706237793,14.361657049510278,14.04079760878743,14.323133950874286,139832028
2012-07-12,14.178485870361328,14.214524616965631,13.969964072367713,14.094978269556904,92299608
2012-07-13,14.328600883483887,14.393965976691065,14.130517553340827,14.219990245368551,78960960
2012-07-16,14.288835525512695,14.394959919431903,14.210795779361767,14.324873322724864,58445496
2012-07-17,14.333821296691895,14.431744392248246,14.126790308161453,14.376072344876144,67136796
2012-07-18,14.433979988098145,14.506800976914713,14.318907955643438,14.340033003891662,61866072
2012-07-19,14.739681243896484,14.874388495864492,14.564215635985855,14.56769448806164,186801012
2012-07-20,15.181081771850586,15.233771274633291,14.866931858818534,15.129883070386953,258289452
2012-07-23,15.297643661499023,15.368227506986988,14.868669897757135,14.924093792211455,142325532
2012-07-24,15.100305557250977,15.357788883606673,15.020028663886071,15.284967890103355,80295624
2012-07-25,15.11074447631836,15.24470536827869,15.045627531790657,15.118945776992756,72847080
2012-07-26,15.244207382202148,15.331443871648174,15.161445190309381,15.284967626741638,67340592
2012-07-27,15.781045913696289,15.782040412548325,15.347102496032415,15.381648544726808,141846012
2012-07-30,15.714935302734375,15.970927829636882,15.645345009290805,15.808135945892966,87380532
2012-07-31,15.731587409973145,15.8193202060448,15.613532816910936,15.614527315781434,74549376
2012-08-01,15.724380493164062,15.894130083415071,15.692069698668808,15.839203437628333,73710216
2012-08-02,15.62670612335205,15.857348427861309,15.493988816433125,15.546181068993482,79028892
2012-08-03,15.939363479614258,15.998764422395906,15.810373190110946,15.906308232100395,75808116
2012-08-06,15.976396560668945,16.139435647743262,15.886921973548516,15.896615022248504,71224704
2012-08-07,15.919730186462402,16.012186382307622,15.818576387289381,15.950796438139621,79192728
2012-08-08,15.96173095703125,16.05219814836457,15.869027564027652,15.882696713754635,52835112
2012-08-09,15.964715957641602,16.064626161629135,15.944087208396692,16.018399957053973,42769188
2012-08-10,15.95601749420166,15.961980699250136,15.81012639457781,15.871266294877868,57326616
2012-08-13,16.40363121032715,16.40710911521222,16.07233235576878,16.09072395627484,130585284
2012-08-14,16.61861228942871,16.722748634521572,16.378527000933072,16.384740251049575,146321532
2012-08-15,16.590776443481445,16.757543473823016,16.50527985514431,16.658874038512504,96331572
2012-08-16,16.72324562072754,16.767236564938596,16.579342591020723,16.590030138161005,68639292
2012-08-17,16.829370498657227,16.83210584417094,16.6941679012225,16.75431329970304,87020892
2012-08-20,16.78960609436035,16.87236924094295,16.718026798397414,16.788611595448543,70253676
2012-08-21,16.639739990234375,16.85074614120297,16.457314791100437,16.729212690261303,88799112
2012-08-22,16.830364227294922,16.915364516958387,16.569898350377997,16.586799147854762,76291632
2012-08-23,16.820920944213867,16.912382633408864,16.676769760062903,16.758042098426763,71296632
2012-08-24,16.86640167236328,16.911635264817054,16.753318638370537,16.791094437219446,57006936
2012-08-27,16.632530212402344,16.701622306124378,16.384490846167303,16.477691485066735,104443452
2012-08-28,16.83210563659668,16.841300489061933,16.521187402277704,16.52764880354655,82261656
2012-08-29,17.099531173706055,17.12388976895117,16.804769250406302,16.83508915673598,119492388
2012-08-30,16.94220542907715,17.08411945771022,16.90492593198705,17.005830619537626,65010924
2012-08-31,17.026958465576172,17.11369771619793,16.901448910467067,16.99986831438286,84998916
2012-09-04,16.926300048828125,17.024719441906797,16.738904265875366,17.01353559217363,75508416
2012-09-05,16.918346405029297,17.062001291725267,16.87907790720231,16.90045300269096,68259672
2012-09-06,17.382612228393555,17.3947905770463,17.018010010795532,17.04857995799697,121618260
2012-09-07,17.550373077392578,17.70198015748809,17.339615102888907,17.3975233473665,129190680
2012-09-10,17.416662216186523,17.71589839703658,17.357509424359034,17.640096747253736,102297600
2012-09-11,17.20341682434082,17.4136803994261,17.17384137593312,17.346823557300855,74877048
2012-09-12,17.170860290527344,17.271020534018472,16.922324603969116,17.1343252434122,105586308
2012-09-13,17.547643661499023,17.621210069731745,17.162412623023194,17.225789678338934,106253640
2012-09-14,17.638107299804688,17.72062039403448,17.571748655116703,17.636118302147686,104635260
2012-09-17,17.645565032958984,17.71764063268685,17.521794431612843,17.599088782878212,60271668
2012-09-18,17.851848602294922,17.86129160536477,17.566031536058034,17.590884535110472,82589328
2012-09-19,18.08099937438965,18.10734317627065,17.805373534963927,17.832463684579245,123808068
2012-09-20,18.09640884399414,18.177431139328558,17.92491935562266,18.00569349981407,116179704
2012-09-21,18.242300033569336,18.26541408258539,18.146115887295025,18.19806093336274,254109636
2012-09-24,18.62479591369629,18.641198514300545,18.14934591590635,18.16798566529379,142409448
2012-09-25,18.619327545166016,19.01027546043314,18.58204804553447,18.716007987350707,242097660
2012-09-26,18.726200103759766,18.91956291096726,18.416526377095906,18.636479245970296,226689084
2012-09-27,18.801753997802734,18.959326194287637,18.681215046587656,18.88750064130063,157086756
2012-09-28,18.752046585083008,18.871344783592107,18.668789028144523,18.743349928641788,111228660
2012-10-01,18.932979583740234,19.013007373043656,18.794543461173344,18.865128247904334,126593280
2012-10-02,18.81393051147461,19.037613185360783,18.64691532731435,19.017978937290952,111496392
2012-10-03,18.950876235961914,18.98616863538282,18.694884632433286,18.782370230353695,88243668
2012-10-04,19.08881378173828,19.134545577604847,18.873829636071292,18.95708908531838,98069832
2012-10-05,19.078874588012695,19.246139851859063,19.01326038405901,19.1549262959731,109326564
2012-10-08,18.835058212280273,18.977716705439637,18.743348369127737,18.913595207717627,78265656
2012-10-09,18.49332046508789,18.9215478952585,18.454550162945118,18.880540444201344,120007872
2012-10-10,18.5050048828125,18.578819440742617,18.349171623692705,18.437899878201563,81514404
2012-10-11,18.676986694335938,18.8514596689038,18.64741124727087,18.712279088768096,95260644
2012-10-12,18.509721755981445,18.761240924076166,18.493567306708886,18.6861837308859,96071832
2012-10-15,18.416025161743164,18.486858104175997,18.160529887854644,18.43988366226309,120643236
2012-10-16,18.508480072021484,18.565395715569302,18.303687183131174,18.394900724638017,82245672
2012-10-17,18.776649475097656,18.79777452252082,18.39812810213858,18.489837934092062,91624284
2012-10-18,17.273256301879883,18.8743275498628,16.801039809386378,18.777895253561915,497198304
2012-10-19,16.94493865966797,17.564041608704272,16.701621750116995,17.536207008952296,458828712
2012-10-22,16.867399215698242,17.015526518665723,16.644460966324953,16.925555619759837,162061776
2012-10-23,16.90915298461914,17.082631486091895,16.70162473359438,16.701872884759403,116547336
2012-10-24,16.83334732055664,17.07442709425619,16.782894974758328,17.069456494444868,99760140
2012-10-25,16.84477996826172,16.95015896144945,16.73915282393058,16.90045296142705,95947956
2012-10-26,16.779911041259766,16.97575721500528,16.681739803259596,16.813462589112326,77953968
2012-10-31,16.907909393310547,16.925306493865655,16.776184700540387,16.8969736941049,61418520
2012-11-01,17.08909034729004,17.171355287691437,16.86863932561984,16.88802542214899,81921996
2012-11-02,17.097293853759766,17.286926792422815,17.083622809304465,17.268036996758653,92883024
2012-11-05,16.974021911621094,17.070950520536886,16.79010589529022,17.01229591625561,65370564
2012-11-06,16.943199157714844,17.06199913503873,16.839559129661836,17.03664794159975,63248688
2012-11-07,16.580337524414062,16.856461545121572,16.564679377129917,16.776183705325433,89202708
2012-11-08,16.211759567260742,16.688948530405405,16.18541387197506,16.656887781720464,103776120
2012-11-09,16.478687286376953,16.6106601288948,16.16230025479884,16.270414595665848,124439436
2012-11-12,16.550016403198242,16.64694689305853,16.425003159533404,16.49658055820178,56179764
2012-11-13,16.37976837158203,16.592267191819474,16.359387776221627,16.4779415043219,63704232
2012-11-14,16.21822166442871,16.457562503982572,16.16727111823143,16.419784805993487,66669264
2012-11-15,16.086748123168945,16.40338333283837,16.00323862457618,16.154845729268782,73882044
2012-11-16,16.084758758544922,16.229904458097952,15.806895754760989,16.055183307216712,137390472
2012-11-19,16.6074275970459,16.625074741908723,16.292285126553843,16.29650937870542,94633272
2012-11-20,16.651172637939453,16.850746794771545,16.5169626355518,16.639740635618924,83464452
2012-11-21,16.549272537231445,16.64694938946289,16.413325468460712,16.626816940748366,84403512
2012-11-23,16.601463317871094,16.651917560746078,16.554987070492167,16.651171213019673,36863100
2012-11-26,16.431964874267578,16.57735873350552,16.379027219027936,16.56343953609978,88095816
2012-11-27,16.66956329345703,16.776184941530996,16.35367445056242,16.40760659962815,100247652
2012-11-28,16.99166488647461,17.022484880133778,16.50006230906626,16.602457807360445,121558320
2012-11-29,17.195960998535156,17.245915143632384,16.950156902294538,17.093811771188147,110948940
2012-11-30,17.357013702392578,17.378138753038357,17.041869317911235,17.18154810731833,126417456
2012-12-03,17.279470443725586,17.54391242189002,17.25113575096496,17.45319707882185,87612300
2012-12-04,17.174589157104492,17.285933256704332,17.042120006062174,17.273256710411914,79588332
2012-12-05,17.094810485839844,17.260833092970667,16.95836333128003,17.202426641352023,74421504
2012-12-06,17.17707061767578,17.28841469238683,17.01254075236499,17.089088738194516,58433508
2012-12-07,17.005084991455078,17.319981203904565,16.960597744188398,17.27325491357767,76695228
2012-12-10,17.035160064697266,17.189998808431326,16.99464891503374,17.034413716947924,54613332
2012-12-11,17.319982528686523,17.445243926930846,17.092323735416116,17.148989335438507,107396496
2012-12-12,17.336877822875977,17.484756936676977,17.235476842144706,17.378383462494938,96942960
2012-12-13,17.464632034301758,17.806866611316696,17.386343177822987,17.79319745918742,137658204
2012-12-14,17.446239471435547,17.591881475809224,17.358505720605514,17.376897321313898,85118796
2012-12-17,17.913984298706055,17.942317098545722,17.49743701741013,17.534220216399678,121294584
2012-12-18,17.92119026184082,18.120766300534992,17.771572164892156,17.810096210745048,120075804
2012-12-19,17.89733123779297,17.96915868176458,17.81208279480931,17.912243037965567,76667256
2012-12-20,17.953250885009766,18.010164629777307,17.81928905721094,17.97561858340268,66213720
2012-12-21,17.785985946655273,17.86526739109017,17.658983714028274,17.74472845352952,140898960
2012-12-24,17.633634567260742,17.77480226778283,17.583182216500504,17.758151514490706,33602364
2012-12-26,17.61797523498535,17.717639174018785,17.45742144636549,17.598092835120394,47248704
2012-12-27,17.553855895996094,17.617232947641526,17.36298028754345,17.574980948449987,65830104
2012-12-28,17.397775650024414,17.569263256974867,17.397775650024414,17.43952945082197,56023920
2012-12-31,17.580944061279297,17.660227404669765,17.298110479822633,17.397524374419923,79816104
2013-01-02,17.975370407104492,18.068572948666468,17.80885340747022,17.880182656332384,101550348
2013-01-03,17.985809326171875,18.19110041130838,17.912491081480265,18.017125621773005,92635272
2013-01-04,18.341215133666992,18.42820252100804,18.08547172237063,18.12672921450469,110429460
2013-01-07,18.261186599731445,18.376258639794482,18.15754845490308,18.27858559372257,66161772
2013-01-08,18.22515106201172,18.299711960408366,18.00470001471346,18.280822163939494,66976956
2013-01-09,18.344945907592773,18.35066096144637,18.108338510629792,18.19955205824609,80907012
2013-01-10,18.42845344543457,18.51593904247171,18.230121945136013,18.462004997805995,73354572
2013-01-11,18.391420364379883,18.45206206181983,18.299710523382238,18.4413764086396,51356592
2013-01-14,17.975370407104492,18.4463480322233,17.953002706385746,18.317108639503346,114441444
2013-01-15,18.01712417602539,18.267398792472775,17.698251874990323,17.877943597851935,156950892
2013-01-16,17.775053024291992,18.002463679973225,17.73727532392922,17.954246581992283,80855064
2013-01-17,17.67886734008789,17.885649228045768,17.671411439986183,17.83768217967804,88371540
2013-01-18,17.509614944458008,17.7149060306237,17.43057975162494,17.655008784563215,128942928
2013-01-22,17.468852996826172,17.530242935679322,17.28617966421186,17.513342138516652,151544304
2013-01-23,18.4289493560791,18.615352548142994,18.2870353093544,18.292005909600082,236127636
2013-01-24,18.744840621948242,18.809956623569942,18.40434502411556,18.42248847323651,135172692
2013-01-25,18.731416702270508,18.850963032620637,18.6464164180722,18.659341113630344,88946964
2013-01-28,18.658349990844727,18.77938714412157,18.5877651904597,18.683949341185645,65018916
2013-01-29,18.731666564941406,18.81293890685761,18.554211975197607,18.55943072640913,69814116
2013-01-30,18.735395431518555,18.912353727626016,18.71253142781455,18.73315828252316,69250680
2013-01-31,18.7816219329834,18.829588979592263,18.646417448673006,18.652880743951002,65302632
2013-02-01,19.276456832885742,19.30131172749236,18.84151985581445,18.844005155846755,149694156
2013-02-04,18.864383697509766,19.14895812591596,18.845743947426445,19.079864133610158,121498380
2013-02-05,19.031402587890625,19.164866241995465,18.875571231564965,18.916826836804397,74753172
2013-02-06,19.141502380371094,19.21084452438095,18.851461047312995,18.865628394060785,83040876
2013-02-07,19.235450744628906,19.35623974446378,19.025437194175,19.12982359149172,113494392
2013-02-08,19.519277572631836,19.5515864732292,19.374878230251657,19.38904557708372,120683196
2013-02-11,19.445960998535156,19.460376497754233,19.230480540891577,19.346048897245932,86625288
2013-02-12,19.40321159362793,19.582156990704974,19.370156344342533,19.42930724486894,74285640
2013-02-13,19.456893920898438,19.518778267384295,19.385066480509973,19.389044475784402,47880072
2013-02-14,19.580167770385742,19.603031771287846,19.33038945265993,19.379100950853598,69342588
2013-02-15,19.706174850463867,19.71536970188892,19.561525478879897,19.569727725824784,109082808
2013-02-19,20.053133010864258,20.05686096109398,19.76557696372378,19.78322411023806,117154728
2013-02-20,19.69548988342285,20.105822021281288,19.678839130515513,20.014610371310734,110457432
2013-02-21,19.771791458129883,20.01834006825602,19.66467349936248,19.833181406629105,140115744
2013-02-22,19.87567901611328,19.913953018490854,19.72879436289084,19.864495165084467,82073844
2013-02-25,19.653486251831055,20.09190300094753,19.64652665445351,19.94004776856567,92063844
2013-02-26,19.637582778930664,19.78223028361358,19.495170529034628,19.758619931356275,88011900
2013-02-27,19.877418518066406,20.0009409619263,19.661938077684948,19.753647923057184,80962956
2013-02-28,19.912710189819336,20.05661133121761,19.908484043300373,19.91022488984942,90541368
2013-03-01,20.03672981262207,20.06034205765818,19.7871996229617,19.82820896855229,86928984
2013-03-04,20.417238235473633,20.450543529492954,20.007154253231974,20.01461015342877,110912976
2013-03-05,20.842235565185547,20.880757715560588,20.601153885704296,20.601900233424978,161602236
2013-03-06,20.662790298461914,20.97644195543708,20.598916956462702,20.90262741414928,114805080
2013-03-07,20.693115234375,20.79302543896315,20.618056137497675,20.729400238430248,82025892
2013-03-08,20.666271209716797,20.75077330250268,20.50546737742957,20.740333906117577,116359524
2013-03-11,20.748291015625,20.869576323085496,20.665776014250902,20.67049846370971,63724212
2013-03-12,20.569093704223633,20.67546720019202,20.47117060742745,20.646141795667283,80251668
2013-03-13,20.511932373046875,20.645646080390012,20.437371467018465,20.576303926326958,65586348
2013-03-14,20.41823387145996,20.55368462686199,20.315092018710015,20.55368462686199,65981952
2013-03-15,20.238292694091797,20.387414485503687,20.21443229820978,20.34267719036669,123864012
2013-03-18,20.07649803161621,20.20001859149617,19.919422129553457,20.00715588100407,73458468
2013-03-19,20.164228439331055,20.361319176965058,20.04319129413559,20.16223944154629,83844072
2013-03-20,20.24847984313965,20.318070131181905,20.167209403858354,20.301169334984255,58493448
2013-03-21,20.162736892700195,20.303408282255937,20.12769454159542,20.163483240412788,59044896
2013-03-22,20.139127731323242,20.261655680417025,20.122475083788597,20.24922917969728,59468472
2013-03-25,20.122472763061523,20.360819081085378,20.05238617051507,20.19131859996274,68411520
2013-03-26,20.191570281982422,20.230838784308297,20.07649822646916,20.218412282848686,47628324
2013-03-27,19.948997497558594,20.056859897341305,19.915940355277847,20.04890769498645,86441472
2013-03-28,19.73848533630371,20.016348313199618,19.716365787739008,19.982050415938975,91420488
2013-04-01,19.91246223449707,19.938806035580527,19.715123353237985,19.758866148565456,72219708
2013-04-02,20.206974029541016,20.251463168315265,19.982296869882656,19.99571976170563,81578340
2013-04-03,20.036977767944336,20.23580745518883,19.89953802291014,20.217415855925694,69470460
2013-04-04,19.760356903076172,20.02579338241093,19.666658062656442,19.98851198830005,97806096
2013-04-05,19.461618423461914,19.559541523184972,19.29634027950059,19.53642747391773,137218644
2013-04-08,19.25782012939453,19.374633037960816,19.097514463381973,19.354748740272942,113170716
2013-04-09,19.32740592956543,19.47901300874278,19.21457104341357,19.273970088591422,86205708
2013-04-10,19.638824462890625,19.692756611963752,19.286398677403366,19.45838637052255,79064856
2013-04-11,19.644044876098633,19.711398030349198,19.486720819207594,19.70593112734641,81066852
2013-04-12,19.63559341430664,19.686543962509816,19.458635115555992,19.68381051115624,65402532
2013-04-15,19.433778762817383,19.808322150755565,19.31174713476012,19.533690844130188,98025876
2013-04-16,19.71810531616211,19.783471359206136,19.483240673832825,19.54959932146592,69610320
2013-04-17,19.449438095092773,19.655225474271347,19.338590309207866,19.553574434639174,81398520
2013-04-18,19.035627365112305,19.529965293179846,18.920057123386847,19.518779548590615,132767100
2013-04-19,19.879653930664062,19.968380271644097,19.04432419503072,19.116397890489807,231895872
2013-04-22,19.8856201171875,19.98130606067793,19.261544622665113,19.897796571659747,115220664
2013-04-23,20.0792293548584,20.268115943758694,19.891833567104026,19.907739865988795,91600308
2013-04-24,20.217166900634766,20.330249942919394,20.08171426446202,20.084447715556994,73090836
2013-04-25,20.109052658081055,20.29222419083759,20.072517611985774,20.28675728862206,79608312
2013-04-26,19.91817855834961,20.075254453148755,19.797887757810116,20.071774654078002,99408492
2013-04-29,20.356595993041992,20.44706129187794,19.957445826289078,19.96365907628765,91939968
2013-04-30,20.493539810180664,20.5698396581386,20.322296575358603,20.355103672525455,92175732
2013-05-01,20.390642166137695,20.49726569475649,20.28948743363741,20.46097880232624,58141800
2013-05-02,20.61880111694336,20.741579106072432,20.356346235020624,20.382443779666637,80651268
2013-05-03,21.019193649291992,21.046035649426855,20.777617542361924,20.80147604565752,100403496
2013-05-06,21.412626266479492,21.420082166930143,21.08232192052436,21.08232192052436,85566348
2013-05-07,21.305259704589844,21.470287813107124,21.142220594040207,21.44891460923196,78281640
2013-05-08,21.71285629272461,21.719069542365663,21.19788776592011,21.299538803187847,98633268
2013-05-09,21.659421920776367,21.86272400910266,21.578645881396454,21.643515621759597,87935976
2013-05-10,21.876893997192383,21.884598049343374,21.676325335820586,21.75461419034439,75832092
2013-05-13,21.809785842895508,21.932561934355423,21.706642105740073,21.843585543576214,57882060
2013-05-14,22.047632217407227,22.087148862573315,21.80009105653219,21.809037756839913,63108828
2013-05-15,22.76317024230957,22.775348591523862,22.219622614078478,22.25640581287193,159276564
2013-05-16,22.464431762695312,22.864824616401908,22.418203663012502,22.840466022162385,128255616
2013-05-17,22.596403121948242,22.703521070161177,22.381170832356215,22.617280021347952,111568320
2013-05-20,22.580249786376953,22.8802323384111,22.492516037766418,22.492516037766418,90817092
2013-05-21,22.541475296020508,22.658038136095488,22.308845918144083,22.567570945334268,79240680
2013-05-22,22.10529327392578,22.59963305818658,22.042166278208015,22.43187152796132,102321576
2013-05-23,21.94051742553711,22.118716475279715,21.722053482932346,21.79661438093514,90912996
2013-05-24,21.70515251159668,21.84184780589427,21.647740563763037,21.753367712474656,91780128
2013-05-28,21.90273666381836,22.172895568931416,21.8811134191938,21.958159606545067,90209700
2013-05-29,21.58063507080078,21.82121855592254,21.480724872337913,21.764552957135624,80455464
2013-05-30,21.64152717590332,21.843834770521912,21.533414727774904,21.620650276304154,84743172
2013-05-31,21.6529598236084,21.796614719284655,21.561001823310335,21.575915518569303,78697224
2013-06-03,21.563732147216797,21.72130432209372,21.250328643894463,21.697197671726652,98928972
2013-06-04,21.351734161376953,21.637303099851632,21.22672091391497,21.569203603734376,74669256
2013-06-05,21.36664581298828,21.608968254741875,21.302772464071435,21.43648426098099,84187728
2013-06-06,21.489423751831055,21.531425702127155,21.056473869006215,21.480973352684757,103060836
2013-06-07,21.86446189880371,21.871173345115196,21.506322984327753,21.63307517372668,106877016
2013-06-10,22.12517738342285,22.14456158572784,21.87341006746924,21.92336610999705,93418488
2013-06-11,21.8664493560791,22.04514657402833,21.8592416080079,21.969839340238416,70233696
2013-06-12,21.671850204467773,22.02029801035525,21.613941951405856,22.00687701025896,88103808
2013-06-13,21.796611785888672,21.862722276742293,21.51079472852598,21.59728581453989,82713204
2013-06-14,21.747901916503906,21.98798911706201,21.72528606326181,21.87366151788506,89710200
2013-06-17,22.026508331298828,22.105541625800083,21.828425004212352,21.852035353252756,85766148
2013-06-18,22.383657455444336,22.393102353961666,22.0787043000671,22.08615830641802,86589324
2013-06-19,22.385147094726562,22.63766078138935,22.30611379438865,22.402296044152745,116519364
2013-06-20,21.988981246948242,22.39310204257048,21.95344069670396,22.218877196169903,134745120
2013-06-21,21.894287109375,22.11672713078275,21.698937235430375,22.07845123961151,159132708
2013-06-24,21.617420196533203,21.779712941852747,21.454877405781712,21.669363346453334,120555324
2013-06-25,21.528196334838867,21.863221232894986,21.486192489505548,21.803075833184593,102025872
2013-06-26,21.713354110717773,21.821466556302482,21.63680421779952,21.715839410747687,73182744
2013-06-27,21.79835319519043,21.987736077833517,21.7879137990729,21.841349641039763,76982940
2013-06-28,21.880373001098633,21.916908054282445,21.72677878129757,21.74442403563506,93878028
2013-07-01,22.06702423095703,22.171408743484157,21.995444926449952,22.03148367703209,68923008
2013-07-02,21.928585052490234,22.144561779268187,21.803323665524317,22.12467938024822,75584340
2013-07-03,22.030982971191406,22.099080568338653,21.833892245574976,21.86868833898502,41838120
2013-07-05,22.206449508666992,22.254168406085316,22.05359976738302,22.119960309416236,68007924
2013-07-08,22.4947509765625,22.52407637932162,22.29567314712208,22.34861079362466,78701220
2013-07-09,22.498477935791016,22.690099856964192,22.31803986386957,22.64163461592329,79096824
2013-07-10,22.517120361328125,22.645115212263732,22.377691614371454,22.453991464906984,68267664
2013-07-11,22.87128448486328,22.885449937504365,22.580000498153048,22.69134459293643,103264632
2013-07-12,22.93988037109375,22.93988037109375,22.747015781524343,22.86531947465474,102625272
2013-07-15,22.98188018798828,23.064145128157474,22.77485016493929,22.972187139751068,78341580
2013-07-16,22.855627059936523,23.063401561420758,22.713713012184375,23.042524661381027,79240680
2013-07-17,22.829280853271484,23.03581459435734,22.77335970706773,22.890172599645922,60183756
2013-07-18,22.633684158325195,22.86532095948434,22.447531003431504,22.840217911701664,145234620
2013-07-19,22.283740997314453,22.441561318444457,21.76206484039489,22.035453493039643,294077628
2013-07-22,22.634180068969727,22.6831416151898,22.293684499986416,22.41795328766503,116011872
2013-07-23,22.462692260742188,22.691345559050152,22.35756141163821,22.634181760902244,81746172
2013-07-24,22.44032096862793,22.624236955725383,22.385642474781314,22.5486834574724,83056860
2013-07-25,22.062543869018555,22.289954479115206,22.022280876477016,22.21589178881226,119923956
2013-07-26,22.00414276123047,22.11946296084161,21.9208814179914,22.04490206237428,71036892
2013-07-29,21.92759132385254,22.239504046567436,21.893293426625064,21.99295736492337,75600324
2013-07-30,22.142576217651367,22.25913906316194,21.89279787972147,22.0068754251815,70153776
2013-07-31,22.063793182373047,22.28151081033567,22.02477472220657,22.194027096097955,86853060
2013-08-01,22.473129272460938,22.481331520549535,22.243977782558535,22.243977782558535,85450464
2013-08-02,22.53153419494629,22.542221742425454,22.388625659511508,22.453741654654408,68487444
2013-08-05,22.492515563964844,22.505440261237005,22.348364367567825,22.502208613348056,52335612
2013-08-06,22.283000946044922,22.609577350469596,22.26212404537054,22.484812248753094,60183756
2013-08-07,22.135868072509766,22.329725277343375,22.09709397954587,22.244973130521466,55112832
2013-08-08,22.185823440551758,22.264858643500716,22.002651880032253,22.256160092295346,59460480
2013-08-09,22.129901885986328,22.25690223583065,22.119710640205014,22.133627941832394,52895052
2013-08-12,22.00811767578125,22.045149024718913,21.912181685861153,22.04266372471348,55024920
2013-08-13,21.902240753173828,22.082430688617727,21.776731207083962,22.040925041450258,56735208
2013-08-14,21.617918014526367,21.876893117406567,21.552055664276637,21.83066501779213,83204712
2013-08-15,21.36565399169922,21.496384191005554,21.32439649324397,21.484453992416427,74693232
2013-08-16,21.297304153442383,21.43474389140162,21.288107407142444,21.40591479110527,66936996
2013-08-19,21.514524459838867,21.672344800557447,21.31072606849349,21.317187469724868,72363564
2013-08-20,21.508808135986328,21.675078865856598,21.462081846112106,21.5816281803916,49270680
2013-08-21,21.605987548828125,21.794377849846867,21.53565090132856,21.63879464796483,70221708
2013-08-22,21.71484375,21.74069124778479,21.62885085813937,21.689740705614216,34761204
2013-08-23,21.627859115600586,21.821468169668968,21.61642711347448,21.817243917019223,43040916
2013-08-26,21.532917022705078,21.744421369048737,21.52446662335495,21.622639767654363,42057900
2013-08-27,21.12929344177246,21.466805520559934,21.073374191119694,21.364658173940697,69294636
2013-08-28,21.089529037475586,21.26002403237896,21.070142939171703,21.131781033046053,53142804
2013-08-29,21.26052474975586,21.38354901237311,21.090526036997993,21.102454342205487,59080860
2013-08-30,21.048521041870117,21.32538954976711,21.015217639863156,21.268723946693555,74389536
2013-09-03,21.383546829223633,21.52794617571071,21.223737485443234,21.233928731348342,81822096
2013-09-04,21.663150787353516,21.70962703635767,21.254061293367876,21.38280059782357,81566352
2013-09-05,21.860239028930664,21.868191231413626,21.662651991200722,21.70962643550098,51600348
2013-09-06,21.860736846923828,21.965121341977344,21.715589264145848,21.931816048591426,62401536
2013-09-09,22.071245193481445,22.113497188850335,21.93132014789016,21.963877199869764,49334616
2013-09-10,22.08665657043457,22.169419719728594,21.970590019347537,22.120210017676452,51452496
2013-09-11,22.273555755615234,22.29294185476247,22.022284708753435,22.083426502985933,64359576
2013-09-12,22.195762634277344,22.316055327489515,22.119960980629827,22.303626932607933,43776180
2013-09-13,22.09659767150879,22.260879424961576,21.99146682071748,22.231554019078583,52962984
2013-09-16,22.064035415649414,22.293683182139695,21.992209871552046,22.27380078345715,53406540
2013-09-17,22.023029327392578,22.079694924847985,21.896027088260478,22.05533822724547,50325624
2013-09-18,22.450759887695312,22.4669143372227,21.94747339243465,22.028993882046645,77310612
2013-09-19,22.328229904174805,22.517118380223394,22.25391905799409,22.517118380223394,63852084
2013-09-20,22.445539474487305,22.470890670577862,22.25938634058495,22.32823028585276,173638188
2013-09-23,22.032718658447266,22.407758319447034,22.000407869762906,22.27255574973621,71024904
2013-09-24,22.04117202758789,22.122194319898274,21.905967545364625,22.03272162905622,59412528
2013-09-25,21.802330017089844,22.033964899844033,21.7618188697932,22.033964899844033,65894040
2013-09-26,21.825695037841797,21.939524443386222,21.74690798761125,21.828924791656064,50345604
2013-09-27,21.78145408630371,21.809538734976137,21.655198189995488,21.742431844117558,50301648
2013-09-30,21.7695255279541,21.89205348336434,21.580637024425634,21.59977497309081,68827104
2013-10-01,22.045150756835938,22.061803404750886,21.872418604319446,21.87738920472086,67324608
2013-10-02,22.06975555419922,22.1038053034366,21.81699370497857,21.939025354248198,59752188
2013-10-03,21.773996353149414,22.22160988654051,21.674830606343388,22.070002792369095,84595320
2013-10-04,21.681045532226562,21.809288531100858,21.622639086372928,21.746905983997042,54265680
2013-10-07,21.516761779785156,21.721804717061136,21.476250631197406,21.559261926129253,51692256
2013-10-08,21.216779708862305,21.52272735044784,21.16607731351661,21.50632474859107,77670252
2013-10-09,21.271207809448242,21.439963851430765,20.95109472023675,21.281647206300374,105945948
2013-10-10,21.578895568847656,21.59355921760866,21.379321433869666,21.469540475277814,90121788
2013-10-11,21.67209815979004,21.70912951173238,21.505827408511756,21.523970857736973,56299644
2013-10-14,21.77449607849121,21.777975877720866,21.50806507051583,21.53962952046886,49694256
2013-10-15,21.921131134033203,22.01110013429978,21.72205329186001,21.765796089084052,63612324
2013-10-16,22.319286346435547,22.32674224721702,21.970838536209484,22.017066636481612,80223696
2013-10-17,22.08963966369629,22.291200917495477,22.013586068669895,22.19402416527614,170093736
2013-10-18,25.137187957763672,25.237846403773872,24.207414806466414,24.271536308921256,462193344
2013-10-21,24.935626983642578,25.325828588302752,24.84242443713529,25.138430890630442,144986868
2013-10-22,25.0275821685791,25.176703964351425,24.74897472112347,24.97787616617741,88255656
2013-10-23,25.634260177612305,25.71727147340348,24.86926511263376,24.878461859497573,106421472
2013-10-24,25.488616943359375,25.861919632852562,25.46997719228557,25.645692837545464,83600316
2013-10-25,25.23138427734375,25.56989089176847,25.12053836858278,25.56989089176847,81138780
2013-10-28,25.226411819458008,25.43592716551651,25.176455771699743,25.231382419689982,46301652
2013-10-29,25.754302978515625,25.771700079175943,25.189132098222657,25.32831079778883,64135800
2013-10-30,25.60965347290039,25.78586731050484,25.49980207265401,25.783878312724863,52911036
2013-10-31,25.613630294799805,25.885528173147566,25.449346662835783,25.57262095102298,65534400
2013-11-01,25.52564811706543,25.7483362958155,25.477431025060596,25.643703652852547,51280668
2013-11-04,25.502532958984375,25.658116138253753,25.40113007379244,25.636492893134736,45506448
2013-11-05,25.388456344604492,25.64022177312349,25.286555259178854,25.35937719893083,47208744
2013-11-06,25.41902732849121,25.524656375983387,25.235609520996416,25.48986217304346,36479484
2013-11-07,25.05119514465332,25.448356344558125,25.043489198629402,25.41554924544597,67116816
2013-11-08,25.252010345458984,25.313398392893564,25.064862706543103,25.071075956630597,51580368
2013-11-11,25.116804122924805,25.249523303059124,25.052434477603533,25.08996402096909,44459496
2013-11-12,25.14638328552246,25.290036280032663,24.97787539629388,25.044980391751437,48675276
2013-11-13,25.660600662231445,25.670045559025457,25.01515391850694,25.021367167902117,63112824
2013-11-14,25.72920036315918,25.84153896015867,25.607915064526942,25.696643310234755,46621332
2013-11-15,25.687694549560547,25.798046042313665,25.60692040137609,25.720253496559785,51000948
2013-11-18,25.637739181518555,26.06497210218735,25.580327236038723,25.742123675898455,70317612
2013-11-19,25.47991943359375,25.717271272166812,25.426483588021895,25.641964028354234,45218736
2013-11-20,25.40808868408203,25.682721902593087,25.35962533560371,25.597971659827294,38509452
2013-11-21,25.70037078857422,25.805749785544766,25.499802146146784,25.524655147050137,43628328
2013-11-22,25.646188735961914,25.752562232411613,25.57983008661405,25.684214585267075,50117832
2013-11-25,25.99513053894043,26.175568614608512,25.723979017458074,25.77716481386067,64455480
2013-11-26,26.305307388305664,26.382105436920078,25.920822737195316,26.061494136932744,91360548
2013-11-27,26.422119140625,26.54365258716347,26.344824793036924,26.39527714216105,44899056
2013-11-29,26.33463478088379,26.509355930233934,26.331154981766783,26.398510026515503,47664288
2013-12-02,26.207632064819336,26.502644011052585,26.11517776298031,26.432061108173407,54873072
2013-12-03,26.177310943603516,26.430320926821857,26.071931949357747,26.11989899757438,66976956
2013-12-04,26.299591064453125,26.443740362050615,26.096287079215195,26.13033682656811,47616336
2013-12-05,26.27871322631836,26.336373322154184,26.123378189729465,26.275231533222453,45302652
2013-12-06,26.590126037597656,26.593357685061445,26.34680912468524,26.58813893432127,57094848
2013-12-09,26.795669555664062,26.899309605138978,26.544150355320806,26.617966802314854,59244696
2013-12-10,26.957714080810547,27.14784332127482,26.733781350298607,26.746209744706157,74081844
2013-12-11,26.77454376220703,27.123239706401268,26.721854262713542,27.025812910142083,68403528
2013-12-12,26.592365264892578,26.91496554003731,26.568506763727306,26.831207899106495,63796140
2013-12-13,26.364458084106445,26.749689079971507,26.292384379532532,26.727571423994714,86409504
2013-12-16,26.667421340942383,26.70992148462247,26.39477712272726,26.44423686383472,64015920
2013-12-17,26.589879989624023,26.860783372976176,26.55309679184251,26.66344638518705,61366572
2013-12-18,26.959951400756836,26.964922000837973,26.320964090631076,26.639338224105558,88323588
2013-12-19,26.99648666381836,27.139891508159746,26.81903017779515,26.86103212767338,66561372
2013-12-20,27.35437774658203,27.368046897062854,27.040724161844807,27.048181956390675,130333536
2013-12-23,27.714256286621094,27.73165338644997,27.466218802780336,27.533820098685524,68795136
2013-12-24,27.63323402404785,27.717736117598243,27.540281531714072,27.71102467108635,29338632
2013-12-26,27.772912979125977,27.811186980497006,27.55494722967003,27.68716822920964,53458488
2013-12-27,27.796274185180664,27.842998584292086,27.66057339141008,27.836040880654032,62725212
2013-12-30,27.574081420898438,27.84846649638279,27.56314761634545,27.844490395246837,49394556
2013-12-31,27.853687286376953,27.860895035747955,27.49455193933389,27.64317743621925,54261684
2014-01-02,27.66504669189453,27.780118733185976,27.544257702924725,27.72320309039468,72783144
2014-01-03,27.46323585510254,27.759738588675837,27.461496902798302,27.711771540475592,66601332
2014-01-06,27.769432067871094,27.807706067709244,27.49902498037315,27.66231411969749,70701228
2014-01-07,28.304777145385742,28.325405892028357,27.864867702519405,27.96030549070565,102001896
2014-01-08,28.363683700561523,28.515042650468967,28.16634669686194,28.482235551193007,89610300
2014-01-09,28.090539932250977,28.43799319600046,27.974225243969258,28.418607098906257,83296620
2014-01-10,28.08905029296875,28.310247677903167,27.891959560548017,28.310247677903167,85654260
2014-01-13,27.910104751586914,28.50484916738393,27.76570351701458,27.996842100791067,96659244
2014-01-14,28.566736221313477,28.606502916884633,28.037105893036347,28.282161784964998,99204696
2014-01-15,28.54734992980957,28.705916620151417,28.427307284737974,28.655960573445068,77929992
2014-01-16,28.736238479614258,28.778736731937922,28.531941888802823,28.55928018956213,67288644
2014-01-17,28.59482192993164,28.845842930215365,28.437499777008853,28.751895931693905,107943948
2014-01-21,28.922143936157227,28.92959983648421,28.61395914550745,28.85329809228429,79116804
2014-01-22,28.95494842529297,29.026277668564433,28.80185054266269,28.994465072322207,62793144
2014-01-23,28.832672119140625,28.892071172417683,28.69025987226213,28.830186818955674,77886036
2014-01-24,27.931232452392578,28.669881870572432,27.910603702638827,28.60675297118827,155544300
2014-01-27,27.369539260864258,27.997590919652048,26.898315350540628,27.987649718734787,173969856
2014-01-28,27.910850524902344,27.97895002153575,27.586013084535555,27.595457982733443,88319592
2014-01-29,27.510955810546875,27.879534153315014,27.324554512916823,27.81417000242354,95100804
2014-01-30,28.218536376953125,28.643534053244785,28.016228784488078,28.45738091118229,203452344
2014-01-31,29.351364135742188,29.48979837447342,28.609731305420567,29.112271459987138,222429348
2014-02-03,28.169824600219727,29.370004781546708,28.13453220311391,29.30737408402593,182581236
2014-02-04,28.287384033203125,28.70591844074175,28.258803080658417,28.283157886256728,112363524
2014-02-05,28.412643432617188,28.60078557122977,28.035366550800507,28.41711773041325,95684220
2014-02-06,28.82918930053711,28.834159900386403,28.52075448732767,28.609730876626916,77786136
2014-02-07,29.263629913330078,29.275061914109894,28.844101057537653,29.019816687088074,105342552
2014-02-10,29.15154266357422,29.38690550166037,29.054364022646265,29.123456121225363,77730192
2014-02-11,29.58026695251465,29.62226890269583,29.133647920443316,29.331483110675684,81949968
2014-02-12,29.493526458740234,29.57579140328047,29.361553620452177,29.55093840354832,68911020
2014-02-13,29.82184410095215,29.82184410095215,29.31880574039367,29.345895889342845,73382544
2014-02-14,29.893917083740234,29.933435626066913,29.645381406006187,29.715219849995265,87380532
2014-02-18,30.09473419189453,30.14419393455234,29.82432711396809,29.859371359053092,84271644
2014-02-19,29.882488250732422,30.05348145162002,29.76219555303263,29.95605465244367,84059856
2014-02-20,29.92647933959961,29.99557144353507,29.829798887752865,29.902370790858406,67963968
2014-02-21,29.91852569580078,30.06963649797991,29.894915343316693,30.018437797166374,74417508
2014-02-24,30.13524627685547,30.325375507532364,29.95108025050428,29.95754165137943,66905028
2014-02-25,30.321401596069336,30.433241993787625,30.083303408193032,30.22049500326001,57490452
2014-02-26,30.325626373291016,30.542101317679368,30.166315225931026,30.420816019858673,79208712
2014-02-27,30.301767349243164,30.42653244393935,30.247088853275635,30.281386752045357,50349600
2014-02-28,30.213289260864258,30.425538055596054,29.978919022230542,30.329852108017917,92451456
2014-03-03,29.891183853149414,30.019180590025623,29.628977129479075,29.992090441526784,84107808
2014-03-04,30.19489288330078,30.22198303050297,30.0604366460858,30.197130032020855,58649292
2014-03-05,30.278152465820312,30.397948844208056,30.10790563684512,30.198372824888352,49362588
2014-03-06,30.31170654296875,30.474249324638503,30.286603498430573,30.378065187189772,50673276
2014-03-07,30.191913604736328,30.495127786686886,30.108654159130257,30.490405337755163,60543396
2014-03-10,30.11188507080078,30.26274581036295,29.925978191828268,30.214280566494317,48535416
2014-03-11,29.824079513549805,30.18023134150001,29.740820068540945,30.166562191380933,68451480
2014-03-12,30.005760192871094,30.019429342964546,29.431392583532688,29.73485491388483,78493428
2014-03-13,29.552431106567383,30.085293093959184,29.445561306557842,30.02191604627995,93730176
2014-03-14,29.1483097076416,29.597415934570456,29.141600155136036,29.376714846803395,91664244
2014-03-17,29.627986907958984,29.75150935711605,29.280283564311333,29.308618259356287,86397516
2014-03-18,30.10418128967285,30.110892736668017,29.6518452953249,29.691860143285897,72527400
2014-03-19,29.805688858032227,30.122324046804565,29.685398060036253,30.11760159775723,64451484
2014-03-20,29.753747940063477,30.063175402910332,29.709010640616565,29.82308819692312,67320612
2014-03-21,29.40281105041504,30.06366784495642,29.388147401748792,29.98115474945803,128211660
2014-03-24,28.778736114501953,29.44903781957664,28.480990732056195,29.43139256832183,121362516
2014-03-25,28.798372268676758,29.074742555665303,28.50708828730477,28.97930476188574,96311592
2014-03-26,28.13353729248047,29.117740718700645,28.121857140187544,28.88013884029424,103096800
2014-03-27,27.693880081176758,28.132793188989147,27.391162182016334,28.10570303795669,152735112
2014-03-28,27.839767456054688,28.16385852573904,27.78061466520879,27.811184612327345,90265644
2014-03-31,27.69959259033203,28.20884229900622,27.658335095381883,28.094516606043573,77614308
2014-04-01,28.20611000061035,28.27097594929881,27.78633110193886,27.842748546373876,87152760
2014-04-02,28.211328506469727,28.452408278102343,27.935452642172717,28.38033268717265,83360556
2014-04-03,28.37926483154297,29.21351106609586,28.106645235496295,28.473117106716387,80366000
2014-04-04,27.075756072998047,28.787449618392053,27.03801626212291,28.729350048078775,107274000
2014-04-07,26.846336364746094,27.304178993037457,26.344796405708276,27.05291176411154,79232000
2014-04-08,27.684555053710938,27.80224309687659,27.048443300181365,27.06582335098044,69650000
2014-04-09,28.157793045043945,28.195532857768058,27.57878631125625,28.09820456495247,60632000
2014-04-10,27.147262573242188,28.215892363907518,27.088170395993867,28.205464332628402,65890000
2014-04-11,26.703819274902344,27.19195148332173,26.48731215284615,26.712756504018763,63494000
2014-04-14,27.07327651977539,27.461597122649238,26.840878205452306,26.99680428257068,50824000
2014-04-15,27.247072219848633,27.45513842174533,26.35025780878921,27.361284253014972,79956000
2014-04-16,28.001867294311523,28.006834105703913,27.4655672152285,27.69399128790676,91644000
2014-04-17,26.98090934753418,27.659231445716625,26.785258272212754,27.625463947351136,112294000
2014-04-21,26.783769607543945,27.01368448559708,26.517109417069808,27.01368448559708,48502000
2014-04-22,27.08816909790039,27.212312862688464,26.61642241284902,26.61642241284902,46622000
2014-04-23,26.69140625,27.053409520614046,26.22561897185911,26.997297053085386,39114000
2014-04-24,26.538955688476562,26.939195036353972,26.368133001372286,26.898971822954117,41348000
2014-04-25,25.975841522216797,26.510156381577797,25.946046337303677,26.43070444942629,47400000
2014-04-28,25.96988296508789,26.114882793415983,25.374985111684587,26.109917876241372,75056000
2014-04-29,26.632810592651367,26.703821600932397,25.970875929656014,26.015071459685217,50704000
2014-04-30,26.560806274414062,26.633306187657702,26.27329002713706,26.572725106335497,40770000
2014-05-01,26.742055892944336,26.810583490793178,26.460497179049487,26.5295210791605,40086000
2014-05-02,26.510652542114258,26.934231375327926,26.480857357360435,26.886559837435197,35616000
2014-05-05,26.583152770996094,26.602518031176423,26.198306347367453,26.33039473554844,24568000
2014-05-06,25.94952392578125,26.54442179569638,25.934130977257517,26.48781113034666,36700000
2014-05-07,25.72258758544922,26.0418861201132,25.379455175624955,25.983290248206266,61486000
2014-05-08,25.830345153808594,26.186887213885246,25.546801206722666,25.60936939418591,49040000
2014-05-09,26.150636672973633,26.186887578821967,25.537864332567715,25.754867782495474,45224000
2014-05-12,26.737089157104492,26.75298030095605,26.194829682782025,26.409846008482678,38968000
2014-05-13,26.89152717590332,27.013187542940432,26.710774630591043,26.794198882273633,40240000
2014-05-14,26.53746795654297,26.90542873182729,26.472912670203268,26.90542873182729,25618000
2014-05-15,26.274778366088867,26.5171083689906,26.08558301483529,26.474401747906548,36658000
2014-05-16,26.23406219482422,26.360191173119375,25.999180501568958,26.29861559087045,38154000
2014-05-19,26.7569522857666,26.78277515742381,26.102964193076676,26.26286065702803,39530000
2014-05-20,26.83441925048828,27.130376412738634,26.64472760081126,26.81505209656925,48506000
2014-05-21,27.29673194885254,27.29921346029517,26.919830140670857,26.959060752867,31294000
2014-05-22,27.58226203918457,27.706904006358073,27.36128627908704,27.420876652851746,42994000
2014-05-23,27.996904373168945,28.056492854141148,27.5187019355866,27.71534562765016,53450000
2014-05-27,28.54660987854004,28.54660987854004,28.01428211790295,28.194538347207494,43716000
2014-05-28,28.327123641967773,28.685154596826003,28.30229526760227,28.531713841477355,31632000
2014-05-29,28.33258819580078,28.47758803106302,28.227811579282285,28.47311941596382,28222000
2014-05-30,28.386714935302734,28.432895675236395,28.095720771211138,28.386218632999004,37434000
2014-06-02,28.023717880249023,28.325140083346678,27.64433453921515,28.2923651876189,33210000
2014-06-03,27.53558349609375,27.92738194211002,27.437260710739093,27.852894926105478,40626000
2014-06-04,27.498342514038086,27.737692834082395,27.240123234261898,27.38711017637563,34582000
2014-06-05,28.053016662597656,28.0564926730843,27.5624009873825,27.664694198439317,35868000
2014-06-06,28.107641220092773,28.245192737480423,27.787350047392525,28.213412339661645,34804000
2014-06-09,28.341028213500977,28.404092698096704,28.0674141235101,28.14339004409659,30594000
2014-06-10,28.22036361694336,28.404095872077,28.112605396602383,28.244197493966357,29676000
2014-06-11,28.180639266967773,28.25363549449451,27.99094757815761,28.102179924865016,22580000
2014-06-12,27.783376693725586,28.15580801161927,27.66668124436685,28.15580801161927,30930000
2014-06-13,27.825584411621094,27.840481057785883,27.4963560291076,27.81217667235935,27066000
2014-06-16,27.425844192504883,27.708395562605187,27.31163213996092,27.67164835136507,39436000
2014-06-17,27.342416763305664,27.497348322228646,27.185996297496505,27.428820719793137,29552000
2014-06-18,27.84097671508789,27.877722024847426,27.39008611574089,27.45066719376026,41212000
2014-06-19,28.05599594116211,28.056492243469222,27.642845107608924,27.86531166963126,52548000
2014-06-20,28.13197135925293,28.144384599556982,27.77692010487939,28.12849534888242,63212000
2014-06-23,28.517810821533203,28.52525914468123,27.98200512577731,28.024215447422147,34456000
2014-06-24,28.430908203125,28.913081007089428,28.263065217927064,28.514332446318015,56886000
2014-06-25,29.095821380615234,29.163852678221293,28.466661636178927,28.48106197934319,42294000
2014-06-26,29.03822135925293,29.278066075720986,28.781490998883314,29.263169429586604,40248000
2014-06-27,29.083906173706055,29.19265510160778,28.931458017150895,29.071987341217113,40426000
2014-06-30,29.033254623413086,29.184213871485007,28.964727020162446,29.13703863289163,29578000
2014-07-01,29.371917724609375,29.479675938467707,29.113700357174775,29.181233459911184,32864000
2014-07-02,29.33666229248047,29.504008989430577,29.253734344605913,29.41015670797768,23916000
2014-07-03,29.45087432861328,29.508973901201802,29.248273119437417,29.382346724754182,17978000
2014-07-07,29.335668563842773,29.578492981925603,29.1956336533459,29.472227464048654,26734000
2014-07-08,28.72190284729004,29.197125564940336,28.50341049293428,29.11767362751246,42504000
2014-07-09,28.968202590942383,29.00494979780011,28.652381952304285,28.74921393952802,27456000
2014-07-10,28.803342819213867,29.062058400093306,28.409060933164323,28.453752767804772,28724000
2014-07-11,29.131576538085938,29.21003586785609,28.830154353299097,28.851010415028483,30232000
2014-07-14,29.509469985961914,29.53926517263688,29.133562666403098,29.327724840667038,39032000
2014-07-15,29.449880599975586,29.561112929282938,29.065034167980688,29.55366460641447,33476000
2014-07-16,29.328716278076172,29.6455314082624,29.310343622213765,29.640068294590147,28816000
2014-07-17,28.842073440551758,29.27310061439039,28.644933456950735,29.246781438710784,58706000
2014-07-18,30.048255920410156,30.12720966207783,29.343614613146077,29.94397371233561,97432000
2014-07-21,29.717041015625,30.00108127431665,29.518906521219602,29.861542656574244,44758000
2014-07-22,29.971782684326172,30.235961381376608,29.757758936414238,29.7796094987254,37632000
2014-07-23,30.052227020263672,30.144590392015086,29.86154086070371,29.896302858181308,22120000
2014-07-24,29.943971633911133,30.23695099109524,29.844159942129618,30.06910989605796,27100000
2014-07-25,29.699161529541016,29.844161361056013,29.583460582279177,29.757261101463733,27200000
2014-07-28,29.745840072631836,29.849127778177632,29.426541529568098,29.682775584258756,27162000
2014-07-29,29.494077682495117,29.719522060986993,29.4056866194248,29.680293341148083,27332000
2014-07-30,29.568063735961914,29.717534066615773,29.432003037917724,29.586438285518884,24302000
2014-07-31,28.779008865356445,29.396747989968183,28.686149191606443,29.2462850478421,46190000
2014-08-01,28.48354721069336,28.97167947415233,28.319676523203075,28.729351347645164,44266000
2014-08-04,28.914077758789062,28.99104628997735,28.417006376750432,28.628050406781398,30388000
2014-08-05,28.46070098876953,28.811283598011816,28.320169784862674,28.770564081665533,32876000
2014-08-06,28.527742385864258,28.733819604143687,28.178152347960896,28.2799511484861,26456000
2014-08-07,28.394657135009766,28.71743166751824,28.27647279117604,28.605204845103927,23260000
2014-08-08,28.699058532714844,28.779504965818195,28.25611442549476,28.40508656542475,29866000
2014-08-11,28.664796829223633,28.78596279002873,28.567964836470914,28.751698986966968,24068000
2014-08-12,28.41005516052246,28.597759727647894,28.300311731398992,28.55306789343465,27890000
2014-08-13,29.02779197692871,29.105753108638904,28.562997317478462,28.625069199193877,37988000
2014-08-14,29.032262802124023,29.18868327401414,28.847039747429317,29.133563408545673,25458000
2014-08-15,28.98558235168457,29.271609695557185,28.839093616585018,29.17378510472789,34468000
2014-08-18,29.432003021240234,29.54869845941202,29.126608536359115,29.153920315262443,29320000
2014-08-19,29.6509952545166,29.68575536019175,29.518410550624786,29.575515626683803,20864000
2014-08-20,29.56657600402832,29.645035333754272,29.446900853153203,29.643048230326315,19346000
2014-08-21,29.418102264404297,29.558633487019804,29.352554366576317,29.54125343434889,22640000
2014-08-22,29.42405891418457,29.545719271441673,29.287996319539758,29.46030792308254,17544000
2014-08-25,29.32623291015625,29.575016742318514,29.261181319705308,29.53479542028232,25912000
2014-08-26,29.204572677612305,29.399727449811774,29.171301481676338,29.39724404410282,29434000
2014-08-27,28.950326919555664,29.266645762229427,28.84604660689957,29.18917903405375,27292000
2014-08-28,28.817245483398438,29.03524153207073,28.69607952848603,28.80234694304158,28116000
2014-08-29,28.918546676635742,28.94536215554181,28.713958362967176,28.918050374327645,24122000
2014-09-02,29.229900360107422,29.263171559464965,28.92053541345078,28.947845301923664,31660000
2014-09-03,29.274091720581055,29.520890334880722,29.12412698224952,29.383835138299283,31580000
2014-09-04,29.453853607177734,29.695189124082063,29.327724629158883,29.403700555062706,32616000
2014-09-05,29.68426513671875,29.72001784546079,29.474213710721163,29.552673043315554,35982000
2014-09-08,29.875446319580078,29.96930049694096,29.69618268133744,29.75180074337056,31984000
2014-09-09,29.395753860473633,29.824299526945268,29.321765038487626,29.807912079775576,31424000
2014-09-10,29.467758178710938,29.482656719350754,29.155909844143785,29.38433392826242,23202000
2014-09-11,29.35304832458496,29.394760447663778,29.101284784982955,29.29792846276174,30028000
2014-09-12,29.044675827026367,29.37142078901432,28.9642293950842,29.317295426391084,37030000
2014-09-15,28.882793426513672,28.996010967714017,28.65287854517065,28.91258671871015,30908000
2014-09-16,29.23734474182129,29.305376038372497,28.848527905281003,28.848527905281003,31592000
2014-09-17,29.4613037109375,29.599351529597776,29.154918477311192,29.273599139459275,34390000
2014-09-18,29.658939361572266,29.67333970499699,29.44789344449315,29.54869963703329,29890000
2014-09-19,30.06265640258789,30.06265640258789,29.683273064144508,29.769180721409636,83832000
2014-09-22,29.658939361572266,29.98320281690565,29.452860255919042,29.918647528353798,35644000
2014-09-23,29.356525421142578,29.62815242777148,29.30984648495079,29.546217085427525,28074000
2014-09-24,29.716045379638672,29.79996782571463,29.312826279483502,29.375892663186793,35160000
2014-09-25,29.062057495117188,29.698665599904526,29.036730923229932,29.645036536576168,33420000
2014-09-26,29.19365119934082,29.27657915186421,29.049643962675535,29.095824705390314,25782000
2014-09-29,29.189180374145508,29.263667397624523,28.879319130067724,28.892228673453346,22874000
2014-09-30,29.218975067138672,29.347587456472574,29.024814780196394,29.173290628025843,31430000
2014-10-01,28.782983779907227,29.23437075280686,28.703033641301577,29.13902766470802,28954000
2014-10-02,28.84505271911621,28.962244463635578,28.50589072549338,28.702038101592482,30726000
2014-10-03,29.11171531677246,29.213015925197645,28.975156406187136,29.004951594210393,24290000
2014-10-06,29.18768882751465,29.417107399426484,29.069504478433398,29.295445145794613,25722000
2014-10-07,28.50837516784668,29.09185050596002,28.50837516784668,29.04467716163699,30914000
2014-10-08,28.987071990966797,29.034247226479817,28.1875858642907,28.542637097743643,44158000
2014-10-09,28.345001220703125,28.926985727679465,28.25661016422291,28.881301292611674,48234000
2014-10-10,27.569351196289062,28.56448652325811,27.560412072360823,28.17914568688287,59574000
2014-10-13,27.05092430114746,27.85190121244725,27.035035051735786,27.56637018817808,55116000
2014-10-14,27.246580123901367,27.740175537773332,27.03851578416721,27.31858374393847,52198000
2014-10-15,26.851303100585938,27.009708765522316,26.240017831282408,26.918339897596727,76720000
2014-10-16,26.662111282348633,26.864216198949652,26.06770968273963,26.169508488818234,76100000
2014-10-17,25.969385147094727,26.986370989474935,25.74294629376414,26.83739696296177,119930000
2014-10-20,26.436662673950195,26.475396983652267,25.779198533556226,25.84424823011184,54964000
2014-10-21,26.71722984313965,26.753975156570252,26.328411084017464,26.679490030814776,49190000
2014-10-22,26.948631286621094,27.34936694900937,26.826472735942318,26.867192252835242,59474000
2014-10-23,27.492877960205078,27.679093600456504,27.088168089717243,27.22621589040656,43026000
2014-10-24,27.257007598876953,27.55991872032994,27.07128823418292,27.558926115659496,43508000
2014-10-27,27.30567169189453,27.510261910611202,27.17259068354557,27.20039876853095,31934000
2014-10-28,27.75556755065918,27.768477093173136,27.33298130095623,27.396543986070796,34774000
2014-10-29,27.73123550415039,28.055002663279133,27.608580643026425,27.85041246064079,41066000
2014-10-30,27.821613311767578,27.932349346795995,27.417401589940997,27.721305308365828,32250000
2014-10-31,28.19900894165039,28.241715566158774,28.047057085737123,28.2203632010464,46810000
2014-11-03,27.995412826538086,28.163255825424294,27.88914541053992,27.983495888374403,30834000
2014-11-04,28.016267776489258,28.046062962140685,27.723786610811118,27.865806729944207,27726000
2014-11-05,27.607091903686523,28.150840322755624,27.517708238634476,28.14537910319166,32906000
2014-11-06,27.395549774169922,27.649300426424375,27.34042991033926,27.584745136044106,33014000
2014-11-07,27.40200424194336,27.58971068835035,27.279351279530964,27.58971068835035,31782000
2014-11-10,27.720312118530273,27.83948907909519,27.39207443895549,27.430808750708543,26090000
2014-11-11,27.87226104736328,27.932345823647754,27.621490123347172,27.734709549991976,21966000
2014-11-12,27.72130584716797,27.870278001056295,27.584746934438176,27.865313083449625,21882000
2014-11-13,27.63142204284668,27.848921774112053,27.51472660528955,27.848425471848564,30220000
2014-11-14,27.569351196289062,27.708887908898124,27.436268307630737,27.708887908898124,28502000
2014-11-17,27.1447811126709,27.56935258207504,27.035533988046343,27.56935258207504,33612000
2014-11-18,27.03900909423828,27.450172810467702,27.003752688781315,27.208837297463806,36440000
2014-11-19,27.17258644104004,27.223235791193307,26.77482859653101,27.050924193940645,30346000
2014-11-20,27.00176429748535,27.082208833221994,26.88953936812416,26.91883635613139,35016000
2014-11-21,27.1075382232666,27.363274094236065,27.06334269124097,27.363274094236065,50120000
2014-11-24,27.186492919921875,27.3707214707109,27.021133327997784,27.14130478482268,33076000
2014-11-25,27.273391723632812,27.435771598796617,27.15818708453811,27.17308372991425,38072000
2014-11-26,27.19890594482422,27.305669661535546,27.074762176289354,27.27339296365857,29604000
2014-11-28,27.26594352722168,27.29176450561214,27.037519457073326,27.162655825092834,24202000
2014-12-01,26.79767417907715,27.251544528096453,26.74652662776717,27.06781038522175,39888000
2014-12-02,26.745037078857422,26.906920656594338,26.54988230488171,26.787741807165744,41480000
2014-12-03,26.664588928222656,26.885068364756375,26.577192373791455,26.690908102145258,32476000
2014-12-04,26.94317054748535,26.948633661416686,26.561303808822558,26.697862714269785,32598000
2014-12-05,26.223134994506836,26.725669468417877,26.182417370334356,26.65118245200893,61402000
2014-12-08,26.3547306060791,26.508171368917445,26.169507552446685,26.279747282751373,64566000
2014-12-09,26.621883392333984,26.64869886769801,25.99123289045371,26.113887738561974,43322000
2014-12-10,26.22115135192871,26.783274335980064,26.19383957056596,26.611459022263578,46222000
2014-12-11,26.423255920410156,26.668067450615315,26.276767180700745,26.318975607978008,41426000
2014-12-12,25.896886825561523,26.429710903021867,25.894403419825068,26.191355097977933,47314000
2014-12-15,25.615327835083008,26.08856343004119,25.593479168818302,26.008615193548913,52352000
2014-12-16,24.73738670349121,25.60241894170181,24.689218857040245,25.504098039460544,86998000
2014-12-17,25.149044036865234,25.279147217291563,24.78455736847248,24.82180087667495,72788000
2014-12-18,25.55474853515625,25.635689381862953,25.154507233936638,25.62277794440472,77534000
2014-12-19,25.823890686035156,25.862126799643182,25.268719743855346,25.67243513847924,97442000
2014-12-22,26.43269157409668,26.465962771613324,25.851201436720135,25.85219593562108,66390000
2014-12-23,26.75397491455078,26.929266235211063,26.503205864207136,26.542434583093137,57544000
2014-12-24,26.66260528564453,26.82945377962026,26.571730821504005,26.75645756350588,14754000
2014-12-26,26.890533447265625,26.976441101214633,26.591098361320842,26.66260567160995,22270000
2014-12-29,26.681474685668945,27.010208656194514,26.674026362676514,26.839882254824357,44300000
2014-12-30,26.580671310424805,26.707794790865098,26.497743361465425,26.564780165013406,20972000
2014-12-31,26.351253509521484,26.73560174852746,26.328410344132926,26.702826854460554,24648000
2015-01-02,26.296131134033203,26.606490522013296,26.213201302207153,26.447584772626783,26480000
2015-01-05,25.795089721679688,26.218668600242324,25.710176561608098,26.17695647369129,41182000
2015-01-06,25.15848159790039,25.881989988136958,25.10435433612934,25.84673358035076,54456000
2015-01-07,25.084487915039062,25.399315930601393,25.010002795393778,25.372502348327828,46918000
2015-01-08,25.171886444091797,25.201183432063985,24.581457232850923,24.90373546624575,73054000
2015-01-09,24.8645076751709,25.25580985360293,24.761718160196523,25.23495379035785,42000000
2015-01-12,24.682762145996094,24.842658628436677,24.37736763109752,24.79101477343398,57138000
2015-01-13,24.918136596679688,25.255807788132557,24.692692232284372,24.95637270950198,60958000
2015-01-14,25.12322235107422,25.238925193681148,24.737385194944682,24.849610132852423,52800000
2015-01-15,25.027881622314453,25.312914481623768,24.92856622535341,25.27020975124383,51068000
2015-01-16,25.348173141479492,25.367538403404968,24.982195642774236,24.98517535098208,49658000
2015-01-20,25.322349548339844,25.603908287449528,25.294045162593612,25.462880766741375,46796000
2015-01-21,25.841270446777344,25.91377036055719,25.304968469150943,25.367040352064173,46356000
2015-01-22,26.680978775024414,26.75745100381848,25.91675089510246,25.970876260307634,56068000
2015-01-23,26.911888122558594,27.08370344521056,26.604012082611273,26.717231526720393,45966000
2015-01-26,26.652177810668945,26.889541014275842,26.42127032549222,26.889541014275842,30932000
2015-01-27,25.880996704101562,26.456527426992785,25.86460925644672,26.387999822512203,39148000
2015-01-28,25.445995330810547,26.104453953928072,25.44202301833719,26.070190154205545,35822000
2015-01-29,25.4857234954834,25.58305178585184,25.00156166084813,25.469336048228097,79018000
2015-01-30,26.69339370727539,26.96899302565216,25.731527649882253,25.772247169765592,121108000
2015-02-02,26.4277286529541,26.641256107392646,25.907317757338888,26.533001578851156,75378000
2015-02-03,26.482351303100586,26.688428532363886,26.16007302892743,26.315500900663388,47062000
2015-02-04,26.124814987182617,26.653666759879638,26.071680332765435,26.47440312757606,33896000
2015-02-05,26.310039520263672,26.35274425169949,26.101973294386323,26.215689038390213,33176000
2015-02-06,26.51114845275879,26.825976467111282,26.251440298102377,26.36863203773939,42938000
2015-02-09,26.282726287841797,26.511150367897514,26.196818633100726,26.37111545407569,30314000
2015-02-10,26.822996139526367,26.864708260031733,26.27726066863109,26.425240193688253,47430000
2015-02-11,26.71573829650879,26.911885675807376,26.616422903989008,26.801645950024298,38306000
2015-02-12,27.11349868774414,27.2291996437658,26.66608402469026,26.798172429271055,48590000
2015-02-13,27.369232177734375,27.43775978001016,27.142793308847736,27.187981443309504,47382000
2015-02-17,27.0638370513916,27.46060041794545,26.97693679481539,27.369231546540608,39174000
2015-02-18,26.946645736694336,27.189968353271183,26.7927086781,27.004745307527013,31164000
2015-02-19,27.135343551635742,27.155703310324675,26.852295927629633,26.937707274812855,30834000
2015-02-20,26.904436111450195,27.191456048219077,26.720703875050642,27.191456048219077,38234000
2015-02-23,26.56676483154297,26.78029225182515,26.417792697325588,26.76539560668845,32906000
2015-02-24,26.748016357421875,26.785257971379544,26.368134846501974,26.395446626259943,28406000
2015-02-25,27.17904281616211,27.290275141426427,26.716233373446624,26.73758763098587,40836000
2015-02-26,27.77294921875,27.81466134533861,27.067811591048894,27.10009018492128,54032000
2015-02-27,27.93880271911621,28.27597760767765,27.66072000480966,27.71633616881427,68328000
2015-03-02,28.554058074951172,28.602225915579183,27.96462335224334,28.15580580793087,50406000
2015-03-03,28.741270065307617,28.84356327471937,28.329608138992487,28.620104108254722,50526000
2015-03-04,28.718425750732422,28.882294536730804,28.429915002234967,28.650890754045285,37964000
2015-03-05,28.872365951538086,28.960258817207734,28.7134620758174,28.78248598235139,35918000
2015-03-06,28.448787689208984,28.93940336854868,28.40707556301859,28.900670950555263,37592000
2015-03-09,28.50837516784668,28.575411969928673,28.257604222919717,28.350463898945073,23478000
2015-03-10,27.800756454467773,28.29286292472328,27.79926565325873,28.229300237849813,40080000
2015-03-11,27.59418296813965,28.0157747601384,27.580278925394904,27.798274993938254,40524000
2015-03-12,27.866304397583008,27.899573700859477,27.586236458157938,27.732725199316956,35602000
2015-03-13,27.460601806640625,28.024711890914418,27.32801710765712,27.76996862998029,35428000
2015-03-16,27.8896427154541,27.994419326904687,27.377176505127935,27.655755526131646,36856000
2015-03-17,27.689523696899414,27.839984748262065,27.53061982357094,27.723289301911933,28892000
2015-03-18,28.11409568786621,28.131475740140832,27.485430309267784,27.695481737777445,35324000
2015-03-19,27.990447998046875,28.153820488142077,27.91347946633433,28.032656425483843,24660000
2015-03-20,28.054006576538086,28.1607702867548,28.03066900428298,28.141405026920065,44320000
2015-03-23,28.07486343383789,28.286901953484733,27.960155095526584,28.10614752610461,30234000
2015-03-24,28.67919921875,28.894711873262917,28.209934005033546,28.23228086963132,79156000
2015-03-25,28.155807495117188,28.804830732516294,28.155807495117188,28.68068696216241,53070000
2015-03-26,27.988956451416016,28.165242268197495,27.72428336366439,28.039111397268496,49842000
2015-03-27,27.68654441833496,28.010311586192582,27.655756626650117,27.89907735771011,34552000
2015-03-30,27.86481475830078,27.91546601021698,27.6488057991584,27.820621119525775,24788000
2015-03-31,27.545021057128906,27.929865618223985,27.543530255894506,27.7059101448576,34932000
2015-04-01,27.286304473876953,27.73371720753241,27.114489164368894,27.55147576118578,38902000
2015-04-02,26.88010597229004,27.21231406506224,26.836903046133052,27.183017074842397,47760000
2015-04-06,27.011199951171875,27.09015558077398,26.60152515789873,26.75744931373564,33718000
2015-04-07,27.05638885498047,27.319573031636082,26.99332436766819,27.062844573253933,27318000
2015-04-08,27.254026412963867,27.386116704036617,27.11299889177422,27.11299889177422,28386000
2015-04-09,27.213306427001953,27.28034512315058,26.911886128333816,27.272400497786144,32366000
2015-04-10,27.2391300201416,27.30418161452509,27.06234978827154,27.29027757262838,26104000
2015-04-13,27.244096755981445,27.474011659219496,27.12789949563915,27.165143008715066,29326000
2015-04-14,26.80413055419922,27.141305464980213,26.603514551024027,27.141305464980213,47206000
2015-04-15,26.86669921875,26.973462940873866,26.4361683197136,26.713754754949125,46962000
2015-04-16,26.989849090576172,27.07476224644108,26.720705490620833,26.733118730936337,31722000
2015-04-17,26.454538345336914,26.805120967055604,26.268820898175658,26.681473506850143,49234000
2015-04-20,27.040002822875977,27.10306920777139,26.48483185943039,26.504695317575145,38508000
2015-04-21,26.960054397583008,27.20089361665834,26.924797990901943,27.128393699781903,29128000
2015-04-22,27.270910263061523,27.36128653488088,26.880602593243484,26.96700655229811,31806000
2015-04-23,27.68207359313965,27.86630403883806,27.315601699521707,27.33198914693613,78184000
2015-04-24,28.486526489257812,29.034745420909633,28.222844107466766,28.80383793383585,92168000
2015-04-27,28.112106323242188,28.57888618556227,27.92241467040908,28.442329184183325,48062000
2015-04-28,28.02520751953125,28.197022828111074,27.855875616714787,28.02272411376789,37178000
2015-04-29,27.877225875854492,28.09820161501601,27.758545230442014,27.83352665142398,33622000
2015-04-30,27.250551223754883,27.863325473165723,27.148754313257708,27.736698292235587,47240000
2015-05-01,27.369232177734375,27.37221188578335,27.006234406590398,27.336953585773422,36572000
2015-05-04,27.45265769958496,27.643838277331124,27.18202328826946,27.360790625233157,35260000
2015-05-05,26.966012954711914,27.441235659155105,26.932741758321562,27.31957340344076,28528000
2015-05-06,26.570737838745117,27.010207824603842,26.42971032567519,26.94614883913076,39034000
2015-05-07,26.91635513305664,27.073273799119672,26.489798454446102,26.611458819591302,31844000
2015-05-08,27.259490966796875,27.450671551195285,27.213806526331812,27.25551865383692,28226000
2015-05-11,27.10207176208496,27.478973546409566,27.093134532890097,27.236643550815835,21858000
2015-05-12,26.751989364624023,26.96204078650385,26.5667663174552,26.95459056923534,35282000
2015-05-13,26.78972625732422,27.005735177487185,26.764399688794516,26.83839039685511,24238000
2015-05-14,27.271902084350586,27.2962360511174,26.939197694886442,27.012193912336173,31736000
2015-05-15,27.137331008911133,27.341424914976706,26.93919841340587,27.330996883634324,33440000
2015-05-18,27.146270751953125,27.229198702272882,26.926783892168544,27.004746925000333,26706000
2015-05-19,27.275875091552734,27.480463391188206,27.16861507756924,27.212312409087726,47126000
2015-05-20,27.436269760131836,27.613049990375533,27.068307061283665,27.357314124578032,30840000
2015-05-21,27.649795532226562,27.68952244590564,27.27686793848251,27.321559769229722,34170000
2015-05-22,27.536081314086914,27.720808063147643,27.49138948088084,27.533101605968696,24266000
2015-05-26,27.17209243774414,27.47698874610736,26.962537316389977,27.4397452365847,37474000
2015-05-27,27.522672653198242,27.57431650552318,27.14180042622904,27.24608073545722,34844000
2015-05-28,27.519197463989258,27.597656796537755,27.351356359637943,27.499832202716814,23544000
2015-05-29,27.07923126220703,27.50727871114813,27.06532722147902,27.470531505959748,43446000
2015-06-01,27.27239990234375,27.33993300503416,26.992828276673528,27.24856413248727,33210000
2015-06-02,27.507776260375977,27.748119170383895,27.140309874684945,27.18400910221827,31842000
2015-06-03,27.574316024780273,27.70839151757192,27.41839186594561,27.564880598600258,26710000
2015-06-04,27.395549774169922,27.607588301826425,27.267929994592787,27.41988184685206,26866000
2015-06-05,27.28829002380371,27.47698908523956,27.181526305472275,27.410944887307913,24396000
2015-06-08,26.98786163330078,27.30517307202973,26.96154245755187,27.29226163530132,27336000
2015-06-09,26.92231559753418,27.055398498056796,26.757948601899027,26.984883787759244,30016000
2015-06-10,27.440738677978516,27.54899319947313,27.0688055565594,27.098102547345352,30316000
2015-06-11,27.313613891601562,27.55147337763879,27.27041096967103,27.534589629527822,25872000
2015-06-12,27.185997009277344,27.254522719223417,27.09462623887655,27.170105863990887,25468000
2015-06-15,26.964025497436523,27.016165651651242,26.77582463997818,26.950617758597947,27150000
2015-06-16,27.056886672973633,27.147262945297918,26.89301787838221,27.037521411351936,32526000
2015-06-17,27.142791748046875,27.23018830389584,26.90493225721984,27.08419587787595,24440000
2015-06-18,27.618511199951172,27.6716439575372,27.21231241424752,27.21231241424752,41192000
2015-06-19,27.685054779052734,27.704421935602095,27.423857682503286,27.6353980261395,59290000
2015-06-22,27.792312622070312,28.086782788682243,27.75407650858794,27.77890677737798,34752000
2015-06-23,27.976543426513672,28.05152674758106,27.666680307739384,27.797776096891308,31396000
2015-06-24,27.737192153930664,27.939298944455263,27.64979559563318,27.93135431941463,28924000
2015-06-25,27.706405639648438,27.964128605890064,27.68207356684318,27.82310108636662,26684000
2015-06-26,27.463581085205078,27.80820430985059,27.403496304068963,27.793803966012614,43676000
2015-06-29,26.877126693725586,27.356321730410468,26.826971745940263,27.150242613835125,37756000
2015-06-30,26.817041397094727,27.10803366628334,26.79221112769229,27.06781044836365,34510000
2015-07-01,26.978925704956055,27.103565780489916,26.80313807661679,26.99680205975123,30760000
2015-07-02,27.179542541503906,27.212315543918187,26.99233237702781,27.050431952604274,28124000
2015-07-06,27.094127655029297,27.241114580129803,26.919332648731864,26.92678097129769,25614000
2015-07-07,27.31311798095703,27.361285823759275,26.807605676965665,27.184009295182587,33578000
2015-07-08,26.89946937561035,27.226216226183535,26.874641002127312,27.093135235058384,27662000
2015-07-09,27.045961380004883,27.256012802218052,27.044472473118958,27.244592166575252,29766000
2015-07-10,27.615036010742188,27.77294727565601,27.410944007274423,27.4958571614817,43436000
2015-07-13,28.39068603515625,28.446302199335634,27.743648035721357,27.78387125200831,41792000
2015-07-14,29.008922576904297,29.28352929245654,28.51185119602049,28.528238643396033,74832000
2015-07-15,28.997997283935547,29.232877076173445,28.811781635628737,28.987072950807846,41466000
2015-07-16,29.88289451599121,30.017962613430722,29.194640698074817,29.273100026964865,112642000
2015-07-17,34.74138641357422,34.90923131427558,33.66779355471481,33.76710706005272,257162000
2015-07-20,34.40470504760742,34.65100737053541,33.854999118739535,34.21303007338888,102436000
2015-07-21,34.52934646606445,35.038332840025,33.97318106960316,34.00943007685339,75604000
2015-07-22,34.516937255859375,35.42219271935678,34.34412932824242,34.46330629487576,83100000
2015-07-23,33.505409240722656,34.56510176592235,33.349483184765575,34.35554475415876,76232000
2015-07-24,32.514251708984375,33.65736874150883,32.435297952760855,33.60671937649193,82622000
2015-07-27,32.688045501708984,33.1250301545237,32.35434475520011,32.355337359684455,58382000
2015-07-28,32.75707244873047,32.97755189891657,32.44671303297602,32.86135275779591,34364000
2015-07-29,32.8449592590332,32.939309721821054,32.418400756152266,32.88617507515387,36756000
2015-07-30,33.00039291381836,33.17369712529431,32.36129953689728,32.64683247031604,39606000
2015-07-31,32.64981460571289,33.022245951025205,32.634917958071206,33.00734930338352,34922000
2015-08-03,33.008338928222656,33.10517091771955,32.65775628367185,32.65775628367185,31348000
2015-08-04,32.837520599365234,33.17122143289146,32.79928637391427,32.98947247356137,26188000
2015-08-05,33.433902740478516,33.76263290813715,33.05104152791321,33.0594824551285,36448000
2015-08-06,33.277976989746094,33.50640106029454,32.810202621401224,33.46866314433858,40660000
2015-08-07,32.9919548034668,33.210941575219884,32.71784437632104,33.1602922179041,27544000
2015-08-10,32.92988204956055,33.35097751431134,32.78537851631666,33.12602754341603,34458000
2015-08-11,34.2785758972168,34.958885095515555,33.98162422252988,34.739398251493256,109880000
2015-08-12,34.33667755126953,34.5616237216668,33.79243094733826,34.486640402012014,58498000
2015-08-13,34.09037399291992,34.46379788223254,33.875357664631785,34.223951286199394,36354000
2015-08-14,34.23239517211914,34.37590610032731,33.911113301875275,33.96772207403173,27598000
2015-08-17,34.4677734375,34.499055635973,33.91905632282911,34.16635125114773,24680000
2015-08-18,34.20061492919922,34.5497048654418,34.03128113509334,34.316814070040046,27710000
2015-08-19,34.464298248291016,34.7701871793444,34.10477835726747,34.26914535347444,50194000
2015-08-20,33.74128341674805,34.56957030737072,33.532722787145346,34.21899144413884,57798000
2015-08-21,31.980926513671875,33.41404305862133,31.934743877056793,33.32217408772067,91880000
2015-08-24,30.693801879882812,31.169024582772078,29.45136971334161,29.824299210218552,129788000
2015-08-25,30.413734436035156,32.12840583620653,30.374007520780108,32.102090448703045,71430000
2015-08-26,32.76104736328125,32.89710998031197,31.302606060217823,31.934745613967113,87740000
2015-08-27,33.16922378540039,33.468164432122926,32.33199978852723,33.36934345743012,58974000
2015-08-28,32.75856399536133,33.12155800290428,32.463597503911615,33.05998241707986,38836000
2015-08-31,32.16912841796875,32.99294863707318,32.09613408752122,32.492895609836474,38936000
2015-09-01,31.262380599975586,32.00128378550056,31.03892144064405,31.47342462490066,51458000
2015-09-02,32.02462387084961,32.03207219436431,31.3160121180382,31.6814914268578,37630000
2015-09-03,31.63431739807129,32.33945312509356,31.473426415343194,32.17458982952882,34572000
2015-09-04,31.232585906982422,31.50768892316239,31.11042924157081,31.26933311420744,40478000
2015-09-08,31.97347068786621,32.03107205311148,31.428231561188777,31.83045609061261,39092000
2015-09-09,31.950136184692383,32.64285669502737,31.82549233449128,32.37073530206704,40978000
2015-09-10,32.33101272583008,32.52070250615508,31.86522352029696,31.97447064936788,27850000
2015-09-11,32.54056930541992,32.54106560779811,32.14877078066644,32.28781500648235,34892000
2015-09-14,32.4000358581543,32.571354871129046,32.252550722017766,32.55695452684959,29942000
2015-09-15,33.02572250366211,33.21342707568254,32.44323784246527,32.61058265325777,35546000
2015-09-16,33.04806900024414,33.17469429442786,32.88320569348836,33.04955790730258,26252000
2015-09-17,33.35345458984375,33.86591886355983,33.02223913932678,33.14588659324182,47752000
2015-09-18,32.819637298583984,33.26258136309159,32.77543987944079,33.02521629352374,72544000
2015-09-21,33.12056350708008,33.22087340019408,32.67464157335253,33.047569183303686,39094000
2015-09-22,32.436283111572266,32.7153603289232,32.03058061646289,32.64832163431363,54362000
2015-09-23,32.44075393676758,32.7878586681193,32.31362856691518,32.42138678162869,29160000
2015-09-24,32.52119445800781,32.61355971846178,31.88856061810192,32.226231795255394,38692000
2015-09-25,31.788253784179688,32.70344281816344,31.763921711078506,32.70344281816344,48480000
2015-09-28,30.99869728088379,31.922329076123965,30.6803932480172,31.733628131445876,47646000
2015-09-29,30.91726303100586,31.516627644998007,30.689831544707754,31.06077206775736,42130000
2015-09-30,31.699861526489258,31.74653856462459,31.242018902967672,31.375099891448645,52954000
2015-10-01,31.880117416381836,31.971490076652998,31.339845022707845,31.678508820464682,42506000
2015-10-02,32.62448501586914,32.62498131817348,31.458030635111264,31.681986102803837,48788000
2015-10-05,33.35395050048828,33.420989188827846,32.568864759252556,32.853405063730825,37960000
2015-10-06,33.35197067260742,33.707516352159246,32.92690099372204,33.2382530352037,42774000
2015-10-07,33.27052688598633,33.70453373336541,32.680097692398924,33.63799134601792,44354000
2015-10-08,33.12155532836914,33.36438353576009,32.500340194675374,33.24321758320876,39308000
2015-10-09,33.33210754394531,33.473629478488974,32.89114860925369,33.14589187999966,32124000
2015-10-12,33.58982849121094,33.66679702582275,33.13347660911473,33.23030860242756,26684000
2015-10-13,33.92451858520508,34.18720645502331,33.42496192964799,33.482070788549294,42446000
2015-10-14,33.7874641418457,34.265664655949,33.71248082217772,33.952327426944336,31292000
2015-10-15,34.41364669799805,34.47025546832947,33.98510292500659,34.02780765390338,47156000
2015-10-16,34.52785873413086,34.57255246322815,34.21899199187555,34.53183294128718,36316000
2015-10-19,34.75777816772461,34.77217851334075,34.373427980206245,34.46231535427777,30172000
2015-10-20,33.7671012878418,34.660937837358425,33.453263996743345,34.65547472412821,52434000
2015-10-21,33.35990905761719,34.010421103194254,33.305285503866955,33.92650056365192,31952000
2015-10-22,33.82371139526367,34.1668456865423,33.35494443753451,33.54066377477016,88632000
2015-10-23,35.72013473510742,37.36727495019834,35.6511108289631,37.24610899343301,126726000
2015-10-26,36.30559539794922,36.49578525151523,35.754396780485045,35.754396780485045,48776000
2015-10-27,36.390010833740234,36.545936881007904,35.95898557928431,36.07965143455741,38778000
2015-10-28,36.59360885620117,36.61595382395379,36.11441196807136,36.39895228734233,39604000
2015-10-29,36.987396240234375,37.08373192986225,36.506214094412925,36.57921220939444,36520000
2015-10-30,36.61695098876953,37.059895135111354,36.574246257017116,37.02265351755225,39984000
2015-11-02,37.13090515136719,37.15275381787182,36.32198166843507,36.47492991110171,39914000
2015-11-03,37.18453598022461,37.327546810881394,36.804156266872845,37.01619478997868,36306000
2015-11-04,37.50680923461914,37.73473700079095,37.2034018486634,37.238161950631856,41840000
2015-11-05,37.77297592163086,38.05503095096005,37.614072053275954,37.68061065661661,45486000
2015-11-06,37.81916427612305,37.88967709698207,37.4929117740666,37.70942083738335,33544000
2015-11-09,37.47999572753906,37.90357648011128,37.19893708337894,37.666211381136215,35538000
2015-11-10,37.65330123901367,37.76950038671628,37.16417825756064,37.41593992044355,29798000
2015-11-11,38.00041198730469,38.19059807690859,37.72729415464442,37.85789365426246,41866000
2015-11-12,37.5673942565918,38.02772032305142,37.534123059629984,37.748643098979656,35452000
2015-11-13,36.750030517578125,37.50780071783628,36.72023343923385,37.443743629388095,48188000
2015-11-16,37.26398468017578,37.328041770293304,36.46499485167239,36.756983495654396,50704000
2015-11-17,37.04350662231445,37.48893603329393,36.94766724040764,37.36578487116946,38864000
2015-11-18,37.740196228027344,37.794323478783056,37.113518064014315,37.22177256552573,36266000
2015-11-19,37.736724853515625,37.90009543352721,37.602151170184804,37.72877644024944,28078000
2015-11-20,38.583885192871094,38.69909174178161,37.943306623931406,38.201524018587385,55478000
2015-11-23,38.5689811706543,38.87685904914557,38.4105736169045,38.607219175054865,34648000
2015-11-24,38.21791076660156,38.53373333986017,37.645856000051054,38.38327037715575,47880000
2015-11-25,38.19953155517578,38.38525088700785,38.06396527029896,38.320197406930156,23612000
2015-11-27,38.334110260009766,38.43491646790979,38.08731159790696,38.19457352507419,14434000
2015-11-30,37.88123321533203,38.48605904858586,37.79532366229333,38.32914037786306,33586000
2015-12-01,38.921058654785156,38.9811453329663,38.03517037405044,38.08433082399234,40398000
2015-12-02,38.62609100341797,39.38088339135704,38.55557440836048,38.993555469351016,46876000
2015-12-03,38.14689254760742,38.95531585468988,37.86136342905843,38.76065929720975,41950000
2015-12-04,38.69363021850586,38.853030413782704,38.013324702855506,38.22188535194973,49800000
2015-12-07,38.3847541809082,38.78250822520024,38.07339840099,38.73582929446795,36626000
2015-12-08,38.49151611328125,38.66581291500721,37.86483792209105,37.96315880628859,31082000
2015-12-09,37.866329193115234,38.538693752678945,37.34293866444746,38.290902529171774,46550000
2015-12-10,37.74169158935547,38.041128577500004,37.49141883815251,37.91797741112696,32458000
2015-12-11,37.26398468017578,37.61258209163685,37.17608992676162,37.193471871962664,43184000
2015-12-14,37.8658332824707,37.9457834123347,36.5608348517944,37.30569743684393,53864000
2015-12-15,37.744178771972656,38.472155790061144,37.640394756102246,38.12653993871434,49386000
2015-12-16,38.56351852416992,38.80733931868054,37.59321352292232,38.06595089009348,53120000
2015-12-17,38.227840423583984,38.811810174669205,38.20152124711591,38.79045780982481,36510000
2015-12-18,37.583282470703125,38.44186269528773,37.570371034114835,38.09872838682591,67794000
2015-12-21,37.7794303894043,38.05502969133449,37.44920752935699,37.891159016983146,34848000
2015-12-22,38.0937614440918,38.25316161461505,37.799295069277896,37.95174321924427,36338000
2015-12-23,38.162288665771484,38.33062985288538,37.623008881405,38.27054317989563,30594000
2015-12-24,38.02970886230469,38.196557375456976,37.95770713677201,38.16278987323794,10412000
2015-12-28,38.844085693359375,38.87288637907647,38.12355709389795,38.23627832543449,31156000
2015-12-29,39.42607498168945,39.66095477093842,39.04073225342694,39.07995907630359,38430000
2015-12-30,39.244327545166016,39.550220246155554,39.090390484359155,39.42607647748753,28566000
2015-12-31,38.63404083251953,39.14650518710918,38.59977702917716,39.12117861420518,32752000
2016-01-04,37.71189880371094,37.84895401366024,37.12097323352485,37.84895401366024,67382000
2016-01-05,37.8156852722168,38.196557542828174,37.523700372920864,37.943306957926964,45216000
2016-01-06,37.7064323425293,38.024240069232874,37.143814997008135,37.261503040571064,48206000
2016-01-07,36.79621124267578,37.50681003335199,36.51217100503227,37.068832739222394,63132000
2016-01-08,36.295169830322266,37.24908934965582,36.196348846314635,37.13388281297863,47506000
2016-01-11,36.40243148803711,36.502245086314865,35.73155953951253,36.34681531773735,50896000
2016-01-12,37.011722564697266,37.16069659305226,36.5692747771626,36.78379480176829,46816000
2016-01-13,35.732051849365234,37.392103421709855,35.593507741433065,37.210354495301424,51728000
2016-01-14,36.319007873535156,36.74109597017114,35.00854615486923,35.973888314756806,55558000
2016-01-15,35.28116226196289,35.959978744079436,34.8352365670023,35.25633199421464,76676000
2016-01-19,35.70771789550781,36.019073700317456,35.24938084392699,35.76085254820308,48724000
2016-01-20,35.68190002441406,36.098524967082625,34.15344048699709,35.053232766036366,82440000
2016-01-21,36.08462142944336,36.63085326248508,35.311950722300196,35.76184686810186,51938000
2016-01-22,37.01768493652344,37.17162578840112,36.77138639294013,36.845869624498604,47146000
2016-01-25,36.42974090576172,37.36528969337714,36.37412473907267,36.93724221536653,45340000
2016-01-26,36.43818283081055,36.71974157666362,36.099519009790704,36.50869943427893,30940000
2016-01-27,35.63323974609375,36.54246565604552,35.428153217445214,36.54246565604552,42428000
2016-01-28,37.158714294433594,37.30073252505043,36.27977427771683,36.65667609852154,62104000
2016-01-29,37.80674362182617,37.99345557342639,36.955115415583435,37.19148790452058,75808000
2016-02-01,38.2745246887207,38.613188548112014,37.80823913623439,38.29885487078614,111522000
2016-02-02,38.77804183959961,40.23995882934606,38.76264510425891,39.750832128337954,135846000
2016-02-03,37.21234130859375,39.3004364277709,36.56083283939253,39.044700590732276,131114000
2016-02-04,36.25146484375,37.00675728709439,35.88251148834179,36.974478698918695,104922000
2016-02-05,34.946964263916016,36.0870993581172,34.76720434436481,36.02652017430284,109556000
2016-02-08,34.96683120727539,34.984709455989055,33.86691542897637,34.148474167671374,89410000
2016-02-09,34.81090545654297,35.80107781699309,34.18919399297734,34.410169755219066,84300000
2016-02-10,35.10040283203125,35.91329662619882,35.02790482142751,35.345712519875725,60314000
2016-02-11,35.076072692871094,35.372031727993395,34.32276926211061,34.57850508551882,65004000
2016-02-12,35.10239791870117,35.554775581526435,34.83871363706843,35.36657471407834,46538000
2016-02-16,35.6362190246582,35.89642543367829,35.26577287175083,35.686372084304224,43444000
2016-02-17,36.347808837890625,36.43669620985508,35.58507168640673,36.10101018168569,49154000
2016-02-18,35.6297607421875,36.54792764330359,35.53243244413478,36.44662892655257,47276000
2016-02-19,35.858184814453125,35.95352790308859,35.41176275666596,35.54981057768238,34918000
2016-02-22,36.20280456542969,36.49081901284543,35.92472374092737,36.22564583642321,37516000
2016-02-23,35.618831634521484,36.29467034055154,35.53838898814118,36.056316426626495,41332000
2016-02-24,35.798095703125,35.81398874252974,34.860565498067686,35.28712027913558,37092000
2016-02-25,36.20628356933594,36.22564693632756,35.41722352300207,35.89890195761651,36146000
2016-02-26,35.9947395324707,36.55586798175661,35.84973970707273,36.42874640410648,42474000
2016-02-29,35.6153564453125,36.279772601353756,35.596485592887156,35.80306099930034,45068000
2016-03-01,36.854312896728516,36.862257521878966,35.68586956028292,35.817957951255984,60112000
2016-03-02,36.720733642578125,36.90148618661288,36.41136681715808,36.88907484026499,36292000
2016-03-03,36.32893371582031,36.79621179454385,36.231605426776234,36.72073217202049,40534000
2016-03-04,36.26090621948242,36.49826752612542,36.03247835408734,36.48833769172729,48516000
2016-03-07,35.395870208740234,36.11143582064336,35.015494282859706,36.009140720248936,61690000
2016-03-08,35.432125091552734,35.86513944055684,34.95889130749874,35.17688549483586,52530000
2016-03-09,36.02205276489258,36.06326858712038,35.38891878536834,35.513558856649944,39544000
2016-03-10,36.35774230957031,36.57474388104896,35.91678335661206,36.14024064717656,44616000
2016-03-11,36.98838806152344,36.989876968445806,36.582685550865385,36.744074726402076,35380000
2016-03-14,37.255043029785156,37.45466638765448,36.92829432274226,36.993347798249914,32824000
2016-03-15,37.27143096923828,37.3925969110623,36.887577174614194,37.0454884253542,29832000
2016-03-16,37.60860824584961,37.690047281949795,37.06932846567449,37.195953740310536,29306000
2016-03-17,37.664222717285156,38.0048717032354,37.60860655631369,37.62300689881046,44564000
2016-03-18,37.51177978515625,37.84597309963973,37.3335087485166,37.8206503154744,56222000
2016-03-21,37.84696578979492,37.905559766692214,37.30619331634567,37.437289099520186,28774000
2016-03-22,37.742191314697266,37.987997367429664,37.63443687577347,37.66224496176252,22096000
2016-03-23,37.6185417175293,38.00736238570762,37.54256578768765,37.90605988306297,24678000
2016-03-24,37.48347473144531,37.61854094362551,37.267962081593396,37.30272218640822,31116000
2016-03-28,37.406009674072266,37.65528982263059,37.34443409039923,37.54951681330508,21676000
2016-03-29,38.03218460083008,38.09624547913695,37.15821524882239,37.42586613709167,40062000
2016-03-30,38.153846740722656,38.599276131139675,38.116108825590274,38.14739102268375,40396000
2016-03-31,37.88371276855469,38.19059428449691,37.65280338958673,38.15384897175002,32554000
2016-04-01,38.21989440917969,38.238265170955394,37.501347199465684,37.5986792763433,31674000
2016-04-04,37.993953704833984,38.35744779120675,37.82859410935832,38.21194786534145,26924000
2016-04-05,37.668697357177734,37.882224795343646,37.52121222312474,37.64684868990954,24478000
2016-04-06,38.14044189453125,38.157823840897734,37.55597205367474,37.632444282839394,25312000
2016-04-07,37.74566650390625,38.2044998897123,37.61556331422773,38.00388388543035,25498000
2016-04-08,37.71338653564453,38.09376246735049,37.52965618252044,38.031194280657886,23434000
2016-04-11,37.61754608154297,38.09823189233652,37.607616247292036,38.010337136662486,31774000
2016-04-12,37.954227447509766,37.9840207410099,37.32109344066061,37.66174626089941,27388000
2016-04-13,38.33112335205078,38.521805704956755,37.967629315580936,38.25166953024823,35426000
2016-04-14,38.50393295288086,38.71348616603375,38.39617474414302,38.50244404608362,26992000
2016-04-15,38.73285675048828,38.779039385261385,38.48109130248075,38.50939947697005,31712000
2016-04-18,39.114219665527344,39.157424480223426,38.61417053479063,38.74228470646398,33540000
2016-04-19,38.54663848876953,39.27660442284352,38.24968681923802,39.254259454714806,43952000
2016-04-20,38.480594635009766,38.71597452742897,38.29934579093973,38.69114425791046,34262000
2016-04-21,38.73285675048828,38.816281001325336,38.313250196187234,38.5992794464005,77628000
2016-04-22,36.63581466674805,37.437782245825765,36.268350220730284,36.94071093438197,140798000
2016-04-25,36.856300354003906,36.98888505535072,36.50323618987336,36.515651324926324,49442000
2016-04-26,36.02007293701172,37.024145678025185,35.76930006151917,36.966047991814186,55864000
2016-04-27,35.82590103149414,36.10844853311002,35.21113792133973,36.01757597684407,66262000
2016-04-28,35.01152038574219,36.21323493915493,34.91915890747914,35.91677956058797,62590000
2016-04-29,35.15156173706055,35.361611292059735,34.94796411273184,34.964849758649834,58278000
2016-05-02,35.47581481933594,35.525471560649486,35.07607180062714,35.35216737398229,33476000
2016-05-03,35.17936325073242,35.424172867979635,35.12424339061094,35.38097183938899,38620000
2016-05-04,35.32486343383789,35.50760119166312,34.96136933891436,35.096439342272674,34172000
2016-05-05,35.490718841552734,35.63174447083105,35.22951985743055,35.50511918587056,29668000
2016-05-06,36.01062774658203,36.05085096143227,35.35365993639557,35.366075070149385,39952000
2016-05-09,36.20677947998047,36.46301164307532,35.927205954579826,36.08610982719656,38074000
2016-05-10,36.71576690673828,36.74655280119019,36.32992789016604,36.496280073219076,32634000
2016-05-11,36.27729034423828,36.786280527008316,36.145698259382165,36.77237648625798,29834000
2016-05-12,36.154136657714844,36.516638084978666,35.96543951624009,36.349289516841196,27094000
2016-05-13,35.993255615234375,36.31404120607042,35.92770581963907,36.08214298688256,25244000
2016-05-16,36.26487350463867,36.38305784545785,35.75340183456489,35.96792185156133,22538000
2016-05-17,35.76283645629883,36.54047390947607,35.65408943202218,36.30261631383921,33404000
2016-05-18,35.841800689697266,36.0300015742222,35.50611465673705,35.67892259106823,32536000
2016-05-19,35.520511627197266,35.778236491419655,35.27222408399121,35.66898936623823,30598000
2016-05-20,35.83831787109375,36.13576585039935,35.505613486456255,35.577618992553184,34798000
2016-05-23,35.61684799194336,35.927207426848,35.60145504291971,35.75241429637686,24816000
2016-05-24,36.40044403076172,36.45854170915935,35.73602405365158,35.74595767691592,37884000
2016-05-25,36.65220260620117,36.74108996296233,36.37908860647587,36.49826555565478,32216000
2016-05-26,36.59410858154297,36.80118030360096,36.39895569216139,36.54792594634735,27202000
2016-05-27,37.12395477294922,37.13934772178487,36.598078903866806,36.62290917378285,34802000
2016-05-31,37.1860237121582,37.415936687548225,37.02314564080785,37.18155320312877,42484000
2016-06-01,37.16666030883789,37.31116384494793,36.962070094454425,37.16715661116159,20788000
2016-06-02,36.958595275878906,37.109058225581464,36.59758269934217,37.0494678507641,33916000
2016-06-03,36.54097366333008,36.82054719550278,36.444141672805074,36.82054719550278,24608000
2016-06-06,36.252960205078125,36.67207046947939,36.16506923085128,36.67207046947939,29992000
2016-06-07,36.304107666015625,36.58318109974757,36.28970732226151,36.41236218388721,24314000
2016-06-08,36.89204788208008,36.935745211219135,36.536502256302995,36.72172149718033,32314000
2016-06-09,36.8716926574707,36.94170916857754,36.5727557596359,36.601060145463464,19180000
2016-06-10,36.40838623046875,36.72867547091013,36.275305238417744,36.545441429274156,29050000
2016-06-13,36.34333801269531,36.6968984626614,36.24104291170698,36.24104291170698,23354000
2016-06-14,36.41136169433594,36.54792058205521,36.076175830188696,36.21571253135636,26584000
2016-06-15,36.35873031616211,36.605028849269,36.31502919513047,36.49429282268609,23234000
2016-06-16,35.96445083618164,36.269347140088485,35.531932860595504,36.14867748905669,45002000
2016-06-17,34.9713020324707,35.822430186220004,34.815872272277524,35.822430186220004,82262000
2016-06-20,35.064659118652344,35.548322810048894,35.02890640640998,35.272227159166775,45654000
2016-06-21,35.20121765136719,35.52399223985296,34.99166440373728,35.25931533455356,30318000
2016-06-22,35.28017044067383,35.46588980488186,35.05224264667771,35.457945178971656,29058000
2016-06-23,35.498661041259766,35.499157343542514,34.772669304345065,35.284141009535006,42500000
2016-06-24,34.02531814575195,35.008538336206236,34.01091780380185,34.27211674497731,95436000
2016-06-27,33.82371139526367,33.93246220767772,33.40261597463976,33.8907500862815,58146000
2016-06-28,34.32624816894531,34.399742582899776,34.00794412351967,34.33171128276161,38246000
2016-06-29,34.521400451660156,34.735424182834166,34.396760383475396,34.475221607588786,43124000
2016-06-30,34.935546875,34.94746570804069,34.507003073538684,34.643561985474975,42250000
2016-07-01,35.26924514770508,35.38246268775997,34.94547798950837,35.013509289426906,30984000
2016-07-05,35.003074645996094,35.16346740230993,34.71704923208297,35.00903406128525,28440000
2016-07-06,35.205684661865234,35.40580435643648,34.71059849385048,34.75231061829161,28902000
2016-07-07,35.12076950073242,35.26527303671914,34.793528207030256,35.2622952227795,21174000
2016-07-08,35.643165588378906,35.64912500450993,35.16297606748908,35.28463832446033,29946000
2016-07-11,36.11093521118164,36.196840960034564,35.6972881383257,35.72459991532595,28822000
2016-07-12,36.37461853027344,36.528059280380546,36.12583470426215,36.34532154203664,26468000
2016-07-13,36.224159240722656,36.52409253934395,36.20131796827182,36.52409253934395,20436000
2016-07-14,36.537994384765625,36.55487623978666,36.27927692571465,36.44562911873943,21408000
2016-07-15,36.5295524597168,36.79621074813857,36.48038822573442,36.79621074813857,32342000
2016-07-18,37.40203857421875,37.498374270503334,36.573255320187,36.64277553517922,38698000
2016-07-19,37.41246032714844,37.57036778915544,37.1681432347802,37.23667083009649,30436000
2016-07-20,37.59470748901367,37.77148961752408,37.444244537708734,37.444244537708734,22502000
2016-07-21,37.462120056152344,37.647839401444166,37.318609136349515,37.59073054175283,19062000
2016-07-22,37.703948974609375,37.71238990134601,37.375215037025065,37.60662069459853,20920000
2016-07-25,37.61655044555664,37.730764367356976,37.44523145713951,37.62449507003056,21466000
2016-07-26,37.62301254272461,37.70296268039801,37.37969180197333,37.61655682388864,23792000
2016-07-27,37.83753204345703,37.960683213309025,37.537602533099786,37.688561787204335,32172000
2016-07-28,38.02970886230469,38.18513863298102,37.69451914040106,38.17868291394352,73464000
2016-07-29,39.29597091674805,39.9216527452363,39.22942852718966,39.612289735433905,101810000
2016-08-01,39.77268600463867,40.09794208133214,38.98312964411938,39.06407238370094,60594000
2016-08-02,39.731964111328125,39.84121123041115,39.45437959308379,39.59342000334689,39928000
2016-08-03,39.6723747253418,39.70316441041706,39.37939725195184,39.55071625762471,29206000
2016-08-04,39.589447021484375,39.73593575907508,39.424087430897764,39.63860746887943,21520000
2016-08-05,40.070133209228516,40.0845335531132,39.61725546461219,39.73146939965334,36146000
2016-08-08,39.9857177734375,40.10340582876523,39.80992824964125,40.02395199486319,24426000
2016-08-09,40.097442626953125,40.387938576169375,39.92761253558913,39.94896489900688,32154000
2016-08-10,40.1475944519043,40.266275097046744,40.04828096049894,40.07608904117779,18370000
2016-08-11,40.13319778442383,40.415252823666556,40.023950660733746,40.24591902423348,25646000
2016-08-12,40.07609176635742,40.08304378699987,39.906757970916026,39.97876347736312,17946000
2016-08-15,40.0219612121582,40.290112181384124,39.926121837929855,40.084033090537346,18596000
2016-08-16,39.78509521484375,39.93754335025158,39.57702713172543,39.899801648794465,21158000
2016-08-17,39.995147705078125,40.00557762997982,39.54226998517324,39.72600411810358,21322000
2016-08-18,39.86256408691406,40.123266753663046,39.80694792212144,39.992170966856555,17292000
2016-08-19,39.708621978759766,39.78708320057543,39.57107426658017,39.71557399913793,22416000
2016-08-22,39.57455062866211,39.69124607489759,39.44444744318153,39.652015461763106,17056000
2016-08-23,39.55667495727539,39.77566552016777,39.52688166304178,39.749842644596015,18350000
2016-08-24,39.408199310302734,39.64953483352342,39.26716989393737,39.570081000883675,25672000
2016-08-25,39.29398727416992,39.46381738708547,39.0918823551793,39.32874738048978,24054000
2016-08-26,39.38932418823242,39.696209468981145,39.20013073675495,39.35307518058821,24978000
2016-08-29,39.51844024658203,39.6525138575443,39.24532242425674,39.38088873076619,15474000
2016-08-30,39.32477569580078,39.62669420301194,39.20311343331431,39.37244723844293,23348000
2016-08-31,39.22198486328125,39.30739432629569,39.09039276390476,39.20956972797703,21428000
2016-09-01,39.298954010009766,39.372944732092876,39.04719233798782,39.327754699680824,26070000
2016-09-02,39.57057189941406,39.58199442815216,39.3913082867108,39.49112186619133,26998000
2016-09-06,40.1242561340332,40.26677065057894,39.49906684407447,39.646051869420056,39790000
2016-09-07,40.122772216796875,40.252375313874886,39.910733684911634,40.1197906143706,22906000
2016-09-08,39.867034912109375,40.14412694859226,39.77616233267736,39.98522306302913,23554000
2016-09-09,39.15394592285156,39.81290268444211,39.13259356126219,39.66492127143982,37752000
2016-09-12,39.66741180419922,39.7344467111907,38.90665615660053,38.95730929927467,37274000
2016-09-13,39.165870666503906,39.51694961300708,38.947872720495155,39.42855855135834,36180000
2016-09-14,39.25227355957031,39.54376592710369,39.10677742124497,39.10677742124497,25842000
2016-09-15,39.787086486816406,39.90725605225956,39.16288971947557,39.22992841743316,31144000
2016-09-16,39.62519454956055,39.67733659248961,39.40918563292584,39.67733659248961,42612000
2016-09-19,39.49708938598633,39.92414429431419,39.40621680537959,39.781129658888375,22990000
2016-09-20,39.7150764465332,39.86256156521505,39.63959682929416,39.72600267331217,20984000
2016-09-21,39.97578048706055,40.01948160712941,39.52886218372957,39.788572238505495,26970000
2016-09-22,40.518043518066406,40.67247688000489,40.108866902276546,40.22258074469697,35186000
2016-09-23,40.46888732910156,40.57018604769411,40.35815128879407,40.477824559902665,28234000
2016-09-26,39.857601165771484,40.226558384389826,39.74835403467515,40.213646946507446,29454000
2016-09-27,40.258827209472656,40.3958824053179,39.816875727381465,39.816875727381465,27346000
2016-09-28,40.225563049316406,40.23500037109196,39.86405793336989,39.92861133591247,29406000
2016-09-29,39.85710144042969,40.41674099949979,39.76871038075745,40.085029216007314,27000000
2016-09-30,39.92761993408203,40.12773965541718,39.80049833456517,39.904778659614394,33204000
2016-10-03,39.744873046875,39.901787906545586,39.538793955857045,39.85262746376502,29784000
2016-10-04,39.86454772949219,40.04877816241153,39.7096180732488,39.974291147900814,25174000
2016-10-05,39.787086486816406,40.14809527402638,39.76126361225981,40.023951501510176,24276000
2016-10-06,39.87895202636719,40.07112710320335,39.751334136505655,39.92860877810877,21998000
2016-10-07,39.761268615722656,40.02097872377499,39.56810091168822,40.020482421399315,23262000
2016-10-10,40.42965316772461,40.58905334396795,39.837238703708955,39.921159255687996,29922000
2016-10-11,40.20122528076172,40.7122006559496,40.09197816741125,40.429649341145954,34432000
2016-10-12,40.31047439575195,40.44603690109299,40.15057792439992,40.319907927647854,18158000
2016-10-13,39.92860412597656,40.05175528063027,39.657475337974596,40.02742510419557,27380000
2016-10-14,39.95442581176758,40.22704728702367,39.8412082828059,40.09595151153643,22238000
2016-10-17,40.06566619873047,40.3958891094461,39.916199632945066,40.023457767994,21128000
2016-10-18,40.793148040771484,41.15663833898216,40.3879418283442,40.43163916324333,45786000
2016-10-19,41.058807373046875,41.2057961832058,40.862165607943304,40.862165607943304,30002000
2016-10-20,40.80009841918945,41.13975482702694,40.746467463065876,41.09456479844245,27878000
2016-10-21,40.92076873779297,40.932191268897796,40.63523955728005,40.719160116650876,32316000
2016-10-24,41.50075912475586,41.61000623439447,41.16805477345043,41.220196817074935,28952000
2016-10-25,41.14372634887695,41.63781608590435,40.982337188746065,41.63781608590435,37814000
2016-10-26,40.82343673706055,41.1020176594674,40.53790758243243,41.07271688084184,35898000
2016-10-27,40.58756637573242,41.045903468541525,40.451503766923075,40.86862882379555,59470000
2016-10-28,40.697303771972656,41.66264575097681,40.57017841245913,41.21274965300063,87098000
2016-10-31,40.21761703491211,40.8497584522161,40.1232703403862,40.83982482843395,44854000
2016-11-01,39.99812316894531,40.41922236426601,39.63959594222485,40.265777833371914,47118000
2016-11-02,39.150970458984375,40.06168889423119,38.98114037197095,40.06168889423119,47014000
2016-11-03,38.84160614013672,39.22943038946986,38.664824021657296,38.95631258652139,43504000
2016-11-04,38.7874755859375,39.15394743989924,38.28593374885304,38.30083039346312,39412000
2016-11-07,39.826812744140625,39.97429408863921,39.37343869423307,39.47523749526773,39852000
2016-11-08,40.320899963378906,40.52250855484813,39.7071331709149,39.82681021302561,35382000
2016-11-09,40.00358963012695,40.30749332674245,39.33073254019096,39.816877678891515,61970000
2016-11-10,38.74725341796875,40.225556007072605,38.14838328394189,40.22257819349695,118192000
2016-11-11,38.323184967041016,38.59828420897647,38.014810737955614,38.574450331695324,71852000
2016-11-14,37.40303039550781,38.324675210054245,36.92482982913432,38.323682605370514,73766000
2016-11-15,38.492515563964844,38.744777325627716,37.99892205764589,38.01133340451392,58878000
2016-11-16,38.73186492919922,38.90665805993092,38.05404098315589,38.25713850038209,35968000
2016-11-17,39.03874588012695,39.17480848506208,38.725408635493544,38.85700073105006,30674000
2016-11-18,38.53273391723633,39.293485736224,38.50194802226967,39.0888993328159,36126000
2016-11-21,38.971214294433594,39.05811266107162,38.54912244179917,38.638506108542465,32616000
2016-11-22,38.981143951416016,39.41663975293739,38.918575763837715,39.17927843969757,27884000
2016-11-23,38.68320083618164,39.20559880839825,38.36787458860709,39.20559880839825,26260000
2016-11-25,38.7442741394043,38.876858821278766,38.64297165315897,38.86245847907381,12270000
2016-11-28,39.0203742980957,39.71309486603506,38.63850566813346,38.65092080281659,51508000
2016-11-29,39.20162582397461,39.54922688748863,38.99802820922536,39.148987467827865,31240000
2016-11-30,38.52827072143555,39.30441942379707,38.392708193403074,39.184746148533264,45582000
2016-12-01,37.954715728759766,38.66332921281445,37.40997290145926,38.66084770173631,57342000
2016-12-02,37.961177825927734,38.26111111150189,37.6900490165336,37.83405624316506,34376000
2016-12-05,38.644466400146484,38.732857464276734,38.08581941748865,38.23628236858088,33770000
2016-12-06,38.54315948486328,38.99504458871169,38.401141266589185,38.74228656037111,34682000
2016-12-07,39.302433013916016,39.32874840408296,38.41157408713589,38.73037825747245,40588000
2016-12-08,39.48616027832031,39.67635014267584,39.12564779625137,39.37592054857355,32250000
2016-12-09,40.19526672363281,40.220096991221645,39.629171477422965,39.691243357828135,38090000
2016-12-12,40.11830139160156,40.2896204013279,39.95095658888988,39.96535693289629,32572000
2016-12-13,40.48775100708008,40.932684129027486,40.318917297843406,40.34126226725993,42564000
2016-12-14,40.614383697509766,40.930702567936656,40.36063302016613,40.516559094809026,35994000
2016-12-15,40.503143310546875,40.86812625866601,40.32189069783003,40.588056458174954,35394000
2016-12-16,40.214637756347656,40.67943055653174,40.12922450691497,40.63523691915617,51978000
2016-12-19,40.34672546386719,40.53145221293689,39.949463882334534,40.186828984355984,25272000
2016-12-20,40.480796813964844,40.54485769351533,40.27223620013466,40.38992424569362,25438000
2016-12-21,40.33182907104492,40.50662219796291,39.979261214788224,40.50662219796291,29192000
2016-12-22,40.20669174194336,40.27571564691839,40.02543911217138,40.17789105444019,22632000
2016-12-23,40.11333465576172,40.270749624084985,39.979757352437005,40.123764581340396,15310000
2016-12-27,40.2191047668457,40.520526970751554,40.01402204111536,40.15703288000675,19520000
2016-12-28,39.95294189453125,40.38794139531055,39.847172674604614,40.38794139531055,24296000
2016-12-29,39.8690185546875,40.01153307821494,39.63364246627767,39.84170677543585,21148000
2016-12-30,39.35109329223633,39.88938049318949,39.21056018155266,39.88540628622591,34718000
2017-01-03,40.12376403808594,40.294086652648915,39.571572794947315,39.756792055649086,39180000
2017-01-04,40.111846923828125,40.39290936900463,39.93010177144284,40.21711984447621,30306000
2017-01-05,40.37255096435547,40.408303675534405,40.019983087379394,40.09844053103783,26810000
2017-01-06,40.97787857055664,41.16409424621072,40.297072969257826,40.47037720646324,40342000
2017-01-09,41.07569885253906,41.23708423902911,40.79960322772455,41.03547563435124,28178000
2017-01-10,41.017601013183594,41.186438526329596,40.87508646741868,41.07023937081067,23948000
2017-01-11,41.208778381347656,41.21076359050067,40.79215344747777,41.04788930291053,26508000
2017-01-12,41.1923942565918,41.234602683958975,40.76930980117467,41.135285394359244,26990000
2017-01-13,41.26240921020508,41.4466358613252,41.19189639981892,41.26538702392545,25804000
2017-01-17,41.089603424072266,41.224669635818024,40.87806119341259,41.2157324056279,28818000
2017-01-18,41.16706466674805,41.20629527740645,40.921754957416184,41.20579897513737,20554000
2017-01-19,40.936153411865234,41.36470093002241,40.915797442638436,41.166070163115315,21410000
2017-01-20,41.124855041503906,41.17798969127853,40.9475766338815,41.17053758032618,26124000
2017-01-23,41.93229293823242,41.98741280644829,41.15118125019373,41.2956847908831,49148000
2017-01-24,42.185546875,42.28436407947497,41.825526888539564,42.058917796965595,33768000
2017-01-25,42.62848663330078,42.64536848806331,42.195968664918965,42.38516591469139,33108000
2017-01-26,42.55548858642578,42.75511197300772,42.23470303692652,42.65827998770382,69866000
2017-01-27,41.96208953857422,43.053064457895154,41.806663545605836,42.655806606714506,75050000
2017-01-30,40.90934371948242,41.57475246421263,40.770299523871365,41.5663115370493,70338000
2017-01-31,40.72859191894531,40.87160654858105,40.39141700018398,40.69432811565448,40404000
2017-02-01,40.4827880859375,40.91778758574998,40.33431034795728,40.91778758574998,45020000
2017-02-02,40.632747650146484,40.94559235168704,40.32437724613208,40.47086597445226,33784000
2017-02-03,40.72561264038086,41.023556933314836,40.68687832898687,40.87458668113146,30562000
2017-02-06,40.79960632324219,40.837840546539745,40.43561591127869,40.764846216350094,27018000
2017-02-07,41.177494049072266,41.31107514132215,40.88253135817895,40.992274785366405,33332000
2017-02-08,41.20977020263672,41.426775532625584,40.97290520436103,41.2420487935951,26044000
2017-02-09,41.218711853027344,41.31405494072478,41.04193350863211,41.3016398052887,23884000
2017-02-10,41.456573486328125,41.57078364037444,41.24106082750359,41.3622230028023,28302000
2017-02-13,41.66066360473633,41.79871141252948,41.52608991296892,41.59809163060186,25914000
2017-02-14,41.71379470825195,41.81161929976121,41.50523408850118,41.7008832715197,27266000
2017-02-15,41.579227447509766,41.800203215748176,41.524603883354885,41.65321437942685,27144000
2017-02-16,41.820064544677734,41.84588362990161,41.57624372769271,41.6378193098121,20102000
2017-02-17,42.03756332397461,42.05693047974495,41.70138102068094,41.777356948266714,29224000
2017-02-21,42.172630310058594,42.318126436243645,42.03756032019427,42.10906952188531,25206000
2017-02-22,42.27641677856445,42.39708264381707,42.04550739642059,42.109568279169615,24488000
2017-02-23,42.25853729248047,42.3389837260046,41.83644924475717,42.26251149935467,27734000
2017-02-24,42.10013198852539,42.12744377012329,41.85929276586222,42.09218736291701,26924000
2017-02-27,42.1924934387207,42.242150185702336,41.86177427560064,41.95810995594312,20206000
2017-02-28,41.957115173339844,42.15078293456587,41.78381096023858,42.077288521529155,27662000
2017-03-01,42.544071197509766,42.606143082076564,42.16021736008158,42.27740910845223,36374000
2017-03-02,42.20143127441406,42.5311578377307,42.145318808547685,42.52221681960602,25018000
2017-03-03,42.1631965637207,42.24960241808962,41.94619500601725,42.1562445427286,20100000
2017-03-06,42.07331466674805,42.156242612540275,41.770403570860985,42.05295490701999,20958000
2017-03-07,42.26598358154297,42.374238092276066,41.986413863949096,42.07281592077624,20774000
2017-03-08,42.38963317871094,42.55300755758393,42.270952525867315,42.36381030538583,20576000
2017-03-09,42.59819030761719,42.74070861295235,42.341461867967766,42.392115005889266,26954000
2017-03-10,42.775474548339844,42.91550757296608,42.58677737671605,42.8395316442865,26732000
2017-03-13,42.932884216308594,43.05950948561027,42.746172277015454,42.74666857927074,23332000
2017-03-14,42.99892807006836,43.08185600519923,42.71190626160224,42.89166617142405,21234000
2017-03-15,43.1220817565918,43.196072473882325,42.77001020729285,43.09973678728409,26658000
2017-03-16,43.20203399658203,43.33660769842675,43.0788828253829,43.2283531741591,22090000
2017-03-17,43.3197135925293,43.42151237810124,43.12108283224826,43.38476328170943,37366000
2017-03-20,43.09824752807617,43.21891339220518,42.93735844638178,43.17620866314828,30844000
2017-03-21,42.2158317565918,43.37434145250998,42.0941695040565,43.205007661231754,50760000
2017-03-22,42.198951721191406,42.47455104053938,42.05990751719952,42.183058681880595,27334000
2017-03-23,41.694923400878906,41.79622589589648,41.364704317490535,41.781329250157704,65754000
2017-03-24,41.470970153808594,41.91093645160289,41.1710406618816,41.811619164970004,42114000
2017-03-27,41.6383171081543,41.78083543285697,40.93268508277159,41.12088595198128,38692000
2017-03-28,41.743595123291016,41.980460146889314,41.328455271228016,41.6969161841225,30384000
2017-03-29,42.202423095703125,42.287832548610666,41.78083136754701,41.84886266393899,29146000
2017-03-30,42.18306350708008,42.30819989527631,42.048493585532086,42.30720729056219,18988000
2017-03-31,42.099632263183594,42.187030714904175,41.972510686650914,42.05146442256738,28820000
2017-04-03,42.544071197509766,42.65579983201657,42.086226643187686,42.14680962085539,39388000
2017-04-04,42.33650207519531,42.357854439227026,42.08523294111521,42.109566907434534,26970000
2017-04-05,42.15475082397461,42.73475010257832,42.085726924248426,42.442765254238836,37104000
2017-04-06,41.96556091308594,42.3871526694769,41.910937351406886,42.18405137123496,30672000
2017-04-07,41.816585540771484,42.004290095986434,41.57823163247008,41.96059276346349,22232000
2017-04-10,41.796722412109375,42.046998942929825,41.751536172374955,41.788777786912505,20924000
2017-04-11,41.70634841918945,41.94222083078418,41.444156830554476,41.796724692155486,19486000
2017-04-12,41.7848014831543,41.897026401816376,41.59262644436104,41.635827468853094,22716000
2017-04-13,41.72124481201172,41.89753063602346,41.605545755909446,41.76394954236912,21474000
2017-04-17,42.463626861572266,42.48895343437771,41.76345415052972,41.780836097580035,20982000
2017-04-18,42.40701675415039,42.57585046469635,42.27095415024258,42.33501124516025,18724000
2017-04-19,42.53215026855469,42.715384310857175,42.38416884206166,42.57584760017708,21606000
2017-04-20,42.70943069458008,42.90060937085515,42.58131271876473,42.692545050726125,23776000
2017-04-21,42.6533203125,42.82662834132847,42.59274111518953,42.73624827059436,23458000
2017-04-24,43.64547348022461,43.696622927271356,43.008865363414564,43.12456820859696,33930000
2017-04-25,44.13758087158203,44.30691088306126,43.6628544572537,43.810832103933805,40760000
2017-04-26,44.1524772644043,44.343659730457006,43.95434277755999,44.26420589937171,26466000
2017-04-27,44.26668167114258,44.3630173451304,44.05514326101263,44.195176263291145,46846000
2017-04-28,45.90936279296875,46.47446170968723,45.84480560539789,46.131827467508735,76918000
2017-05-01,46.32151412963867,46.47048816478431,45.72463296161252,45.89098515400379,46556000
2017-05-02,46.53355407714844,46.82653534495291,46.23113927699901,46.34386430567052,35026000
2017-05-03,47.0976676940918,47.184566066640436,46.44020348021383,46.481915608293384,36496000
2017-05-04,47.40902328491211,47.62851017033103,47.04404024270048,47.18904009711479,38752000
2017-05-05,47.188533782958984,47.593739963256404,47.08027927035257,47.50832672091332,32310000
2017-05-08,47.60615921020508,47.72036935995595,47.045523232951574,47.048008533098745,37534000
2017-05-09,47.507835388183594,47.7804569073095,47.393128934028105,47.73725587362931,33758000
2017-05-10,47.41497802734375,47.50783581432958,47.16669047418573,47.48350563448368,22920000
2017-05-11,47.46711349487305,47.57139759499371,47.10560841482097,47.23868941405582,20622000
2017-05-12,47.429874420166016,47.57090005232576,47.27692995502822,47.564448122077316,24298000
2017-05-15,47.63247299194336,47.80528090625584,47.314665246344155,47.43732010846387,26754000
2017-05-16,47.90012741088867,47.964184504227276,47.68858897561223,47.84749284750133,22030000
2017-05-17,46.78581237792969,47.72036470195675,46.68103198240997,47.65630761234301,48982000
2017-05-18,47.199462890625,47.38220064101774,46.741122030598596,46.836961415092624,36010000
2017-05-19,47.405540466308594,47.649361297268904,47.27394836688544,47.31466788909999,27206000
2017-05-22,47.873313903808594,47.91055930897429,47.500386281238576,47.52223494888079,27748000
2017-05-23,48.195091247558594,48.39173302605479,47.89466167771871,48.16579425940525,30908000
2017-05-24,48.545677185058594,48.57099996822204,48.24872549937128,48.428981738170435,22660000
2017-05-25,49.2532958984375,49.447956275648764,48.55610479829733,48.614702568958215,39082000
2017-05-26,49.32331466674805,49.47824433371236,49.02983709738034,49.26024638861544,32728000
2017-05-30,49.46731948852539,49.53932499868886,49.22846926289896,49.285078035542476,30324000
2017-05-31,49.01642990112305,49.637645059905644,48.74778259818976,49.46930765176526,34482000
2017-06-01,49.07602310180664,49.316862335075385,48.728418249020095,49.208607808546816,26128000
2017-06-02,49.46483612060547,49.48271436903804,49.01543628397232,49.090915907520134,34710000
2017-06-05,49.85017776489258,50.02497088414506,49.43156383423641,49.552729786507534,27578000
2017-06-06,49.49264144897461,50.08505587439509,49.39928737075715,49.82187170550541,31042000
2017-06-07,49.73199462890625,49.85166788867017,49.452421103168035,49.61231758057516,27482000
2017-06-08,49.87004089355469,49.93558689212992,49.489664972917026,49.86755559356825,33758000
2017-06-09,48.17374038696289,49.93062395493144,47.34197564342895,49.93012765264671,72958000
2017-06-12,47.761085510253906,48.06846710767521,46.51915156354506,47.60764475696724,84042000
2017-06-13,48.19261169433594,48.56057248484658,47.77101615946489,48.26908392114349,40108000
2017-06-14,48.06499099731445,48.649460832001395,47.64687335856241,48.44090020920843,30110000
2017-06-15,47.680145263671875,47.704975533282926,46.69643241727006,47.07631205320229,48552000
2017-06-16,47.602684020996094,47.66873011846137,47.11008310717017,47.567427611714166,51184000
2017-06-19,48.426998138427734,48.62959935330474,48.07840069308716,48.15040241511228,29376000
2017-06-20,48.11763000488281,48.70358875444801,48.07839939128731,48.43146354794512,25946000
2017-06-21,48.59434127807617,48.642012819099556,48.140470928032336,48.20701332225746,23232000
2017-06-22,48.49652099609375,48.68919238652726,48.33215399369565,48.508932343330265,20190000
2017-06-23,48.96677017211914,48.99308934712927,48.38925238299885,48.4408981284628,31280000
2017-06-26,48.27156448364258,49.359065069678145,48.18416603105188,49.16093059165186,30358000
2017-06-27,47.07978439331055,48.029733492742224,47.03012764452893,47.75066006413527,48872000
2017-06-28,47.72135925292969,47.83209528017642,46.48736991430568,47.20740603112039,54912000
2017-06-29,46.56980514526367,47.25706642120606,46.16162110780414,47.241673471964845,64134000
2017-06-30,46.165592193603516,46.92634404803348,46.16211428898919,46.8761909965253,45754000
2017-07-03,45.65808868408203,46.39202881344998,45.452009585684976,46.341375673536966,33896000
2017-07-05,46.293704986572266,46.49382467285923,45.61687370273497,45.89346561399832,41882000
2017-07-06,46.066768646240234,46.4863751626198,45.677455510851054,45.933191354224356,40298000
2017-07-07,46.718284606933594,46.90946708936519,46.171056338154806,46.23064671657398,33266000
2017-07-10,47.224281311035156,47.33005430067745,46.77488154630972,46.77488154630972,29030000
2017-07-11,47.349918365478516,47.4174533591578,46.93230084678328,47.20045182387439,29224000
2017-07-12,48.05158615112305,48.149410749948935,47.524225146229135,47.71391492736129,32042000
2017-07-13,48.11067581176758,48.59980254959211,47.909563518375506,48.207507797051434,30492000
2017-07-14,48.51091384887695,48.54219604616145,48.17522787450457,48.36641032837009,21592000
2017-07-17,48.46373748779297,48.83070565092788,48.20750534539137,48.48161573480246,33210000
2017-07-18,49.00947570800781,49.203139679558696,48.26908362239714,48.33462962129776,28266000
2017-07-19,49.298484802246094,49.43901412644789,49.0124555536389,49.16142959419272,28242000
2017-07-20,49.26968002319336,49.5919544677151,48.89377083687307,49.50853022427339,28368000
2017-07-21,49.351619720458984,49.414684210878235,48.87143018740787,49.11127680277865,29266000
2017-07-24,49.57358932495117,49.964891502988685,49.174342521195065,49.36453239038867,79690000
2017-07-25,48.11961364746094,48.501974782006535,47.859903584203714,48.20254159270809,118672000
2017-07-26,47.93488693237305,48.363927002406854,47.68262898045306,48.30582932589759,44432000
2017-07-27,47.29927444458008,48.1439506876731,46.53206682648937,48.12706504303131,74358000
2017-07-28,47.58827590942383,47.76009120669446,46.94173423733242,47.07481901523198,36276000
2017-07-31,46.951171875,47.73029823943002,46.76395984060058,47.67120417259683,45670000
2017-08-01,47.00381088256836,47.39759456559175,46.92436083815155,47.06588276887445,28052000
2017-08-02,47.05744552612305,47.12994734382713,46.30662341532127,47.0936945406913,40788000
2017-08-03,46.69295120239258,47.17462960558878,46.650246475628165,47.12993966973773,22478000
2017-08-04,46.965576171875,47.05247453865707,46.6681281807343,46.87420350718258,25092000
2017-08-07,46.963584899902344,47.122988858803026,46.85185626884019,47.05147965561228,28916000
2017-08-08,46.8861198425293,47.298278050608474,46.80120668950348,46.8910866539163,30102000
2017-08-09,46.682029724121094,46.86476746659148,46.37613703297374,46.60108698937216,28018000
2017-08-10,45.86317825317383,46.494323238230244,45.7732982851953,46.42976984190643,54148000
2017-08-11,46.185951232910156,46.34832921705523,45.74548863807371,45.8691361011755,32334000
2017-08-14,46.62491989135742,46.72969649915003,46.40444044866512,46.6318719117255,23012000
2017-08-15,46.58271408081055,46.83050531660814,46.511208664031344,46.72920281903163,22130000
2017-08-16,46.890098571777344,47.16966832618652,46.68004524065566,46.740131919675754,26906000
2017-08-17,46.065284729003906,46.86725244736292,46.06429212436669,46.824547716558826,33914000
2017-08-18,45.99178695678711,46.23212986131741,45.85622445091685,46.03151387078173,26748000
2017-08-21,45.72810745239258,46.09457933865906,45.61538621481531,45.97143196436238,26024000
2017-08-22,46.69792175292969,46.775386587747875,45.99129334138037,46.030523955384496,35502000
2017-08-23,46.806175231933594,46.94769715887722,46.44168854941543,46.52908321708336,22690000
2017-08-24,46.523624420166016,46.99139502641035,46.21822801645856,46.862288232643536,25892000
2017-08-25,46.2063102722168,46.714304066961944,46.186446815436454,46.638824446623445,23746000
2017-08-28,46.088619232177734,46.422316191843635,45.988309350240016,46.2748348652556,20988000
2017-08-29,46.467010498046875,46.58817645136603,45.650642480001785,45.682424769489444,23172000
2017-08-30,46.85831069946289,46.96904672291328,46.38259171295649,46.4630381436228,22406000
2017-08-31,47.434837341308594,47.53216562932232,46.98841532924905,46.99089684067953,33866000
2017-09-01,47.27345275878906,47.58828271280107,47.188539596824306,47.54557798065157,20858000
2017-09-05,46.751556396484375,47.24366101414896,46.45956770597205,47.01871102663277,29148000
2017-09-06,46.77836608886719,46.90151346220583,46.314562128280734,46.87023126372384,27830000
2017-09-07,47.16917037963867,47.19946376354139,46.555403538823356,46.88910433266215,22332000
2017-09-08,46.74807357788086,47.209392247054666,46.67855337043921,47.159735497248796,19998000
2017-09-11,46.841426849365234,47.3077084957266,46.72770922856847,47.035587108833965,26748000
2017-09-12,47.008277893066406,47.07978330657602,46.55391126449688,47.02168563167034,25696000
2017-09-13,47.19647979736328,47.316156842908136,46.913432162119946,46.95117386738817,21908000
2017-09-14,46.684513092041016,47.0768078586383,46.59661833328357,46.976001662904764,28548000
2017-09-15,46.44417190551758,46.76496126694241,46.24355589975979,46.682529619004086,39886000
2017-09-18,46.1690673828125,46.522131537880455,45.95305843499129,46.4302663602677,29474000
2017-09-19,46.522125244140625,46.575756194254275,46.015620397182126,46.35081004682576,24854000
2017-09-20,47.05247116088867,47.17462971420326,46.55391090217427,46.565333431582644,40080000
2017-09-21,47.0529670715332,47.31366972812891,46.64726838114692,47.08177154595079,27414000
2017-09-22,46.83993911743164,47.174632508909085,46.71976955465617,46.8156089389221,21496000
2017-09-25,46.39401626586914,46.66564137393258,45.90885993792353,46.650744728026176,37468000
2017-09-26,46.55043411254883,46.8806569830849,46.43572766771305,46.513688800646655,33454000
2017-09-27,47.66624069213867,47.940847407459586,46.77488933609088,46.81411994929878,46692000
2017-09-28,47.91006088256836,47.97808839406313,47.45023112356552,47.48499122703871,28018000
2017-09-29,48.352508544921875,48.4562925527233,47.969151014754296,47.969151014754296,40622000
2017-10-02,48.04214859008789,48.55213139355895,47.7680381845732,48.448347386915465,30782000
2017-10-03,48.27107238769531,48.28895063702189,47.805783277122195,48.04661871502034,21666000
2017-10-04,48.00788497924805,48.38627569519033,47.94978351424919,48.2551799079345,21156000
2017-10-05,48.922080993652344,48.9876307861304,48.18119254912472,48.30632892905481,35618000
2017-10-06,49.34168243408203,49.37247211782516,48.59036414166564,48.66435485453673,31060000
2017-10-09,49.27564239501953,49.680348502730084,49.235419177682786,49.40921969527939,25910000
2017-10-10,49.05168533325195,49.531874855580924,48.71947724434681,49.42411663973674,23268000
2017-10-11,49.93806838989258,50.03341146107639,49.058632175522916,49.113255731126834,36300000
2017-10-12,49.93806838989258,50.230549532643174,49.71212584521881,49.848188431982514,30614000
2017-10-13,50.04831314086914,50.39045106261792,50.00808992348855,50.10988872268009,26552000
2017-10-16,50.121803283691406,50.25339537364561,49.73298642989083,50.1357073249804,21420000
2017-10-17,50.203739166259766,50.38052128659426,49.957936929593906,50.026960834492414,20260000
2017-10-18,50.29014587402344,50.467420511107576,49.92168498104484,50.20622532166298,25596000
2017-10-19,49.748878479003906,50.021003692597475,49.52343599195012,49.89338201379376,34284000
2017-10-20,49.909271240234375,50.087042171094225,49.77022704157941,50.00759213185842,32120000
2017-10-23,48.9394645690918,49.94502994004437,48.81829860372431,49.91473655441875,32786000
2017-10-24,49.08595275878906,49.12419076999797,48.51936113188658,48.98713555415594,28902000
2017-10-25,49.233436584472656,49.38091793397652,48.551142126082816,48.9757117138731,30574000
2017-10-26,49.2314453125,49.98077843539963,49.184270074131916,49.581531650167925,47396000
2017-10-27,51.32947540283203,52.81671915202787,50.99081158756672,51.19639440095461,103682000
2017-10-30,51.30266189575195,51.63536628294803,50.766359911617705,51.10552001718339,46804000
2017-10-31,51.29819107055664,51.69346364127679,50.963497687685155,51.296205861398875,30326000
2017-11-01,51.772918701171875,52.034117677177306,51.34586383093974,51.46107037046964,43262000
2017-11-02,51.79129409790039,51.91792317882435,51.08069521881883,51.64331643897839,26694000
2017-11-03,52.1398811340332,52.17315232737553,51.52710697953897,51.78036130217102,27770000
2017-11-06,51.776885986328125,52.26899431391488,51.743118489051284,52.095690107089816,18294000
2017-11-07,52.259056091308594,52.30970922704865,51.79277446570332,52.12299350963558,26104000
2017-11-08,52.55204391479492,52.77053436791301,51.993893267058255,52.14286351392507,24276000
2017-11-09,52.027164459228516,52.184079331287855,51.43772782444152,52.04106850047768,35892000
2017-11-10,51.849884033203125,51.97303519052219,51.70438790800527,51.83597999249184,19442000
2017-11-13,51.703399658203125,52.077816184401904,51.60706396965148,51.68353620000444,18814000
2017-11-14,51.72525405883789,51.75802895792684,51.11396866200497,51.53059745090932,21012000
2017-11-15,51.46553421020508,51.62543067929891,51.184968094455456,51.39551770397778,18106000
2017-11-16,52.06440353393555,52.227777904926825,51.544490919324424,51.58173253207966,23768000
2017-11-17,51.43971252441406,52.190038230718805,51.33245440236815,52.130451647993425,26712000
2017-11-20,51.37863540649414,51.57925139168339,51.28031072869276,51.44517400766648,17526000
2017-11-21,52.15528106689453,52.15975157627767,51.601104600345096,51.645794539907406,22206000
2017-11-22,52.23572540283203,52.41002222182036,52.003823420762416,52.19798369716838,14538000
2017-11-24,52.464149475097656,52.64043529180731,52.2357253976681,52.358380258212144,16492000
2017-11-27,53.233341217041016,53.28449066074243,52.377246298566796,52.56594724604327,35430000
2017-11-28,52.800331115722656,53.630106864905066,52.36582793510421,53.33166628219338,36424000
2017-11-29,51.513702392578125,52.57587640186775,51.12984857289716,52.44726212941609,55866000
2017-11-30,51.453617095947266,51.84938975798792,51.15070979064753,51.640829139164985,45092000
2017-12-01,50.90242004394531,51.50674950996511,50.49671756517733,51.167589420837984,37762000
2017-12-04,50.24694061279297,51.213775380227396,50.11534852033116,51.03798586303307,38778000
2017-12-05,50.630794525146484,51.478944849746625,49.77271436595063,50.20324335245284,38998000
2017-12-06,51.28230285644531,51.62295187367375,50.41776319360288,50.4778498689434,28710000
2017-12-07,51.87074279785156,52.08675174240578,51.4133983373536,51.44865474324005,30866000
2017-12-08,52.109596252441406,52.45918249383802,51.934799343175996,52.230262114856416,31170000
2017-12-11,52.23820877075195,52.438328470351834,51.84839929720815,52.19550404064159,23254000
2017-12-12,52.07930374145508,52.76110186689817,51.88563976474666,52.14038302140525,33882000
2017-12-13,52.20940399169922,52.41250148924903,51.97054999918829,52.24366779127839,27680000
2017-12-14,52.511329650878906,52.98853761032161,52.319154565592065,52.41300874770761,30962000
2017-12-15,53.232845306396484,53.39423447521856,52.64142725460796,52.824661301183696,63760000
2017-12-18,53.88286590576172,53.95238611286542,53.15190733801383,53.45382204233541,30292000
2017-12-19,53.61917495727539,53.87689978233719,53.24624739682206,53.78006780674288,26350000
2017-12-20,53.3103141784668,53.69118640544104,53.064011854629115,53.675793457342955,28728000
2017-12-21,53.175743103027344,53.50695859741206,53.083877923641126,53.40118937611114,25640000
2017-12-22,53.076927185058594,53.21894542151822,53.01634420423306,53.133535958712216,17788000
2017-12-26,52.92745590209961,53.07692624793845,52.56942492618375,53.06600001983415,18376000
2017-12-27,52.646888732910156,53.04762822021024,52.55651246164311,52.96470027211699,22324000
2017-12-28,52.435848236083984,52.87730346921588,52.30822655638744,52.74868918487407,19884000
2017-12-29,52.3092155456543,52.540124921009514,52.274455442635634,52.41300334098902,23606000
2018-01-02,53.292930603027344,53.43048210425983,52.290346969646514,52.290346969646514,31766000
2018-01-03,54.20216369628906,54.429595175331535,53.30386031030047,53.32868679132137,31318000
2018-01-04,54.4127082824707,54.82585910593442,54.33822505255014,54.478754373376354,26052000
2018-01-05,55.13423156738281,55.29760594286388,54.71263982971305,54.79457516859321,30250000
2018-01-08,55.328887939453125,55.57469395519942,55.11983102363961,55.16948777135291,24644000
2018-01-09,55.25837326049805,55.53893936900628,55.03044550015355,55.53893936900628,26808000
2018-01-10,55.12678527832031,55.25788106765144,54.82089636607006,54.97085921984269,20734000
2018-01-11,55.22163772583008,55.360678154762375,54.945045775011,55.2345491640263,22424000
2018-01-12,56.145263671875,56.177538476446756,55.021017700252045,55.12480171204202,38586000
2018-01-16,56.147743225097656,57.05051709977311,55.94712722945501,56.62495114176238,36462000
2018-01-17,56.56487274169922,56.57579518162347,55.78971668957938,56.42881013072469,27830000
2018-01-18,56.4094352722168,56.638851942112325,55.83787691226107,56.57727636394682,27498000
2018-01-19,56.78335952758789,56.797263569183215,56.23712769838544,56.51173441417679,30552000
2018-01-22,57.80928421020508,57.94435420687602,56.699934914928505,56.79925220323572,29550000
2018-01-23,58.40566635131836,58.52186548948102,57.96272225306838,58.13006704560148,39138000
2018-01-24,58.16333770751953,58.94594198355019,57.9701700441513,58.84315058490923,37128000
2018-01-25,58.702125549316406,58.84414756935424,58.1906538179645,58.631116433581106,29984000
2018-01-26,58.97127151489258,58.97127151489258,58.001462668878254,58.969782607908584,42170000
2018-01-29,58.917640686035156,59.489695383470256,58.79746733590673,58.993120309446525,31494000
2018-01-30,58.46525573730469,58.9896388627529,58.32323372892625,58.48263768236405,37338000
2018-01-31,58.70609664916992,58.90969424174536,58.20356217452964,58.785050386223745,36022000
2018-02-01,58.67481231689453,58.96580837065409,58.067501215152404,58.396731488528694,73514000
2018-02-02,55.576683044433594,56.17753844741779,55.17793255092181,55.98486707044241,117842000
2018-02-05,52.755638122558594,55.36762405397603,52.47507578397444,54.653547344759666,83550000
2018-02-06,53.85009002685547,53.996578761390936,51.147727863410985,51.344869739743885,76630000
2018-02-07,52.40903091430664,53.95437232711355,52.36980030079335,53.876907493264575,51942000
2018-02-08,50.04037094116211,52.83211316584392,49.89090059433726,52.63050455543954,66792000
2018-02-09,51.95515823364258,52.22579073196447,49.50853194425247,50.94264095935419,98360000
2018-02-12,52.3668212890625,52.91354941138,51.916428851689155,52.471597901569,56240000
2018-02-13,52.34596633911133,52.69754158754058,51.987439069853544,52.140383528081415,31586000
2018-02-14,53.267608642578125,53.405160155714356,52.130455011766124,52.35490489317309,41304000
2018-02-15,54.1942138671875,54.330276457416836,52.99597730623739,53.80142283222073,37396000
2018-02-16,54.39979934692383,55.03591111993563,54.20365007659564,54.29452264580204,39948000
2018-02-20,54.80152893066406,55.43217760494987,54.12668283215146,54.263738036919925,33754000
2018-02-21,55.30604553222656,56.42085787002624,54.99618243195606,55.0751399552506,41486000
2018-02-22,55.1148681640625,55.88753888266873,54.87899575408689,55.575194242246795,28010000
2018-02-23,56.01813888549805,56.06332891636732,55.04237064349879,55.549868177460375,25292000
2018-02-26,56.79329299926758,56.81811948001176,56.080208884256166,56.205345258280325,30912000
2018-02-27,55.49276351928711,56.82060711991297,55.45701080931754,56.793295337972665,42964000
2018-02-28,54.81791687011719,55.99629011248413,54.7722343255836,55.71572397232992,49292000
2018-03-01,53.20354461669922,55.18289271299136,52.9989544317525,55.096986960543916,55338000
2018-03-02,53.835693359375,53.972252268930404,52.14584836283531,52.53665044904334,50162000
2018-03-05,54.36305236816406,54.68185272053652,53.24625474168803,53.53725079941223,28648000
2018-03-06,54.66794967651367,54.90283326979053,54.350141922947074,54.727540051020135,23382000
2018-03-07,55.37010955810547,55.42771472542414,54.12221607358779,54.266719611362774,30748000
2018-03-08,56.08219909667969,56.18449041281136,55.47736948722941,55.47736948722941,33862000
2018-03-09,57.6444206237793,57.652365249089435,56.32601441041463,56.58472808384261,42662000
2018-03-12,57.89717483520508,58.504485897434854,57.56297777204632,57.85347371604288,44306000
2018-03-13,56.60508728027344,58.49654456453966,56.33991789106401,58.19015556516624,43140000
2018-03-14,57.0510139465332,57.590790054628386,56.72625417982306,56.89757318742485,41870000
2018-03-15,57.13642501831055,57.72685428619265,56.3940476824959,57.08478305770545,33382000
2018-03-16,56.33246612548828,57.44429684750701,56.180514285100074,57.37179883170795,58656000
2018-03-19,54.62673568725586,55.58512193678122,54.07305175559994,55.50517559322201,63656000
2018-03-20,54.414695739746094,54.898855663358916,53.750275796840675,54.54380252699816,54598000
2018-03-21,54.325313568115234,55.05527952923379,53.98813867031982,54.2543044543219,44898000
2018-03-22,52.29680633544922,53.824765812367346,52.12250572238285,53.63060552982255,69312000
2018-03-23,50.97591018676758,52.97363287837408,50.89248594364896,52.20841055895609,49880000
2018-03-26,52.34347915649414,52.600707706466125,50.182882086302634,52.17017494431789,65984000
2018-03-27,50.002132415771484,52.862406005385694,49.53932482421722,52.83062371439159,60816000
2018-03-28,49.914730072021484,50.89844664652213,48.86298598855993,49.752352090618935,77698000
2018-03-29,51.50178527832031,52.04355037711645,49.85812300851257,50.21416875830112,69338000
2018-04-02,50.2846794128418,51.620467506554554,49.37197574603803,51.02904568382517,65068000
2018-04-03,50.58510971069336,50.89894704869862,49.52095040747162,50.45947703045491,51322000
2018-04-04,51.13282775878906,51.283290690008506,49.484198810368525,49.56960826073768,50724000
2018-04-05,51.278324127197266,51.977004046219875,50.84928408712724,51.96111479690375,35836000
2018-04-06,50.1515998840332,51.445175802388,49.96786574672013,50.80459351607529,40134000
2018-04-09,50.655128479003906,51.8717359050067,50.610931054218156,50.652643178930234,33220000
2018-04-10,51.470008850097656,51.70389605094467,50.422731409142926,51.16014572107723,36620000
2018-04-11,50.90192413330078,51.43872243779296,50.610931860284275,51.24654736424903,34060000
2018-04-12,51.50923156738281,51.87471083487985,50.95108472637966,51.22022831284015,32896000
2018-04-13,51.44716262817383,52.288360933107725,51.15468145242214,51.98594992274709,25410000
2018-04-16,51.946720123291016,52.21139322000347,51.34189051595993,51.919408341979555,29776000
2018-04-17,53.59832763671875,53.878397473681886,52.49245621027263,52.69655011878857,54584000
2018-04-18,53.40118408203125,53.72941794142682,53.159352279439574,53.58094400447407,31126000
2018-04-19,54.09937286376953,54.49961226385661,53.08487032169125,53.08487032169125,39884000
2018-04-20,53.49702453613281,54.3625529712264,53.237810783368175,53.84214404516664,42434000
2018-04-23,53.32272720336914,54.02737039628368,52.96867044312873,53.778086462294134,69590000
2018-04-24,50.78175354003906,52.85991902068733,50.29610469177142,52.597231138886116,128220000
2018-04-25,50.799137115478516,51.44865666890862,50.50218163410897,51.134819331692285,57860000
2018-04-26,51.80817413330078,52.240692109281554,50.67300198042338,51.307128555365445,50926000
2018-04-27,51.219234466552734,52.22479975158579,51.027559488063176,51.91891083882618,40746000
2018-04-30,50.58014678955078,51.562867052071844,50.56624274753138,51.366721556848404,34492000
2018-05-01,51.68104934692383,51.729713492049775,50.18437210315958,50.466923441695464,35326000
2018-05-02,50.951087951660156,51.84144670991521,50.80757702556829,51.345864232563656,34698000
2018-05-03,50.963497161865234,51.181495098828044,50.049304565578446,50.91731831802102,39282000
2018-05-04,52.190040588378906,52.233741711394366,50.55382659530037,50.631291429483035,36892000
2018-05-07,52.61014175415039,52.885244766268144,52.15378990292825,52.33354983515844,34400000
2018-05-08,52.56694030761719,52.8966668777174,52.22182078947123,52.86637349534631,26030000
2018-05-09,54.07454299926758,54.325315845516826,52.741736391339906,52.84055738060697,47160000
2018-05-10,54.89488220214844,55.09053517194181,54.31935339965341,54.37496956441081,36414000
2018-05-11,54.791099548339844,55.07067307445984,54.485210634621545,54.6436182053472,30504000
2018-05-14,54.95099639892578,55.524539970781255,54.86161273911928,54.89984695667395,39338000
2018-05-15,53.8719367980957,54.579557754402984,53.56952201907828,54.46931803352243,35738000
2018-05-16,53.83320617675781,54.344185389500886,53.71105140447794,53.88286671563585,25628000
2018-05-17,53.69267272949219,54.1763363355625,53.45232983325288,53.702606351931685,25738000
2018-05-18,53.115657806396484,53.31875911494589,52.8693592526069,52.93490525680794,35482000
2018-05-21,53.8292350769043,54.29055374492948,53.53079448794665,53.58045123762888,25180000
2018-05-22,53.397220611572266,54.21607404962763,53.24576504201421,54.116760536847906,22226000
2018-05-23,53.92606735229492,54.02736984995512,52.982573949033664,53.13353319664084,23740000
2018-05-24,53.90073776245117,53.98366570467472,53.24774414950821,53.97274326612429,20604000
2018-05-25,53.83271026611328,54.10533177535372,53.75921963900276,53.955365130156125,22224000
2018-05-29,53.037689208984375,53.69664600602487,52.78989799449124,53.431472846847164,36076000
2018-05-30,53.50447082519531,53.57995044226696,52.96220946540599,53.30633635681137,28686000
2018-05-31,54.62325668334961,55.11983174410734,53.53079306510944,53.72942005855889,79368000
2018-06-01,56.36127853393555,56.51819721814107,55.219650495956124,55.262359019267855,63202000
2018-06-04,57.2570915222168,57.496441824139715,56.46058318094902,56.53507019815633,44754000
2018-06-05,57.15678405761719,57.657333349012276,56.98000572195679,57.337540388872256,32964000
2018-06-06,56.954673767089844,57.340016481076134,56.42681653296805,57.24368080257956,34934000
2018-06-07,56.33246612548828,56.901042877007704,55.92030793470756,56.836985788215344,36108000
2018-06-08,56.247554779052734,56.54897316961846,55.77679880926231,56.17306776325444,27284000
2018-06-11,56.65424728393555,56.99390747701788,56.182502488140315,56.258974714670835,24796000
2018-06-12,57.01625442504883,57.044062508388954,56.66020866698051,56.66020866698051,26092000
2018-06-13,56.819610595703125,57.386205994077834,56.777402167086755,57.219353700325605,34302000
2018-06-14,57.60816955566406,57.90015441535998,57.135924677487125,57.215874807163566,35422000
2018-06-15,57.56645965576172,57.79686894469169,57.28937143086144,57.59873445939219,44438000
2018-06-18,58.77363586425781,58.800947645989076,57.15579260055312,57.23971315501688,33038000
2018-06-19,58.53080368041992,58.73539007658674,57.68265344067876,58.104741457258854,47282000
2018-06-20,58.79795837402344,59.66299425774081,58.69665967452607,58.75972415772725,51686000
2018-06-21,58.07147979736328,59.10882365663729,57.77552069834672,58.86947712071811,44966000
2018-06-22,58.064029693603516,58.34757364846075,57.58532905930685,58.173276820648,34220000
2018-06-25,56.57380676269531,57.40358254449578,55.611442493783244,57.35442209620706,57682000
2018-06-26,56.243080139160156,56.950697265854835,56.063320225319536,56.81513477139679,34688000
2018-06-27,55.464454650878906,56.91793081555456,55.452535818996374,56.41092583250312,34538000
2018-06-28,55.953086853027344,56.311614116865826,54.92468029968545,55.23851383683477,29726000
2018-06-29,56.07276153564453,56.67709484019678,55.96500710597914,56.22769499324829,31562000
2018-07-02,56.71434020996094,56.758041336058135,54.951004507648385,55.38550773693624,23216000
2018-07-03,55.43168258666992,57.10166407675513,55.33981740859035,57.07733389803412,16448000
2018-07-05,56.673614501953125,56.815140213989515,55.77133694206549,55.84483135495214,28594000
2018-07-06,57.3583984375,57.41401460640656,56.47250636502538,56.69745634084254,21820000
2018-07-09,57.96421813964844,57.996496734293494,57.465161515609765,57.60271303389358,21584000
2018-07-10,57.95726013183594,58.273082658697575,57.72982866294087,58.098785842752704,21334000
2018-07-11,58.171783447265625,58.617705362930295,57.37279360508707,57.38520495065229,33252000
2018-07-12,59.65157699584961,59.687826006335456,58.25322064955825,58.340619105128695,44148000
2018-07-13,59.808494567871094,60.10743145334592,59.355120533932975,59.72804813448699,32612000
2018-07-16,59.41570281982422,60.02152499747001,59.26126567315518,59.77820049099454,26784000
2018-07-17,60.23853302001953,60.52058807764801,58.69517672327645,58.73192582748196,40162000
2018-07-18,60.23008346557617,60.661108721933324,59.815443761067,60.012581839774434,38948000
2018-07-19,59.54431915283203,60.407366119256885,59.47628785220785,59.91923197114627,38338000
2018-07-20,59.483734130859375,60.1238201089191,59.41967325082829,59.551269126863524,37938000
2018-07-23,60.1352424621582,60.33884006696403,59.19224533856686,59.3734979736454,65446000
2018-07-24,62.476593017578125,63.313320789791945,61.78089086655135,63.11469000607134,107600000
2018-07-25,63.36000442504883,63.47421457687778,62.02471249104202,62.20199092382023,51104000
2018-07-26,63.834720611572266,63.9290710781203,62.71742681175642,62.924994807308686,54686000
2018-07-27,62.215389251708984,64.12968385816586,61.798264259198845,64.0144811191149,48362000
2018-07-30,61.08072280883789,62.21539873641477,60.78923422389018,61.826081764816344,43896000
2018-07-31,60.9406852722168,61.63539481960726,60.39296455080471,61.163646234061574,39382000
2018-08-01,61.22721481323242,61.86828965820945,60.82747170769052,61.531118530823136,36994000
2018-08-02,61.63142395019531,61.79430203537155,60.485825605623155,60.50767427321739,34704000
2018-08-03,61.483943939208984,61.89907999822666,61.04993702608121,61.83253760079852,21264000
2018-08-06,61.4596061706543,61.69746757021017,61.105053114502475,61.655259143661176,22114000
2018-08-07,62.36188507080078,62.870378986521,62.16126907056883,62.17169520757029,42506000
2018-08-08,62.63450622558594,63.1504446729851,62.17715796998037,62.40558205234776,34344000
2018-08-09,62.78993225097656,63.162363561626734,62.573427000836936,62.70402648957323,27326000
2018-08-10,62.1965217590332,62.62804711722645,61.93085607544042,62.52773722882341,26602000
2018-08-13,62.00434875488281,62.8649141998655,61.92440241144142,62.13147412471391,27500000
2018-08-14,62.47609329223633,62.59775175181716,61.55246341882304,62.196023485792864,28080000
2018-08-15,61.1889762878418,62.17020764300499,60.892024593816956,61.78784648762988,37052000
2018-08-16,60.78377151489258,61.75904726540794,60.56378834903647,61.67413031579115,32176000
2018-08-17,60.37607955932617,60.927278191280145,59.78763931247009,60.683461164968854,33092000
2018-08-20,60.67898941040039,60.87563498332218,60.02102897018602,60.6149323186566,22218000
2018-08-21,60.45354080200195,61.21578530932155,60.335356457353775,60.732121703770495,23082000
2018-08-22,60.66905975341797,60.90642105715929,60.24547901274251,60.29513576126031,22296000
2018-08-23,60.6397590637207,61.33546121196604,60.54987909854594,60.57619827398301,24666000
2018-08-24,61.41392135620117,61.44619615850523,60.652669433890715,60.880100899686546,24454000
2018-08-27,62.38323974609375,62.46269358086583,61.609080102227516,61.78089542078315,28580000
2018-08-28,61.866302490234375,62.397637676874744,61.72279156401181,62.36486278187075,27330000
2018-08-29,62.79936599731445,62.92450616113287,62.21092573682352,62.32017286115726,36926000
2018-08-30,62.292362213134766,63.03970631773306,61.93333865538568,62.737291529043084,30104000
2018-08-31,61.168113708496094,62.19850540325506,60.86768414168937,62.18162354913722,42308000
2018-09-04,60.150634765625,60.972966013012716,59.91476235882163,60.70729652499204,41458000
2018-09-05,59.54431915283203,60.327415986324205,58.36445325703717,60.0468498561786,53988000
2018-09-06,58.79399490356445,59.53885753593138,57.78197387354017,59.51800147315072,46854000
2018-09-07,58.4761848449707,59.02043145362586,58.06303402413564,58.19859653258226,32658000
2018-09-10,58.350547790527344,58.92657668285312,58.12957203875361,58.80441812609223,27670000
2018-09-11,59.09193420410156,59.13910943966811,57.8981681262575,58.15390397200224,29254000
2018-09-12,58.178733825683594,59.12669388499225,57.908593850346506,58.695168536192114,35716000
2018-09-13,58.702125549316406,58.986169589392084,58.06055063045631,58.580963380489074,40068000
2018-09-14,58.495548248291016,58.99311971042389,58.274076191844806,58.99311971042389,24176000
2018-09-17,57.594268798828125,58.6862361655645,57.526237497095515,58.48512386277596,34096000
2018-09-18,57.955772399902344,58.66190448481452,57.67371736548634,57.73479664478969,32314000
2018-09-19,58.31132125854492,58.41063475634106,57.53418006773367,58.04764077738549,25962000
2018-09-20,59.17039489746094,59.2910645497922,58.40964303637576,58.62912988571047,29244000
2018-09-21,58.20455551147461,59.41917769599644,58.201577697745954,59.33674605336531,91222000
2018-09-24,58.574005126953125,58.8535748393731,57.180615708017456,57.57340674028717,31150000
2018-09-25,59.28559875488281,59.43308009027321,58.30237848657922,58.80690195128173,33152000
2018-09-26,59.29404067993164,59.948527002410216,58.864008011949615,59.27566991833735,37650000
2018-09-27,59.95448303222656,60.42622779671487,59.49217179914396,59.58900377874174,36274000
2018-09-28,59.940582275390625,60.0086135736764,59.4812488306747,59.7921045446384,35612000
2018-10-01,60.01258850097656,60.790722343198134,59.747419096990136,60.23456066035999,33164000
2018-10-02,59.96839141845703,60.80661189025297,59.572126242197164,59.92022357629471,40180000
2018-10-03,60.16156005859375,60.29315215050966,59.69577087990158,60.18489763233136,26246000
2018-10-04,58.45036697387695,59.88199083715756,57.793895374010134,59.838789802667804,46576000
2018-10-05,57.99152374267578,58.69517051098388,57.32065186785569,58.397226233030224,31852000
2018-10-08,57.40010452270508,58.390273019094934,56.38113155167689,57.6027057183166,46190000
2018-10-09,56.86629104614258,57.679681319118615,56.816634292836056,57.1711873757834,33690000
2018-10-10,54.233943939208984,56.46157970876179,54.20166534767651,56.43079002409225,58980000
2018-10-11,54.163429260253906,55.4207600049258,53.42601496027823,53.58243732347526,67696000
2018-10-12,55.643226623535156,55.90591451777599,54.376462302064155,55.59853289452526,49370000
2018-10-15,54.744422912597656,55.70579074998411,54.53486590213734,55.517093589822906,30074000
2018-10-16,56.265926361083984,56.429300738232605,55.20673393788284,55.29263969587382,38378000
2018-10-17,55.993309020996094,56.9571583720068,55.31846293260537,56.609557342349035,35652000
2018-10-18,54.51947784423828,56.22968263679578,53.944941596217966,56.112987183373285,46152000
2018-10-19,54.88048553466797,55.66358619144851,54.47577940620576,54.807491207818124,41286000
2018-10-22,55.187870025634766,55.70033440145482,54.623263594868085,55.244478801701945,27116000
2018-10-23,55.363651275634766,55.517095825368735,53.58094854519631,54.19074117141181,37686000
2018-10-24,52.49394607543945,55.448570199457215,52.39165096815665,55.36812376013856,49286000
2018-10-25,54.80152893066406,55.508153530326545,53.40913200486425,53.64500440628176,72956000
2018-10-26,53.81632614135742,55.46743682357767,51.75454612630108,52.057457238578884,106438000
2018-10-29,51.382110595703125,55.06173358192343,50.0150402838446,54.45144089789732,81290000
2018-10-30,52.11604690551758,52.18507080798174,50.35122252103011,50.65115200598429,59768000
2018-10-31,54.15548324584961,55.020519198863425,53.044148755900416,53.044148755900416,70916000
2018-11-01,53.927059173583984,54.61829082153748,53.52185297739613,54.19620277026839,40132000
2018-11-02,53.207523345947266,54.523944344918306,53.01733348728428,54.077026023028715,43438000
2018-11-05,52.42491912841797,53.29988492089486,51.345863224095034,53.259165401271304,45358000
2018-11-06,53.112178802490234,53.621168994273006,52.319644677121005,52.38966118438446,28660000
2018-11-07,55.032432556152344,55.116353103820906,53.65940283457077,53.80341005489625,43388000
2018-11-08,54.356597900390625,55.03144402476314,53.846615069893794,54.985761480467865,33694000
2018-11-09,53.48213195800781,54.04474935157687,52.84850165956711,53.82973300484804,34860000
2018-11-12,52.108604431152344,53.33713456100917,51.66119355918507,53.28896671456189,34002000
2018-11-13,52.039573669433594,52.9681703698477,51.663668268842876,52.379233850086486,25750000
2018-11-14,52.36781692504883,52.92447870260061,51.69893020551954,52.63696053800622,34666000
2018-11-15,53.1856803894043,53.57400098513268,51.70787006045774,52.212889902124786,41584000
2018-11-16,53.04762268066406,53.254694378119986,52.383699074374555,52.896663446589216,35366000
2018-11-19,51.01911544799805,53.034220251724,50.79317666508989,52.805296077851644,45684000
2018-11-20,51.169578552246094,51.512216572083716,49.767251759578734,50.01950971969448,54458000
2018-11-21,51.81413650512695,52.374272396289506,51.61699461554681,51.90749059270372,29698000
2018-11-23,51.152198791503906,51.79278108355172,51.073737566730806,51.321032496032565,14178000
2018-11-26,52.43534851074219,52.487983073476805,51.6323844450814,51.84243775943093,31558000
2018-11-27,52.25360107421875,52.97264461056947,51.91692626059895,52.206925926200434,33048000
2018-11-28,54.215576171875,54.26871083183768,51.790301919962715,52.51083442902955,46042000
2018-11-29,54.3541145324707,54.630706454635245,53.72942148312216,53.80539740881542,31004000
2018-11-30,55.10245132446289,55.10245132446289,53.788019314758785,54.406256646407606,59668000
2018-12-03,55.4356575012207,56.361272680390314,55.20574071908322,56.220247052195056,57532000
2018-12-04,52.75961685180664,55.3303871818059,52.675696294184895,55.268315292677876,45630000
2018-12-06,53.534767150878906,53.60130954715465,51.766961025816045,51.892097404146035,47436000
2018-12-07,51.970550537109375,53.87988222444343,51.6125195900565,53.2442667619824,42682000
2018-12-10,52.29829406738281,52.617094416433666,51.29620668889493,51.78980016082642,33652000
2018-12-11,52.718894958496094,53.15339816285614,52.145351334911595,52.98158284808099,33852000
2018-12-12,53.318756103515625,54.21258896587803,53.23135764761644,53.48510829910612,28960000
2018-12-13,53.30931854248047,54.048225524488295,52.884748976627556,53.415091548646906,24986000
2018-12-14,52.22529602050781,53.21894247261031,52.10909687711849,52.63795054423084,36358000
2018-12-17,50.93122863769531,52.75514733455472,50.48331766516241,51.99191009852122,49932000
2018-12-18,51.813140869140625,52.62156426154026,51.17106588133121,51.34586279057288,43640000
2018-12-19,51.418357849121094,53.41707314047551,50.6223496369844,52.00580545395999,58264000
2018-12-20,50.828433990478516,52.013262945096464,50.04781864487211,50.94860355609423,53674000
2018-12-21,49.22300338745117,51.52810399378867,48.72345050801858,51.24853426247188,104656000
2018-12-24,48.896263122558594,50.25935938435076,48.548161967652455,48.87888117507476,36360000
2018-12-26,52.03361892700195,52.063412217943515,49.292522503368225,49.55769567387593,46318000
2018-12-27,52.28438949584961,52.30623816241729,50.005107957942045,50.95853497021103,45996000
2018-12-28,51.975521087646484,52.847009005559165,51.74312279410953,52.61212920045971,34398000
2018-12-31,51.89011001586914,52.78543557125046,51.29819186096392,52.52919962040073,33110000
2019-01-02,52.37278366088867,52.676191076499855,50.91285165838382,51.00819474412112,31868000
2019-01-03,50.92228317260742,52.94781410192929,50.76834611045528,52.17365449331464,41960000
2019-01-04,53.53426742553711,53.63010680671193,51.48788049970331,51.77092813408494,46022000
2019-01-07,53.4275016784668,53.7641764549808,52.768048588430865,53.67827070297829,47446000
2019-01-08,53.896766662597656,54.293031818939504,53.05159421264766,53.928048859604345,35414000
2019-01-09,53.712039947509766,54.20811868793683,53.35053110390623,54.026869858152644,26998000
2019-01-10,53.572017669677734,53.62068182145115,52.86936338887121,53.37884996967998,26598000
2019-01-11,52.85892868041992,53.300880213891595,52.45968187790726,53.12856859452699,30864000
2019-01-14,52.215370178222656,52.55999342778789,52.06838512684648,52.306242757089805,28490000
2019-01-15,53.95337677001953,54.040775222324044,52.36086020539616,52.53813862139533,37518000
2019-01-16,54.10234832763672,54.740449107139234,54.02786509845262,54.1266822941194,38280000
2019-01-17,54.57956314086914,54.6580205814156,53.79199197865768,54.02687557511327,24896000
2019-01-18,54.985755920410156,55.51709106238488,54.58750176791932,55.04981300954938,44892000
2019-01-22,53.56208038330078,54.572116244721016,53.177730219043774,54.42463110382046,39632000
2019-01-23,53.849098205566406,54.27317146731421,53.012866725696085,53.970756673259665,25194000
2019-01-24,53.8287353515625,54.027366126227356,53.134522139050084,53.754744639757874,29114000
2019-01-25,54.698238372802734,54.790103543964456,54.216063669778805,54.3367295268186,23260000
2019-01-28,53.6231575012207,54.29402941484541,53.36245482221904,54.13016251506108,29334000
2019-01-29,53.13651657104492,53.864993709157766,52.9359005524968,53.68175585005444,19704000
2019-01-30,54.52344512939453,54.59942105062795,53.46325634800232,53.499009054129765,29452000
2019-01-31,55.90889358520508,55.99728465199397,54.88396486030973,55.231069619991345,40232000
2019-02-01,55.54787826538086,56.331475152825305,55.33087672539167,55.73011970324705,33116000
2019-02-04,56.68006896972656,56.72575529919954,55.492758591376344,55.567245607195915,78408000
2019-02-05,57.19899368286133,57.24368741144523,55.79517795093981,56.09461115703942,82296000
2019-02-06,55.75992202758789,57.30476719112292,55.53497205289645,57.06988738141958,48256000
2019-02-07,54.91673278808594,55.218647477108,54.30495120800824,55.21020654993754,38298000
2019-02-08,54.74143981933594,54.87650980891239,54.33723003228638,54.3690085320218,21766000
2019-02-11,54.72853088378906,55.29015944262703,54.6232579686131,54.809473620778824,18498000
2019-02-12,55.99281311035156,56.25500468557506,55.1699855860319,55.1699855860319,35036000
2019-02-13,56.04494857788086,56.751080622973284,55.91434909906859,56.26393911146713,28042000
2019-02-14,56.0732536315918,56.41738053460743,55.47190197457435,55.864693020238974,21106000
2019-02-15,55.59803771972656,56.574802384750335,55.453534180990715,56.574802384750335,27826000
2019-02-19,55.93967819213867,56.0951041569781,55.44955884492726,55.44955884492726,21980000
2019-02-20,55.64570236206055,56.15916305296114,55.20673247463734,56.057364258869114,24090000
2019-02-21,54.83231735229492,55.574202180471076,54.52295052272925,55.55582762900774,33272000
2019-02-22,55.445587158203125,55.47985096051634,54.64808996108534,55.10493813288331,29436000
2019-02-25,55.48381805419922,55.884553704909955,55.323921593426384,55.71224211081281,26208000
2019-02-26,55.716217041015625,55.936200188668224,54.955961495978244,55.33683372192867,35026000
2019-02-27,55.75992202758789,55.9009476584474,55.048330577399355,55.31896309713979,22092000
2019-02-28,55.94166564941406,56.31111914967775,55.53745583327619,55.56675282375527,27422000
2019-03-01,57.03264236450195,57.10613678293325,56.16264333054523,56.16264333054523,34086000
2019-03-04,57.27596664428711,57.87682206103234,56.52265927719081,57.33257541770027,35490000
2019-03-05,58.059059143066406,58.421560605955044,57.25609887270483,57.40407651386332,40094000
2019-03-06,57.848018646240234,58.33466010001463,57.754164471585874,58.18668245468202,23602000
2019-03-07,57.14834213256836,57.780483507204465,56.69447178597159,57.627539050675985,30086000
2019-03-08,57.104644775390625,57.277452689504216,56.12291336583073,56.306647507649224,23694000
2019-03-11,58.55911636352539,58.59139116873251,57.18409752010903,57.205449885662176,30032000
2019-03-12,59.45244598388672,59.87254880166894,58.71006872280054,58.71006872280054,42220000
2019-03-13,59.54233169555664,59.94257109573969,59.48522662116568,59.883480812101666,25888000
2019-03-14,59.21806716918945,59.822400465767835,59.15351377270387,59.54034542644887,27302000
2019-03-15,59.107330322265625,59.67441820688941,58.9439559412454,59.48969525000366,51886000
2019-03-18,59.02043151855469,59.338239259767114,58.66935258091703,59.07704028842328,24442000
2019-03-19,59.71116638183594,59.75834161920121,59.06561728164164,59.17784221588789,29788000
2019-03-20,60.90145492553711,61.07823704388622,59.568648382978665,59.65852834902629,41508000
2019-03-21,61.38313293457031,61.3985258826227,60.41232777418861,60.58215787075375,28150000
2019-03-22,59.96889114379883,61.258993030583326,59.8869557983602,61.02163171082466,34422000
2019-03-25,59.458900451660156,60.05777057456881,59.0924285946126,59.56715495996956,27576000
2019-03-26,59.08449172973633,59.96889109573803,58.683259719421955,59.84673253115645,30752000
2019-03-27,58.49704360961914,59.18777898618902,57.81276016314124,59.18777898618902,29428000
2019-03-28,58.21200942993164,58.459304381596006,57.77303948532131,58.37240601001888,22402000
2019-03-29,58.44142532348633,58.79300056652951,57.91952367846969,58.6047959161706,30890000
2019-04-01,59.53835678100586,59.598935967004515,58.91167855126254,58.97027252816405,27706000
2019-04-02,59.864112854003906,59.87752059337638,59.15401033526935,59.591491345808336,18288000
2019-04-03,60.12580871582031,60.611953876932304,59.84127216098311,60.21965910376805,22180000
2019-04-04,60.554847717285156,60.6094712789344,60.037912879388585,60.149641514192155,21022000
2019-04-05,60.1575813293457,60.60152180782337,60.08706852256782,60.54739455280318,20012000
2019-04-08,60.00017547607422,60.28173042585157,59.822400748039556,60.14070479981026,21750000
2019-04-09,59.72258377075195,59.944055820499464,59.508560043728515,59.682860645745926,19668000
2019-04-10,59.9093017578125,60.03294923149093,59.62178737911789,59.841770544210824,15510000
2019-04-11,60.06522750854492,60.22164987782788,59.81445844622153,60.03096370531408,16998000
2019-04-12,60.71772766113281,60.733616912387355,60.24896065201805,60.3646597087807,24312000
2019-04-15,60.90642166137695,61.04397316716175,60.31202200298891,60.78525570830979,23796000
2019-04-16,61.173583984375,61.37568889802249,60.83243486055661,61.07873720086424,22622000
2019-04-17,61.58226013183594,61.82856245538817,61.22274026941342,61.426334076177916,30366000
2019-04-18,61.64830780029297,61.870276163119435,61.54601269771949,61.82359722682789,24750000
2019-04-22,62.25859451293945,62.28739519966087,61.24607723716746,61.40994791638979,19084000
2019-04-23,63.094329833984375,63.285015991280005,62.16970731143525,62.40160928978347,31868000
2019-04-24,62.570945739746094,63.26367014386888,62.559030695113094,63.09433633308455,23396000
2019-04-25,62.93294906616211,63.20407788772484,62.4691488640447,63.07993411318467,31344000
2019-04-26,63.43349075317383,63.50748146882299,62.81674612484598,63.23287475902277,27228000
2019-04-29,64.36605072021484,64.40429251234508,63.14993975678653,63.58692440406986,72368000
2019-04-30,59.53736877441406,59.63767488150388,58.744834598246015,59.12372163397037,133178000
2019-05-01,58.26414489746094,59.55176517078927,58.18270586078378,59.46486302046825,74340000
2019-05-02,57.92597961425781,58.56507300935367,57.51978080850767,58.22839441108475,45098000
2019-05-03,59.07008361816406,59.16194878639641,58.2755643276722,58.46723928875679,41588000
2019-05-06,59.26424789428711,59.36207248475379,58.15688383510678,58.19859595861239,31774000
2019-05-07,58.539249420166016,59.329298264303915,57.8509955859456,58.884368941861375,36604000
2019-05-08,58.13801574707031,58.807895011362966,57.98159339239588,58.4612828042614,25520000
2019-05-09,57.998477935791016,58.30138903648477,57.33654326582937,57.73181963448864,29556000
2019-05-10,57.982093811035156,58.41113390101427,56.92587913956529,58.041684185752864,31650000
2019-05-13,56.440223693847656,57.20395714505877,55.88952515870364,56.86976385343679,45626000
2019-05-14,55.85774230957031,56.851388733278405,55.79169622014317,56.724763456680954,40392000
2019-05-15,58.13901138305664,58.511442693744634,55.68592927098354,55.74303434449022,59302000
2019-05-16,58.81931686401367,59.29901008982314,58.02231598013219,58.19065338695591,35308000
2019-05-17,58.0386962890625,58.908198905067536,57.921504550157444,58.38878259899885,25362000
2019-05-20,56.840965270996094,57.25510870926334,56.51719810401949,57.25510870926334,30602000
2019-05-21,57.32661437988281,57.503396504785506,56.773926824116245,57.3285995891205,20562000
2019-05-22,57.396629333496094,57.79041300251401,57.15579012010887,57.168205254641975,18826000
2019-05-23,56.874725341796875,57.10861252481973,56.2698995649493,56.91097813930794,25214000
2019-05-24,56.540531158447266,57.32263533791882,56.44618068767367,57.20544359713663,18554000
2019-05-28,56.58770751953125,57.42840948040141,56.5435100968706,56.68305059673662,20948000
2019-05-29,55.61343002319336,56.36127044191138,55.21666475408142,56.247056508848104,36230000
2019-05-30,55.68642807006836,55.954082778088384,55.412813945564984,55.62385987984428,18088000
2019-05-31,54.94602966308594,55.288663869008694,54.78960731106813,54.903324936483905,31582000
2019-06-03,51.58123779296875,52.984557117190384,50.99974958269806,52.98108300122584,96890000
2019-06-04,52.36334228515625,52.55949155555069,51.446664390549536,51.86676722491095,60512000
2019-06-05,51.87421798706055,52.47855128829843,51.29620765091686,52.388671319401666,46988000
2019-06-06,52.02915573120117,52.140388074156064,51.42085196138286,51.952187193072035,29020000
2019-06-07,53.052589416503906,53.30385855223438,52.19748709077707,52.35291684459517,43828000
2019-06-10,53.76716613769531,54.367028950817286,53.39572741647698,53.481136879065936,28510000
2019-06-11,53.68175506591797,54.822390453338286,53.60876073560796,54.473792990587704,33508000
2019-06-12,53.585418701171875,53.7552450144655,53.11367010203279,53.627627128343704,23670000
2019-06-13,54.17683792114258,54.453926154869045,53.7577314543571,53.86399697799452,20814000
2019-06-14,53.94295120239258,54.36305406612867,53.70360467376982,54.11377391400888,24582000
2019-06-17,54.319847106933594,54.686815274057274,54.02736595364215,54.08198951121467,19770000
2019-06-18,54.88346481323242,55.55582561833145,54.66248905562126,55.19432053850123,34526000
2019-06-19,54.84720993041992,55.0915270411147,54.42611449349191,54.98277622449,26714000
2019-06-20,55.27873611450195,55.751477304227194,54.97085821014935,55.70082416226947,24018000
2019-06-21,55.8830680847168,55.942654666471014,55.10592691342495,55.112878933867414,50774000
2019-06-24,55.452537536621094,55.793686642714576,55.28420013247602,55.61640822009714,24236000
2019-06-25,54.00651168823242,55.402878991466125,53.85853026017643,55.3720930958086,31644000
2019-06-26,53.645992279052734,54.3809249875427,53.31676582383781,54.176334803025824,34698000
2019-06-27,53.462764739990234,54.05021240275102,53.42403042828709,53.96529924467173,24078000
2019-06-28,53.76914596557617,53.76914596557617,53.322227661551615,53.49255405592567,33672000
2019-07-01,54.62325668334961,55.04981523640269,54.39135470547454,54.674898640847694,29196000
2019-07-02,55.248939514160156,55.26333985679672,54.60686835691887,54.86310049939156,20630000
2019-07-03,55.7648811340332,56.0131686492641,55.360667574119105,55.541916399438946,20154000
2019-07-05,56.245574951171875,56.34389585800019,55.49227132023345,55.585129112556274,29794000
2019-07-08,55.45701217651367,55.97444335060463,55.2072357143228,55.907900952237895,29888000
2019-07-09,55.82944107055664,56.006719498634595,54.97830912571155,55.13572409561386,29472000
2019-07-10,56.65475082397461,56.72575994109737,56.145760594218096,56.228192241785564,30710000
2019-07-11,56.812156677246094,57.26701960314668,56.58621790967656,56.91544437817418,26004000
2019-07-12,56.874725341796875,56.9819872503697,56.53805054781437,56.755052087770366,21878000
2019-07-15,57.1314582824707,57.139899209823874,56.6095566534803,56.87472603736857,21164000
2019-07-16,57.27794647216797,57.53219341488393,56.94374940007838,56.94374940007838,25352000
2019-07-17,56.944252014160156,57.5252439434234,56.93829259800713,57.151820032082576,19538000
2019-07-18,56.969078063964844,57.01526069737615,56.25500514124155,56.70887169579786,25450000
2019-07-19,56.1899528503418,57.184591922191956,56.17505620403855,57.07236698404478,23184000
2019-07-22,56.57032775878906,56.6105509762166,55.87512568683337,56.38460840854743,28914000
2019-07-23,57.00930404663086,57.04952726588533,56.25451156769626,56.780879957103714,20648000
2019-07-24,56.59614944458008,56.88068598581315,56.0389914055494,56.24308530218296,27192000
2019-07-25,56.40795135498047,56.78783099374206,55.80064023527246,56.55741791036515,54762000
2019-07-26,61.83452606201172,62.985087444769476,60.97942368080201,60.97942368080201,121216000
2019-07-29,61.66667175292969,62.02172486463819,61.08865769841297,61.69944664403152,41382000
2019-07-30,60.97941970825195,61.42186751683444,60.84633492322061,60.92975917072659,28616000
2019-07-31,60.49277877807617,61.322554591539735,59.99521107139315,60.82399428020634,39960000
2019-08-01,60.17397689819336,61.391576956781414,59.93661179286672,60.46447287095014,35426000
2019-08-02,59.40626907348633,60.06075160378452,59.09243175846339,59.737980847722156,34910000
2019-08-05,57.342010498046875,58.44093374029777,56.74612187702084,58.24676965813163,47840000
2019-08-06,58.15291213989258,58.66537644272788,57.67868205514766,57.87681653173217,36014000
2019-08-07,58.39276123046875,58.58940302004811,57.147845640683784,57.49346146790648,30686000
2019-08-08,59.896392822265625,59.90085954311422,58.29791671780245,58.91515767971558,30116000
2019-08-09,59.037811279296875,59.810481986746275,58.83868418619697,59.588513621875066,20418000
2019-08-12,58.32273864746094,58.87443356343119,58.03572059965884,58.59585644291829,22064000
2019-08-13,59.4266242980957,59.85864595596713,58.247758643856116,58.31528985018725,28434000
2019-08-14,57.81375503540039,58.73440338220796,57.65584376641108,58.400706384233374,35430000
2019-08-15,58.065513610839844,58.418081443279874,57.7516800872818,58.02131997692861,28506000
2019-08-16,58.5566291809082,58.786545959947794,58.24825875182244,58.635090408088814,24916000
2019-08-19,59.61085891723633,60.05529574028158,59.11229862258572,59.18330773838435,24450000
2019-08-20,58.77115249633789,59.489699772939304,58.74731861861278,59.35810767169881,20206000
2019-08-21,59.170894622802734,59.61682036799138,58.989149468913794,59.38144425440821,14152000
2019-08-22,59.167911529541016,59.528423991198785,58.541729593311594,59.28112906673369,17352000
2019-08-23,57.28390884399414,59.37399317082415,57.10613411697356,58.852587822155336,36254000
2019-08-26,58.157875061035156,58.19164255858214,57.34697018333334,57.575394252625415,21166000
2019-08-27,58.140010833740234,58.844154017692496,57.82915506925909,58.74484050524159,23460000
2019-08-28,58.28549575805664,58.52136814611601,57.615120206731675,57.84453687675425,16810000
2019-08-29,59.302982330322266,59.5487845627296,58.858049223414895,58.914657992783425,19636000
2019-08-30,59.118751525878906,59.60638935795189,58.87989752697535,59.60638935795189,18064000
2019-09-03,58.076942443847656,59.04675129231456,57.786942763733165,58.687727702759915,25908000
2019-09-04,58.70857620239258,58.83818307640989,58.175255849797125,58.568543192236845,21312000
2019-09-05,60.1943359375,60.284215906396916,59.226012251345395,59.27418009507138,26394000
2019-09-06,59.90284729003906,60.23207378167409,59.75089164731191,60.04288031171701,18972000
2019-09-09,59.850704193115234,60.6094708460387,59.24984880783227,59.94058416033059,31854000
2019-09-10,59.87205123901367,60.085578653540004,59.39086915580766,59.394843362401545,27922000
2019-09-11,60.58216094970703,60.70481581520623,59.702228314623035,59.782178449808505,23522000
2019-09-12,61.32553482055664,61.695480838602215,60.70928267774459,60.75447270829562,31644000
2019-09-13,61.57680130004883,61.627454445543314,60.93373745487727,61.18351391181864,23676000
2019-09-16,61.1596794128418,61.526647619947845,60.839882657354316,61.10058533988811,28218000
2019-09-17,61.07277297973633,61.32701992576681,60.74850952609003,61.15967513068549,20806000
2019-09-18,61.2103271484375,61.38859817864683,60.40687054530047,61.09065388731217,17440000
2019-09-19,61.513240814208984,61.79082535690578,61.19344784243326,61.193944144758845,16554000
2019-09-20,61.0707893371582,61.714349449559,60.75993361432121,61.259486500962936,37692000
2019-09-23,61.31163024902344,61.559421490024434,60.76986513224121,60.9084092480147,20798000
2019-09-24,60.499229431152344,61.92837163680693,60.11736460385631,61.57530749622939,35804000
2019-09-25,61.87027359008789,61.97356129296847,60.04585504071815,60.38402253362503,26798000
2019-09-26,61.68902587890625,61.80721402531924,61.169113207135915,61.68157755553633,23166000
2019-09-27,60.877620697021484,61.823099287343716,60.343800229031,61.715837376030635,34122000
2019-09-30,60.638771057128906,60.95012309970523,60.25541729192277,60.61195557737233,24470000
2019-10-01,59.886959075927734,61.22076215975125,59.864614104649,60.70581248424293,24504000
2019-10-02,58.49257278442383,59.527435087904614,58.2298848957733,59.415210148296524,33030000
2019-10-03,59.06413269042969,59.142093829639,57.75863783972223,58.76171787776058,28368000
2019-10-04,60.13325500488281,60.20774202308976,59.14060116726233,59.30546445419043,24282000
2019-10-07,59.99868392944336,60.52803391667394,59.80551624911209,59.93661204299098,17040000
2019-10-08,59.0988883972168,59.93015305487434,59.06660980568097,59.5279284649476,20086000
2019-10-09,59.708187103271484,60.009112998690334,59.495652269995624,59.655056236377945,15948000
2019-10-10,60.059268951416016,60.36466158234852,59.4827474932721,59.51949280865146,12842000
2019-10-11,60.36913299560547,61.01666737111061,60.26634158290344,60.78228385576991,22330000
2019-10-14,60.4714241027832,60.87414501003201,60.17894292459229,60.27875272808499,13296000
2019-10-15,61.6865348815918,61.92935927867289,60.62783884698128,60.65663953139184,27584000
2019-10-16,61.724281311035156,62.279946649807165,61.50230916832844,61.66518724238966,22986000
2019-10-17,62.21092987060547,62.75468022830939,62.06543372545023,62.141409657513115,20958000
2019-10-18,61.79430389404297,62.474609366657624,61.582265353260105,62.304783043952995,31624000
2019-10-21,61.787845611572266,62.24618268920678,61.574814474966836,62.00733246677588,18094000
2019-10-22,61.63489532470703,62.008815511472456,61.567856633512626,61.79776960405932,22862000
2019-10-23,62.45077133178711,62.4711310916912,61.58573915843019,61.58573915843019,21282000
2019-10-24,62.524269104003906,62.71246997622444,62.18858309299053,62.524269104003906,20224000
2019-10-25,62.78199005126953,62.96572420217347,62.02967907777432,62.17120101123446,27104000
2019-10-28,64.00753021240234,64.51701671378481,63.17974345893665,63.31332075716496,65428000
2019-10-29,62.601234436035156,63.601336608238725,62.35046159811055,63.3629789049207,52654000
2019-10-30,62.60322189331055,62.966715983210904,62.104165288169014,62.32762256484318,29204000
2019-10-31,62.50886917114258,62.89222670566317,62.0460615945574,62.568459544116386,31904000
2019-11-01,63.176761627197266,63.214007030059406,62.55405758935447,62.856472378558465,28812000
2019-11-04,64.038818359375,64.18232928533666,63.36844275704817,63.36844275704817,30632000
2019-11-05,64.12969207763672,64.41770653931235,64.02740076110675,64.11777324497734,25148000
2019-11-06,64.10833740234375,64.20665829682251,63.67433430478252,64.06265485974106,24626000
2019-11-07,64.89937591552734,65.67949484919549,64.24439334159703,64.27070872623946,45140000
2019-11-08,65.00167846679688,65.40440318196927,64.6302397412566,64.6302397412566,30392000
2019-11-11,64.46934509277344,64.79807903887122,64.34967184292513,64.75338152710377,17234000
2019-11-12,64.41620635986328,65.01905069237543,64.26872502996527,64.48374135233045,28852000
2019-11-13,64.36506652832031,64.67989646108992,64.16494683266741,64.21609248961553,20538000
2019-11-14,65.00911712646484,65.33537334863153,64.25382844084137,64.30646678854428,28948000
2019-11-15,66.22027587890625,66.22027587890625,65.14518657580811,65.30210903092815,39286000
2019-11-18,65.53996276855469,66.23914285190187,65.35722501650825,66.16068162445066,27984000
2019-11-19,65.1799545288086,65.87714187018383,65.1392350055665,65.87714187018383,21864000
2019-11-20,64.6471176147461,65.21072753256453,64.01895051988701,65.11886236655039,28892000
2019-11-21,64.56170654296875,65.10694189844719,64.0954173389777,64.51750912463436,25546000
2019-11-22,64.24042510986328,64.89739291512817,64.02640138976372,64.70372895343361,27776000
2019-11-25,64.83483123779297,65.07170005377529,64.33677100260695,64.36904959753625,23590000
2019-11-26,65.2003173828125,65.25047044145086,64.75538799721888,65.04687281558401,21910000
2019-11-27,65.15709686279297,65.43071473018284,65.02501227182788,65.32047501506403,18808000
2019-11-29,64.75785827636719,65.04885054748658,64.71515354665078,64.88250213794187,12802000
2019-12-02,64.00157165527344,64.82489543902715,63.58047244322369,64.68187703817355,26538000
2019-12-03,64.29356384277344,64.41721510369129,63.41512388738469,63.495070235441815,25270000
2019-12-04,65.49526977539062,65.7599466472687,64.7062097597378,64.85766909362378,35506000
2019-12-05,65.8935317993164,65.94418494693365,65.2658646655588,65.89551700869198,24408000
2019-12-06,66.5107650756836,66.66370952833653,66.10556267318071,66.18103850636753,32968000
2019-12-09,66.68952941894531,67.4125471035579,66.34589882384711,66.4844467154343,30842000
2019-12-10,66.68457794189453,66.9383286197557,66.24311889583322,66.53808918871917,17606000
2019-12-11,66.75210571289062,67.0321717506534,66.59568335253202,66.95321801131333,20480000
2019-12-12,66.96266174316406,67.2650727960217,66.4516900371054,66.70047012526341,29114000
2019-12-13,66.8822021484375,67.10466680145325,66.62348848656524,66.93334780265604,33170000
2019-12-16,67.56897735595703,67.70950289590121,67.06793174750514,67.28592591251075,28128000
2019-12-17,67.28045654296875,67.74922351406123,67.07586634825005,67.65388043713276,32948000
2019-12-18,67.1324691772461,67.50589303837444,67.06047125649367,67.38522719034431,23330000
2019-12-19,67.35743713378906,67.41156818867013,66.97557224397369,67.13248713976483,28922000
2019-12-20,67.09821319580078,67.73283607045846,67.07388301789467,67.6881461329654,50090000
2019-12-23,67.06892395019531,67.62607823768093,66.93832445747657,67.47114856562128,19936000
2019-12-24,66.76103973388672,67.13744903746179,66.74813587407256,67.0480615834232,13468000
2019-12-26,67.65686798095703,67.69312457228773,66.81467699457967,66.86632274724634,23662000
2019-12-27,67.2680435180664,67.88429180965007,67.18660448403294,67.73283248221288,23212000
2019-12-30,66.52666473388672,67.38524509208874,66.43380694045119,67.3758115586063,19994000
2019-12-31,66.5107650756836,66.57382956314609,66.15025261034924,66.3319977498753,19514000
2020-01-02,67.9652328491211,67.9652328491211,66.86333571006601,66.9586787875548,27278000
2020-01-03,67.60968780517578,68.21700271420914,66.90455208946976,66.93832337803212,23408000
2020-01-06,69.4117660522461,69.43708883609668,67.08729816087028,67.11857657252054,46768000
2020-01-07,69.27769470214844,69.69432348477986,69.10141265017208,69.54336421886433,34330000
2020-01-08,69.77078247070312,70.10894997178289,69.15453414305767,69.26328117365361,35314000
2020-01-09,70.50323486328125,70.94468628827275,70.0275120595761,70.60949659555637,33200000
2020-01-10,70.95858764648438,71.25554310798687,70.49379866523805,70.98391800569446,26258000
2020-01-13,71.50829315185547,71.58029107177933,70.78031249992908,71.27092429925027,30730000
2020-01-14,71.03953552246094,71.63740929797085,70.89949492783481,71.50680981258097,26076000
2020-01-15,71.46708679199219,71.54554802109986,71.09267026131843,71.1602052622877,21550000
2020-01-16,72.01133728027344,72.03815275975688,71.50681377041046,71.77744628827148,26080000
2020-01-17,73.46927642822266,73.52042208698715,72.32864488929332,72.6260928863984,52424000
2020-01-21,73.60484313964844,73.9837301623698,73.00696178186003,73.44345017940596,48930000
2020-01-22,73.6852798461914,74.51505937450915,73.6252007502099,73.97627967986148,28458000
2020-01-23,73.72599792480469,74.16348648276097,73.50899638662688,73.86802372289836,26650000
2020-01-24,72.80634307861328,74.198239790935,72.65786156843807,74.12971219458755,29786000
2020-01-27,71.09614562988281,71.3369848455489,70.48883073371002,71.0867120976033,34132000
2020-01-28,72.02821350097656,72.24173713836646,71.02810757836856,71.59321023544943,29724000
2020-01-29,72.33609008789062,72.70554357944198,71.77446531610946,72.42348475495831,21566000
2020-01-30,72.21441650390625,72.26406945461028,71.25850817154435,71.41244519985246,27110000
2020-01-31,71.14828491210938,72.98014809578615,70.8642408722417,72.89026812670592,43822000
2020-02-03,73.6222152709961,73.80595319465691,72.33161718194921,72.58188991973289,71636000
2020-02-04,71.77545928955078,72.86444505255666,70.61446801787635,72.2263518292056,95880000
2020-02-05,71.80723571777344,72.72738774441514,70.99434560329382,72.67921990211404,36376000
2020-02-06,73.29298400878906,73.57057229670284,72.02721627071665,72.1016994935962,37822000
2020-02-07,73.44892120361328,73.75381754289155,72.7686157058186,72.86693661087277,28360000
2020-02-10,74.91630554199219,74.92723177137948,73.25476853870846,73.35557474936633,38302000
2020-02-11,74.98580932617188,75.97002597163753,74.75688895869396,75.145209490697,34852000
2020-02-12,75.41139221191406,75.49431637909942,74.91680229151416,75.27383690022886,31042000
2020-02-13,75.15117645263672,75.77487310133188,74.68488719013807,74.98283526176698,22914000
2020-02-14,75.41634368896484,75.48189347519363,74.76185358549893,75.20778307563144,23198000
2020-02-18,75.45160675048828,76.00379801654766,75.03299279148968,75.19835617848237,25642000
2020-02-19,75.72123718261719,76.01272951679007,75.52807331271677,75.83694001450749,22746000
2020-02-20,75.32994079589844,75.83048626235644,74.69779566759601,75.43024689467184,25962000
2020-02-21,73.6649169921875,75.03000583040279,73.41812216900625,74.71368322798507,42520000
2020-02-24,70.5067138671875,71.32705999683778,69.85769434365108,70.6651214576265,49560000
2020-02-25,68.84120178222656,71.3503926943792,68.5482242890156,71.05990050137443,51580000
2020-02-26,69.04727935791016,70.19933727503818,68.35604763848735,69.2712367377249,49776000
2020-02-27,65.29713439941406,68.00098920954161,65.26187799484646,67.49150271843352,62290000
2020-02-28,66.50382232666016,66.66272241984927,62.97615084767153,63.27906196423352,80198000
2020-03-02,68.84120178222656,68.89830306989113,65.80613498528312,67.10666682093301,55430000
2020-03-03,66.42784881591797,69.9272122468793,66.00674953592942,69.40531433941996,56602000
2020-03-04,68.6068115234375,68.6654055008889,66.39208344077265,67.48256183891996,47598000
2020-03-05,65.2876968383789,67.21788826087625,64.63619216465172,66.81664873105584,54380000
2020-03-06,64.34321594238281,64.69130946412695,62.42991012561368,63.06254774883927,64640000
2020-03-09,60.37310028076172,62.20744866995912,59.491678793315025,59.83530940093405,69252000
2020-03-10,63.3217658996582,63.355533400320745,60.30954041673716,62.289885180152496,54872000
2020-03-11,60.130271911621094,62.41600911448038,59.149040628206436,61.98597644813612,54732000
2020-03-12,55.19680404663086,59.03036438398447,55.04385958424716,55.746513797893854,94326000
2020-03-13,60.29762649536133,60.304082214221474,55.233550734826174,58.34707877771663,79400000
2020-03-16,53.28250503540039,56.88118149675051,52.988531177685545,54.107313960757686,96520000
2020-03-17,55.52007293701172,55.914352911664636,52.095693145816455,54.15846568225022,83194000
2020-03-18,54.1857795715332,54.871051840564625,51.49483597251045,52.63398239554666,93044000
2020-03-19,55.2027587890625,57.235737933634475,52.41597983595572,54.03828968438438,74064000
2020-03-20,53.04464340209961,56.53407651760465,52.741236013893825,56.157671020440276,82878000
2020-03-23,52.34546661376953,52.98008946545137,50.097967458203165,52.456698939752336,83672000
2020-03-24,56.11348342895508,56.278346728286216,53.94940826263607,54.820900000657495,72468000
2020-03-25,54.70370101928711,56.915939950853826,53.779574836331406,55.84383613305106,90324000
2020-03-26,57.747711181640625,58.17278085954438,54.22749185912014,55.35421936182012,76562000
2020-03-27,55.13274383544922,57.15827471437064,54.8218881164996,55.987349858557536,62794000
2020-03-30,56.92289733886719,57.15579193434455,54.54827641714749,56.244080799172416,58736000
2020-03-31,57.69953918457031,58.26811596366001,56.446678999724746,57.04306764962275,65228000
2020-04-01,54.7275390625,56.08418330124457,54.29998788869952,55.81503969905446,51970000
2020-04-02,55.468929290771484,55.753962152647176,54.282115116824485,54.62326044918919,56410000
2020-04-03,54.2607536315918,55.55631850299663,53.385791673504606,55.35371730864713,51374000
2020-04-06,58.7542724609375,59.12968161957391,55.8647016811892,56.261963297460234,63320000
2020-04-07,58.72298049926758,60.620893529545036,58.459300013090534,60.43368148304381,61620000
2020-04-08,59.93661117553711,60.3289059468666,58.79200545437825,59.74294719569394,40334000
2020-04-09,59.91525650024414,60.680975159986424,59.21260232823927,60.49178169677421,54028000
2020-04-13,60.1059455871582,60.31003949466843,58.71156340269645,59.663497758297,38702000
2020-04-14,62.82817077636719,63.350564947040326,61.00623363759853,61.573821626847455,63358000
2020-04-15,62.434391021728516,63.31879042466128,61.277370091820224,61.89858528935915,42236000
2020-04-16,62.44084167480469,63.231886970389404,61.485929473550726,62.92301643612598,57896000
2020-04-17,63.5119514465332,64.05818325924749,62.866402347873645,63.64602504685049,51050000
2020-04-20,62.62556457519531,63.403698385158826,62.39167738128082,63.05957146388508,35292000
2020-04-21,60.19284439086914,62.07188272751854,59.83729494932787,61.709881356272376,49648000
2020-04-22,62.489505767822266,63.55565024230453,61.4362689416713,61.63042922031265,46296000
2020-04-23,63.123130798339844,63.96631807562833,62.594777233741134,62.85349090231504,34202000
2020-04-24,63.39277648925781,63.44789635340978,61.773940668732926,62.320172498657115,37402000
2020-04-27,63.10773849487305,64.2617815012073,62.81972404558168,64.15749740277272,44186000
2020-04-28,61.20734786987305,63.79797764528471,61.09760444603932,63.72051660190071,80700000
2020-04-29,66.64930725097656,67.54165110797575,65.88209975358559,66.78934025502862,108358000
2020-04-30,66.8737564086914,67.03762707301479,65.62238524839778,66.1120120324137,55842000
2020-05-01,65.4148178100586,67.10864053609349,65.03444570950143,65.75100006817652,48872000
2020-05-04,65.69190979003906,65.76987849801317,64.35662178892676,64.95847353570845,30806000
2020-05-05,66.98896789550781,68.08093904283001,66.29426590492336,66.41691697950115,39666000
2020-05-06,66.81070709228516,67.96574284054078,66.79581044461385,67.43490390739927,31732000
2020-05-07,67.99503326416016,68.32873785890114,67.16376853413021,67.59926435808376,30652000
2020-05-08,68.74287414550781,69.35365934273877,68.13059625287245,68.61773777696003,33326000
2020-05-11,69.69877624511719,70.29168699319136,68.30390161747533,68.36795870966984,32718000
2020-05-12,68.28801727294922,70.23210545562377,68.25474607445942,69.92870182776481,33918000
2020-05-13,66.95470428466797,68.79203814843098,65.9456648705068,68.3366751009286,40368000
2020-05-14,67.37828063964844,67.4036034198164,65.71177347406983,66.21927472185273,36660000
2020-05-15,68.1827392578125,68.25821509516415,66.49140158987903,66.95123515491863,41544000
2020-05-18,68.78458404541016,69.16098574344744,67.2461909953617,67.61266664813711,47094000
2020-05-19,68.24927520751953,69.14757473329719,68.21749670817653,68.79948120448985,31586000
2020-05-20,69.97537231445312,70.11789063162281,68.89582011929386,68.9822221805776,38262000
2020-05-21,69.8556900024414,70.33786087476744,69.24191948038552,70.06623580316936,30894000
2020-05-22,70.177978515625,70.36468668266832,69.31939827034222,69.71417454610717,28544000
2020-05-26,70.5816879272461,71.76056121271995,70.4838671234599,71.60413885227362,44590000
2020-05-27,70.5275650024414,70.77933044570575,69.25236359877518,70.51366096089717,31684000
2020-05-28,70.42626190185547,71.72827870282323,69.47482393143548,69.52050647162248,35170000
2020-05-29,71.18502807617188,71.34442824071525,70.31403654153002,70.53500849563842,37044000
2020-06-01,71.25206756591797,71.5852720478794,70.6268782127255,70.79671210149603,25162000
2020-06-02,71.62152099609375,71.65578479748356,70.59360695439943,71.25852322228091,23442000
2020-06-03,71.46956634521484,71.9542225686685,71.09067933557526,71.64088534545384,27732000
2020-06-04,70.23062133789062,71.57237293820164,69.8189631362219,71.34692284465213,26982000
2020-06-05,71.50780487060547,71.81965699433553,69.8988988668523,70.29715305504027,42642000
2020-06-08,71.90605926513672,71.9537270182775,70.73612696690151,70.82551442260042,33878000
2020-06-09,72.10667419433594,72.88729335135558,71.62400313135672,71.76702155043542,33624000
2020-06-10,72.73335266113281,73.13408456859595,72.21989572507418,72.57494508918839,31762000
2020-06-11,69.61486053466797,72.0828392479217,69.44155631952972,71.55795600242254,47144000
2020-06-12,70.16209411621094,71.23419808106286,68.81537962995735,70.8046578832885,36676000
2020-06-15,70.55040740966797,70.76194583867918,68.88489272365547,68.9986103518022,30468000
2020-06-16,71.8281021118164,72.35943354384169,70.96008826673673,71.95373100879712,30648000
2020-06-17,72.12950897216797,72.60920215278631,71.26497317065488,72.1493762167434,30610000
2020-06-18,71.21484375,72.15088527284612,70.82353770422883,71.99595556857095,34862000
2020-06-19,70.74407958984375,71.73027401225617,70.46400595064995,71.50681672541624,52784000
2020-06-22,72.03614807128906,72.05055220185577,70.47343250463604,70.76243952624318,29442000
2020-06-23,72.69759368896484,73.25475551732394,71.75509670337894,72.10269773253596,37752000
2020-06-24,71.1443099975586,73.284047173786,71.01023261158954,72.66283584354171,31592000
2020-06-25,71.56143188476562,71.62201107158246,70.49081315049759,71.07081245432276,23958000
2020-06-26,67.66033172607422,71.35882150746251,67.28591525186846,71.14082737699543,97640000
2020-06-29,69.37997436523438,69.42119397415527,67.11956375249905,67.55108911052362,45074000
2020-06-30,70.41682434082031,70.71228711438161,68.87148296157532,69.36558030991503,40286000
2020-07-01,71.60611724853516,71.92790295728325,70.22464667764267,70.47244167701135,42182000
2020-07-02,72.99305725097656,73.91619466883608,72.05651588265908,72.0947576791324,57218000
2020-07-06,74.4688720703125,74.98282904152641,73.34313733327504,73.89781382038609,44712000
2020-07-07,73.9857177734375,75.54496324835658,73.97479154544571,74.29409199452601,42364000
2020-07-08,74.66503143310547,75.04094065837363,74.10389915223111,74.52599101296335,31766000
2020-07-09,75.4128646850586,75.93327739481839,74.2672702352567,74.97935412387099,41836000
2020-07-10,76.42340850830078,76.53911136062698,74.52202496840695,75.14422899077879,35918000
2020-07-13,75.09357452392578,78.2781076228488,74.81201579568408,76.9661571516268,42954000
2020-07-14,75.5221176147461,75.6184533024254,73.78758272277796,74.12823553437825,38108000
2020-07-15,75.3244857788086,76.29032041143122,74.37851081631317,75.63980824059549,31026000
2020-07-16,75.2271499633789,75.27631040859266,73.90377320654089,74.56074103049501,26484000
2020-07-17,75.32299041748047,75.64973918687603,74.39191213481628,75.32596823132394,34264000
2020-07-20,77.6563949584961,77.91312341403196,74.62033585149831,75.23112104931103,30166000
2020-07-21,77.26310729980469,78.80894879349559,77.09923661453773,78.70864268855435,27486000
2020-07-22,77.70654296875,77.81231217595123,76.63294649341965,77.2526726692046,24482000
2020-07-23,75.31803131103516,77.97967420323847,74.9128212932164,77.76018733787036,33910000
2020-07-24,74.89393615722656,75.25246336069426,73.87000028553967,74.4460290925651,29902000
2020-07-27,75.94768524169922,76.35140257246336,75.09854602904528,75.14472866696514,27124000
2020-07-28,74.66751861572266,75.77785679558413,74.51208884949479,75.72770374031859,30910000
2020-07-29,75.65370178222656,76.14133579722454,74.63572144968626,74.7345424271181,22676000
2020-07-30,76.39161682128906,76.51675318516745,74.2464090225733,74.38544942688262,36042000
2020-07-31,73.88789367675781,74.73554776577583,72.20201903175858,74.33977885205822,91468000
2020-08-03,73.63016510009766,74.37353500496488,73.08194428652723,74.03934550111532,45482000
2020-08-04,73.16040802001953,74.14412465541517,72.70008194737242,73.82631690480552,37212000
2020-08-05,73.44792175292969,73.98968686206358,73.05711589231713,73.33520430169227,29134000
2020-08-06,74.73206329345703,74.79761308231619,73.09088631186657,73.30193223362062,33306000
2020-08-07,74.40531921386719,75.48387877720482,73.80446006410948,74.93516546369514,27718000
2020-08-10,74.32835388183594,74.84131072200945,73.3684673500793,74.02941320093893,20546000
2020-08-11,73.5199203491211,75.00468242533746,73.40322491329817,74.18830688826631,31098000
2020-08-12,74.84578704833984,75.06577400656946,73.74140447899178,73.8466811916168,22512000
2020-08-13,75.31305694580078,76.32210394410787,74.89395048360689,74.89395048360689,22388000
2020-08-14,74.71617126464844,75.46898226110748,74.43659775064937,75.16209317896015,21942000
2020-08-17,75.2927017211914,75.66712584393001,74.73455480772037,75.27929776949405,19990000
2020-08-18,77.25615692138672,77.33511065944776,75.56234161741558,75.78331358124228,28378000
2020-08-19,76.70148468017578,77.90568079562073,76.47256428980408,77.09278306490951,30472000
2020-08-20,78.27265167236328,78.46730826674126,76.19746386445098,76.47107420399901,26382000
2020-08-21,78.23888397216797,79.04879629821302,77.58042340984966,78.05166813375689,34838000
2020-08-24,78.714599609375,79.88800981322825,78.21256140841734,79.07808990589221,25638000
2020-08-25,79.74250030517578,79.89295943983043,78.35357389746713,78.46381360890845,25150000
2020-08-26,81.64339447021484,82.07343472584033,79.50067940074841,79.76485618715283,52188000
2020-08-27,80.86824035644531,81.835067467171,80.38606187388179,81.76653986964281,31350000
2020-08-28,81.41000366210938,81.50534674275372,80.72374261037626,80.91542137625561,22418000
2020-08-31,80.91840362548828,81.66177357903628,80.7098429930012,81.61559094306867,26422000
2020-09-01,82.18714904785156,82.39273186560406,80.9184033108712,81.04900280397094,22652000
2020-09-02,85.28130340576172,85.7138213739487,82.44089345757524,82.82921400260896,49522000
2020-09-03,80.91741180419922,84.41776771331294,79.83487413694195,84.39393004733088,63726000
2020-09-04,78.51895141601562,81.1895276607906,76.37175816674525,79.89892947828622,55850000
2020-09-08,75.65818786621094,77.24474148231081,75.30561618644694,75.7277080820205,54032000
2020-09-09,76.83158874511719,77.40214695845613,75.73613970690933,76.91451290297617,39242000
2020-09-10,75.77983093261719,78.14402545722122,75.47940515868171,76.97807127825975,33024000
2020-09-11,75.26885986328125,76.40799857393957,74.13964719783384,75.8841155465487,30706000
2020-09-14,74.92473602294922,77.31673886317127,74.74001306241624,76.05791920997855,42660000
2020-09-15,76.23023986816406,77.01830740631236,75.58370564102736,75.87122004149501,23042000
2020-09-16,75.08662414550781,77.18614209314343,75.06179387507046,76.59571660244501,22128000
2020-09-17,73.84270477294922,74.41972634109136,72.62212681348191,73.78162548702754,40008000
2020-09-18,72.05751037597656,74.24790839742937,71.09068317678832,73.90527037843776,63056000
2020-09-21,71.0171890258789,71.50978608796002,69.65359282698576,71.09067964908306,56908000
2020-09-22,72.49102020263672,72.69710310272775,70.98540572132968,72.01927539504912,33950000
2020-09-23,69.98678588867188,72.15632383261017,69.6535890139561,72.10716338954937,37726000
2020-09-24,70.65567779541016,71.40699611483514,69.62727125517097,69.65359421940595,34552000
2020-09-25,71.46013641357422,71.80177424957328,69.90188356916153,70.76443424115384,30326000
2020-09-28,72.43341827392578,73.14500968683816,71.81866263728527,73.09535672581238,30784000
2020-09-29,72.79890441894531,73.0958523244427,72.20201563977825,72.69412780151184,31816000
2020-09-30,72.77804565429688,73.80098915091598,72.28941896718779,72.54663995974896,40924000
2020-10-01,73.8853988647461,74.24144839111797,73.33420025236212,73.67485304245847,32884000
2020-10-02,72.28146362304688,73.44494012589321,71.87179071906452,72.481583309123,31222000
2020-10-05,73.6336441040039,73.7265018849997,72.5044313545936,72.6315529369491,21602000
2020-10-06,72.05403137207031,73.7175531505182,71.75559081415405,73.26964605680442,26096000
2020-10-07,72.45726013183594,72.94539430554703,71.1706323457871,72.46570105992748,36108000
2020-10-08,73.6634292602539,73.89184952600075,72.77058531432361,72.77058531432361,26076000
2020-10-09,75.00518035888672,75.07470056543451,73.84071121636063,74.13170347927738,32966000
2020-10-12,77.69363403320312,78.87697017179133,75.94121726115524,76.37324269858246,55344000
2020-10-13,77.8167953491211,78.71510256314015,77.39768887008755,78.31039264019142,39072000
2020-10-14,77.63652801513672,78.65003789110749,76.76553645387474,78.19071202382867,33174000
2020-10-15,77.24076080322266,78.03180603986702,76.52867688240575,76.69601789191054,31210000
2020-10-16,77.84807586669922,78.34514345056063,77.34951558739077,77.55658351214443,34194000
2020-10-19,75.97350311279297,78.654020527849,75.62441694848839,78.25675894228921,29734000
2020-10-20,77.02276611328125,78.1529714473702,75.50424022967013,75.63384710979612,41670000
2020-10-21,78.75630950927734,80.20383009011108,77.82026822454186,77.95483812956394,60322000
2020-10-22,79.78272247314453,80.11840464128612,78.3337169261627,78.70714079624807,30512000
2020-10-23,81.08972930908203,81.14633808704535,80.04344057864893,80.19937044636507,30548000
2020-10-26,78.67188262939453,80.92086672617417,77.85203680351297,80.19686405973417,35826000
2020-10-27,79.39639282226562,79.5513224818934,78.30939232777347,78.90230306606628,25902000
2020-10-28,75.02256774902344,77.15833472903837,74.90736499185117,76.96964134164946,45174000
2020-10-29,77.31077575683594,78.89285854363483,75.30808627791404,75.33142384973424,55406000
2020-10-30,80.25199127197266,83.49016299701641,79.52997371419903,82.80091654542893,99878000
2020-11-02,80.6596908569336,82.34407276460104,80.15913775613008,80.62095654393035,44228000
2020-11-03,81.7193603515625,82.38179123390168,80.05335331247115,80.97946843507802,31432000
2020-11-04,86.69456481933594,87.89528301491228,84.56673875495531,84.69485294507058,71342000
2020-11-05,87.52136993408203,88.97733166422299,86.45522151407488,87.9161462679327,39758000
2020-11-06,87.38381958007812,87.81931542678467,86.23920995677516,86.96719080006665,28622000
2020-11-09,87.46772766113281,90.22222819928155,87.27555637680663,89.183895577736,53440000
2020-11-10,86.29084777832031,87.36642960090843,85.2182437695995,85.89607149256915,43022000
2020-11-11,86.76309204101562,87.54121828786089,86.55601653319594,86.82118593096598,31838000
2020-11-12,86.5440902709961,87.64450226074689,86.30325107267188,86.50337075387185,26474000
2020-11-13,88.0060043334961,88.24783612815703,86.20443475003442,86.80131586899107,29744000
2020-11-16,88.09391021728516,89.10245712996237,87.46325773434673,87.60279824360163,25468000
2020-11-17,87.47964477539062,88.24834505186563,87.37189034826642,87.78751889696511,21314000
2020-11-18,86.43584442138672,87.64550364770136,86.33305301374617,87.23036759862198,20108000
2020-11-19,87.32620239257812,87.57051951755538,85.90848264103154,86.06788281961194,20106000
2020-11-20,86.22430419921875,87.81235033915841,86.15577659553901,87.49652779946634,27694000
2020-11-23,85.78631591796875,86.70150486781982,84.92327280282021,86.41498313090595,22530000
2020-11-24,87.59087371826172,87.71898790033936,85.44715853732825,85.78334081970468,27984000
2020-11-25,87.602294921875,87.91265434022236,86.81919809848146,87.78504024540288,19600000
2020-11-27,88.73894500732422,89.23502750159643,87.62264384392891,87.62264384392891,14790000
2020-11-30,87.11913299560547,88.40724583978081,86.7933768344479,88.17435503755391,32418000
2020-12-01,89.15310668945312,90.46207946719032,87.5476785104843,87.72793854870284,37350000
2020-12-02,90.62345123291016,91.00929403600527,88.64708471431886,89.15309328101881,29424000
2020-12-03,90.46803283691406,91.55999635366734,90.2276861454191,90.40347565496144,24728000
2020-12-04,90.56338500976562,90.8484140892729,90.05836139867917,90.38759548256864,20544000
2020-12-07,90.22918701171875,90.83798705491886,89.53447741508414,90.15568880495259,22288000
2020-12-08,89.94612884521484,90.17654191763987,88.95050099478975,89.80659591980766,19936000
2020-12-09,88.28408813476562,90.79229370200468,87.49652084591008,89.8979570205451,31728000
2020-12-10,87.77709197998047,88.14157486879887,86.08277656751567,87.5263191448489,28688000
2020-12-11,88.13213348388672,88.25677733118998,87.03669212873011,87.39720456707914,18628000
2020-12-14,87.01286315917969,88.87700490171588,86.85743340263497,87.92954487062023,33050000
2020-12-15,87.45083618164062,87.59583221082491,86.48698689796659,87.39024942111818,21352000
2020-12-16,87.25768280029297,87.84960102503543,86.85397303680038,87.84960102503543,24676000
2020-12-17,86.42938995361328,87.73042186459409,85.96460093493897,87.59237404777944,34880000
2020-12-18,85.71978759765625,86.81920715877509,85.16263328193209,86.71046011685708,85256000
2020-12-21,86.13392639160156,86.25509235125325,84.11981793066384,84.87113629069282,33974000
2020-12-22,85.42184448242188,86.03710025089265,84.70478990793866,85.87422216127273,20370000
2020-12-23,85.81958770751953,86.60814760303803,85.4704939973954,85.60606407600152,22974000
2020-12-24,86.11405944824219,86.52373235094736,85.62691792776171,85.8578235085603,9312000
2020-12-28,88.09042358398438,88.73795785846364,86.49443674465653,86.64787370341108,27650000
2020-12-29,87.28597259521484,88.81095408168332,87.15438051589746,88.7493822940094,19726000
2020-12-30,86.21784973144531,87.78255832007542,85.80817679890423,87.6455031107277,21026000
2020-12-31,87.03173828125,87.27307001104465,86.20989955570158,86.2685011129459,21070000
2021-01-04,85.7153091430664,87.52084916759205,84.772312128226,87.39720550059997,37324000
2021-01-05,86.40654754638672,86.74322235263449,85.25697504611246,85.66367014998892,20360000
2021-01-06,85.5539321899414,86.60121349106612,84.22410709911334,84.43068253258387,46588000
2021-01-07,88.10930633544922,88.28211046401697,85.74659668999963,85.74659668999963,41936000
2021-01-08,89.2757568359375,89.3517327598918,87.4577901976101,88.24933551484223,35484000
2021-01-11,87.21297454833984,88.60785665174316,87.00689924554796,88.24237361206355,34796000
2021-01-12,86.27644348144531,87.78950631707407,85.23115504466647,86.67022716182484,29528000
2021-01-13,86.76408386230469,87.21795421271686,85.77440403010542,85.77440403010542,23432000
2021-01-14,85.95317840576172,87.77213786116161,85.71233916919952,86.84452983792997,29212000
2021-01-15,85.789306640625,86.7824568694247,84.99926151347154,85.85882685355558,31444000
2021-01-19,88.61233520507812,89.5741993642567,86.04802079890773,86.5530367998629,41660000
2021-01-20,93.35958099365234,94.33534908243121,90.35232281536808,90.69296800295628,64152000
2021-01-21,93.56220245361328,95.9422867558861,93.32682632021647,94.03395490227685,58634000
2021-01-22,93.97980499267578,94.56725260357804,93.18230407695297,93.9251814346911,32744000
2021-01-25,94.06522369384766,95.43279798699298,92.32125523928354,94.98190543815457,50586000
2021-01-26,94.7440414428711,95.13136939895124,93.16394372149756,93.65356299193041,31462000
2021-01-27,90.32402038574219,93.37944659543606,89.24843864993461,93.1033509899852,82512000
2021-01-28,92.02529907226562,93.75287816841522,90.92290176921253,90.92290176921253,55278000
2021-01-29,90.74213409423828,91.74422520694112,89.46097713995385,91.0728532576244,44530000
2021-02-01,94.0051498413086,95.12095116814389,91.59775007789322,91.59775007789322,40252000
2021-02-02,95.29872131347656,96.80085795144261,94.66558351835431,95.00127331523198,66332000
2021-02-03,102.23886108398438,104.6095117961337,99.98788364514651,102.57305820901132,97882000
2021-02-04,101.97814178466797,102.75626795110452,101.05798224734457,102.32524270155008,48596000
2021-02-05,103.72608947753906,104.0791536293732,101.79789063853698,102.27261325937808,29866000
2021-02-08,103.51206970214844,105.02563265356915,102.46082562034202,104.28077001063603,28828000
2021-02-09,103.0586929321289,104.2067727221709,102.79103824523523,103.02939215435124,21892000
2021-02-10,103.6093978881836,104.22515373346634,101.90912676405608,103.44354198838178,25102000
2021-02-11,103.72211456298828,103.98281343588366,102.73442756709264,103.83384698116288,20480000
2021-02-12,104.03397369384766,104.25593827265304,102.96831791697292,103.27619962416891,18990000
2021-02-16,104.8121109008789,106.52231568131008,103.87109895663937,103.87109895663937,31004000
2021-02-17,105.20539093017578,105.3950844927026,103.7022617169391,103.98182767192168,20294000
2021-02-18,104.56927490234375,105.37273908849392,103.94954865023567,104.5290554725159,22546000
2021-02-19,103.72509765625,105.203404154816,103.45794305157632,104.66760224999184,37938000
2021-02-22,102.00942993164062,103.30400607637003,101.69857799261982,101.97665882533313,29466000
2021-02-23,102.30042266845703,102.91518589418928,98.82986020333311,100.0097261156716,34658000
2021-02-24,103.476806640625,103.70076399456218,100.68208679095231,100.80672307051088,22608000
2021-02-25,100.10704040527344,103.43657677846944,99.63728086704448,102.09234785385942,41548000
2021-02-26,100.40301513671875,102.12166086364947,99.36517497616103,100.80226194915903,40042000
2021-03-01,102.77415466308594,103.10040332291774,101.02422313651661,101.69857291071618,26060000
2021-03-02,102.51692199707031,104.01955853998743,102.12910156171527,102.53479645552336,25564000
2021-03-03,99.88160705566406,103.0884850858545,99.01706363524661,101.89472276716697,33892000
2021-03-04,100.99989318847656,103.01896452029507,99.58465124583257,100.05341822065624,49216000
2021-03-05,104.13526153564453,104.58863175555176,100.69449268365985,102.35156636872838,53100000
2021-03-08,99.68744659423828,104.96305669048873,99.57273635738918,103.48922828904087,36868000
2021-03-09,101.31918334960938,102.48911554648285,101.0828146593542,101.78547258921868,33920000
2021-03-10,101.11211395263672,102.3639776793979,100.27488613798953,102.3639776793979,27100000
2021-03-11,104.30757904052734,104.84040311495322,102.11818127805286,102.20607603435747,27702000
2021-03-12,101.79788970947266,103.1689342706061,100.92491291554464,103.10934768667865,33818000
2021-03-15,102.01836395263672,102.04567194316412,100.69499478793517,101.54860438306733,26168000
2021-03-16,103.48078155517578,104.9600729874848,102.25920360174919,102.5919079750365,31900000
2021-03-17,103.39786529541016,104.2311152601194,101.50591528960689,102.71507450146024,26382000
2021-03-18,100.37471008300781,102.72897123956768,100.26744816681611,101.70751288989462,31700000
2021-03-19,100.65377807617188,101.15432355512716,99.46050826596426,100.79133336870827,46072000
2021-03-22,100.83901977539062,101.71547461656448,100.01023269368824,100.68706789994302,33536000
2021-03-23,101.36737060546875,102.49856871080398,100.70543964322735,101.2988429938602,28510000
2021-03-24,100.93038177490234,102.67186495267238,100.75508476350407,101.88529017608958,25218000
2021-03-25,100.92688751220703,101.58136999340283,99.12083986233408,100.75755373326653,35616000
2021-03-26,100.54303741455078,101.2710105126662,99.50618247053711,100.8936162259336,27978000
2021-03-29,101.58882904052734,101.75866292820697,99.5856468975078,100.4154264492917,26492000
2021-03-30,101.62260437011719,102.42705359401143,101.1101400271924,101.94587523975986,27312000
2021-03-31,102.41960144042969,103.59847472541622,101.64891595703786,102.01638423893236,42570000
2021-04-01,105.75956726074219,106.05602264817969,103.85520604605419,103.89592556687435,39880000
2021-04-05,110.18802642822266,110.68609422366168,106.52578506644159,106.62212075705683,48510000
2021-04-06,109.70632934570312,110.6369149862401,109.33539077930254,109.78876098014031,35240000
2021-04-07,111.18465423583984,111.45627935995104,109.89703385350786,109.89703385350786,24134000
2021-04-08,111.75074768066406,112.81143286154771,111.38228678145336,112.42459741103764,28664000
2021-04-09,112.75582122802734,112.91969192366908,111.09676208737295,111.50296471014346,26146000
2021-04-12,111.46223449707031,112.07152700708663,110.62798445173745,111.93397929114465,25024000
2021-04-13,111.94937133789062,112.39827866126174,111.38426865957148,111.7785524215588,25682000
2021-04-14,111.32766723632812,112.5949278823604,111.03518983189373,112.5949278823604,21002000
2021-04-15,113.47982025146484,114.01364453887427,111.78749754528548,112.3228069510781,29174000
2021-04-16,113.35567474365234,113.92624054804651,112.76822708360963,113.6779530050074,26282000
2021-04-19,113.70377349853516,114.41536491519754,112.73148319799424,112.73148319799424,30290000
2021-04-20,113.16996002197266,114.16261011066196,112.08295945388272,114.08762678716785,22288000
2021-04-21,113.1371841430664,113.21911569548593,111.47216193615608,112.82433942501434,23204000
2021-04-22,111.85452270507812,113.66007037632106,111.24870053743062,112.99068363198703,24146000
2021-04-23,114.20879364013672,114.51617525978173,112.28804305693671,112.5735722203721,29066000
2021-04-26,114.70536804199219,115.43037100832214,114.07918606462448,114.43672073608383,32038000
2021-04-27,113.76435852050781,115.12844726225228,113.52500442771635,115.08772774296831,44386000
2021-04-28,117.14405059814453,120.73627149792708,116.85504353918805,118.80558735314312,81106000
2021-04-29,118.81848907470703,119.38458431397586,117.8794624667464,118.64319966263592,41234000
2021-04-30,116.86894226074219,118.27672829890145,116.52431905123296,117.58996717984161,44856000
2021-05-03,116.35150909423828,118.2618334205683,115.97510737902364,117.43553178904428,28242000
2021-05-04,114.55142974853516,115.45320725454022,112.06110599855704,114.88512675108498,44818000
2021-05-05,114.94570922851562,115.95027810340052,114.6234309796566,115.63396305915562,26636000
2021-05-06,116.06697845458984,116.06697845458984,113.86665436169554,114.52660004687345,25190000
2021-05-07,116.79097747802734,117.7503639113892,116.50445572255295,117.38488841676944,28898000
2021-05-10,113.80258178710938,115.75164025711818,113.44454707552998,115.60961446701737,30914000
2021-05-11,112.72550964355469,113.23301090034869,110.93088827283762,111.38525866856321,34186000
2021-05-12,109.2589340209961,111.62909207975932,108.92970751604966,110.5470545058614,46376000
2021-05-13,110.6885757446289,111.20501049695574,109.5802152495057,110.54357212276646,33204000
2021-05-14,113.138671875,113.453501809493,111.7293930700352,112.15347012836743,31996000
2021-05-17,113.66206359863281,113.70476832857226,112.00300454103483,112.4032439386327,21598000
2021-05-18,112.3486099243164,114.59363131394053,112.3347058838358,114.32895445397962,22204000
2021-05-19,112.79702758789062,112.97033180771274,110.50980892808556,110.65828287821735,23684000
2021-05-20,114.55738830566406,114.80815356114391,113.39391177615245,113.76535047048326,32352000
2021-05-21,113.9207763671875,115.15030281544662,113.68092975421887,115.076804611561,40632000
2021-05-24,117.24337005615234,117.46731985082977,114.80617708661025,114.95167322808392,31832000
2021-05-25,117.33423614501953,118.38349497580484,116.94343028761784,117.78760640059416,22440000
2021-05-26,118.20026397705078,118.63128926079746,117.51250265235855,117.51548046613217,21572000
2021-05-27,117.3248062133789,118.63427145441929,117.00600585374315,118.63427145441929,35224000
2021-05-28,117.03528594970703,117.98970171247785,116.8366589664959,117.90777016561503,21482000
2021-06-01,118.24345397949219,118.46840392834247,116.90766590408418,117.90876440152581,23354000
2021-06-02,117.71759033203125,118.86219221155922,116.81232738781806,118.63922746306862,21158000
2021-06-03,116.5749740600586,117.04374107133572,115.67815955902836,116.48310887975401,18696000
2021-06-04,118.85871124267578,119.12984382575019,117.31138472478672,117.65203751158097,24458000
2021-06-07,119.29222869873047,119.40197591277536,118.23452893652797,118.6536353921515,24120000
2021-06-08,119.10055541992188,120.1473365797577,118.91881026682869,119.77441274086057,24240000
2021-06-09,119.57230377197266,119.81760592267354,119.02408294020918,119.74560799112477,17942000
2021-06-10,120.92249298095703,120.96569780318987,119.36573276491899,119.52165504340154,25904000
2021-06-11,120.67768096923828,121.24973189876641,120.11952650453333,121.16432243775947,21958000
2021-06-14,121.60677337646484,121.6072658902099,120.07185807853914,120.77997160978902,22098000
2021-06-15,120.58779907226562,121.93450591139118,120.22678650087968,121.6112350467546,21562000
2021-06-16,119.94522857666016,121.051103781599,118.65165259558208,120.73925165647537,26472000
2021-06-17,120.90958404541016,121.68324740306925,119.67460198441277,119.8707512752381,25842000
2021-06-18,119.28825378417969,120.77003054629442,119.19291070614344,120.53564705802492,46116000
2021-06-21,120.97811126708984,121.16432693348352,119.07722028973333,119.67510169323509,27414000
2021-06-22,121.49254608154297,121.56157377176068,120.23472669279211,120.91602469124716,22390000
2021-06-23,121.29044342041016,122.25230755219879,120.99995125396923,121.2571722246555,19148000
2021-06-24,121.66089630126953,122.21258746460555,121.46226929734574,121.8595233051933,21362000
2021-06-25,121.66934204101562,121.79299330389905,120.73230808821567,121.16432600625978,34594000
2021-06-28,121.6966552734375,121.94395021731748,120.57389819100639,121.83817341747176,28526000
2021-06-29,121.43495178222656,122.17832928237152,120.85743775374725,121.83022815163642,23108000
2021-06-30,121.25321197509766,121.41956796782213,120.52324597067542,121.15886149359434,24474000
2021-07-01,121.60577392578125,121.74729205960752,120.69902586362701,120.89119713899787,18110000
2021-07-02,124.39950561523438,124.545001749682,122.21656350765055,122.3064434757173,25982000
2021-07-06,125.32562255859375,125.56199126890598,123.72912789938306,124.78782786126658,26404000
2021-07-07,125.607666015625,126.41211517987149,125.28886567902163,126.29095680695026,24060000
2021-07-08,124.18746948242188,124.73519022909304,123.1724744263898,123.17644484488378,23790000
2021-07-09,124.6587142944336,124.87323053723223,123.69833528182369,124.16859495392329,18632000
2021-07-12,126.10574340820312,126.19910128355673,124.75058804003152,125.31370552891468,17668000
2021-07-13,126.46922302246094,127.18031431277677,125.80679208640693,126.16829714742079,19240000
2021-07-14,127.35860443115234,128.44064959860472,127.03831136321742,127.08151618622527,23742000
2021-07-15,126.1350326538086,127.8184218627249,125.66328784581317,127.76777629667595,24218000
2021-07-16,126.10026550292969,126.93600061940198,125.28936065361498,126.78851928893047,20424000
2021-07-19,123.72466278076172,125.34051699003123,122.65900702825122,125.22580675306436,27968000
2021-07-20,125.3449935913086,126.17278040531404,123.49872621377297,124.66765836432434,26312000
2021-07-21,126.6753158569336,126.7219910057635,125.16026022646466,125.26950735241101,20746000
2021-07-22,127.54182434082031,127.60291119714803,126.62565030718687,126.96828831799552,14302000
2021-07-23,132.1038818359375,132.4852542046849,128.9114074632849,129.53708182506168,41506000
2021-07-26,133.11688232421875,133.31749453004386,131.3952513476987,132.4152245404215,30572000
2021-07-27,130.99649047851562,133.47838066984616,129.21280286257922,133.33089933666326,54710000
2021-07-28,135.16177368164062,137.3496864200583,134.3508687484611,135.37828272257383,95130000
2021-07-29,134.84744262695312,135.7248899473717,134.61455182333674,135.2173886380075,31716000
2021-07-30,133.8036346435547,134.3776782948477,133.3353677791156,134.11002362301198,25576000
2021-08-02,133.9307861328125,134.40947921310809,132.87754921456434,134.19148503936958,21634000
2021-08-03,134.7009735107422,134.80226465276354,132.40629876268488,134.2093538311619,20762000
2021-08-04,134.19992065429688,134.72033341925697,133.5657902518696,134.42238532887288,19676000
2021-08-05,135.3181915283203,135.41602748559603,133.92231670480348,134.75110364771078,17870000
2021-08-06,134.8087158203125,135.5376968094334,134.28384768963306,135.1101493986969,20488000
2021-08-09,135.97515869140625,136.24431365244018,134.41243537983704,135.01131691269555,17760000
2021-08-10,135.86990356445312,136.82878994271528,135.4304297601133,136.40122739389997,19414000
2021-08-11,135.34552001953125,136.73939453465712,135.33806411914702,136.24183441816174,15352000
2021-08-12,136.25424194335938,136.35951864766164,134.49786220697922,135.04408266615167,16506000
2021-08-13,136.78408813476562,136.9122174832124,136.09435671368865,136.30986557995257,15948000
2021-08-16,137.3621063232422,137.41475225696215,134.3722294840913,136.58297984358083,22384000
2021-08-17,135.7253875732422,137.31840428534073,135.14985876148344,136.80643247596538,21716000
2021-08-18,134.5211944580078,136.16535676998893,134.39456539418998,135.56499013268993,19258000
2021-08-19,134.75062561035156,135.41851979416657,133.33042795350028,133.51465842550442,21782000
2021-08-20,136.4881134033203,136.61175706353959,134.3235385962263,135.0684011023052,31194000
2021-08-23,139.08224487304688,139.9095315780669,136.66491163586002,137.0244315162413,28454000
2021-08-24,140.29388427734375,141.1067743975744,139.3772025716941,139.64832759063572,19268000
2021-08-25,141.10577392578125,141.21552113852167,140.407601620042,140.65488897401852,15848000
2021-08-26,140.47166442871094,141.4419619740377,140.3887251136367,140.77903846994076,20610000
2021-08-27,143.017578125,143.5225940785764,140.527747182565,140.6821843193361,28780000
2021-08-30,143.60008239746094,144.9706345087551,143.17550523578328,143.41088134582995,24434000
2021-08-31,143.7063446044922,144.17709682612852,143.29270882385984,144.15277422389678,22448000
2021-09-01,144.22080993652344,145.2521944096591,143.89108332628106,144.00678617898814,21936000
2021-09-02,142.30551147460938,144.5227174187225,142.20420518629905,144.22129900817762,32342000
2021-09-03,142.75489807128906,143.16754877804087,141.425065626574,142.10041556217422,19850000
2021-09-07,143.2921905517578,143.5747418670663,142.63522275228055,142.84924647049465,20124000
2021-09-08,142.7067413330078,143.4108844692113,142.020480234913,143.1129515291971,18344000
2021-09-09,142.55776977539062,143.32199956321935,142.1967647782529,142.85521776816285,15314000
2021-09-10,139.9110107421875,143.72718852242127,139.77395555302834,143.2246427259932,36840000
2021-09-13,141.3575439453125,141.97080687143628,140.2824546953372,140.9771566588483,22094000
2021-09-14,141.56808471679688,142.38098998687326,140.779032265316,142.01599943041023,19674000
2021-09-15,143.440185546875,143.4610378207638,140.3792960231764,141.79353785175581,27408000
2021-09-16,142.6262969970703,143.31157304134615,141.42607889210248,142.9644645098526,26190000
2021-09-17,139.83555603027344,142.4673980896483,139.50781463441865,142.0507769006327,53384000
2021-09-20,137.769287109375,138.04786802419636,135.3882181598803,137.21511067059447,46518000
2021-09-21,138.08065795898438,139.05245580376248,137.3308247006124,138.79224184095924,25332000
2021-09-22,139.32257080078125,139.92193727417347,137.60244009203043,138.3497879973125,25056000
2021-09-23,140.24871826171875,140.7259262606172,139.43979842135036,140.02178305106443,20952000
2021-09-24,141.2408447265625,141.35556254003694,139.28036730337084,139.57583007870915,22984000
2021-09-27,140.10568237304688,140.96624781578487,139.10806172640446,139.84001289276725,21882000
2021-09-28,134.89959716796875,138.14371717178133,134.43281534888163,137.7052435287235,45772000
2021-09-29,133.43321228027344,136.2115507067214,132.94806347569877,136.04171680115297,30848000
2021-09-30,132.7603302001953,134.6140457457326,132.64115703529495,133.3418297784705,37996000
2021-10-01,135.60768127441406,135.97267178380932,133.15459953400105,133.52653069746742,35360000
2021-10-04,132.74395751953125,135.02919100762176,130.152335016585,135.02919100762176,51202000
2021-10-05,135.0912628173828,136.28454028271238,133.12284448248417,133.12284448248417,32404000
2021-10-06,136.62271118164062,136.80644154596658,133.62836390206846,133.82699091338657,24364000
2021-10-07,138.2713165283203,139.08272142196918,137.70124332940946,137.94058981523003,25110000
2021-10-08,138.82798767089844,139.3697375825888,138.26387006026113,138.6209046044281,26526000
2021-10-11,137.96246337890625,139.7481514962856,137.90783223964974,138.33788008148647,17954000
2021-10-12,135.51434326171875,138.5513949378648,134.8300522945647,138.5245718836767,36332000
2021-10-13,136.63958740234375,137.0547234459563,135.58386525595154,136.46131258241758,19654000
2021-10-14,140.1841278076172,140.36934326581917,137.87405672252987,138.51861318495054,31894000
2021-10-15,140.39964294433594,140.7472515493763,139.79085052606553,140.64446014785966,30274000
2021-10-18,141.7999725341797,141.81785456872805,140.1031796152732,140.11013542362718,20396000
2021-10-19,142.25587463378906,142.67846664971268,141.62324441444073,142.40534121390291,20164000
2021-10-20,140.7978973388672,142.56273311314936,140.40808409613712,142.35615012808168,23288000
2021-10-21,140.9141082763672,141.18226306865893,139.5376005482952,140.7979053406626,26292000
2021-10-22,136.6241912841797,139.6200235721843,135.12403988549715,138.19684070584688,50588000
2021-10-25,136.50552368164062,137.0547295671816,134.4963706145337,136.6078150016208,34412000
2021-10-26,138.35426330566406,139.12344853853375,137.35714271239888,138.3095733663112,49236000
2021-10-27,145.2159423828125,147.6317754652615,138.45010644838615,138.45010644838615,85782000
2021-10-28,144.8499755859375,146.150015012742,143.63634581108076,146.12667743575153,36206000
2021-10-29,147.03192138671875,147.22657797948324,143.65868705793508,144.08424925630118,43320000
2021-11-01,142.51405334472656,147.0319042836874,142.24441345744162,147.0319042836874,46924000
2021-11-02,144.4363250732422,145.60476481639387,143.34683908107064,143.58917102577757,33482000
2021-11-03,145.59384155273438,145.66435436896379,143.60058532417827,144.90110958293442,27494000
2021-11-04,147.2518768310547,148.7078381986551,145.30579615633354,146.1167009898018,38412000
2021-11-05,147.83238220214844,149.29776958351854,147.18187010538642,148.14769705089574,38354000
2021-11-08,148.01014709472656,149.58329636955824,147.41375092762158,148.79869936395048,23052000
2021-11-09,147.89842224121094,148.80814807366832,146.23637795284716,148.21076684871005,19530000
2021-11-10,144.89413452148438,147.05573924329605,143.54743538233325,146.4896364250964,29970000
2021-11-11,144.76800537109375,146.52490022179515,144.60314209474012,145.4860600290093,16518000
2021-11-12,147.65956115722656,147.83039521534081,144.41494154872743,145.6111891207511,22360000
2021-11-15,147.4351043701172,148.52509016682959,146.56411288350532,147.88053373533654,23508000
2021-11-16,146.86306762695312,147.7434851066345,146.30342052771164,147.13469271784953,18904000
2021-11-17,147.03289794921875,147.54188437232324,146.23143414004474,147.0135307938096,19594000
2021-11-18,148.81211853027344,149.54904025058778,146.87150849617186,147.2260577387579,35608000
2021-11-19,147.90635681152344,149.93239136520538,147.87904882264036,148.94816719539986,33682000
2021-11-22,145.2998504638672,148.80318386713506,145.14641349880958,148.30959419909644,30594000
2021-11-23,144.78343200683594,145.65542389430232,143.12785824687472,145.1518929434178,27218000
2021-11-24,145.11907958984375,145.24769385412606,143.38405240332972,144.47700845005622,18040000
2021-11-26,141.2090606689453,143.567292087887,140.87089317793425,143.35972407872825,30470000
2021-11-29,144.5336151123047,145.2953594478131,142.9078199914208,143.0135967682053,32596000
2021-11-30,140.925537109375,144.9999291351749,140.63155943723774,144.01521986367607,42068000
2021-12-01,140.0853271484375,144.95077215345802,139.94678681424585,143.01363215793765,34020000
2021-12-02,141.9866943359375,142.8790382066656,139.25403140880442,140.2824454448621,29194000
2021-12-03,141.02882385253906,143.41089332697956,139.3399713287488,142.69682410009432,41230000
2021-12-06,142.17440795898438,142.86712473038352,139.189986920454,142.06069032750446,30618000
2021-12-07,146.26072692871094,146.52044078510028,144.23270692455046,144.59918260368823,32240000
2021-12-08,147.1714324951172,147.37653035976174,145.4031415660559,146.5854775642507,24270000
2021-12-09,146.627197265625,148.0786882197915,146.10728463519155,146.58002202898808,23270000
2021-12-10,146.98768615722656,147.95699850309884,145.6990734169461,147.68140301317447,24458000
2021-12-13,144.82762145996094,146.95643255514503,144.52073235798926,146.76921671564287,27070000
2021-12-14,142.9212646484375,143.49033777775247,140.24770295550135,142.9818514180104,38446000
2021-12-15,145.43788146972656,145.71596227271536,140.70750727401295,142.4266528071714,36370000
2021-12-16,143.45556640625,146.66542203712694,142.6232940550718,146.1623912937728,33650000
2021-12-17,140.75421142578125,142.84925876287545,140.33211958011196,141.5238967322668,50416000
2021-12-20,140.6370086669922,140.80337222903077,138.36667189829006,139.0410217021847,27192000
2021-12-21,142.48973083496094,142.8835144844595,139.54007383647323,141.08044454407118,28756000
2021-12-22,145.41207885742188,145.49650329171536,142.0875201032057,142.0875201032057,26322000
2021-12-23,145.91012573242188,147.22803165935883,145.44879955635517,145.49647487827573,26384000
2021-12-27,146.8933563232422,147.3278595123335,146.16140515021237,146.24731469886467,15976000
2021-12-28,145.68222045898438,147.28317810290264,145.0540608351718,147.22060612425986,18200000
2021-12-29,145.6504364013672,146.40722543558255,144.64984548921163,145.64001026436924,17788000
2021-12-30,145.19903564453125,146.29100668000854,144.99445303661054,145.68915495604028,15688000
2021-12-31,143.8597869873047,145.69363529996593,143.8597869873047,145.0495788982198,18136000
2022-01-03,143.99835205078125,144.85196182092687,142.72860600226252,144.06140897191418,28646000
2022-01-04,143.41038513183594,145.4815947191956,142.73206493911738,144.40004976188612,28400000
2022-01-05,136.8312530517578,143.50969364455202,136.74485856797526,143.43073990652238,54618000
2022-01-06,136.803955078125,138.98144174621683,135.62310409438905,136.06009260812084,37348000
2022-01-07,136.07846069335938,137.50015849299731,134.83652283935174,137.1992250078914,29760000
2022-01-10,137.71963500976562,137.8686166309049,132.25235351586585,134.15274434444186,44408000
2022-01-11,138.77882385253906,139.25554684251247,135.7561836931482,137.06167849311132,28730000
2022-01-12,140.46173095703125,141.63117081764554,139.73077989848613,140.1831500118632,26108000
2022-01-13,137.6376953125,141.87149457613452,137.46090562744897,140.57045524554243,31436000
2022-01-14,138.5250701904297,139.77793411889562,136.06007700509608,136.14001576725417,29662000
2022-01-18,135.06643676757812,136.19217162710595,134.5107751926396,135.24222628592668,34872000
2022-01-19,134.1909637451172,137.01449172836578,134.09065764793374,135.58832360539645,28648000
2022-01-20,132.39437866210938,136.68331011018122,132.05372580603233,135.31672826689132,29908000
2022-01-21,129.45863342285156,133.9417062613784,129.19544919822619,131.68528077084795,55652000
2022-01-24,129.90802001953125,130.30428901156284,123.64720029032809,125.11507313847382,76622000
2022-01-25,126.06551361083984,128.5126400999818,125.63399580516415,127.85815753662722,46960000
2022-01-26,128.3477783203125,132.0889733339284,126.27109790890478,130.2208611272421,49130000
2022-01-27,128.12132263183594,131.74382882791292,128.0493095569631,130.40457051733026,31950000
2022-01-28,132.4375457763672,132.44301646661256,127.60488046370143,128.77083458223208,34362000
2022-01-31,134.37669372558594,134.54504250233154,131.3038928647385,133.24301799963737,39986000
2022-02-01,136.70114135742188,136.84912277440554,133.44808094636574,136.65198091536402,68644000
2022-02-02,146.98622131347656,150.50842187379808,144.52569849957,150.213959281509,123200000
2022-02-03,142.10984802246094,148.64974827603828,141.68825627852442,144.70744115071966,71518000
2022-02-04,142.31146240234375,143.88262665253944,139.5524914323561,142.46192913434274,57998000
2022-02-07,138.24749755859375,143.26190864808652,137.94854930203064,143.26190864808652,54974000
2022-02-08,138.44412231445312,139.04100341814646,136.07546496175857,138.0741763550411,54284000
2022-02-09,140.62210083007812,141.54822358083172,139.22672618566713,139.99791170532907,40144000
2022-02-10,137.6704559326172,140.51533620817344,137.0120030221674,138.74654529321856,39330000
2022-02-11,133.36268615722656,138.20329295411477,132.486223876279,137.6506167768868,39958000
2022-02-14,134.59767150878906,135.36637180477342,132.34371646053006,132.34371646053006,34302000
2022-02-15,135.67276000976562,137.16248526255038,134.89114828122072,136.62816089438695,26680000
2022-02-16,136.79452514648438,137.14013340541413,133.99979001083722,135.71049482174425,25022000
2022-02-17,131.631103515625,136.17426144417217,131.57101685216045,135.3097257407702,38950000
2022-02-18,129.50975036621094,133.15163912187222,129.30466766211782,132.55275761865371,45620000
2022-02-22,128.92428588867188,131.27506117312328,127.3451658551134,128.94860848642685,44990000
2022-02-23,126.71402740478516,131.1464535799861,126.65394073500266,130.74671431755922,32786000
2022-02-24,131.78207397460938,132.0889630529401,124.09757963651286,124.09757963651286,54456000
2022-02-25,133.53846740722656,134.34490176287858,130.84900920998376,132.63718249004066,36406000
2022-02-28,134.1318817138672,134.82161307191876,131.6842552568574,132.1386256771338,38864000
2022-03-01,133.14320373535156,135.32217560220607,132.30599093468777,133.95460881419785,26496000
2022-03-02,133.6497039794922,134.3359650140929,132.1599788001748,133.7058202345684,23520000
2022-03-03,132.98231506347656,135.5049097951273,132.1142937033128,135.07834743813976,24604000
2022-03-04,131.00294494628906,132.93462912207434,129.44469223141712,132.01696245071622,30430000
2022-03-07,125.51283264160156,130.83264033914966,125.42990090344138,130.58733818371817,45112000
2022-03-08,126.23385620117188,130.35096043233546,124.81365114823323,125.38520955872268,40428000
2022-03-09,132.50608825683594,132.8194330626874,129.01069565399868,130.35095429762737,37026000
2022-03-10,131.52239990234375,132.35912780429078,130.01579261876046,130.36687160786477,27102000
2022-03-11,128.98092651367188,132.87904452676185,128.74356516468313,132.57414059126714,31526000
2022-03-14,125.08826446533203,129.51572849367975,124.41689998331498,129.3578209973451,38812000
2022-03-15,128.31301879882812,128.96503124625056,124.85933803680028,126.1062389125735,30920000
2022-03-16,132.3675537109375,132.41968439619922,127.85268781908668,129.83750304335058,35576000
2022-03-17,132.92222595214844,133.1620725593792,131.27954871173705,132.23694993148916,28264000
2022-03-18,135.1930694580078,135.3107575128398,131.35255331585438,132.5105667989843,44566000
2022-03-21,135.16920471191406,136.1112090527279,133.17396371643088,135.23077649545561,26832000
2022-03-22,138.909912109375,140.08382229708803,135.1692175332458,135.1692175332458,35496000
2022-03-23,137.32833862304688,138.63234835797854,136.89086517154823,137.7524157003206,25154000
2022-03-24,140.60226440429688,140.6489395534487,136.80693829894508,138.24650294781864,26396000
2022-03-25,140.70254516601562,141.0620649838746,138.78030223496174,140.9438768596341,24126000
2022-03-28,140.486572265625,141.02982254949302,138.8538208684896,139.93536598981794,35050000
2022-03-29,141.5293426513672,142.80852953836705,141.06554628979546,141.67038342042937,34318000
2022-03-30,140.9662322998047,141.74287331835652,140.6300500454084,141.4841596757739,19884000
2022-03-31,138.1149139404297,141.13458383266473,138.07220921119722,141.07995269395536,37524000
2022-04-01,139.19049072265625,139.5087909885533,137.36011265105827,138.54444908128045,25942000
2022-04-04,141.9921875,142.72762428286737,139.34941898565788,139.39709432295234,25942000
2022-04-05,139.62799072265625,142.01104517908408,139.4209227742379,141.89038687951535,21418000
2022-04-06,135.6126708984375,138.40590569725433,134.5887272738365,137.79958340829674,32468000
2022-04-07,134.95767211914062,136.2249325297986,133.3080392474461,135.07833039176163,26234000
2022-04-08,132.37451171875,134.74068416097512,132.054711175335,134.6547746087494,25142000
2022-04-11,127.94107818603516,131.18768319388306,127.78714112721842,130.92052859554875,36884000
2022-04-12,126.83966827392578,130.69855860670543,125.9205088911911,130.69855860670543,32710000
2022-04-13,129.00424194335938,129.4412304311551,126.86598980577136,127.12321836007308,27928000
2022-04-14,125.8619155883789,129.58573595208222,125.73379383047663,129.58573595208222,31598000
2022-04-18,126.80193328857422,127.33425728221141,125.31767118048631,126.13006878953061,20808000
2022-04-19,129.1184844970703,129.4402551429919,126.12959238263713,126.81685374764395,26490000
2022-04-20,127.1629409790039,130.49894112574688,126.62664655558798,129.99541023177304,31696000
2022-04-21,123.95954132080078,129.20734344647272,123.673512070281,128.36466000936693,36446000
2022-04-22,118.8160171508789,124.54302006316087,118.1103889142465,124.14377326402423,56884000
2022-04-25,122.23094940185547,122.43305428966049,117.6992096874131,118.28516459251335,46128000
2022-04-26,117.83726501464844,121.6708251413164,117.69921720652222,121.4568014084917,73054000
2022-04-27,113.5115966796875,116.43890115247335,111.9642701529319,113.68539340141608,91820000
2022-04-28,117.71063995361328,118.82991910256544,113.33332937298223,115.61757779171258,48884000
2022-04-29,113.32786560058594,117.11226538731582,113.03488812105105,115.93488477812409,42676000
2022-05-02,115.784423828125,115.94580921166728,111.82870509334481,112.62819126516962,35534000
2022-05-03,116.53028106689453,117.63069314671395,115.2396829127405,115.63296649848806,24968000
2022-05-04,121.42353820800781,122.01297109395705,114.32747578407296,116.22985941768594,49916000
2022-05-05,115.70745849609375,120.20990548103431,114.21773323366315,119.3806259942041,45840000
2022-05-06,114.95365142822266,116.76615498990255,113.23451331524208,114.39550456228451,39710000
2022-05-09,111.74031066894531,114.28873566343553,111.23330949084597,112.47424700492478,40802000
2022-05-10,113.61140441894531,115.45370122184362,112.12714235556041,114.71628695611551,39900000
2022-05-11,112.8243408203125,115.56742256499777,112.4608505325777,112.4608505325777,37534000
2022-05-12,112.07102966308594,113.5120868563292,109.07221226169113,110.61457573394516,53836000
2022-05-13,115.25557708740234,117.06758067088552,112.82683262018276,113.74846982950024,35038000
2022-05-16,113.66107177734375,115.37425431835217,113.10938061192142,114.1680730032844,25990000
2022-05-17,115.6751708984375,116.0992479298773,114.08315444400371,116.04015386240661,23054000
2022-05-18,111.13300323486328,114.60952885152011,110.79135782529033,114.2122672760028,35126000
2022-05-19,109.62788391113281,112.23589554258577,109.24651160347497,110.66820925280025,34144000
2022-05-20,108.1619873046875,111.41505546027001,105.07180479603741,111.18414230539884,48962000
2022-05-23,110.72431945800781,111.37930208284921,107.99613444392592,108.83684020240013,37184000
2022-05-24,105.2441177368164,105.72927404793693,101.18660038025172,105.04747595596399,76780000
2022-05-25,105.08025360107422,105.7704926632561,103.1450989268673,104.26636328189969,40258000
2022-05-26,107.05413818359375,107.90526250642102,104.5042203882763,104.95312769995195,37948000
2022-05-27,111.54714965820312,111.54864235370516,108.39091700191756,108.7330625115349,37914000
2022-05-31,112.98274230957031,114.94222702566347,111.3107719398825,111.9741954769458,50012000
2022-06-01,113.11186218261719,116.29938093828167,112.47426144415896,114.06827086743932,36606000
2022-06-02,116.8167953491211,117.09189835146218,112.17283056792651,113.21911153234842,37992000
2022-06-03,113.75640106201172,115.52470704225153,112.74090603781143,115.26747851029347,26136000
2022-06-06,116.02030181884766,118.5294926139671,115.36829697900254,115.90509148996708,33542000
2022-06-07,116.3470458984375,116.88484060449989,114.26391732011818,114.6894795083408,31590000
2022-06-08,116.3912353515625,117.75830946134262,115.80130242266203,115.9616951970942,26108000
2022-06-09,114.04888916015625,117.48866544844982,113.98979509345463,115.53066587385061,25798000
2022-06-10,110.40005493164062,112.50305059167471,109.61000232222437,111.67476376402166,41452000
2022-06-13,105.66373443603516,108.04629624886985,105.3921093112375,106.05503282631635,47252000
2022-06-14,105.98451232910156,107.18523046976311,105.07528653929919,105.80525248931403,33706000
2022-06-15,109.01263427734375,110.66026699950997,106.93198347818276,107.8014823825955,39698000
2022-06-16,105.30719757080078,107.90428334976264,104.41783134116706,106.48656349122702,51684000
2022-06-17,106.40959167480469,107.95493317182847,104.32645545514198,105.30719432645122,51376000
2022-06-21,110.77993774414062,111.7189644125282,107.85610349476617,108.18334476803008,47416000
2022-06-22,110.72382354736328,112.57008313688989,109.62638936538542,109.79920105723042,30774000
2022-06-23,111.47315979003906,111.97023497314542,109.74359547231944,111.46273365284881,28362000
2022-06-24,117.16688537597656,117.27017686925784,112.17878974433779,112.22100195891159,41164000
2022-06-27,115.0400619506836,117.76724687603271,114.39053484024392,117.46285065793593,36420000
2022-06-28,111.24026489257812,116.50594891671535,111.08185732274715,115.00926788550748,35792000
2022-06-29,110.93635559082031,112.3853612198346,110.11303179566326,110.78788165155984,24716000
2022-06-30,108.21661376953125,110.12843077767293,106.0187751041556,109.24651298788866,43170000
2022-07-01,107.99266815185547,108.50165457610703,105.99941202989662,107.19367448668028,35476000
2022-07-05,112.4871597290039,112.60037726382436,105.00724802835002,106.36687378213881,39342000
2022-07-06,113.78720092773438,114.7977330534994,110.71240730639667,112.5259035341935,37432000
2022-07-07,117.96934509277344,118.37306236499573,114.04690533231896,114.29171495203762,40936000
2022-07-08,118.53594207763672,118.86516855088318,116.10073455150996,116.44685045649098,38238000
2022-07-11,114.8841323852539,117.1897331383704,114.54050176466727,117.1897331383704,31196000
2022-07-12,113.2394790649414,116.172746938359,112.91124517680676,115.41894329267954,29960000
2022-07-13,110.59073638916016,113.41376424328155,110.43977715460237,110.93585209745726,43722000
2022-07-14,109.61150360107422,110.33203606233151,107.63066634050548,109.4555813251154,37004000
2022-07-15,111.0118408203125,112.36551106488659,110.14035668814668,111.23332046369126,46770000
2022-07-18,108.28314971923828,112.90129900896424,107.62767462041498,111.86842203835955,43164600
2022-07-19,113.0304183959961,113.2389790223901,108.80953017450513,110.090694802755,36530900
2022-07-20,113.11979675292969,114.60952188775194,111.70952544381008,112.3947938533773,35600400
2022-07-21,113.5567855834961,113.76535378483867,110.34891481197837,113.49719899861788,32676200
2022-07-22,107.16090393066406,111.57048549483595,105.77049218927488,110.23966791558226,48901200
2022-07-25,106.77357482910156,109.11740979105046,105.571864055946,107.66741148020654,34690900
2022-07-26,104.30062103271484,106.46568857174864,103.35713146074687,105.86980002223551,47991000
2022-07-27,112.28556060791016,113.12974435029821,107.27015658073803,108.51159434644423,59858500
2022-07-28,113.43761444091797,113.5567876128041,110.69651783051911,111.6002881287064,32816600
2022-07-29,115.52322387695312,115.91055182503115,112.2855523018916,112.30541954786877,37223400
2022-08-01,114.0732192993164,115.9204790624543,113.55677701223817,114.51020776113126,26034300
2022-08-02,114.34136962890625,115.55301397748624,112.94103191155993,113.21911273048636,20236000
2022-08-03,117.27117919921875,117.80748122454524,114.6889901557887,114.91741046203056,28499000
2022-08-04,117.38041687011719,117.96637181269178,116.08931866387587,116.67528118358466,21602900
2022-08-05,116.66533660888672,117.3009520293934,115.20540483527081,115.43383267879672,19159500
2022-08-08,116.49651336669922,119.32698972388245,116.07938455316629,117.57904337218183,19138300
2022-08-09,115.83109283447266,116.51636882460133,114.91739656572369,116.33760150444314,19086500
2022-08-10,118.88006591796875,120.09171027247865,117.59890893552108,117.96636962927194,30930400
2022-08-11,118.02594757080078,120.6577967023562,117.74786677087195,120.44923610240957,24293700
2022-08-12,120.84651184082031,120.84651184082031,118.64171727202111,119.4362404313281,19096300
2022-08-15,121.24378204345703,121.46227630666272,119.78384999125086,120.3002847775357,19494800
2022-08-16,120.86637115478516,121.59137410380659,119.81363441236235,120.68760382332333,19041200
2022-08-17,118.7311019897461,120.45918110770077,118.56226070771955,119.29719726513474,22847000
2022-08-18,119.34685516357422,119.99240429519782,117.90679043522003,118.61192615288643,17987700
2022-08-19,116.4071273803711,118.33384108294739,115.96021284676502,118.24445362994561,21809500
2022-08-22,113.45747375488281,114.83795189055648,113.07014579319794,114.41089701265592,21456600
2022-08-23,113.080078125,114.22220232746935,112.65302325197702,112.70268379096306,15870400
2022-08-24,112.91123962402344,113.99376961834115,112.096856828301,112.72253867644604,17734600
2022-08-25,115.85095977783203,115.92047998120505,113.32835763422956,113.45746441845546,16956800
2022-08-26,109.58419036865234,114.33145473006633,109.43522389908544,113.93419313124014,37245700
2022-08-29,108.67049407958984,110.1900126874283,108.05474579920995,109.2365893957872,21191200
2022-08-30,108.19378662109375,109.74309852857878,107.06159598452625,109.41535713980008,27513300
2022-08-31,107.47870635986328,110.09068842730832,107.38931890965122,109.89206143571225,28627000
2022-09-01,108.98828887939453,109.69342453484326,106.62459439026496,107.53829065559566,28360900
2022-09-02,107.11124420166016,109.98144758364315,106.52528923902702,109.83247354287955,24160700
2022-09-06,106.078369140625,107.29001358215552,105.05542565947091,106.56501818821323,25068300
2022-09-07,108.70028686523438,109.22666283847823,106.16775838972423,106.32665848235399,23167000
2022-09-08,107.63761138916016,108.84925579418162,106.4259745612731,107.29994397248697,24238300
2022-09-09,109.89205932617188,110.22972672082997,108.27321982491722,108.32288036042995,23197700
2022-09-12,110.10063171386719,110.85542798702407,109.17700172532125,110.22973851202329,22966800
2022-09-13,103.60543060302734,107.55817181087704,103.37700271858566,107.06159670108931,38172900
2022-09-14,104.28076171875,104.55884253765855,102.94994420622076,103.85370686767357,26395100
2022-09-15,102.20509338378906,104.54892094593508,101.64892410483661,103.31741678742414,34188300
2022-09-16,102.09583282470703,102.42356659752467,100.24857304133235,101.37082992122032,42797200
2022-09-19,102.3639907836914,102.62221195722044,100.85440581403213,101.05303282312543,23036800
2022-09-20,100.44720458984375,101.66878259642567,99.8314487750522,101.38076814646514,26517100
2022-09-21,98.59994506835938,102.17528407076615,98.59001144532336,100.97357330597262,31487300
2022-09-22,99.45405578613281,100.54651943978457,98.1133045940541,98.14309788632383,34298600
2022-09-23,98.06364440917969,98.97734831250827,96.802347043361,98.94754744299671,31625400
2022-09-26,97.49754333496094,99.19582909385643,97.13008264794297,97.42802313116289,27072700
2022-09-27,96.8321304321289,99.31500557141426,96.20644862479709,98.74891034274255,30072800
2022-09-28,99.36468505859375,100.01022665623634,96.44482091315537,96.98112295479517,32466300
2022-09-29,96.752685546875,97.9643299391156,95.302687240842,97.9643299391156,31047200
2022-09-30,94.99481201171875,98.22254995330734,94.90542455938035,96.38522371736838,32941500
2022-10-03,97.96434020996094,98.6098893889168,95.85885894883667,96.09722046475382,27982000
2022-10-04,100.94377899169922,101.14240598760246,99.692407701533,99.75200186201134,28850800
2022-10-05,100.73521423339844,101.23178927988525,98.12323221664604,99.14617560006744,22176900
2022-10-06,100.72529602050781,102.22495501192341,99.90097949871807,99.99036696087042,22324000
2022-10-07,98.00406646728516,99.84139290487568,97.62667210200152,99.16605043527572,27502800
2022-10-10,97.18966674804688,98.42117071694531,96.34549070144016,98.321857225074,18225100
2022-10-11,96.51433563232422,98.57015621966407,95.65029224046398,96.76262317947702,26507100
2022-10-12,96.8917236328125,98.07357470456819,96.07734083455361,96.63351005621553,21876400
2022-10-13,98.38145446777344,99.0965238101631,93.73351131937515,94.49824120164976,34574500
2022-10-14,95.89857482910156,100.0002897453495,95.70988145547351,99.30508010298726,25410700
2022-10-17,99.28521728515625,100.23864047742966,98.1530267707607,98.18282006159207,28419200
2022-10-18,100.07975006103516,102.7612603547256,99.28523438586173,102.42358532049704,24060700
2022-10-19,98.94754028320312,100.32801829577426,98.24240463180688,99.32494216503058,23811100
2022-10-20,99.28521728515625,101.61911851826515,98.70918840530337,99.3150105759876,25323200
2022-10-21,100.43727111816406,100.61603844678358,97.05063307454373,97.17973986521672,32458700
2022-10-24,101.8177490234375,102.04617688958683,99.29515433560225,101.10268728739813,27176400
2022-10-25,103.76433563232422,104.10200306135481,102.01638916879352,102.19515650684933,40611400
2022-10-26,94.27974700927734,97.63659189413852,94.0413930873747,95.76947228115439,88114100
2022-10-27,91.58830261230469,94.77631349543512,91.17118139256064,93.87254327552247,60710900
2022-10-28,95.63042449951172,95.88864564835471,91.49891642655986,91.63795683505978,43697300
2022-10-31,93.86262512207031,95.37221005350747,93.3362567418793,94.766387840837,31675000
2022-11-01,89.85029602050781,95.37220847515945,89.75098252011932,94.79617956491805,47161400
2022-11-02,86.37425994873047,90.55542069613995,86.28487250527193,90.31706680880627,57038300
2022-11-03,82.8585205078125,85.92735095244444,82.76913305076104,85.72872394565061,61288000
2022-11-04,85.98694610595703,86.04653269325414,83.13660230513511,84.81502856726082,51124900
2022-11-07,87.88385772705078,88.29105293982344,86.2550920302293,86.68214691275777,34078900
2022-11-08,88.29105377197266,89.7013252290992,86.99002186523454,88.29105377197266,30429000
2022-11-09,86.72187042236328,88.82735145908663,86.68214350727783,87.84412735927378,31769100
2022-11-10,93.2965316772461,93.74344623382733,90.98248990601425,91.61810542419562,51620100
2022-11-11,95.7496109008789,96.26604565196418,93.27666153820596,94.04139140730278,33090500
2022-11-14,95.04446411132812,96.12700168973441,93.86262061279506,94.43864192776208,30179500
2022-11-15,97.76570892333984,99.4540612464855,96.04755572915394,97.58694158277216,41640800
2022-11-16,98.17288208007812,98.95747153804888,96.9711714147205,97.22939255235062,29105200
2022-11-17,97.68624877929688,98.59994509335151,96.12700335615402,96.30577068517638,26052600
2022-11-18,96.76261901855469,98.2225509453757,95.70988228857895,98.09343657704217,28342300
2022-11-21,94.94515228271484,97.72597571769823,94.70679836967275,96.62357845131895,21647400
2022-11-22,96.38522338867188,96.55405709268237,93.40577299121226,95.29275218122933,23438500
2022-11-23,97.78557586669922,98.08352398218454,96.42495725244808,96.42495725244808,18868100
2022-11-25,96.79241180419922,97.96432927332067,96.73282522043966,97.56706770161041,9701400
2022-11-28,95.39207458496094,96.9115930964902,94.95508609589683,96.37529110822086,26237500
2022-11-29,94.5379638671875,95.46159379672028,93.46535990183312,95.07426584986467,20061700
2022-11-30,100.29822540283203,100.34788593815357,93.77322961882459,94.17049116999522,43647500
2022-12-01,100.29822540283203,101.54959663702266,99.56329645830338,100.3280186931714,28687100
2022-12-02,99.75199890136719,100.07973267716697,98.22254683147696,98.37152086254994,21480700
2022-12-05,98.79857635498047,100.68555550376762,98.32186096786398,98.71912252760538,24405100
2022-12-06,96.31571197509766,99.09652805363879,95.75954269768152,98.61982018972196,24910700
2022-12-07,94.28968048095703,96.21638667703273,94.0711862290918,95.74961245738875,31045400
2022-12-08,93.06809997558594,94.92529349040643,92.80987881407734,94.72665891342506,32213300
2022-12-09,92.19412994384766,93.61433495682455,92.11467611359325,93.12768592936698,28225400
2022-12-12,92.67083740234375,92.91912493805006,90.98248519039448,92.07494883207544,29420000
2022-12-13,94.9749526977539,98.84824006656933,94.37906408189035,97.0903675132016,40593700
2022-12-14,94.41878509521484,96.20645840814433,92.95885315251148,94.54789188781861,28733600
2022-12-15,90.23761749267578,92.998573521634,89.39344143432389,92.49206485576933,40107000
2022-12-16,89.64173889160156,90.70440929917321,88.90680229037655,90.13831399003944,58011800
2022-12-19,87.83419799804688,89.93967137816473,87.6057701392111,89.64173089197104,29493000
2022-12-20,88.41022491455078,88.56913257898219,86.84105340253028,87.5064621987842,23453800
2022-12-21,88.96639251708984,89.60200800878793,87.71502120281298,88.46981744062983,24745600
2022-12-22,87.15885162353516,87.9335074600943,85.72871310857447,87.55611316403909,27658300
2022-12-23,88.61878204345703,88.93658975546802,86.47357430453268,86.51330121567574,23003000
2022-12-27,86.79138946533203,88.33077520142463,86.4139951427837,88.19173478905765,20097300
2022-12-28,85.43077087402344,87.43693838041416,85.35132462222182,86.38420166698455,19523200
2022-12-29,87.84412384033203,88.2413853981384,86.01673128241025,86.02666490506726,23333500
2022-12-30,87.62564849853516,87.69516871184464,85.97701547271711,86.38421070576915,23986300
2023-01-03,88.50953674316406,90.42631667651999,87.91364064095848,88.97631091009568,28131200
2023-01-04,87.4766616821289,90.02905710848832,86.67220495736261,89.73110905085134,34854800
2023-01-05,85.60953521728516,86.97015357614328,85.31159473485968,86.87084008200145,27194400
2023-01-06,86.74172973632812,87.0893383476196,84.2787216281847,86.19550170469084,41381500
2023-01-09,87.41706848144531,89.4331695495465,87.25816840553064,87.75474345560666,29003900
2023-01-10,87.81433868408203,88.06262623356912,85.24208330842042,85.39105735353961,30467800
2023-01-11,90.89309692382812,90.97255075305516,88.40029554318691,88.56912924744373,26862000
2023-01-12,90.50577545166016,91.24071205887914,89.1352308965623,90.85338408510943,30258100
2023-01-13,91.4889907836914,91.55851098824732,89.51261661092427,90.22768590186173,26329200
2023-01-17,90.66468048095703,91.6181037407099,89.43317638425138,91.42940278257716,32602400
2023-01-18,90.49584197998047,92.1643344905254,90.0191265867673,91.50885177199906,29116700
2023-01-19,92.4126205444336,92.96878218001514,90.00919152538334,90.09857897517838,37000400
2023-01-20,97.34857177734375,97.62666017673301,94.36912140666584,94.44857523506278,63191100
2023-01-23,99.10646057128906,99.35474812430549,96.8321456764025,97.27906024097814,40005100
2023-01-24,97.03076171875,98.92768204637555,96.53418666885439,97.42802327409328,33078500
2023-01-25,94.5677490234375,95.50131249561478,93.1177508589254,94.91535002569492,42330000
2023-01-26,96.85199737548828,96.90165791285827,94.7266567027606,95.83898757649443,30114000
2023-01-27,98.6893310546875,99.63282064646212,96.6434366363265,96.6434366363265,33879800
2023-01-30,96.27598571777344,97.61673701280314,95.73968368433458,96.81228775121231,27226200
2023-01-31,98.16295623779297,98.20268315266414,96.15679628817142,96.20645682604395,29870700
2023-02-01,99.74207305908203,100.49686931883123,96.91159655644073,98.03385353408179,35531100
2023-02-02,107.00199127197266,107.11123839079693,104.88658425472231,105.07528520126132,69883800
2023-02-03,104.06227111816406,107.07151484914603,101.87734382713276,102.22494486291488,65309300
2023-02-06,102.19515228271484,103.64515059717341,101.1821348832258,101.69857720610024,31999600
2023-02-07,106.90267944335938,107.43898142309807,102.413644187333,102.51295768495851,49010200
2023-02-08,98.6893310546875,102.43350370738915,97.36843956449569,101.35097370371372,94743500
2023-02-09,94.35919952392578,99.34481003021067,92.9886474435818,99.31501673753093,119455000
2023-02-10,93.92220306396484,96.08727054839915,93.60439534043017,94.79617240940175,54980700
2023-02-13,93.9619369506836,94.54789190623137,93.19720708667369,94.0910437433125,50076100
2023-02-14,94.03146362304688,94.20029734281495,91.62804189662572,93.78317606675209,54726100
2023-02-15,96.27598571777344,96.45475306225306,93.50509566690675,93.84276310807108,50169000
2023-02-16,94.85577392578125,97.01090795498209,94.09104405920391,94.71673350951889,42462600
2023-02-17,93.70370483398438,94.90541547409548,92.5715143936439,94.20027985438401,34284100
2023-02-21,91.16124725341797,92.46227144068472,91.09172705052129,92.36295794756572,33629300
2023-02-22,91.022216796875,91.4790649768656,89.98933968584355,91.07186976029493,30884000
2023-02-23,90.26741790771484,91.31022861201542,89.14516094882144,91.29036136551639,41206400
2023-02-24,88.51947784423828,89.27427414551435,87.97324976048894,88.8273595699799,36585100
2023-02-27,89.25440216064453,89.54241659872595,88.72802624317121,89.25440216064453,27502300
2023-02-28,89.44310760498047,90.60509913680653,88.70817855378289,88.71811217771574,30142000
2023-03-01,89.74105072021484,90.40645952118473,89.05577467248298,89.36365638021726,31111200
2023-03-02,91.36981201171875,91.64789283593468,88.97631656003954,89.0458443432277,32204400
2023-03-03,93.00851440429688,93.087968235955,91.81672966082834,91.84653053055096,35160100
2023-03-06,94.4783706665039,95.31262072930046,93.35611372922939,93.37597339821141,32639300
2023-03-07,93.21707916259766,95.01467861504145,92.88933777532736,94.32941012372648,27835500
2023-03-08,93.60440063476562,95.30268646381667,93.3561130999254,93.47529384441702,34103300
2023-03-09,91.68761444091797,94.87562526615336,91.27049322874895,93.40576740123382,28813500
2023-03-10,90.00919342041016,92.15440133504755,89.78077313404465,91.53864552759404,35941000
2023-03-13,90.48590850830078,91.93590678175909,88.80748237211967,89.47289113745587,37335600
2023-03-14,93.32630920410156,93.71363710827234,91.80679087587258,91.9259640296892,36050200
2023-03-15,95.45167541503906,96.26605835348181,92.00544268062089,92.58147166997038,50622100
2023-03-16,99.63282012939453,100.49686346498038,94.84583683514583,95.54103889104195,65492000
2023-03-17,100.9239273071289,102.13556420140692,99.41433474115614,99.5732424121574,61028500
2023-03-20,100.52665710449219,101.05302545965556,99.18590594797273,99.43419347981462,32960400
2023-03-21,104.2013168334961,104.38008417201192,100.52666413605763,100.55645742962116,42110300
2023-03-22,102.66192626953125,105.85986315524171,102.62219935716337,103.55575527784055,43427400
2023-03-23,104.87664794921875,105.5718575582382,103.74445745321431,104.34034599156392,40797800
2023-03-24,104.71775817871094,104.76741114179761,103.12871181724563,104.27083604812334,30393300
2023-03-27,101.7581558227539,104.0424040271739,101.23178749509955,103.90336362277968,31120900
2023-03-28,100.33795166015625,101.74822295932152,99.05678714399609,101.73829691402915,32057900
2023-03-29,100.69548797607422,101.78795157003168,99.96055902408595,101.57939095840531,28779600
2023-03-30,100.19891357421875,100.46706834599645,99.09651635054152,100.21878081953102,33086200
2023-03-31,103.01947021484375,103.1783703015433,100.34789383942677,100.60611500458978,36863400
2023-04-03,103.6451644897461,103.81399821991324,101.2318089908281,101.68865721329325,25035400
2023-04-04,104.002685546875,104.85679528719108,103.32734313772123,103.6153575922124,24420100
2023-04-05,103.75440216064453,105.37323425192203,102.9499529267833,105.05542649237262,28290500
2023-04-06,107.67733764648438,108.42220026038169,103.6153571623888,104.53898710670686,48711500
2023-04-10,105.7109146118164,106.85303133303962,104.39995659014593,106.24721665392728,27067400
2023-04-11,104.62836456298828,105.99891659022042,103.9629557951451,105.82014926393511,26311800
2023-04-12,103.92322540283203,106.018772710828,103.62527734328293,105.84993901307934,24370300
2023-04-13,106.69412231445312,106.75370889955026,105.11500961516911,105.11500961516911,24843600
2023-04-14,108.12425994873047,108.19378015639614,106.10815877215703,106.15781931069009,26578000
2023-04-17,105.2441177368164,105.43281868126573,103.80404553968684,103.94309352521483,37571200
2023-04-18,103.7841796875,105.8102066882632,103.35712486512638,105.76054615516696,26596400
2023-04-19,103.46638488769531,104.26090805358163,102.36398759416694,102.87049630184782,20905700
2023-04-20,104.56877899169922,105.52220221540108,103.15850761354443,103.19823452834045,27820800
2023-04-21,104.68795776367188,105.27391269732128,104.06226833884085,104.74754434617613,25800100
2023-04-24,105.2441177368164,105.89959286536913,103.9828128614983,104.76740235294118,23542800
2023-04-25,103.13864135742188,105.95919171793508,103.12870773434398,105.10508198445909,46664100
2023-04-26,102.99959564208984,105.62151129178214,101.92699171890646,104.20130635010432,53347600
2023-04-27,106.85302734375,107.62769087152307,102.83077354378922,103.73453629382233,50089200
2023-04-28,106.604736328125,106.61466995148949,104.37014843058833,106.30679582140083,36139800
2023-05-01,106.46569061279297,107.2502801225946,106.0882962921976,106.10815596080403,26681700
2023-05-02,104.59857177734375,106.46569130091618,102.99959945592909,106.4061047175776,30997200
2023-05-03,104.68795776367188,106.75370425420495,104.2410356634877,104.80713092868038,21795400
2023-05-04,103.97289276123047,104.8766554674694,103.25782343309649,104.76740834360812,23419500
2023-05-05,104.84685516357422,105.15472926815787,103.39685693499452,104.10199259276817,26639300
2023-05-08,107.03179168701172,107.22049264611049,104.43967668521239,104.45953635489589,26511400
2023-05-09,106.61466979980469,109.3954933214144,106.45576971187144,107.64754689134159,36360100
2023-05-10,110.98453521728516,112.1663863838794,107.19070174381547,107.2304286612031,63153400
2023-05-11,115.7715072631836,117.11225838749655,113.62630697970965,114.60952346058797,78900000
2023-05-12,116.705078125,117.22151287736642,115.31466637721192,115.88076166873074,41102300
2023-05-15,115.71192169189453,117.66842862523404,115.21534663580364,115.31466013159502,36266800
2023-05-16,118.69137573242188,119.92287978836107,115.63247147293116,115.69205805683869,45035600
2023-05-17,120.01226043701172,120.83657687966704,118.07562067620398,118.79068999623586,33323600
2023-05-18,121.98863983154297,122.46534768023274,120.00233944868812,120.12151262229324,35234200
2023-05-19,121.91911315917969,125.10712419543219,121.31329096834843,122.7037026780781,41353400
2023-05-22,124.19342041015625,125.56396479141199,121.89923857520877,122.0978731372896,35253000
2023-05-23,121.72047424316406,123.77629465403467,121.37287322241473,123.30952047024783,34046300
2023-05-24,120.07185363769531,121.07493740233252,119.03897658115086,120.29034788119394,34182600
2023-05-25,122.63418579101562,124.46157845882605,121.12459329600016,123.66705529543533,42317000
2023-05-26,123.75643920898438,124.4019883136242,121.61123127549837,122.32630058666038,35635900
2023-05-30,122.82288360595703,124.79925796255891,121.16432458789733,124.77939071533267,35076700
2023-05-31,122.02836608886719,123.21020965782616,121.66089779225682,121.90918533877162,37325800
2023-06-01,122.87254333496094,123.56774544059134,121.7800796359126,121.97870664405423,30772700
2023-06-02,123.8160171508789,125.28588258536075,122.91225452916805,123.14067480159811,26980100
2023-06-05,125.1468505859375,126.55712195859554,122.99170903517506,123.16055031668364,32305500
2023-06-06,126.43794250488281,127.41122540355373,124.50130275345192,125.14685186297365,26638300
2023-06-07,121.66089630126953,128.15609177061813,121.28350196296054,126.10027879089003,52539000
2023-06-08,121.3033676147461,122.38590529778074,120.40953089873925,121.39275507491422,29389200
2023-06-09,121.39274597167969,122.91226448637528,121.07493822728019,121.41260564070839,23778300
2023-06-12,122.79308319091797,123.20027838695897,120.8266501491064,121.94890708399343,28306400
2023-06-13,122.9817886352539,124.30268019345986,122.33623950268348,124.12391285793474,22278300
2023-06-14,122.82288360595703,123.2002855319085,120.61808894619637,122.25678829416454,30592300
2023-06-15,124.23314666748047,124.60061494495433,121.56157795855897,122.29650693637248,35246300
2023-06-16,122.68384552001953,125.2461749072965,122.43555796490669,125.06740756452986,45535600
2023-06-20,122.25678253173828,123.7167144715317,121.30335929245436,122.08794882394656,26097500
2023-06-21,119.72425079345703,121.8197981667708,119.2773286902029,121.56157701225514,30306300
2023-06-22,122.30644226074219,122.39582213705168,118.01603392379701,119.17801777862638,26952200
2023-06-23,121.50198364257812,121.94890574873948,120.23075268459189,120.54856042408845,34913600
2023-06-26,117.52938079833984,121.16431385089092,117.45986059347797,119.9328098317089,33969900
2023-06-27,117.51946258544922,118.26432522024346,115.3047343507218,116.27802486079214,39535900
2023-06-28,119.35678100585938,119.56534162054723,116.04958930766475,116.28794321343172,27091400
2023-06-29,118.2841796875,119.23760290884682,117.48966412494475,118.42322010037552,24090900
2023-06-30,118.88006591796875,120.25061792814805,118.87013987233996,119.34684768508002,29532200
2023-07-03,119.07870483398438,119.36671928754727,118.0061008504676,118.4232220961238,14467900
2023-07-05,120.9160385131836,121.77014830310253,118.41330330869808,118.42322935529762,27584800
2023-07-06,119.28726959228516,119.47597055253863,117.58898368140763,118.9793954589323,24745200
2023-07-07,118.66158294677734,120.2208283751295,118.58212911647212,119.27733118880711,21709500
2023-07-10,115.65232849121094,117.49958832134938,115.3444543785659,117.48966227568181,35315200
2023-07-11,116.33760833740234,116.9037036216299,114.55986865395298,115.49343222262571,23078800
2023-07-12,118.11534881591797,119.5057605551569,117.59891406672692,117.98624202290381,30404400
2023-07-13,123.68692016601562,123.97493461778386,119.62493212633821,120.1016475306422,44297900
2023-07-14,124.56089782714844,125.91158272225319,122.64411761403174,123.9451495447948,33283100
2023-07-17,123.7961654663086,126.22938025879756,123.34924336063862,125.07733004581449,25716200
2023-07-18,122.91226196289062,123.82595826213851,122.11773882963688,123.7465044333863,26193600
2023-07-19,121.19409942626953,124.3225236001542,120.96567915789439,123.74649475246576,37224000
2023-07-20,118.38349151611328,123.2399950067099,117.41020863971083,120.58828599937979,37906800
2023-07-21,119.1978759765625,120.16123282072522,117.91671896913194,119.79377211980879,72937900
2023-07-24,120.69754028320312,122.15747226159789,120.15131222994013,120.82665465609776,29686100
2023-07-25,121.37287139892578,122.30643490674167,120.19102036900003,120.52869533917904,52509600
2023-07-26,128.384521484375,130.08279971943918,127.44103189219841,129.1790446188331,61682100
2023-07-27,128.51361083984375,132.32731856189324,127.9077887011387,130.76806570410903,44952100
2023-07-28,131.6718292236328,132.82388686420134,129.67560317302681,129.88415618727933,36591200
2023-07-31,131.81089782714844,132.61534707710356,130.87733419979864,131.82082387376738,28055500
2023-08-01,130.64891052246094,131.72151454614948,129.78485955227697,129.88418063298246,23166800
2023-08-02,127.50062561035156,129.19890394045316,126.68623518453411,128.56328842817067,26273300
2023-08-03,127.57013702392578,128.50370061366522,126.54719355540765,127.093429182837,20089500
2023-08-04,127.23246765136719,130.60917213492286,127.03384065014664,128.39445152048964,26147200
2023-08-07,130.6290283203125,130.70848214492673,128.13622708439468,128.2752674889027,22746300
2023-08-08,130.4999237060547,130.60917082877378,128.6526638200663,129.7252678010533,23535200
2023-08-09,128.7718505859375,131.1355376104998,128.11636785754888,130.75815086279874,24912900
2023-08-10,128.80165100097656,131.14548606346665,128.56328949903425,130.42049066551243,20857800
2023-08-11,128.67251586914062,129.0399765320376,127.2920379292445,127.77868690101995,19591100
2023-08-14,130.43040466308594,130.4701239992725,128.07664377163357,128.5036910412777,24695600
2023-08-15,128.89102172851562,130.51978732378583,128.3944466671007,130.20198716469977,19770700
2023-08-16,127.81842041015625,129.3875994550616,126.99411154985026,127.81842041015625,25216100
2023-08-17,129.03005981445312,131.08588780571418,128.40437039897924,128.91088665122683,33446300
2023-08-18,126.5869140625,128.3646536960574,125.51431010865518,127.6297171477929,30504800
2023-08-21,127.49067687988281,127.84821153156675,125.69307757573549,126.30883338188762,25248700
2023-08-22,128.19581604003906,129.38759312280365,127.4410274236173,127.62971321202188,22054900
2023-08-23,131.46327209472656,132.49615667103,128.98039687858824,129.28827098070656,27819700
2023-08-24,128.89102172851562,133.3304039899065,128.68246868911157,133.0324559222039,28500700
2023-08-25,128.99034118652344,129.86430297876237,126.37835154683795,128.6526586317479,26762900
2023-08-28,130.11257934570312,131.63209767191532,129.2485436731459,130.410527384116,20543300
2023-08-29,133.6482391357422,135.63453967615524,131.33419718764853,131.33419718764853,43075600
2023-08-30,134.94923400878906,135.3464879681579,133.15163483810414,133.85676288912396,28315800
2023-08-31,135.23724365234375,137.05471010485502,134.8598417751532,135.0783360036038,30053800
2023-09-01,134.7307586669922,136.51843204322375,133.9263094362553,136.51843204322375,21543700
2023-09-05,134.83999633789062,135.48553785563058,133.65814526775816,134.5122549790437,19403100
2023-09-06,133.53897094726562,135.59478380227105,132.7543738711037,135.08828269985364,18684500
2023-09-07,134.33348083496094,134.65129614991582,132.03930646435293,132.67492193999442,18844300
2023-09-08,135.44581604003906,135.7238968568323,133.92629759318024,133.98588417474053,23558300
2023-09-11,135.9821014404297,136.53826303725594,134.85983704766224,135.6046995764689,20763400
2023-09-12,134.41293334960938,135.9324518179946,134.26396689359834,135.32662963976946,18405500
2023-09-13,135.77357482910156,135.9622606435177,133.2310975066341,134.16466114901567,20749500
2023-09-14,137.15403747558594,137.74991845433803,135.30677764834488,136.6574624161584,24751000
2023-09-15,136.4588165283203,137.5711549358485,135.5451202625324,137.0348453999781,38919600
2023-09-18,137.26327514648438,138.20676466359907,135.67422900398907,135.67422900398907,21861300
2023-09-19,137.09445190429688,137.46192779650633,135.68418038774342,136.47870360736692,20353700
2023-09-20,132.82391357421875,137.1341818172231,132.70472524498294,137.1341818172231,29927500
2023-09-21,129.54649353027344,131.32422543245892,129.17903286515659,130.53964356941475,31503900
2023-09-22,129.35780334472656,131.12560934891957,128.71226182736228,129.86430445123077,26397300
2023-09-25,130.2119140625,130.27150064557682,128.0766473461499,128.94068310930032,20094600
2023-09-26,127.68933868408203,129.46707101615596,126.34857974531425,128.88111598839194,25718700
2023-09-27,129.64584350585938,130.0033782476404,127.68935120570096,127.68935120570096,22746500
2023-09-28,131.40370178222656,132.38692594507856,128.9009590113203,128.9506195526447,22513100
2023-09-29,129.96363830566406,133.1317899299604,129.46706319600682,132.36706001789275,30859800
2023-10-02,133.25096130371094,133.49924885517964,130.27151068608651,130.31124518071243,22288000
2023-10-03,131.52288818359375,133.34035506808445,130.93693313814498,133.02255484933656,22989400
2023-10-04,134.3136444091797,134.64138580810248,131.62220058096094,131.88041418877737,26752300
2023-10-05,134.14479064941406,134.56191187093788,132.53587719008763,134.14479064941406,19832600
2023-10-06,136.63758850097656,137.2136173603073,133.0920354756824,133.0920354756824,27597600
2023-10-09,137.4718475341797,137.98828987637378,134.68109792388904,136.00198949560956,19278100
2023-10-10,137.1143035888672,138.76293643045838,136.3893082421022,137.55129206777264,27786600
2023-10-11,139.58724975585938,140.1434113878539,137.63074284413509,137.63074284413509,25884300
2023-10-12,138.01806640625,140.25265406319966,137.31292318884599,140.08382036985333,24765500
2023-10-13,136.41909790039062,139.0410135497291,135.68416137323422,138.42526533908884,23420500
2023-10-16,138.147216796875,138.67358525879382,137.04481932574345,137.223579110876,28501900
2023-10-17,138.76292419433594,138.94168392670608,136.24031461737772,137.68039429249387,23515800
2023-10-18,137.01499938964844,139.75608830865576,136.4389704924277,138.4947833931161,23375000
2023-10-19,136.80642700195312,138.70334734005715,136.43896631236626,137.55128958091115,26066000
2023-10-20,134.67117309570312,136.9256131371894,134.1547307488375,136.38931869741043,26335700
2023-10-23,135.56500244140625,136.7170603116326,133.0324663979107,134.11499648001524,26317900
2023-10-24,137.85916137695312,138.40539695654883,136.47868335993908,136.8858785332984,44814300
2023-10-25,124.74959564208984,127.43109811714302,124.21329363165228,127.28213165074476,84366200
2023-10-26,121.44239807128906,123.47835889189942,120.43931430693331,122.42561458962273,57061100
2023-10-27,121.33314514160156,122.46533564236815,119.38657186700053,122.0382807989468,44566500
2023-10-30,123.60747528076172,124.54103891080094,121.90918931644462,122.36603750768184,28940100
2023-10-31,123.23007202148438,124.51123661998803,121.84959392373723,124.20335492205861,26292300
2023-11-01,125.5838394165039,125.62356633365168,122.87254362109682,123.2201446747215,30082400
2023-11-02,126.61671447753906,128.09650612590542,126.06055280075913,127.54034444912548,27124600
2023-11-03,128.2156982421875,128.64274555866953,126.9841865255831,127.1430941962939,26393100
2023-11-06,129.35780334472656,129.44718321865057,127.78862433400963,128.16602622960193,19052700
2023-11-07,130.0728759765625,131.00643953950896,128.99034595326017,129.8146623938561,29757300
2023-11-08,130.93692016601562,131.30439604894627,129.88418336716097,130.0728843319122,26425800
2023-11-09,129.34786987304688,131.64204409766117,129.17903618057173,131.0560891965532,23747800
2023-11-10,131.6817626953125,131.8903308755952,128.5235527815123,129.20882874695465,26913300
2023-11-13,131.18519592285156,131.68177098364296,130.35095345774636,130.8773218098438,18324800
2023-11-14,132.70472717285156,134.7704814431392,132.4067942311074,133.27083007070482,32395200
2023-11-15,133.6978759765625,134.1050711983341,132.6550803829433,133.94616352823743,23861500
2023-11-16,135.9920654296875,136.28008750757928,133.39995765428856,134.26399357942154,28013200
2023-11-17,134.38314819335938,135.12801082704152,132.73451526045164,135.06842424103002,37240600
2023-11-20,135.3166961669922,135.72389133009685,132.70470665032983,132.7742344288309,27815500
2023-11-21,136.03179931640625,136.24035239533424,135.0287229577867,135.35644922467353,22635300
2023-11-22,137.54136657714844,138.46498892143381,136.52834920416745,136.52834920416745,17813900
2023-11-24,135.75369262695312,137.1838312275909,135.05849057227317,137.08451015366452,12514300
2023-11-27,135.47561645507812,137.47184281366268,135.06842125397912,135.098214546326,23436500
2023-11-28,136.2601776123047,136.30983814339234,134.4923718163018,135.14785445641968,18730000
2023-11-29,134.06532287597656,137.3427057261724,133.9163412846164,136.6276516738554,23967200
2023-11-30,131.62217712402344,134.62149456857514,130.38073954068037,134.12491953523792,38988300
2023-12-01,130.95677185058594,131.20505937380074,129.77492081540063,130.95677185058594,31442300
2023-12-04,128.384521484375,129.1393101272626,127.02390307918412,128.9903436695441,36669900
2023-12-05,130.09275817871094,131.23487491745817,127.37152100730603,128.06672315933784,27384800
2023-12-06,129.12939453125,130.93692003300382,128.99035410803816,130.53966601076132,23576200
2023-12-07,135.9920654296875,137.61090529334692,133.7773444692806,134.11501193953129,56767100
2023-12-08,134.06532287597656,135.465652847458,133.11189221577686,133.28072589590536,32260100
2023-12-11,132.37698364257812,132.4266441834892,130.46021102841993,131.47322847678203,31138000
2023-12-12,131.61227416992188,132.0889820423679,130.36089516762976,130.90713083098981,29032800
2023-12-13,131.66192626953125,132.5855486603067,130.66877609230048,132.4663754884051,30104800
2023-12-14,131.0362091064453,132.80401483584677,128.8016216800851,132.4663474839984,38722400
2023-12-15,131.6917266845703,132.59548187748211,130.2814400208757,130.71842854717318,50847100
2023-12-18,134.86978149414062,136.21052498571453,131.5228554792147,131.72149761509291,32258000
2023-12-19,135.71395874023438,136.52834911810746,135.14787104828332,135.90265968897415,25476800
2023-12-20,137.39239501953125,140.72938029742406,137.12425537662756,138.01808449484534,49107200
2023-12-21,139.45816040039062,139.72631521899663,138.22664859852475,138.5345379146942,27488300
2023-12-22,140.52081298828125,141.01738803787043,139.74615712326357,139.8057437045314,26532200
2023-12-26,140.55062866210938,141.70267144337964,140.22288725867438,140.6201412999027,16780300
2023-12-27,139.4084930419922,141.10678660446538,138.9317851744244,140.6201375358573,19628600
2023-12-28,139.2694549560547,140.1732253182547,138.7927470804766,139.8156906230036,16045700
2023-12-29,138.73313903808594,139.39854778247008,137.82936881563538,138.67355245713628,18733000
2024-01-02,137.2235565185547,138.49478751777463,135.54513031454442,137.60095843072804,23711200
2024-01-03,137.96839904785156,138.67354223037847,136.14100664691048,136.30984033190612,24212100
2024-01-04,135.45574951171875,138.20677969396053,135.41603017325698,137.47184312113336,27137700
2024-01-05,134.80026245117188,136.22047501254474,134.22423355918488,135.81327982358127,22513900
2024-01-08,137.8889617919922,138.05779549726947,135.32663261243945,135.35642590429612,21404000
2024-01-09,139.98452758789062,140.52083722032057,137.20370379980002,137.55131245616278,24759600
2024-01-10,141.30540466308594,142.02047399624772,139.94479378255787,140.03417366063587,21320200
2024-01-11,141.10678100585938,144.2252720005351,139.67664230562886,142.50712641269087,24008700
2024-01-12,141.67288208007812,142.21911776763037,140.8485806793647,141.69274932897204,18785500
2024-01-16,141.5139617919922,143.36122156572418,140.48107721191207,141.02731279231332,22670500
2024-01-17,140.5009765625,140.86843733043412,137.9485729736841,140.38180337382323,20968600
2024-01-18,142.4971923828125,143.22220297005774,141.01740822196385,141.07699481176041,25746400
2024-01-19,145.37733459472656,145.44684723016536,143.39103414732446,143.74856883402762,34271900
2024-01-22,144.99000549316406,147.37355994991844,144.84102386819836,146.09240283912362,32200400
2024-01-23,146.03280639648438,146.17184682560335,144.50336167617556,144.89068966831204,21636100
2024-01-24,147.68142700195312,148.8235587881105,147.08554599350785,147.5225193379935,25233500
2024-01-25,150.82969665527344,152.0016216209964,148.5156551679274,149.04203864825777,29149100
2024-01-26,151.14752197265625,151.49511542850038,149.9755969292419,150.06499195893298,26115500
2024-01-29,152.45848083496094,152.72663563055315,150.39272661279912,151.01841608442453,27784300
2024-01-30,150.4225311279297,152.56772397377597,150.15437633934806,151.7533487161558,36331800
2024-01-31,139.1403350830078,143.01361441161524,138.91189964891637,142.63621252421888,71910000
2024-02-01,140.19309997558594,142.08007948375052,139.82562405970643,141.14651577713002,40466500
2024-02-02,141.40472412109375,141.64307045990364,135.56499635195138,138.3060853281464,62499600
2024-02-05,142.69580078125,144.4735479676609,141.80197174238813,141.84170623324798,38505400
2024-02-06,143.11293029785156,144.3642939230755,142.2091601025006,143.65915070969015,29128200
2024-02-07,144.54306030273438,144.62251413002522,142.94408801989272,143.7684044294837,25208900
2024-02-08,144.91053771972656,145.32765895182595,144.10608854680143,144.83108389157408,22563800
2024-02-09,147.97935485839844,148.41634329742809,145.17866449239943,145.6752395087028,26829500
2024-02-12,146.51943969726562,148.3170390352505,146.3605320370219,147.403342720252,21564100
2024-02-13,144.1458282470703,145.66534693376036,142.70576339975707,143.92733397735157,27837700
2024-02-14,144.94033813476562,145.5163670514816,143.10300425982211,145.0793785522992,22704200
2024-02-15,141.7920684814453,142.53693118494525,139.49789377934877,142.15952923247207,37590700
2024-02-16,139.55747985839844,142.20918925460697,139.1800779073113,142.0105622319239,31468900
2024-02-20,140.15335083007812,141.1067816862522,138.53452631527114,138.70336003010283,25144700
2024-02-21,141.57354736328125,141.7125877687313,139.71634640315906,140.4810762102682,23223300
2024-02-22,143.10301208496094,144.00678242548355,141.82185496436466,143.9372546357804,27191900
2024-02-23,142.97389221191406,143.6889463277241,142.44750872748762,142.68587020226934,19493800
2024-02-26,136.627685546875,141.46432235767185,136.44891062377383,141.1663742553499,53641800
2024-02-27,137.92868041992188,138.29614108006908,136.1509333875122,137.0745707916409,33099200
2024-02-28,135.44581604003906,137.06464040474236,134.48245922676676,136.95539328712587,37328600
2024-02-29,137.51158142089844,137.90883543358922,135.46567930816036,136.33965632120305,42133000
2024-03-01,136.2006072998047,137.91875276987585,135.98211306034264,137.4817642909518,31151100
2024-03-04,132.4365692138672,134.73074347371,131.00643067415544,134.73074347371,55999400
2024-03-05,131.76123046875,132.32733333640527,129.77493014030705,130.97664850689333,40194800
2024-03-06,130.4999237060547,132.6649989142327,129.95370324672783,132.20814317715227,35318600
2024-03-07,133.4595184326172,134.01568007704142,130.70848834758843,131.88039821915834,37738200
2024-03-08,134.48245239257812,137.14408726212994,133.08210718000322,133.29067535913302,39370400
2024-03-11,136.7269744873047,138.14718703170163,135.1975299783761,135.1975299783761,32437800
2024-03-12,137.55130004882812,138.42527705734926,136.09136807062538,136.09136807062538,27563400
2024-03-13,138.8324432373047,140.12354137422258,138.0379352954484,138.04786134072793,23347200
2024-03-14,142.1197967529297,142.6064306421688,139.49788088513242,140.22287627299642,42753400
2024-03-15,140.21290588378906,142.19920582935978,139.07078947679227,141.52387112191337,49475400
2024-03-18,146.6684112548828,151.10779377020597,146.16191011880434,147.59204880216603,69273700
2024-03-19,146.02285766601562,147.7707963825931,145.0793681039668,147.14512212588627,24070400
2024-03-20,147.72116088867188,147.84033405901792,145.73486056013707,146.98622431157722,21311500
2024-03-21,146.58897399902344,149.33998911224745,145.89375674311398,148.44616000360566,24755600
2024-03-22,149.73724365234375,150.54169280238673,147.959496500819,148.09853690756384,29211800
2024-03-25,149.04205322265625,149.3499273505425,146.8074653411052,148.91293885124503,19229300
2024-03-26,149.63792419433594,151.2170292210166,148.95264819861129,149.1910096788579,22149100
2024-03-27,149.8365478515625,150.60127765702768,147.88004097990625,150.1444219519495,22879200
2024-03-28,149.89614868164062,150.39272376928287,149.14136000396124,149.8167100033746,24485400
2024-04-01,154.42491149902344,154.67319901919112,149.5783342559848,149.65778808095055,31730800
2024-04-02,153.50128173828125,153.64032215037406,151.1077862868628,152.448545024683,24586000
2024-04-03,153.85882568359375,154.01773335108788,151.6838243418592,152.54787531244028,24705000
2024-04-04,149.49888610839844,153.7098480658943,149.41943228041532,152.4485431723482,34724700
2024-04-05,151.45538330078125,152.36907953234603,148.57525420463722,149.00230145399445,23459200
2024-04-08,153.789306640625,154.20642788470977,151.56464485123763,151.73347855806227,20702000
2024-04-09,155.52732849121094,157.4738944107065,154.12698306219647,155.02081218686513,31079500
2024-04-10,155.07044982910156,155.53723156984424,153.62044407299865,155.13997760737982,22838600
2024-04-11,158.31805419921875,158.5861938034954,155.38826456236959,155.8351790570979,27166400
2024-04-12,156.64956665039062,159.12251594365648,156.06361170739086,156.87800209265978,25353700
2024-04-15,153.7992401123047,158.1492428244945,153.5310853159215,157.77184090027146,27136500
2024-04-16,153.34237670898438,154.5838143933326,152.3790198535887,153.1338236644043,20779500
2024-04-17,154.40505981445312,156.0040322116408,153.5211567597512,154.55402627985885,21763100
2024-04-18,154.94134521484375,155.86498270934086,153.56086715021243,154.2759364510269,19883000
2024-04-19,153.0345001220703,155.28895516371534,151.25676805460682,155.13004750565483,32615600
2024-04-22,155.20950317382812,156.56018797481067,153.004708643485,153.252996179296,26446200
2024-04-23,157.1759490966797,157.8810924240559,155.2095158950794,155.88486592805785,21151600
2024-04-24,158.0399932861328,158.47698179082704,156.093412261841,156.41122759408012,22779100
2024-04-25,154.93142700195312,155.4180760423038,149.8365617646382,150.2934175121377,57109700
2024-04-26,170.7721710205078,173.51327522567658,168.48792256762354,173.17559264604492,64665300
2024-04-29,165.0118865966797,168.3886061017505,164.07833821221814,167.90195708676399,45610000
2024-04-30,161.6649932861328,166.94855978571303,161.48623351871703,164.47561025657222,33562900
2024-05-01,162.73757934570312,165.9752432828852,161.97284950974932,163.174567823391,33493200
2024-05-02,165.47866821289062,165.58791533230615,162.76737262737393,163.66120167403318,24294500
2024-05-03,166.09442138671875,166.80949064181576,161.93312021322197,166.41222152550228,34662400
2024-05-06,166.94854736328125,166.98826670166156,164.89271926535207,166.31293186931515,21871300
2024-05-07,170.0769500732422,170.5834511551503,167.23654025708916,167.34578737133612,28039700
2024-05-08,168.2197723388672,168.98448702093918,167.58415686761862,167.84237044353367,19569100
2024-05-09,168.79580688476562,169.5208022541753,167.02798566826758,168.22970402279228,15346700
2024-05-10,167.4947509765625,168.68654316784418,165.05161032382293,166.87900279086293,29799900
2024-05-13,167.98141479492188,168.12045520894833,162.87662365956714,163.13483724153954,31327600
2024-05-14,169.17318725585938,170.0769574991566,167.64374274389093,168.60709956951226,25127100
2024-05-15,171.32833862304688,171.4673790473729,169.34203818737842,169.4612265184219,26948400
2024-05-16,172.9868621826172,173.92042562055778,171.50707836033257,172.10295927623514,27867900
2024-05-17,174.85401916503906,175.0625873717897,172.50025807570452,172.98689196767407,24479300
2024-05-20,175.7081298828125,177.545463796925,174.8738873598263,174.9831344869509,22554400
2024-05-21,176.63174438476562,176.92967727960828,174.60570977423177,175.68823970353955,16989400
2024-05-22,175.17181396484375,175.93652860666225,174.00983020298898,175.4300275271668,17880000
2024-05-23,172.36119079589844,177.02899290763057,171.7652947159893,175.85708314588058,21024900
2024-05-24,173.7913360595703,174.5659919011814,172.46050344963948,173.78139486014746,16579400
2024-05-28,175.19168090820312,176.0557318461207,173.1755873101766,173.2550411409201,20572200
2024-05-29,174.69509887695312,175.62866240818713,173.52318901724615,174.22831711133614,23388700
2024-05-30,170.9310760498047,174.01977367898226,170.6132607219414,173.99990643242356,22931500
2024-05-31,171.31838989257812,171.8745515162422,168.27935305307957,170.6827744434952,37638900
2024-06-03,171.98379516601562,173.33447986238068,169.9875689882499,171.35810577486885,27459100
2024-06-04,172.5995635986328,172.6591653391861,170.71258431304562,172.09306246094846,26879600
2024-06-05,174.20848083496094,175.43997738858263,172.73860762269004,173.99991262434497,22068500
2024-06-06,175.51942443847656,175.93654568931473,174.54614151985416,174.69510798291464,23251000
2024-06-07,173.26498413085938,176.65161466995326,173.10607646773101,175.83723941639084,19661400
2024-06-10,174.01068115234375,176.0489786130458,171.77352873315732,173.9709162293112,23726700
2024-06-11,175.6114959716797,175.83024098669136,172.77777855811084,175.21378603801926,21540600
2024-06-12,176.7748260498047,179.3798763673248,175.10442600345212,177.23220616058933,27864700
2024-06-13,174.15985107421875,175.73083119433963,173.88145107031502,175.1044235997251,20913300
2024-06-14,175.780517578125,176.04898011878856,173.15559265736175,173.22520023784008,18063600
2024-06-17,176.2279510498047,177.34155090633004,173.81181865264895,174.45811620425826,19618500
2024-06-18,174.09022521972656,176.3770951589655,173.10588787052086,176.1285226693017,21869900
2024-06-20,175.2933349609375,176.27767237873894,173.99081745179618,174.36863734568504,20160100
2024-06-21,178.60430908203125,179.81734403821838,175.60154917641552,175.98932165115332,57759000
2024-06-24,178.1966552734375,179.85711775525812,177.64979273830824,179.13129030226546,18298000
2024-06-25,182.97918701171875,183.23769694925022,178.39550951673985,178.59436448189186,23130200
2024-06-26,182.8300323486328,183.4564246712397,181.43801738044664,181.58716996899867,19839000
2024-06-27,184.351318359375,184.98766337259178,182.9692558226232,183.128330697181,18848900
2024-06-28,181.1099090576172,184.07290404421764,180.92100671054675,183.2675316089203,29156600
2024-07-01,181.9451141357422,182.83003153925785,180.26476177845004,181.98487905618407,16006100
2024-07-02,184.18228149414062,184.51039900838427,180.52328647575237,181.01049402811313,17372500
2024-07-03,184.7589569091797,185.02740425917852,182.94934200477914,183.794494490313,10242100
2024-07-05,189.5116729736328,189.77018290215648,184.7390781179793,184.79873308828007,20967500
2024-07-08,187.9506378173828,189.08412781251326,186.70777531519326,188.81566526397512,21035900
2024-07-09,187.90090942382812,190.26732434616932,187.64239950011057,189.22331687033287,15121400
2024-07-10,190.08834838867188,190.65510095160317,187.9506310307602,188.06994097173066,15952500
2024-07-11,184.51040649414062,189.77019403012062,184.02319892201342,188.76596657062842,25625800
2024-07-12,184.0132598876953,186.0416048375752,183.43656985987124,184.02319732602172,22898400
2024-07-15,185.46490478515625,187.16514729008762,183.86409734476058,183.86409734476058,16474000
2024-07-16,182.86981201171875,187.6026268731147,182.32294948626117,186.29017198367765,18290700
2024-07-17,179.9863739013672,182.5019263017259,178.8727588226684,181.92523630082098,20734100
2024-07-18,176.6753692626953,181.45790110546142,175.4623344086959,180.89114859769444,25315700
2024-07-19,176.6455535888672,179.2605258026029,176.11858113676493,177.8585885239563,18881900
2024-07-22,180.63265991210938,181.65677738382092,179.20087990499312,179.5588249067722,24100300
2024-07-23,180.75196838378906,182.5615834257329,180.50339588934585,181.01049348787305,36352700
2024-07-24,171.64427185058594,175.18394149926314,170.83889945173814,172.60873427607675,49585200
2024-07-25,166.32481384277344,172.4297532433613,166.23533139265734,171.5348983988805,44852000
2024-07-26,166.0464324951172,167.1302049702039,163.12321742372532,166.19556992869366,41336900
2024-07-29,168.5619659423828,169.45682078589076,167.03076616819678,167.86596604502552,20293800
2024-07-30,169.317626953125,170.2522619227889,167.47819966988007,169.2679245935279,18959700
2024-07-31,170.5605010986328,173.25503369271337,169.03923860189312,172.25080624759823,25729100
2024-08-01,169.7849578857422,173.0561805386624,167.91570297002085,169.2778754387371,24531400
2024-08-02,165.7083740234375,167.54780140914312,163.729731473792,165.4896290110481,29130100
2024-08-05,158.34068298339844,163.49109791672467,154.04534288788773,154.61209547201543,53630700
2024-08-06,157.3861541748047,159.65314928592488,155.51689933013026,158.42022424958387,49004600
2024-08-07,158.03245544433594,162.04938037940107,157.5651379293703,160.32926292292882,25138600
2024-08-08,161.10479736328125,162.7553223007696,159.295197566251,159.59347241017986,25578800
2024-08-09,162.7354278564453,162.85473779079283,158.15175076145542,159.09632314224646,28602300
2024-08-12,161.3633270263672,163.9584246876545,160.91589953407535,163.41157729244355,15895300
2024-08-13,163.22265625,163.7893936822941,162.0394486775263,162.47693872163376,18551700
2024-08-14,159.45428466796875,162.28801727613745,156.8094847615611,161.4726921823738,40591100
2024-08-15,160.37896728515625,160.71702221708418,158.69861489126848,159.58353231405633,31524300
2024-08-16,162.02951049804688,164.11751046492753,160.20995791655398,160.54801288666866,24208600
2024-08-19,165.7183074951172,165.73819754258415,163.32206502598987,164.3362450435517,22416200
2024-08-20,166.2253875732422,167.67705758463384,165.8674577538516,165.9469875992757,18341500
2024-08-21,164.9029998779297,165.8972898617058,163.7297298078101,164.20698475195752,22902000
2024-08-22,162.8647003173828,166.63305263271135,162.3774927696954,166.30493512161505,22493300
2024-08-23,164.67430114746094,165.23110110715456,162.89452876403584,163.77944623676203,13955700
2024-08-26,165.21121215820312,166.59327450173777,163.52092237549783,165.42995714825835,14190400
2024-08-27,163.7396697998047,165.489629908409,163.5209399578905,164.89304984017366,11821900
2024-08-28,161.92010498046875,164.65440201459504,160.6076351216919,164.09758696527047,16407400
2024-08-29,160.85621643066406,165.02229347755116,159.3349541198825,163.3717686267491,19699800
2024-08-30,162.4470977783203,162.72549775211684,160.76674532612375,161.69142770230633,22123800
2024-09-03,156.4614715576172,160.9258390209967,155.5864915219748,160.7965764689147,38945300
2024-09-04,155.55667114257812,158.09211373684093,155.06947874092558,155.76547872304474,19353800
2024-09-05,156.3421630859375,158.5395354620366,155.08934799190737,155.40752807028366,18688700
2024-09-06,150.05824279785156,156.92879023916618,149.69036035813147,156.40181776056022,37912100
2024-09-09,148.0570831298828,152.72647853587526,146.57361962907186,151.84038676215715,39260500
2024-09-10,148.00729370117188,150.60583478404823,147.68869140831964,149.78942780245947,31118800
2024-09-11,150.49632263183594,150.83482618648793,146.8723049733769,149.26176148971257,29607700
2024-09-12,154.0108184814453,154.14025256310887,151.97976682488095,153.1247267348267,29621500
2024-09-13,156.76866149902344,157.6846203163579,154.5285403677334,154.7475604574538,29591200
2024-09-16,157.3660125732422,157.555180781803,155.91243141908913,156.61930555531896,18379800
2024-09-17,158.62046813964844,159.8450632259076,157.68459304265048,158.32178233544616,20715600
2024-09-18,159.1083221435547,159.7952950013501,157.9036433802318,159.1581056476457,23677300
2024-09-19,161.4281005859375,163.07084994877528,160.631610061734,162.9912145689688,26587700
2024-09-20,162.87173461914062,163.01111932448998,161.34845348503907,162.78213342108606,40896400
2024-09-23,161.13938903808594,164.7634066817542,160.9601714446055,163.62841256235794,24150900
2024-09-24,161.5774383544922,162.5033629705114,159.98447247380625,162.31419475907774,23332100
2024-09-25,160.7809600830078,162.09515653085376,160.59179187501798,160.7610436422212,18869200
2024-09-26,162.0155029296875,163.35958160947462,161.56748176702274,162.9215110711205,20319300
2024-09-27,163.2301483154297,164.97246466107853,161.91595188587257,162.09515427507873,21101300
2024-09-30,165.121826171875,165.42049684043894,162.5431862628529,162.60293558835963,20413900
2024-10-01,166.25680541992188,168.41727581616183,163.85738331840562,166.9537289039037,28338100
2024-10-02,165.13177490234375,166.78449014447432,164.00673142434744,165.6893137329917,17760200
2024-10-03,165.13177490234375,165.90834901528822,163.2002902448892,163.68814431760305,15073100
2024-10-04,166.3264923095703,167.49135340314862,164.75342774448882,167.32210163999207,19047400
2024-10-07,162.26441955566406,167.7402713838118,162.03543364200755,166.98361369115,22463100
2024-10-08,163.65826416015625,164.0067183055417,162.15488437084886,163.22019363060423,23072700
2024-10-09,161.14932250976562,164.11623398118573,159.03863564722693,162.73233765666967,31181800
2024-10-10,161.36834716796875,162.35400578293851,159.69571574787986,160.1636533052279,14144100
2024-10-11,162.52328491210938,163.1803755743368,160.53206610001598,161.41815786372578,15344300
2024-10-14,164.2357177734375,165.50013065374594,162.6825544952434,162.9215061976869,19016100
2024-10-15,164.73353576660156,166.94377462807307,163.90717815283185,165.06207349535208,20247200
2024-10-16,164.43484497070312,165.07203435121127,163.02108150744417,163.80760621471472,16406000
2024-10-17,162.21461486816406,165.6395132678631,162.04536311131514,165.00232392781157,21453400
2024-10-18,162.70248413085938,163.98682874694387,162.36398058545478,162.47349822564962,19757700
2024-10-21,163.34963989257812,163.77774463817317,161.90599412379152,162.234547045473,20946500
2024-10-22,164.41493225097656,165.0421710211609,162.26441234616763,162.26441234616763,16568100
2024-10-23,162.06529235839844,165.09195335667494,161.21901831548328,164.0365946612512,18280500
2024-10-24,162.00555419921875,162.61287650871054,160.3030555310391,162.11507183508752,22412500
2024-10-25,164.5443572998047,164.86294438388538,162.70247397291948,162.95137630402328,19828900
2024-10-28,165.98800659179688,168.0090925340481,163.23016419694298,168.0090925340481,32138600
2024-10-29,168.9349822998047,169.6319209779577,166.3563578043749,166.99354716216052,42169000
2024-10-30,173.69400024414062,181.22080390832798,173.29574742034202,179.88667593834245,68890800
2024-10-31,170.3587188720703,176.04365502457762,170.2492012343648,172.3698540409386,44769000
2024-11-01,170.53793334960938,171.5634250435861,168.13852615824928,169.3233038159809,31796500
2024-11-04,168.49693298339844,169.98038120201446,167.27232253666486,169.18389067835992,21492700
2024-11-05,168.99473571777344,169.78126041606683,168.09867819204692,168.6860840596654,18242100
2024-11-06,175.73500061035156,176.16312052987965,172.7382219408271,173.03690778369432,33695500
2024-11-07,179.95639038085938,180.28494329004707,176.41202351829116,176.63105879108298,25352900
2024-11-08,177.56692504882812,180.10571661492824,177.2981062836462,179.85681428948374,22006200
2024-11-11,179.5581512451172,179.7572700755342,177.68640081725277,177.79591845275107,17450400
2024-11-12,180.8225555419922,181.68874596023673,178.6023510648301,179.03047096199322,25134900
2024-11-13,178.09458923339844,180.16545831655327,177.75607053934468,179.66765368671196,23184000
2024-11-14,174.80909729003906,178.03487716000262,173.55463493650558,177.49723958577857,31007500
2024-11-15,171.73268127441406,173.37543080717415,170.46825300614364,172.96722728242463,32504600
2024-11-18,174.5303192138672,174.6697039128958,172.1408476982141,172.6585688053745,20135300
2024-11-19,177.33792114257812,178.08462810700078,172.7979452295751,172.95724636134872,23434900
2024-11-20,175.20733642578125,176.8998693526181,173.0169988032986,176.56136580560948,18997100
2024-11-21,166.89401245117188,173.3654737011491,162.98125951876034,173.13647259575043,59734400
2024-11-22,164.03659057617188,165.7291386198519,163.18036592990532,165.12181631038618,38604600
2024-11-25,166.9138946533203,167.88960271467622,164.88285834642193,165.36074656125817,33135300
2024-11-26,168.37745666503906,169.07439539763973,166.844224875264,166.89400838356315,20486700
2024-11-27,168.48696899414062,168.73587133599466,167.28229016697128,168.25798309333703,19266500
2024-11-29,168.20819091796875,168.68607913599834,166.4260569265254,167.76016976407897,14257200
2024-12-02,170.737060546875,171.3244664436512,167.82988293769444,168.02900177825322,23789100
2024-12-03,170.58770751953125,171.92182044267236,170.0998686460895,170.73705804160417,22248700
2024-12-04,173.60440063476562,174.14203820088363,170.3089360574109,170.39853725449947,31615100
2024-12-05,171.88198852539062,175.2869705000764,171.57335207382965,174.5900470301335,21356200
2024-12-06,173.9429168701172,174.3112874696141,171.10542413534188,171.2746759024565,21462400
2024-12-09,174.80010986328125,175.68721709610546,173.08569798716198,173.3947033817355,25389600
2024-12-10,184.5682830810547,185.75441857624554,180.46167600322863,182.2558298947272,54813000
2024-12-11,194.7650146484375,194.97433891650417,184.24931049684508,184.7078071462048,67894100
2024-12-12,191.3362274169922,194.54574994637335,191.08703979883614,194.36634216171947,34817500
2024-12-13,189.2031707763672,192.10370292043277,189.0237477931648,190.3892909926089,25143500
2024-12-16,196.02093505859375,198.3533273175459,191.99405497177682,192.2432425689094,44934900
2024-12-17,194.7849578857422,200.76546017959686,194.34638528405358,196.60901291047233,43504000
2024-12-18,187.78778076171875,196.35984080968126,187.1299370164791,194.5856262059038,34166100
2024-12-19,187.89739990234375,192.40271566857012,187.76783270124025,191.00727128528027,32265200
2024-12-20,190.78799438476562,192.263180692445,184.61810708296375,185.1762848637503,63462900
2024-12-23,193.99752807617188,194.46600196365952,189.53207549795792,191.99405011204706,25675000
2024-12-24,195.47271728515625,195.47271728515625,193.15028707875092,194.20684004621347,10403300
2024-12-26,194.96437072753906,196.11062752392144,193.74833410760493,194.5158209114561,12046600
2024-12-27,192.1335906982422,194.68528435280825,190.0304468655215,194.31647638353087,18891400
2024-12-30,190.61856079101562,191.92430144195808,188.50543950298513,189.1832377151322,14264700
2024-12-31,188.68484497070312,191.3362045613809,187.897403674237,190.45905938330324,17466900
2025-01-02,188.81442260742188,191.37607845803336,186.89070161917323,190.03045932269364,20370800
2025-01-03,191.166748046875,192.58214696582633,189.36263229859958,190.74811471378376,18596200
2025-01-06,196.23025512695312,197.57587431060844,193.22007973541784,193.34964695093382,29563600
2025-01-07,194.85475158691406,200.34684110917007,193.96764429186354,196.4694824542812,26487200
2025-01-08,193.3197479248047,195.6521403419425,191.7548576174653,191.944242637603,24864800
2025-01-10,191.41592407226562,195.88137644043036,189.69155028344466,193.6685895212531,26665200
2025-01-13,190.3892822265625,190.55872796393814,186.75114946876002,189.45234965681547,21823700
2025-01-14,189.04368591308594,191.3561389494114,187.69806677944703,190.61855338184407,17174900
2025-01-15,194.91453552246094,195.72190087885951,191.23652426846428,192.462522950062,21776000
2025-01-16,192.28311157226562,194.8447520350506,192.1834304546711,193.50911023082176,17815400
2025-01-17,195.3630828857422,196.58908164731528,193.12039443424771,195.89135939313564,27735100
2025-01-21,197.4064178466797,201.63262976778796,197.22699486763423,198.4231075033933,29971300
2025-01-22,197.72537231445312,199.82851627036754,196.88810562725033,198.41313252508547,26200600
2025-01-23,197.33663940429688,199.64910762651434,194.5656745164631,197.49612311807823,26951400
2025-01-24,199.5594024658203,200.24714745985025,197.35657740975262,197.45625853253006,23877500
2025-01-27,191.18670654296875,196.24023876132983,190.11021420279943,191.7847629127979,41728900
2025-01-28,194.6653594970703,194.84476727172617,190.06036222791346,192.1236428916819,24157900
2025-01-29,194.77499389648438,196.15049906796548,192.80141720875304,194.92450036864417,18218300
2025-01-30,200.21725463867188,200.74553115150178,197.0276562944523,197.35658576249432,24354700
2025-01-31,203.3570098876953,204.81225687597484,201.1442229024234,201.3435699298202,32001100
2025-02-03,200.57606506347656,203.08788015886492,199.44974753049775,200.03782657620917,27838300
2025-02-04,205.7093505859375,206.37717152288226,202.1509443892273,202.7290614411804,43856400
2025-02-05,190.70826721191406,192.12365103908184,187.41898765422886,190.4491175677977,70373900
2025-02-06,190.97738647460938,191.4757616843978,188.1067403992826,188.88420450981621,29297400
2025-02-07,184.7377166748047,190.5587353980611,182.64454994685505,190.42916818748597,49315000
2025-02-10,185.8640594482422,187.58843348505013,185.2560410594202,186.74120471977687,23105600
2025-02-11,184.71780395507812,186.332534845636,183.6811749516247,184.42873780232077,21239500
2025-02-12,183.01333618164062,184.50846173776452,181.23912173844323,182.62460414541655,22072600
2025-02-13,185.53512573242188,185.6746701852319,182.54487442146038,183.72104784589166,21402500
2025-02-14,184.62806701660156,185.79426312591357,183.7210357377169,184.45862127858567,20448400
2025-02-18,183.17282104492188,185.35570680408472,181.14941899629233,184.99687605998665,29916700
2025-02-19,184.66795349121094,184.85733850337527,182.99340488662492,183.47185603605197,19549400
2025-02-20,183.9602508544922,184.7078136523139,182.12623377404523,184.1994764251086,20441500
2025-02-21,179.076171875,184.73770657345142,178.49805484578573,184.54832157311532,35199200
2025-02-24,178.66751098632812,182.52493020594952,178.30868023037235,181.3986125849473,29854200
2025-02-25,174.84994506835938,178.15916354017307,174.1223215693703,177.46142612582926,41913400
2025-02-26,172.16868591308594,175.50780571224857,171.0224290795126,174.50109332110333,35431300
2025-02-27,167.9524383544922,173.99274319952536,167.3942605774098,173.4246033939964,39991000
2025-02-28,169.72665405273438,170.05558350433006,166.22806568264113,168.13184735576206,48130600
2025-03-03,166.46728515625,172.80661854958163,165.39079285822712,171.37129548555112,40770500
2025-03-04,170.3645782470703,172.72687185175528,165.2612210149662,165.69979362882594,45388000
2025-03-05,172.457763671875,173.21528852342593,168.51062527668861,169.96588759666264,30954900
2025-03-06,171.78994750976562,174.24194511914502,169.9459530788933,169.97585437589512,28302000
2025-03-07,173.29501342773438,174.40140690524717,169.7166833840427,170.7034564793899,27385800
2025-03-10,165.52139282226562,168.10596109578225,163.34598174937858,167.906369246359,43604000
2025-03-11,163.6952362060547,166.39954739419704,161.03084947828359,164.56341811184632,39587400
2025-03-12,166.7587890625,167.2876739545911,163.1863112454469,166.2299041704089,28372400
2025-03-13,162.41793823242188,165.78086619728484,161.76931036259103,165.69104376890482,31756200
2025-03-14,165.14219665527344,166.14009496437765,162.10857726863358,162.92686119092454,31995900
2025-03-17,163.9447021484375,165.95048744156196,163.32601008577632,164.68315235917976,31184300
2025-03-18,160.3323211669922,163.90479897801157,156.39062585030788,163.3359896270705,42074800
2025-03-19,163.54556274414062,165.52139724714462,160.66163707283374,161.42003435006743,34275600
2025-03-20,162.45785522460938,164.5434591319573,160.62172590598882,161.23044451155243,28138500
2025-03-21,163.64535522460938,163.89482981108262,160.55186426165298,160.87119904116452,36625800
2025-03-24,167.3275909423828,167.96626051519195,164.79293578885944,166.71888755590038,30879100
2025-03-25,170.2015380859375,170.27139827842032,167.96625555401127,168.62485688475655,24174400
2025-03-26,164.7130889892578,169.2535292452292,164.49355014774926,168.64481068044992,28901600
2025-03-27,161.89903259277344,165.0723420135672,161.6595315089187,164.2840090226325,24508300
2025-03-28,154.0056610107422,161.4799254652425,153.30713518011623,160.15271877369267,48669300
2025-03-31,154.31500244140625,155.2131048785596,150.34337121509955,152.78821916221315,54603500
2025-04-01,156.73989868164062,157.7677327478603,153.29713724683472,153.29713724683472,30672900
2025-04-02,156.70994567871094,158.07707673307476,154.37486726125917,154.8239184605045,25041700
2025-04-03,150.4032440185547,152.4589122309581,150.07393572821033,150.79242377501242,46883400
2025-04-04,145.29400634765625,150.75251155896433,145.0744674917677,147.6989298070746,62259500
2025-04-07,146.4415740966797,152.52875975799608,140.2346455130815,141.25250603263527,76794100
2025-04-08,144.39588928222656,151.92005142460044,142.72940085243894,150.9021908364876,52200200
2025-04-09,158.37644958496094,159.21468052208976,143.6075513553121,144.11647401855745,70406200
2025-04-10,152.4988250732422,157.38852063839548,149.6148843769422,156.21099272991097,48022000
2025-04-11,156.80975341796875,157.33863834997953,152.4988402629555,152.5786587351614,33636200
2025-04-14,158.73570251464844,161.3801271292812,157.22886621670372,159.66374069863323,30333000
2025-04-15,155.9814910888672,159.3144679755199,154.8838120227522,158.79557178865275,27551500
2025-04-16,153.00775146484375,155.56236873164264,151.1915692108639,152.77823911437727,28187400
2025-04-17,150.84231567382812,154.3549068428226,148.1879024535801,153.96572710201332,33046600
2025-04-21,147.35964965820312,148.63695834662283,145.7929571438361,148.5671133790027,26049100
2025-04-22,151.1516571044922,151.8701451004615,148.22780716014373,148.57707765672205,26971800
2025-04-23,155.0235137939453,157.19892487451833,153.48674181759014,155.28296188170384,31128800
2025-04-24,158.9452362060547,159.2545822353842,155.4625657406937,155.82180972917425,45894000
2025-04-25,161.61962890625,165.75092760525033,160.70154899383132,164.72309348828867,56034000
2025-04-28,160.2724609375,162.80711614692783,158.26669065633925,162.08862808839123,29745800
2025-04-29,159.8234100341797,160.4021929284458,157.1889588897359,159.98307743122987,26809000
2025-04-30,158.4662628173828,158.93527626532435,155.07339925298186,157.6479788523033,34981100
2025-05-01,160.96099853515625,161.60962633825872,158.57602221167295,160.11277889105028,30203200
2025-05-02,163.68527221679688,164.62329914267073,161.5298080330937,163.0665800855699,25715000
2025-05-05,163.86489868164062,165.0424114540437,162.37802462287598,162.65743494943675,21341800
2025-05-06,162.88693237304688,164.4536399852438,160.85122657670271,161.82916262997554,21277200
2025-05-07,151.06185913085938,164.6532299684301,147.52929039730043,163.73516530126716,127490100
2025-05-08,153.9557647705078,155.6022910487671,152.57866009847342,154.67425284055003,57498700
2025-05-09,152.42897033691406,154.7241395477239,151.88012320852386,153.84598414229956,32435300
2025-05-12,158.12696838378906,158.76562267487037,155.9216064819518,157.15900583261154,44138800
2025-05-13,159.19471740722656,160.23254018461523,155.83180494907126,158.45626717049694,42382100
2025-05-14,165.02244567871094,166.64902486582008,159.27455664998826,159.6238271640479,48755900
2025-05-15,163.61541748046875,165.8606887311189,162.02874755770196,165.49145599350894,33146700
2025-05-16,165.84072875976562,168.99409119137468,165.27191939302787,167.3774855147182,42846900
2025-05-19,166.1899871826172,166.2897831099107,163.87487089127026,164.16425471766837,30426100
2025-05-20,163.6353759765625,168.1458810248048,162.55764387335125,166.08022402030295,46607700
2025-05-21,168.20574951171875,172.77612594690945,163.21625758160502,163.34598924433868,73416000
2025-05-22,170.51089477539062,176.3985044728025,170.35124260366135,171.48884617085898,74864400
2025-05-23,168.11593627929688,169.60281030274047,167.5371534089642,168.70469265151235,35211400
2025-05-27,172.53662109375,172.80605791558804,169.6427219280191,169.80238932071725,37995700
2025-05-28,171.9977569580078,174.90164475593082,171.5487057543554,172.79607866823434,34784000
2025-05-29,171.49880981445312,174.0534271359213,170.27139911620654,173.63431165912297,29317300
2025-05-30,171.3790740966797,171.84808755569938,167.0881079964574,170.98989433565492,52639900
2025-06-02,168.6747589111328,169.5129898808019,167.03820620651766,167.4872574240746,38612300
2025-06-03,165.83074951171875,168.12591888686956,164.9326470385699,167.13800921175007,45084900
2025-06-04,167.69680786132812,167.8664487405706,166.01035734329753,166.38956355967437,26900800
2025-06-05,167.8564910888672,170.57076063975376,167.23778374687686,169.98200425737,36379100
2025-06-06,173.31497192382812,174.1332558504034,170.47097086402252,170.47097086402252,35731800
2025-06-09,175.93264770507812,176.31231302715454,174.21418342483807,174.38402968862113,28935900
2025-06-10,178.44041442871094,180.94816607880887,174.7537092641778,176.04254985052344,61766100
2025-06-11,177.1915283203125,180.20881870896204,176.59205837486806,179.60936400867158,31646800
2025-06-12,175.54299926757812,176.56209210971562,174.59385119423692,176.02256609234394,20941900
2025-06-13,174.513916015625,176.9717245091389,172.2359546046385,172.28591297451578,27663100
2025-06-16,176.61204528808594,176.78189154925582,174.49392932110277,174.57385966373928,27389200
2025-06-17,175.7927703857422,177.20151408744945,174.4239994778565,175.5429937823964,24973000
2025-06-18,173.16513061523438,176.4022256326498,173.04522747911062,175.85271405711507,28707500
2025-06-20,166.4910888671875,174.18420505107113,165.312150640077,173.79455416726213,75659900
2025-06-23,165.04238891601562,167.19046158134836,161.85523705575486,166.1214256591391,57671000
2025-06-24,166.62098693847656,168.06968824197463,165.98155942026995,166.77084680791774,40524300
2025-06-25,170.52748107910156,172.2059878377665,167.40028826627824,167.48021861146748,35479000
2025-06-26,173.38491821289062,173.53479332021178,169.78814431449064,172.275909497391,31796700
2025-06-27,178.37046813964844,178.52032800475203,171.57654142712704,173.3849216100962,108140200
2025-06-30,176.07252502441406,181.0680572633364,174.4240054836315,180.6184624108643,63378900
2025-07-01,175.682861328125,175.9326379218849,173.37492804100808,175.5829598377131,35904500
2025-07-02,178.48036193847656,178.70016656024188,174.91356011283625,175.38312608280393,29128900
2025-07-03,179.36956787109375,179.50944215502514,176.89178830781478,178.34048951535135,21689700
2025-07-07,176.63201904296875,179.13978593904164,175.52301029591823,178.89999490759814,34175600
2025-07-08,174.20419311523438,177.7909814447806,172.6555751408571,177.691079951528,40442500
2025-07-09,176.46217346191406,179.27966092294577,172.61562283881983,175.09340252603724,43025600
2025-07-10,177.46127319335938,178.27054693495992,174.22417822695712,175.47306122205768,29252400
2025-07-11,180.02899169921875,181.26787392679407,176.32230010231936,176.6320206592132,34282900
2025-07-14,181.3977508544922,183.5058659137902,179.5194259926096,180.84823929966979,32536600
2025-07-15,181.83737182617188,184.05538933948807,181.4377353487915,182.6466456022175,33448300
2025-07-16,182.80650329589844,184.1652886399438,181.86734081977315,183.07626629854497,33104200
2025-07-17,183.41595458984375,183.89552139280437,180.31871865434178,181.9772389358081,31992600
2025-07-18,184.89462280273438,186.25340807875182,183.54583834733725,185.2343153104504,34014500
2025-07-21,189.9301300048828,190.11994741222205,185.98364758555138,186.08356432217508,45803100
2025-07-22,191.1690216064453,191.47874216205827,187.29249900550474,191.328882294876,44660200
2025-07-23,190.0600128173828,192.35796066638142,189.01094801184496,191.32888225818212,58681900
2025-07-24,191.99827575683594,197.7731095502254,190.8293230940032,196.85393348830104,74881700
2025-07-25,193.0073699951172,194.1563515198352,191.08908750710862,191.80844534575607,39785900
2025-07-28,192.4079132080078,193.87660084223495,190.6694625759226,193.47694913334269,38139500
2025-07-29,195.5750732421875,195.7449194968108,191.90835466905762,192.2580327538162,41389200
2025-07-30,196.35438537597656,197.42343657324804,194.51603320447785,195.42522371418744,32445400
2025-07-31,191.728515625,195.8148724632573,190.91924186518514,195.53512388567077,51329200
2025-08-01,188.96099853515625,190.65947636814528,187.65217158882444,188.86108179697592,34832200
2025-08-04,194.86570739746094,195.0955128481526,189.95010569222902,190.11995195242244,31547400
2025-08-05,194.4960479736328,197.68319994217242,193.71674617353807,194.5360207683401,31602300
2025-08-06,195.91476440429688,196.45429038129967,193.49692881868756,194.32618893507828,21562900
2025-08-07,196.34439086914062,197.36346840439734,194.15634544876863,196.88390160867925,26321800
2025-08-08,201.24000549316406,202.42894452614235,196.99380337261508,197.04376174071106,39161800
2025-08-11,200.8203887939453,201.29995560301907,198.8921207366326,200.76044484845534,25832400
2025-08-12,203.15829467773438,204.31726177746063,200.41075203769518,201.19005382143942,30397900
2025-08-13,201.779541015625,204.3472366094903,197.33350521250262,203.94760013613634,28342900
2025-08-14,202.75865173339844,204.2573113073674,201.05017311120625,201.31993610316366,25230400
2025-08-15,203.71778869628906,206.25552748751167,201.10013480886678,203.66784557245273,34931400
2025-08-18,203.3181610107422,205.08658368227987,202.30906899226142,204.01753247133055,18526600
2025-08-19,201.389892578125,203.2582167438639,199.7813305987235,202.84857944432244,24240200
2025-08-20,199.1418914794922,201.10013145192505,196.4243208994537,200.55061989251405,28955500
2025-08-21,199.57150268554688,202.29905887913935,199.25178132101763,199.57150268554688,19774600
2025-08-22,205.9058380126953,208.353645687597,201.12012497867053,202.54883983863883,42827000
2025-08-25,208.30369567871094,210.3318804204715,205.0965574752735,206.2455237198617,29928900
2025-08-26,206.95489501953125,207.66426725745978,205.5161793925774,207.32455950181813,28464100
2025-08-27,207.29458618164062,208.72331622375268,205.46621968804243,205.51617805576655,23022900
2025-08-28,211.4508819580078,212.0303655105851,206.71511204255788,207.0648053873533,32339300
2025-08-29,212.71974182128906,214.45817715575657,210.01215683893824,210.3218773757616,39728400
2025-09-02,211.16114807128906,211.4908397743193,206.01574085860813,208.25374472878948,47523000
2025-09-03,230.45388793945312,231.1033010071871,224.5891229524102,226.00786746880672,103336100
2025-09-04,232.09242248535156,232.16235200669,225.90795135774627,229.4447813472723,51684200
2025-09-05,234.79000854492188,235.54932393536487,231.69277254690593,231.9925075217388,46588900
2025-09-08,234.0399932861328,238.1300048828125,233.6699981689453,235.47000122070312,32474700
2025-09-09,239.6300048828125,240.47000122070312,233.22999572753906,234.1699981689453,38061000
2025-09-10,239.1699981689453,241.66000366210938,237.85000610351562,238.89999389648438,35141100
2025-09-11,240.3699951171875,242.25,236.25,239.8800048828125,30599300
2025-09-12,240.8000030517578,242.0800018310547,238.0,240.3699951171875,26771600
2025-09-15,251.61000061035156,252.41000366210938,244.66000366210938,244.66000366210938,58383800
2025-09-16,251.16000366210938,253.0399932861328,249.47000122070312,252.0800018310547,34109700
2025-09-17,249.52999877929688,251.60000610351562,246.27999877929688,251.22000122070312,34108000
2025-09-18,252.02999877929688,253.99000549316406,249.8000030517578,251.67999267578125,31239500
2025-09-19,254.72000122070312,256.0,251.80999755859375,253.25,55571400
2025-09-22,252.52999877929688,255.77999877929688,250.3000030517578,254.42999267578125,32290500
2025-09-23,251.66000366210938,254.36000061035156,250.47999572753906,253.0399932861328,26628000
2025-09-24,247.13999938964844,252.35000610351562,246.44000244140625,251.66000366210938,28201000
2025-09-25,245.7899932861328,246.49000549316406,240.74000549316406,244.39999389648438,30926400
