Price,Close,High,Low,Open,Volume
Ticker,META,META,META,META,META
Date,,,,,
2012-05-18,37.995765686035156,44.72428659023635,37.76717534286625,41.792360377722574,573576400
2012-05-21,33.82149887084961,36.43538606880356,32.79781083674485,36.30618150999695,168192700
2012-05-22,30.810068130493164,33.3841997807906,30.75043627134871,32.41020453355985,101786600
2012-05-23,31.803937911987305,32.300874441862106,31.167859760359534,31.17779871843652,73600000
2012-05-24,32.8276252746582,33.00652272503711,31.57534691333061,32.748117403003555,50237200
2012-05-25,31.714488983154297,32.74811786863476,30.91939129867887,32.698424974228445,37149800
2012-05-29,28.663297653198242,31.495836100271205,28.47446125121676,31.287121783204867,78063400
2012-05-30,28.017282485961914,29.36894857750882,27.689304447378756,28.524157981165423,57267900
2012-05-31,29.41864013671875,29.488210940947624,26.665611569310013,28.375072386298918,111639200
2012-06-01,27.550161361694336,28.971400183150042,27.222183317947824,28.7129929523706,41855500
2012-06-04,26.735183715820312,27.480588476832004,26.278003038984394,27.03334675762239,35230300
2012-06-05,25.711496353149414,27.5899157902568,25.592230754377372,26.536410899697024,42473400
2012-06-06,26.645734786987305,27.00352967612063,25.363639593696767,25.91026898928395,61489200
2012-06-07,26.1487979888916,27.182426814448583,25.989778461215497,26.83457088678374,26159500
2012-06-08,26.933963775634766,27.58991992810321,26.27800762316632,26.38733238480262,38034000
2012-06-11,26.844511032104492,27.898015923492387,26.675552539514346,27.013469524694642,28219600
2012-06-12,27.232118606567383,27.599852434261276,26.79481397528167,27.311628367195492,15816800
2012-06-13,27.102922439575195,27.927837114288895,26.933963920866958,27.490532378397692,17102800
2012-06-14,28.116670608520508,28.146485587977967,27.212244353173865,27.480590542265865,16855000
2012-06-15,29.82613182067871,29.915580550918445,28.176302633954148,28.335322177566454,43563800
2012-06-18,31.217552185058594,31.883449096553747,29.229806095487657,29.776435511854707,42978900
2012-06-19,31.714488983154297,31.982835162538155,30.51190349842741,31.346757014957813,30849000
2012-06-20,31.406389236450195,31.734367272108344,30.959145598887975,31.724428313977803,15553600
2012-06-21,31.64491844177246,32.30087451095737,31.316940407180006,31.47595994542711,21875300
2012-06-22,32.847503662109375,33.24505440006592,31.863571462220392,32.21142551443876,74834000
2012-06-25,31.86357307434082,32.8176903441198,31.356695668234792,32.65867079915664,24352900
2012-06-26,32.89719772338867,33.23511472524023,32.30087538662708,32.48970990862576,24858700
2012-06-27,32.03252410888672,32.6984209440979,31.704546117506595,32.261114428041495,28568000
2012-06-28,31.167858123779297,31.99277074856755,30.71067555455603,31.764180411787077,17713300
2012-06-29,30.909452438354492,31.793998852086812,30.571535447468847,31.724428041433136,19526900
2012-07-02,30.58147430419922,31.53559152542428,30.362821019255005,31.05853291481175,14122000
2012-07-03,31.008840560913086,31.24736987037704,30.611289816144055,30.720616460521782,8763600
2012-07-05,31.277185440063477,31.43620498270982,30.82994368724406,31.128104855790337,10032100
2012-07-06,31.53558921813965,31.704547700660964,31.068469599715907,31.24736703952227,10945600
2012-07-09,31.972896575927734,32.67854937530161,31.794001005982825,31.903325760560957,17785200
2012-07-10,31.277185440063477,32.280997487807575,30.969085313143992,32.23130459160402,14269500
2012-07-11,30.780248641967773,31.366633911521955,30.362821872042126,31.28712414085338,13030300
2012-07-12,30.621227264404297,31.20761249879542,30.41251483978831,30.511902521079787,11300700
2012-07-13,30.531780242919922,30.879636199001485,30.372760702253345,30.849821219915533,8108300
2012-07-16,28.076913833618164,30.313128209747045,28.037158001457914,30.313128209747045,24672100
2012-07-17,27.917892456054688,28.41482895132706,26.983651314157193,28.305502315755206,30438600
2012-07-18,28.931644439697266,29.110541887969074,27.977525347468404,28.136544880229486,16841800
2012-07-19,28.82231903076172,29.31925556577485,28.454585160760526,29.229806837819492,13685100
2012-07-20,28.58378791809082,29.289436843372282,28.544032087879984,28.822317212368876,11869100
2012-07-23,28.573850631713867,28.822318898076595,27.83838479075968,27.94771143457126,12390700
2012-07-24,28.27568817138672,29.269561191180102,27.927832235326566,28.643420127139358,11539800
2012-07-25,29.160234451293945,29.30931502461363,27.907954223216386,28.21605432749871,17230200
2012-07-26,26.68549156188965,28.05703552601812,26.566225962735597,27.579976920726686,64597400
2012-07-27,23.564727783203125,24.389644188247303,22.143490993814915,23.047915266908458,123102300
2012-07-30,23.008161544799805,23.892709879737964,22.888897836138742,23.852954046409295,29285900
2012-07-31,21.576984405517578,23.22681551956962,21.477598610599255,23.22681551956962,56179400
2012-08-01,20.7520694732666,21.447781400839585,20.712315535050646,21.36827162874517,44604400
2012-08-02,19.917217254638672,20.71231495324877,19.698563965774063,20.642744141578195,56374500
2012-08-03,20.960783004760742,22.024226876553154,19.778073531576105,20.235256125306794,80647000
2012-08-06,21.78569793701172,22.01428828990276,21.169495794802774,21.25894452344056,27778900
2012-08-07,20.593050003051758,22.312451911221387,20.374398602922312,22.063983635575994,36782900
2012-08-08,20.593050003051758,21.020415740467836,20.09611345176097,20.583111044546442,29537400
2012-08-09,20.88127326965332,21.040292807993083,20.483724423803913,20.622866045935602,15610700
2012-08-10,21.676372528076172,21.68631148689858,21.00053849345306,21.278823653492744,25794700
2012-08-13,21.46765899658203,22.31245149723453,21.268883621488808,22.014288434594693,24973100
2012-08-14,20.255130767822266,21.467657032779925,20.1259281127945,21.278820633281843,39308800
2012-08-15,21.070110321044922,21.27882276056956,20.275010709580265,20.513540024320914,47861100
2012-08-16,19.74825668334961,20.35451790401481,19.569359246029233,20.314763971089306,157565300
2012-08-17,18.93328285217285,19.95697288467706,18.883589952667716,19.887402067104826,129293400
2012-08-20,19.887399673461914,20.006663376184733,18.63511942089808,18.933280573367497,101186600
2012-08-21,19.04261016845703,19.857585880938593,18.973039348464116,19.46003698407718,70640600
2012-08-22,19.320890426635742,19.410339142621357,18.8438299761584,19.241380667499882,49892200
2012-08-23,19.320890426635742,19.609112592629913,19.241380667499882,19.380522272072092,32813700
2012-08-24,19.291074752807617,19.55942091741131,19.132055224671127,19.40040138927482,29622200
2012-08-27,19.032669067382812,19.410341898649655,18.982976171740447,19.370586065605796,20704000
2012-08-28,19.221508026123047,19.261261968764106,18.83389808097486,18.982978683288568,25417000
2012-08-29,18.982975006103516,19.26125823767291,18.953158133151504,19.20162638743123,16124700
2012-08-30,18.97303581237793,19.330830700700766,18.94321893979692,19.151933256539348,30647500
2012-08-31,17.9493465423584,18.585426575972058,17.919531564430923,18.565548660245483,58764200
2012-09-04,17.621368408203125,18.158060755577775,17.44247095907824,17.969224348650133,46622400
2012-09-05,18.466163635253906,18.635122151924527,18.068614741812045,18.158063479794297,60781800
2012-09-06,18.843830108642578,19.14199312924497,18.605300829557986,18.625178743397253,46066500
2012-09-07,18.863710403442383,19.301015084791437,18.664936926947313,18.982976005869375,36371700
2012-09-10,18.694751739501953,19.082363522194726,18.436344516260913,18.943220004657288,24797800
2012-09-11,19.310955047607422,19.46003563665017,18.73450871315627,18.80407952833205,50508200
2012-09-12,20.801761627197266,21.03035195601735,20.155744573910734,20.632803145968886,121584000
2012-09-13,20.583110809326172,21.348393544527468,20.483725016733782,20.831579082132112,65041600
2012-09-14,21.86520767211914,21.944717442373076,20.771946909380695,21.000537261902952,72819800
2012-09-17,21.388147354125977,22.610610685690048,21.36826943922356,22.531100921742684,50667600
2012-09-18,21.736007690429688,21.845332453239926,21.239071091062105,21.467661471812146,36760500
2012-09-19,23.147302627563477,23.22681239018317,21.636615242127018,21.85526661541561,78782800
2012-09-20,22.45159339904785,23.097610532567263,22.40190050249347,22.878959133800496,57248900
2012-09-21,22.719938278198242,23.097609198927564,22.46153106057823,22.829263023438045,51218100
2012-09-24,20.66262435913086,21.845332080572327,20.2352585876593,21.646558581613856,79106500
2012-09-25,20.155746459960938,21.080046818940584,20.096112711126818,21.070109756463996,46291700
2012-09-26,20.49366569519043,20.652685251479987,19.678688099628133,20.026544089885036,38271900
2012-09-27,20.19550132751465,20.871335346812682,20.036481781287172,20.86139638821565,30215900
2012-09-28,21.52729034423828,21.815514441774365,20.374397745418797,20.44396855636546,65486000
2012-10-01,21.855268478393555,22.451592696704026,21.59686125393694,21.944717205923247,51262700
2012-10-02,22.133554458618164,22.352205858838175,21.68631080400621,21.94471803826395,29341400
2012-10-03,21.696247100830078,22.352203116680226,21.6664302289597,22.163366719492377,32000100
2012-10-04,21.815513610839844,22.26275533374579,21.278821268557884,22.183245567740578,46892100
2012-10-05,20.781885147094727,21.497473054570104,20.752068273409858,21.35833143536549,40529300
2012-10-08,20.27501106262207,20.62286703021605,20.03648174372799,20.27501106262207,32236700
2012-10-09,20.106054306030273,20.42409342553772,19.847647047514805,20.265073865783997,27161800
2012-10-10,19.51966667175293,19.81782973295435,19.33083215155407,19.80789077468139,39321800
2012-10-11,19.628992080688477,19.837704504286734,19.489850464956305,19.75819473877373,21817300
2012-10-12,19.40040397644043,19.678687239958954,19.360648141273465,19.628994341662807,18809400
2012-10-15,19.40040397644043,19.758197014630326,19.370587100065208,19.559423525783174,20189700
2012-10-16,19.360645294189453,19.569359606798375,19.18174785357103,19.55942064946821,21834700
2012-10-17,19.758193969726562,20.354518135694565,19.251320419099137,19.38052307215544,44074500
2012-10-18,18.863710403442383,19.668748954584096,18.774261675537748,19.57930022667946,52157400
2012-10-19,18.883586883544922,18.943218732391724,18.684811526505847,18.883586883544922,34835000
2012-10-22,19.201627731323242,19.310954377469873,18.933281542961044,19.082364022492804,32447300
2012-10-23,19.380523681640625,19.678684826170166,18.98297485704713,19.1320554293119,78381200
2012-10-24,23.08767318725586,24.101424271360784,22.710002218332274,23.982158657369713,228949900
2012-10-25,22.421775817871094,23.167180616696115,22.332327090359097,23.147304596097563,76142000
2012-10-26,21.805574417114258,22.739813683648002,21.745940671509043,22.26275509278026,73175800
2012-10-31,20.980661392211914,21.36827128803403,20.602988559038472,20.69243728817626,99378200
2012-11-01,21.080045700073242,21.308637933812825,20.881272234830462,20.950843042448554,37713900
2012-11-02,21.05023193359375,21.55710742695836,20.94090528924184,21.12974170339629,38344400
2012-11-05,21.119802474975586,21.348392823275166,20.79182444177893,20.970721895461182,31806700
2012-11-06,21.040292739868164,21.23906810998048,20.861395285899565,21.10986355070875,29062700
2012-11-07,20.344581604003906,20.8216421310529,20.245195810878588,20.72225444226509,33396800
2012-11-08,19.867521286010742,20.602987087544907,19.857582328409457,20.394274664904902,34254600
2012-11-09,19.092302322387695,19.877463021661367,19.012792546127553,19.837707185699998,42295500
2012-11-12,19.947031021118164,20.046418701319013,18.754384545694986,19.032667775462563,67349200
2012-11-13,19.738317489624023,19.986785728332634,19.440154465776356,19.489849250915412,71775100
2012-11-14,22.223003387451172,22.362145016497372,19.80789142236345,19.97684992720349,229751000
2012-11-15,22.034164428710938,22.36214244203428,21.517350015091637,22.203122914099467,78857700
2012-11-16,23.4156494140625,23.78338329058157,22.044105387207882,22.113676200036835,107182200
2012-11-19,22.779571533203125,23.972220011749624,22.680183844047164,23.81319857170259,85021300
2012-11-20,22.958467483520508,23.75356515311315,22.560918648724186,22.590733626544925,46655300
2012-11-21,24.170991897583008,24.37970622058841,22.908772688712485,23.077731180416905,89862400
2012-11-23,23.852954864501953,24.528788888968847,23.733689256087928,24.429401197900916,29520900
2012-11-26,25.78106689453125,25.93014746969954,24.657989310561224,24.787193865859475,123865000
2012-11-27,25.98978042602539,26.33763637998791,25.30400747628928,25.88045567727213,85760600
2012-11-28,26.19849395751953,26.327696618709492,25.592230796125563,25.781067204630016,49205600
2012-11-29,27.152612686157227,27.35138806367159,25.999720046163908,26.337637050540827,88759700
2012-11-30,27.828445434570312,27.828445434570312,26.59604307851883,27.092979604136154,127049600
2012-12-03,26.874330520629883,28.703055347763435,26.814696767563383,27.82844782174304,123526100
2012-12-04,27.291751861572266,27.589914901061686,26.516532129356882,26.89420303791536,72869200
2012-12-05,27.540220260620117,27.729056663740547,27.092978542487305,27.57997609102961,58976300
2012-12-06,26.80475616455078,27.579977845901077,26.65567558235408,27.510407033920114,46001500
2012-12-07,27.321569442749023,27.60979353216373,26.67555235059563,26.904142693168584,51751900
2012-12-10,27.66942596435547,27.997403996222644,26.933960132158237,27.003530942605455,50608500
2012-12-11,27.808568954467773,28.066976188610997,27.490529864956883,27.898017685350524,77099100
2012-12-12,27.4110164642334,27.96758479720553,27.202304050242194,27.828443187878058,46704200
2012-12-13,28.06697654724121,28.57385206349931,27.261939854672477,27.420959401459818,81051600
2012-12-14,26.645734786987305,28.156422212592087,26.596041894902044,28.007341640673978,91631600
2012-12-17,26.586101531982422,26.83456977059908,26.158735858255813,26.605979446030688,57742500
2012-12-18,27.540220260620117,27.73899562134292,26.73518365145119,26.7948155014031,60512900
2012-12-19,27.2420597076416,28.047096334317963,26.784879021963935,27.659486457707562,61390300
2012-12-20,27.192367553710938,27.43089686085512,26.96377530899314,27.32157021754063,35574800
2012-12-21,26.09910774230957,26.844512564705706,25.95996611540762,26.496656601788345,54555200
2012-12-24,26.765003204345703,26.794818184475986,26.039476287683506,26.337637462961457,28230100
2012-12-26,26.347576141357422,27.013471195014862,26.218371576625195,26.864390608961333,33175400
2012-12-27,25.890392303466797,26.635797094111666,25.36364079796837,26.387328830563376,43481700
2012-12-28,25.751251220703125,25.950026593961205,24.99590745624985,25.323885495161967,56574800
2012-12-31,26.45690155029297,26.824633518962234,25.950026064914802,26.03947479149109,60374500
2013-01-02,27.828445434570312,28.007342887098535,27.25199914068071,27.27187705666438,69846400
2013-01-03,27.599853515625,28.29556347446335,27.420956073286987,27.709178255983108,63140600
2013-01-04,28.58378791809082,28.752746405162235,27.6594857179744,27.83838316259852,72715400
2013-01-07,29.239748001098633,29.607481898832276,28.474465224506048,28.514221060223235,83781800
2013-01-08,28.8819522857666,29.418644679543466,28.683178799512696,29.32919594724732,45871300
2013-01-09,30.402576446533203,30.41251540441311,29.309315723354693,29.488213173868207,104787700
2013-01-10,31.108224868774414,31.25730733878851,30.094475825785146,30.41251488991216,95316400
2013-01-11,31.525651931762695,31.76418123225951,30.909451712728178,31.08834916201638,89598000
2013-01-14,30.760372161865234,32.01265055728605,30.432394125795508,31.88344978841417,98892800
2013-01-15,29.91558074951172,31.515715154690806,29.69692745384641,30.452271238850432,173242600
2013-01-16,29.667110443115234,30.16404696009987,29.34907137555105,30.02490344629376,75332700
2013-01-17,29.955333709716797,30.233618851630126,29.84600896111642,29.895701856329097,40256700
2013-01-18,29.478275299072266,30.253496981226384,29.09066540582643,30.1242924197028,49631500
2013-01-22,30.541715621948242,30.700735143979127,29.5577816185088,29.56772057559351,55243300
2013-01-23,30.631168365478516,31.307002370756397,30.611290448696817,30.909453513434844,48899800
2013-01-24,30.889575958251953,31.29706377873448,30.621229765545166,31.078412378563673,43845100
2013-01-25,31.346757888793945,31.7343677838231,30.939268181520717,31.21755332667592,54363600
2013-01-28,32.271060943603516,32.31081298641009,31.615102950069815,31.684673764137592,59682500
2013-01-29,30.601348876953125,31.873505032933767,30.521837221542132,31.803934230111352,72976500
2013-01-30,31.04859161376953,31.297059858337786,30.69079673497932,30.790184411939077,87682100
2013-01-31,30.79018783569336,31.27718542171998,28.563912344287726,28.97140015903781,190744900
2013-02-01,29.54784393310547,30.829941017278443,29.448456253643155,30.82000205976598,85856700
2013-02-04,27.937772750854492,29.021094554489856,27.838385064200686,28.881951034909545,92362200
2013-02-05,28.464523315429688,28.782562385554336,27.86820100677716,28.08685239357226,47948200
2013-02-06,28.872011184692383,29.11054238355721,28.484401303946232,28.563911071680373,38375900
2013-02-07,28.474462509155273,28.971399034256283,28.096791584169967,28.93164509799265,34540100
2013-02-08,28.375076293945312,28.991278451062048,28.33532235562367,28.712993300160537,37708800
2013-02-11,28.086851119995117,28.504277854521415,27.868199743114598,28.434707048044082,37361800
2013-02-12,27.202302932739258,27.987461561826198,26.933956786635473,27.500464053524237,93498700
2013-02-13,27.738994598388672,28.14648236674705,27.14267043387374,27.19236522005297,50164000
2013-02-14,28.325382232666016,28.45458489647794,27.83838466035581,27.848323618443253,35615800
2013-02-15,28.146484375,28.573850088322633,27.91789402925239,28.345259742575028,33109300
2013-02-19,28.752748489379883,28.90182907215237,27.94771182587848,28.057036575558325,49396400
2013-02-20,28.285627365112305,28.872012642635575,28.156424696893403,28.74280997441667,42098200
2013-02-21,27.112857818603516,28.375075166863766,26.98365325894966,28.106730880779654,49642300
2013-02-22,26.963775634765625,27.46071217123553,26.65567551293977,27.450775108689086,36350200
2013-02-25,27.102922439575195,27.470654459570213,26.983656822272987,26.993595781686725,34652000
2013-02-26,27.22218132019043,27.291752128051897,26.5364103035597,27.192366342913996,31611700
2013-02-27,26.705371856689453,27.172491545691983,26.46684063713225,27.172491545691983,44319700
2013-02-28,27.08304214477539,27.132735041821903,26.178617769758826,26.675554322873975,83027800
2013-03-01,27.60979461669922,27.947711612760013,26.64573652384124,26.88426583359078,54064800
2013-03-04,27.550161361694336,27.888078363816497,27.271878109826073,27.589917195196932,32400700
2013-03-05,27.35138511657715,28.007341137768208,27.043283125061436,27.709178103623543,40622200
2013-03-06,27.281818389892578,27.95765053121568,27.182430696983644,27.9278355503068,33532600
2013-03-07,28.404891967773438,28.50427965286673,27.301692264996454,27.40107995008975,74540200
2013-03-08,27.788692474365234,28.29556801035635,27.560102103917064,28.25581406994313,44198900
2013-03-11,27.967588424682617,28.464524974634546,27.65948829449792,27.838385755786614,35642100
2013-03-12,27.659486770629883,28.146484335272696,27.43089642520492,27.927832947778697,27569600
2013-03-13,26.91408348083496,27.480590844711273,26.755063936436784,27.450775864925678,39619500
2013-03-14,26.874330520629883,27.261940437249283,26.665616176222276,26.933962378033815,27646400
2013-03-15,26.486717224121094,26.894205035595075,26.39726849519632,26.864390056395123,31597400
2013-03-18,26.32769775390625,26.625860816347735,25.62204877455342,26.20843404545963,26653700
2013-03-19,26.3873291015625,26.735185053235085,26.04941210801341,26.367453080977942,25254200
2013-03-20,25.70155906677246,26.526473666968126,25.62204929430767,26.516534708452216,44006500
2013-03-21,25.582292556762695,25.950026426214293,25.403395101119347,25.50278278710592,24336100
2013-03-22,25.572351455688477,25.850636573998692,25.47296377803038,25.64192226135046,18456300
2013-03-25,24.976030349731445,25.64192540737893,24.926337452636673,25.59223251028416,39199000
2013-03-26,25.0555362701416,25.323882422784628,24.87664073070847,24.926333620162858,26957200
2013-03-27,25.93014907836914,26.118985496317382,24.56854211052521,24.846827258256173,52297400
2013-03-28,25.42327308654785,26.009658350233718,25.363641233058807,25.930148580360843,28585700
2013-04-01,25.373580932617188,25.731373959667916,25.12511265754689,25.472966726115306,22249300
2013-04-02,25.264253616333008,25.959965526382195,25.144988013364237,25.6121095713576,35153300
2013-04-03,26.089170455932617,26.228312091752223,25.54254097607336,25.67174365281119,48195200
2013-04-04,26.904144287109375,27.063163830117126,25.950027029062877,26.45690253327351,82016800
2013-04-05,27.22218132019043,27.629669105375303,26.446961580405716,26.695429834575144,64566600
2013-04-08,26.68549156188965,27.03334750578805,26.466838279384284,27.023408547886678,27256000
2013-04-09,26.427085876464844,26.725247048152593,26.25812737366512,26.41714691798692,21311100
2013-04-10,27.401079177856445,27.669425351346927,26.735184170859156,26.844510810946915,45949400
2013-04-11,27.848323822021484,27.927833591639846,27.083041104655713,27.311631455350703,33368500
2013-04-12,27.232118606567383,27.828442759109315,27.073099085311163,27.828442759109315,28697400
2013-04-15,26.357513427734375,27.311630634477986,26.198493893277107,26.99359156556345,30275400
2013-04-16,26.755062103271484,26.94389851017933,26.238247671556522,26.64573546311499,27365900
2013-04-17,26.466838836669922,27.033348075002102,26.228309529001734,26.486716752891212,26440600
2013-04-18,25.5325984954834,26.65567417755034,24.995906153065008,26.65567417755034,39059000
2013-04-19,25.572351455688477,25.800941787338502,25.17480264071837,25.46302671636062,20380900
2013-04-22,25.810882568359375,26.198494349046747,25.542538284083392,25.651863031135676,25687600
2013-04-23,25.820823669433594,26.16867964685469,25.612111220378477,26.059352995066256,25191500
2013-04-24,25.950027465820312,26.23824968149941,25.641925437352548,25.77113000301,19729900
2013-04-25,25.979841232299805,26.23824845588171,25.840699610241252,25.91027042127053,17150000
2013-04-26,26.68549156188965,27.450774259333652,26.437023301342563,26.437023301342563,33018000
2013-04-29,26.814695358276367,27.242061087812576,26.69543164973659,26.9935928167485,29201100
2013-04-30,27.599853515625,27.679363279368307,26.844509812232445,26.963773510016257,36245700
2013-05-01,27.261938095092773,27.74893566265432,27.14267249486882,27.679364852383014,64567600
2013-05-02,28.792503356933594,28.842198149904753,27.80856920405485,27.838386079837548,104257000
2013-05-03,28.136545181274414,28.891888917802486,27.977525646811912,28.862073939879753,58506400
2013-05-06,27.401079177856445,28.28562556936689,27.31163045335962,28.156422909350564,43939400
2013-05-07,26.72524642944336,27.679365568948086,26.68549249211449,27.381202508500536,41259100
2013-05-08,26.953838348388672,27.132733907675792,26.48671679476207,26.715307144680978,34654900
2013-05-09,26.874330520629883,27.381204152057144,26.685494093911107,26.91408446034498,33457200
2013-05-10,26.51653289794922,27.13273311856265,26.407206257401324,26.973713584490646,30847100
2013-05-13,26.65567398071289,27.16254944625537,26.367451791872462,26.437022599673174,29068800
2013-05-14,26.904144287109375,27.1128586220961,26.65567601420196,26.725246827310038,24930300
2013-05-15,26.43702507019043,26.824634975966116,26.238249690188145,26.755064161664073,30299800
2013-05-16,25.96990394592285,26.38733073463133,25.741313581922686,26.317759919123674,35499100
2013-05-17,26.089170455932617,26.43702644114424,26.039477556186363,26.238251050833995,29462700
2013-05-20,25.6021728515625,26.02953861404382,25.532602033607425,26.019599654955577,42402900
2013-05-21,25.502782821655273,25.92020958683444,25.433212010069152,25.711497152076078,26261300
2013-05-22,25.005844116210938,25.691617005693757,24.767314827621757,25.492841650704968,45314500
2013-05-23,24.906461715698242,25.373583330193203,24.61823947512678,24.648054457728467,37663100
2013-05-24,24.161052703857422,24.81700874862008,23.932462363095784,24.81700874862008,58727900
2013-05-28,23.952342987060547,24.389647698239774,23.77344551904802,24.389647698239774,50079700
2013-05-29,23.177120208740234,23.664117796479548,23.117488353988733,23.64424177533737,64237800
2013-05-30,24.39958381652832,24.62817606994882,23.783383556862177,23.982157039218595,60733200
2013-05-31,24.200809478759766,24.797133696076088,24.121299709495087,24.479092723354935,35925000
2013-06-03,23.703874588012695,24.170994277824644,23.56473106041946,24.121301379467276,35733800
2013-06-04,23.37589454650879,23.783382344580943,23.17711917862181,23.743626512738587,34760800
2013-06-05,22.75969123840332,23.564727834701017,22.6503664978498,23.206934845047762,53819700
2013-06-06,22.829261779785156,22.9485273720597,22.531100642592204,22.84913969444129,31260700
2013-06-07,23.147302627563477,23.256627366376637,22.71993694260927,22.888895425133903,38699200
2013-06-10,24.18092918395996,24.44927533970568,23.843012223908815,23.912583028214243,58393000
2013-06-11,23.88277244567871,24.200811549956416,23.8529555687792,23.88277244567871,29885900
2013-06-12,23.624364852905273,24.11136246114279,23.435528426637642,24.01197476859864,26445800
2013-06-13,23.58460807800293,23.683995766587437,23.12742736444168,23.574669119578232,31189300
2013-06-14,23.485219955444336,23.743627182724055,23.117487978838067,23.4156491434195,30677100
2013-06-17,23.872831344604492,24.101421693334874,23.604485163575394,23.76350470144543,33664500
2013-06-18,24.06166648864746,24.53872701036339,23.932463821631412,23.942402779965335,36709100
2013-06-19,24.161052703857422,25.035662027315865,23.952340278552192,24.051727960171885,31790600
2013-06-20,23.75356674194336,24.59835925718107,23.5050984666183,24.131239582008455,42765600
2013-06-21,24.37970733642578,24.54866583586328,23.902646817291252,24.439339190444173,45833900
2013-06-24,23.793323516845703,23.96228202657489,23.2367531932304,23.803262475731252,40626000
2013-06-25,24.10141944885254,24.280316886211835,23.892707035708188,23.992092815874692,24713200
2013-06-26,24.01197052001953,24.498968042089714,23.843012041288063,24.359826434544583,29890300
2013-06-27,24.5089111328125,24.68780859877884,24.06166746789665,24.09148434411189,34694100
2013-06-28,24.727561950683594,24.82694964004429,24.270381233551895,24.528788467624704,96778900
2013-07-01,24.657989501953125,24.906457761049644,24.46915498991668,24.817009036121906,20582200
2013-07-02,24.260440826416016,24.618235728484958,24.151114185081084,24.548664918785416,18394100
2013-07-03,24.369770050048828,24.55860458333926,24.00203615110479,24.071606968176276,10404400
2013-07-05,24.220685958862305,24.50890814448366,24.051727472235196,24.498969186957087,20229500
2013-07-08,24.55860137939453,24.886581295364458,24.270379189748393,24.320072082412864,27064600
2013-07-09,25.323884963989258,25.333823922009937,24.876643227033224,24.916397163453524,30387900
2013-07-10,25.641923904418945,25.671740778325645,25.313945874094834,25.423272516090336,26721800
2013-07-11,25.65186309814453,25.840699509964363,25.29407008628778,25.80094367772338,26777400
2013-07-12,25.751251220703125,25.771129137161424,25.39345630710356,25.58229272213249,16537900
2013-07-15,26.11898422241211,26.26806479955802,25.49284314447194,25.77112827863006,24234000
2013-07-16,26.158737182617188,26.586102877980412,25.850637081919498,26.22830798964612,30817600
2013-07-17,26.486717224121094,26.61592178619575,26.138861266709473,26.208433974721768,21518500
2013-07-18,26.019596099853516,26.605981336302648,25.959964249134284,26.586103420842118,24806900
2013-07-19,25.721431732177734,25.95002395689349,25.443148512690783,25.661799884525138,46539700
2013-07-22,25.890392303466797,25.969902071975753,25.56241427140955,25.830760451000682,27526300
2013-07-23,25.96990394592285,26.138862453153962,25.81088439743034,25.940088965369597,28221600
2013-07-24,26.347576141357422,26.367454058341227,25.890393529042427,26.158739721336282,82635600
2013-07-25,34.149478912353516,34.66629335796982,32.54934268082175,33.334503307315266,365457900
2013-07-26,33.80162048339844,34.517210286717585,33.35438064764874,33.56309307650857,136028900
2013-07-29,35.21291732788086,35.41169266714811,33.80161583127522,33.86124957045267,124718800
2013-07-30,37.39944076538086,37.72741687261276,35.10359284945964,35.431572748016016,173582800
2013-07-31,36.574527740478516,38.07527817973734,36.1074099817748,37.727420334981566,154828700
2013-08-01,37.26030349731445,38.05540120432835,36.69379235278432,37.07146518536277,106066500
2013-08-02,37.816871643066406,38.254178244457584,37.27024218265252,37.42926173097884,73058500
2013-08-05,38.949886322021484,39.07909088957099,38.01564695136178,38.19454441679184,79994800
2013-08-06,38.31380844116211,39.00952039111582,37.70754522464995,38.8703787593901,63950800
2013-08-07,38.63184356689453,38.701414375602766,37.46901394306421,38.373438247596035,68854800
2013-08-08,38.30386734008789,38.94988253233018,38.19454070059273,38.89025257720534,41301000
2013-08-09,38.26411437988281,38.502645592252094,37.77711489231949,38.35356311060567,43532300
2013-08-12,37.98583221435547,38.2641154773302,37.86656470908763,37.96595429681083,31161000
2013-08-13,36.793182373046875,38.08521663621662,36.54471409969404,38.0057087602327,65379200
2013-08-14,36.425453186035156,37.31993676397,36.39563441284298,36.604350659887174,48423900
2013-08-15,36.336002349853516,36.84287596893357,35.79930995930402,36.1372269691324,56521100
2013-08-16,36.852821350097656,37.26030922453437,36.67392386460588,36.7434946877054,45840800
2013-08-19,37.578338623046875,38.04545634410885,36.9124417570071,37.200665830238115,57609600
2013-08-20,38.17466354370117,38.3436239330034,37.45907373738547,38.1150297960666,57995200
2013-08-21,38.08522033691406,38.61197191438193,37.916263714452796,38.144854093190276,46116900
2013-08-22,38.31380844116211,38.5125838256239,38.10509599357353,38.13491097427901,21931200
2013-08-23,40.30155563354492,40.38106730569532,38.69148218575143,38.76105300322043,86442300
2013-08-26,41.08671569824219,41.68303806482663,40.371125825280735,40.649412882168605,94162400
2013-08-27,39.39712905883789,40.947572458984865,39.17847576371685,40.43075799226921,72695100
2013-08-28,40.30155563354492,40.5997168214585,39.635662440248765,39.71517032107396,57918200
2013-08-29,41.02708435058594,41.5240209489848,40.550025671082075,40.63947441044689,58303400
2013-08-30,41.037017822265625,42.00107207160435,40.808427483089446,41.76254467043124,67735100
2013-09-03,41.61346435546875,41.90168845552146,41.25566944386192,41.583649376609806,48774900
2013-09-04,41.524017333984375,41.91162724037886,41.186100324838534,41.752607694388175,42581900
2013-09-05,42.398624420166016,42.50795106294536,41.51407800687834,41.53395592295866,50035400
2013-09-06,43.68072509765625,44.33668121594632,42.14022249469133,42.82599359384567,117535700
2013-09-09,43.770172119140625,44.515576942185966,43.43225511437373,44.08821120700064,75794700
2013-09-10,43.332862854003906,43.988818906125054,42.96513089224691,43.96894478177041,54540300
2013-09-11,44.76404571533203,44.81373861249044,42.84587031268213,43.12415356982926,72328300
2013-09-12,44.4758186340332,45.3404871190904,44.376432846352984,45.251038393648294,68072300
2013-09-13,44.03851318359375,44.80379583445457,43.66084038898039,44.764040005269045,52765300
2013-09-16,42.249542236328125,44.664654082517245,42.17003436278386,44.57520535520191,70424200
2013-09-17,44.793861389160156,45.16159338341812,42.17003694877615,42.239607764140494,91934600
2013-09-18,44.952877044677734,45.19140824193232,44.12796439479366,44.56526716654819,79317000
2013-09-19,45.69828414916992,45.76785496205116,44.952879332878126,45.23116258440308,63972400
2013-09-20,47.19903564453125,47.308358501877564,45.459757702678026,46.03620213477465,115508400
2013-09-23,46.90087127685547,47.2586662074985,46.00638774157297,46.990320009516225,75177000
2013-09-24,48.15314483642578,49.35573018728346,47.864920773098916,48.21277478654555,136716100
2013-09-25,49.156959533691406,49.23647119654162,48.16308649601228,48.92836918998418,87879700
2013-09-26,50.08126449584961,50.28997693523737,49.196718050641984,49.7035916593444,98220100
2013-09-27,50.92605972290039,50.96581176581399,49.5545137722679,49.9818795120206,81410500
2013-09-30,49.9222412109375,51.28384618325626,49.494875510133305,49.83279248771512,100095000
2013-10-01,50.1110725402832,50.71733564907029,49.14701835262985,49.663832743869264,98114000
2013-10-02,49.97193908691406,50.786914739179124,49.643962929941566,49.82286039422659,62834000
2013-10-03,48.87867736816406,50.40924278966969,48.75941366259832,50.16077452480157,82045000
2013-10-04,50.72727966308594,50.846543363473884,49.26628511586602,49.46506047739572,74447000
2013-10-07,50.21046447753906,50.975747143451834,50.09120077896131,50.419176897881286,57204000
2013-10-08,46.85117721557617,50.289977223451366,46.79154725616648,50.289977223451366,136081000
2013-10-09,46.48344421386719,47.54688810175281,44.982693746146424,47.08970739676598,147297000
2013-10-10,48.74947738647461,49.37561853430837,47.536954718162235,47.576706762867005,99774000
2013-10-11,48.809104919433594,49.56444675110298,48.49106585438073,48.878675727956114,58428000
2013-10-14,49.2066535949707,49.32592109207621,47.61645821347911,48.01400895451444,68781000
2013-10-15,49.196720123291016,50.687529823996805,48.87868102377979,49.68371962703796,81167000
2013-10-16,50.8266716003418,50.92606118879928,49.594271034070054,49.7334126665854,64678000
2013-10-17,51.89011001586914,51.90005086931664,50.637831665540396,50.80678826090054,71522000
2013-10-18,53.88779830932617,54.494061480095695,53.271594284854785,53.84804247716837,88260000
2013-10-21,53.52006149291992,54.47418248925843,53.18214450889529,54.34497793295717,58235000
2013-10-22,52.35723114013672,54.424485055903155,51.88017254419062,53.99712314415276,83204000
2013-10-23,51.5820198059082,51.92987390404633,50.81673699867901,51.43293731166311,57207000
2013-10-24,52.12864303588867,52.516252924763315,51.273911593075425,52.05907222462014,46775000
2013-10-25,51.631710052490234,52.91380730484427,51.56213923643925,52.85417355194694,45085000
2013-10-28,49.9222412109375,51.383235759794836,49.306041001697025,51.224216228657795,73472000
2013-10-29,49.09733200073242,50.47881498466783,48.94824952119373,50.41918123458736,102143000
2013-10-30,48.709716796875,49.902365222107306,48.45131147054833,49.69365279030598,127073000
2013-10-31,49.90237045288086,51.681404319170355,46.215101939258105,46.87105807319456,248809000
2013-11-01,49.445186614990234,51.77084981546891,49.41537163528057,50.53844550602786,95033000
2013-11-04,47.924564361572266,49.44518906325847,47.7257889739072,49.06751620582736,80371000
2013-11-05,49.802978515625,49.87254932494386,47.21890634333595,47.49719337193616,76835000
2013-11-06,48.81904220581055,50.140895156461106,48.411554414881564,49.95205685418261,67889000
2013-11-07,47.26860046386719,49.564444629485656,47.010191364995045,48.93830737958492,97128000
2013-11-08,47.238792419433594,48.351933143477325,46.96050913408537,47.517079496107236,70731000
2013-11-11,45.916934967041016,47.238784131865394,45.449813427450756,46.75178846794448,80910000
2013-11-12,46.324424743652344,47.079766614284026,45.54920495651391,45.71816155983387,68196000
2013-11-13,48.411556243896484,48.4413750140445,45.77779488786389,45.946751489628205,79245000
2013-11-14,48.689842224121094,49.26628661969577,47.73572121791938,48.40161813067136,75117000
2013-11-15,48.709716796875,49.17683834632782,48.41155563839813,48.80910637725051,42453000
2013-11-18,45.54920959472656,48.5407661941066,45.519390821267585,48.17303417959849,85910000
2013-11-19,46.07595443725586,46.712032572050546,45.43987630246117,45.97656485911622,75602000
2013-11-20,46.14552307128906,47.25865975471368,46.026259374467564,46.324420512183586,53933000
2013-11-21,46.41386795043945,47.16920973120857,46.40392709770628,46.702092018510015,34886000
2013-11-22,45.946746826171875,46.98037562214591,45.67840067002528,46.75178529461166,40545000
2013-11-25,44.545387268066406,46.364176666117544,43.770167546313246,46.07595258806716,82565000
2013-11-26,45.60883331298828,45.88711655165993,43.28317024192225,44.38636992569168,82016000
2013-11-27,46.205162048339844,46.38405571817045,45.25104099173494,45.68834758181531,44993000
2013-11-29,46.72197341918945,46.92074880024694,46.21509979925165,46.46356807774225,22953900
2013-12-02,46.77166748046875,47.24872609341211,45.97656600090498,46.61264794282096,50774000
2013-12-03,46.44369125366211,46.910812841443224,46.00638843810275,46.463569171368235,32086000
2013-12-04,48.322105407714844,48.47118787797556,45.976564462404525,46.17533982564391,60890000
2013-12-05,48.043827056884766,48.401621988815016,47.57670547449526,47.85499252784384,43855000
2013-12-06,47.64627456665039,49.08739130532245,47.41768421092412,48.67990349010172,42938000
2013-12-09,48.54075622558594,48.66996077384008,47.44749747018032,47.795351494720876,36056000
2013-12-10,49.94212341308594,50.458937881473894,48.242601317304896,48.34198711104969,68479000
2013-12-11,49.07745361328125,50.45893658396528,48.709717844966505,50.240283293759205,65776000
2013-12-12,51.5124397277832,51.75096712611367,50.349606339117116,50.7372162048976,92723000
2013-12-13,52.993309020996094,53.1722064675574,51.02544090014639,51.343479962627676,82641000
2013-12-16,53.480308532714844,54.16607955114605,52.585821298826595,52.92373827703719,85119000
2013-12-17,54.52387619018555,54.84191526323289,53.90767596007193,54.42448661028025,78751000
2013-12-18,55.22952651977539,55.54756560073044,53.42067782509671,54.52387754586418,76003000
2013-12-19,54.712711334228516,54.85185295637129,53.619452481971116,53.99712530730498,89753200
2013-12-20,54.782283782958984,54.8121025538273,53.89773733747316,54.59344926030947,239824000
2013-12-23,57.41604995727539,57.96267940891646,55.11026464788667,55.15995754506767,98297000
2013-12-24,57.604881286621094,58.221085309712684,56.56131533842702,57.91298329816689,46617800
2013-12-26,57.37629318237305,58.02231220911031,57.018498262415484,57.962678458675725,55101000
2013-12-27,55.10032272338867,57.326600112309656,54.911488201238775,57.12782473612163,60466000
2013-12-30,53.38092041015625,54.84191500153154,53.10263717039898,54.59344673994117,68307000
2013-12-31,54.315162658691406,54.523875085275826,53.57969494759545,53.78840737417987,43076200
2014-01-02,54.374794006347656,54.881671388259356,53.85797956205477,54.4940615028709,43195500
2014-01-03,54.22571563720703,55.30903742663202,54.19589686724085,54.68289633589009,38246200
2014-01-06,56.84953689575195,56.90916684986797,53.71883539962272,54.086567351528565,68852600
2014-01-07,57.565128326416016,58.19126944309991,56.86942018712837,57.346478821779186,77207400
2014-01-08,57.873226165771484,58.052123614736594,56.879353134331836,57.24708509439358,56682400
2014-01-09,56.86941909790039,58.59875614147176,56.302911743145124,58.29065791178114,92253300
2014-01-10,57.58500671386719,57.94280164060947,56.710401105525,56.779971920022106,42449500
2014-01-13,55.567440032958984,57.89310303619473,55.04068854902952,57.555186059952796,63010900
2014-01-14,57.38623046875,57.42598250857671,55.75627551346344,56.11407041117696,37503600
2014-01-15,57.24708557128906,58.2111436330405,56.91910943967065,57.62475838795325,33663400
2014-01-16,56.839599609375,57.66451607877607,56.48180848825243,56.909170421092576,34541800
2014-01-17,55.955055236816406,57.46574281633178,55.72646487687543,56.94892834507718,40849200
2014-01-21,58.151512145996094,58.22108674949942,56.15382892669829,56.253214718003186,48669200
2014-01-22,57.15763473510742,58.94660917359092,56.75014695552499,58.48942471079812,61352900
2014-01-23,56.28303527832031,56.33272817555306,55.34879212851463,56.02462614659001,47951800
2014-01-24,54.116397857666016,56.07432553274779,54.06670495468281,55.80598309837338,55200700
2014-01-27,53.221900939941406,54.603383869473355,51.53231600078101,54.394671439398344,73924100
2014-01-28,54.80215835571289,54.941299973524686,53.6691437063029,53.68902162189383,48191200
2014-01-29,53.202022552490234,54.61332423904196,52.86410556765318,54.27540725420491,92995600
2014-01-30,60.705772399902344,62.1170704200089,60.08956833158179,61.73939757028422,150178900
2014-01-31,62.1866340637207,62.98173171513488,59.801337318153536,60.09950225484293,87794600
2014-02-03,61.10331344604492,63.379283595281315,60.32809369565818,62.64381588469858,74866600
2014-02-04,62.36553192138672,62.753141792055104,61.44122971071995,61.66982005005452,45985500
2014-02-05,61.808963775634766,62.77302184987007,60.894602387088774,62.35559698761859,51685100
2014-02-06,61.779151916503906,62.395352178650036,61.0834399863002,61.0834399863002,42086500
2014-02-07,63.9259147644043,64.17438302881548,61.838782859880254,61.88847575449753,60704300
2014-02-10,63.16062927246094,64.09486854061132,63.08112140284106,63.9060378241797,43666100
2014-02-11,64.45267486572266,64.60175736077767,62.96186508047394,63.359415873070404,45675600
2014-02-12,64.05511474609375,64.66137791042928,63.65757159403403,64.52223629067846,47282100
2014-02-13,66.91747283935547,66.91747283935547,63.65757051858228,63.78677128255398,61911700
2014-02-14,66.67893981933594,67.16594307724755,66.31121164078392,67.08643141277426,36694900
2014-02-18,66.88765716552734,67.12618456678065,65.66519001663659,66.5298622723227,43809900
2014-02-19,67.64299774169922,68.65675250475515,66.58949472914864,66.63919141499144,62087100
2014-02-20,69.20337677001953,69.68043916368664,65.32727799556588,67.31502406765473,130928900
2014-02-21,68.16975402832031,69.53136293980859,68.03061239738284,69.26302053232925,70932400
2014-02-24,70.3463363647461,71.00229624631494,68.12006275781387,68.31883434351052,76620300
2014-02-25,69.42203521728516,70.56499081032035,69.02448445675333,70.5152941217601,52077000
2014-02-26,68.83564758300781,70.78363779496885,68.42815600457571,69.75994979618493,55322700
2014-02-27,68.5176010131836,69.58104472623691,68.44803021261556,68.91514411205885,41653700
2014-02-28,68.0405502319336,69.45184818746178,66.96716548435589,69.04436416713033,66783700
2014-03-03,66.99699401855469,67.63307224063993,66.102506649169,66.54974654253658,56824100
2014-03-04,68.37847900390625,68.47786480710117,67.20570832784443,68.23933736290321,42013500
2014-03-05,71.1314926147461,71.52904334417553,69.19344323492058,69.26301404387202,74567700
2014-03-06,70.40596771240234,71.44953751451486,69.81958621517823,71.439596660239,46026500
2014-03-07,69.3723373413086,70.74387932997016,69.04435743663439,70.64449354806409,38927000
2014-03-10,71.58868408203125,71.70795159361847,70.07800018184625,70.33640174964263,59871600
2014-03-11,69.67050170898438,72.14524356632074,69.53136008376224,72.05579862838503,59408300
2014-03-12,70.44570922851562,70.9128307100857,68.57723088488386,69.43196219527836,46340500
2014-03-13,68.40828704833984,70.91284391502238,67.73245303944933,70.8532139556835,57091000
2014-03-14,67.3050765991211,69.00459841380284,67.04666751200523,68.07035542529464,48227000
2014-03-17,68.3188247680664,68.52753717859011,66.21181895745629,67.76225834000319,52197000
2014-03-18,68.76608276367188,69.17356679494246,67.881536304232,68.33871702395878,40827000
2014-03-19,67.8218994140625,68.86546922048224,67.05662044996478,68.74620171662994,43981000
2014-03-20,66.5596694946289,67.81195147493892,66.41058704272201,67.59329822316195,44439000
2014-03-21,66.8280258178711,67.50385983622601,65.7745227473311,67.11624992979526,59999900
2014-03-24,63.70726013183594,66.94728835441107,62.97179620786718,66.77833175801884,85696000
2014-03-25,64.492431640625,65.7844698396802,63.38923177689423,64.492431640625,68786000
2014-03-26,60.019996643066406,64.55205560854641,60.0001187258621,64.34334316488878,97503900
2014-03-27,60.59644317626953,61.52074544817701,57.62476098537857,60.13925867598443,112650000
2014-03-28,59.64231872558594,61.57043482581999,58.97642561684615,60.96417167229586,67052000
2014-03-31,59.870914459228516,61.14307075550886,59.50317869938356,60.40760302714377,53011000
2014-04-01,62.236331939697266,62.276087773282626,59.87091671124271,60.08956621331227,59291000
2014-04-02,62.335716247558594,63.518423761681376,61.828838890559794,62.82271189812253,66277000
2014-04-03,59.12550735473633,62.78295656341483,58.76771246257791,62.16675635543349,83859000
2014-04-04,56.40230178833008,59.83116494606189,55.9749360265398,59.572755801510674,125214400
2014-04-07,56.601070404052734,57.64463633811574,55.10031999003923,55.55750446998973,108488000
2014-04-08,57.83346939086914,58.35028381374334,56.819718460384124,57.32659582128897,78836000
2014-04-09,62.027618408203125,62.07731130364737,58.827345896104994,59.26465247519412,100215000
2014-04-10,58.79753112792969,62.792901355436385,58.32047250556955,62.69351556419153,114988000
2014-04-11,58.171390533447266,59.94048720533048,56.95886794614692,57.24708825979437,91452000
2014-04-14,58.52919006347656,60.07963356530964,57.42599024403046,59.72183861940007,72325000
2014-04-15,58.72795486450195,59.31434007759648,55.53762349098365,58.926730219865696,108623000
2014-04-16,59.35409927368164,59.82121702525954,57.38623110573863,59.42367008330653,78774000
2014-04-17,58.578880310058594,60.208835411074574,58.36023080182632,58.93667523976149,88040000
2014-04-21,60.864784240722656,60.864784240722656,58.78758951727659,59.09568772109479,60364000
2014-04-22,62.64381790161133,63.05130570548876,61.838783147621086,62.26614886770288,60631000
2014-04-23,60.984046936035156,63.09105660162167,60.8846573627896,63.06124162531028,95908700
2014-04-24,60.497047424316406,63.26001689564474,59.403788659353275,63.21032021342633,138769000
2014-04-25,57.356414794921875,59.642322130940926,57.21727316970788,59.602570088969024,92502000
2014-04-28,55.79603576660156,57.952742385933,54.32510401934546,57.69433325429373,107758000
2014-04-29,57.79372024536133,57.92292101405537,55.49787210037087,55.74634036661692,75557000
2014-04-30,59.41373062133789,59.48330143259228,56.80978425222046,57.22721291107165,76093000
2014-05-01,60.77533721923828,61.89841101187304,59.841094145847755,60.05974742537741,82429000
2014-05-02,60.08956527709961,61.510804079370786,59.81128202898773,60.92441881276012,54189000
2014-05-05,60.844905853271484,60.97410661262602,58.81740403734742,59.304399680844384,46057000
2014-05-06,58.171390533447266,60.77534074955487,58.13163849139844,60.60638035337883,55901000
2014-05-07,57.03837585449219,58.93667329894843,55.91529820464716,58.40992177607927,78587000
2014-05-08,56.412235260009766,58.45961520261891,56.15382992323627,56.879356828347404,61251000
2014-05-09,56.8892936706543,57.296781459619986,56.03456226176901,56.50168000584084,52584000
2014-05-12,59.46342468261719,59.532995490800346,57.62475731846677,57.62475731846677,48575000
2014-05-13,59.46342468261719,60.51692765871908,59.14538182779101,59.29446429751189,48525000
2014-05-14,58.867103576660156,60.079629978446974,58.58882032037794,59.16526475000896,47429000
2014-05-15,57.565128326416016,59.01618593871957,57.16758135986951,58.89691843656311,56814000
2014-05-16,57.664512634277344,58.091878332914355,56.95886370539285,57.952736717790614,47933000
2014-05-19,58.84721755981445,59.1950753736128,57.21726649795211,57.53530554459235,43034000
2014-05-20,58.20120620727539,59.82121652214435,57.82353339297032,59.13544549389873,53931000
2014-05-21,60.119388580322266,60.12932564365053,57.893111053597416,58.201213095326246,58992000
2014-05-22,60.14919662475586,61.10331382989087,60.02993292194517,60.56662148025564,54200000
2014-05-23,60.97411346435547,61.07350304963277,59.78146877162799,60.03987411069894,38294000
2014-05-27,63.091060638427734,63.1208756166468,61.19276326820977,61.242456162349804,55682000
2014-05-28,63.120880126953125,63.74702125356801,62.23633365755079,63.00161641423008,47795000
2014-05-29,63.43891906738281,63.90604061753841,63.12087620102753,63.4488561297729,42700000
2014-05-30,62.912166595458984,63.77683513258846,62.17670262315461,63.55818562825946,45253500
2014-06-02,62.69351577758789,63.2003893807818,61.669823925921875,62.84259446496261,35996000
2014-06-03,62.484798431396484,63.03142785797535,61.938169004817624,62.23633016555838,32217000
2014-06-04,62.95191955566406,63.20038781980998,61.68970031884379,62.06737314191655,36514000
2014-06-05,62.802833557128906,63.96566693958063,62.435101608395286,63.2699550807396,47352000
2014-06-06,62.1170654296875,63.09106056066602,61.76921137981117,62.98173391889781,42442000
2014-06-09,62.49474334716797,62.95192407610769,61.411421486047715,62.01768470071021,37617000
2014-06-10,65.36702728271484,65.41672396836637,63.11093879141893,63.14075376974999,69338000
2014-06-11,65.37696838378906,65.39685009118476,64.5023628246197,64.91978768813351,44242000
2014-06-12,63.89609909057617,66.06274263597011,63.66750495343961,65.44653861718207,55730000
2014-06-13,64.10480499267578,64.57192649034235,63.438911938944166,64.30357654874084,29419000
2014-06-16,63.79671859741211,64.48248590043983,63.359411994063834,63.76690361675658,31046000
2014-06-17,64.00543212890625,64.48248699277642,63.538310536989385,63.70726715199964,27715000
2014-06-18,65.19806671142578,65.34714917664759,63.65756812453157,64.09486708449326,35570000
2014-06-19,63.94579315185547,65.17820128499577,63.81659237550293,65.05893378037408,34245000
2014-06-20,64.10480499267578,64.41290317937126,62.961849588679705,64.065049164933,46466000
2014-06-23,64.96949005126953,65.25771417249611,63.826534420929725,63.92592021864399,34560000
2014-06-24,65.31733703613281,66.75844990300025,64.87008962104846,64.95954213712513,57335000
2014-06-25,67.02680969238281,67.06656552950489,65.16826411584185,65.17820497078502,44308000
2014-06-26,66.71869659423828,67.5833688966404,66.49011003396,67.5833688966404,47714000
2014-06-27,67.1858139038086,67.2851996881964,66.43046829369257,66.89758982122946,46461000
2014-06-30,66.8777084350586,67.50384563309291,66.71868513118726,67.04666500843554,27102800
2014-07-01,67.64299774169922,68.0206743557454,66.97710461424366,67.16594292126673,33243000
2014-07-02,66.04286193847656,67.88153316934188,65.38690966051816,67.62312405007356,41895000
2014-07-03,65.88383483886719,66.589483681394,65.35708341998438,66.45034208329848,25203200
2014-07-07,64.88998413085938,66.16214065270651,64.72102750150646,65.89379821683134,28745000
2014-07-08,62.3754768371582,65.1583208815534,61.82884736632926,64.66138430964978,68926000
2014-07-09,64.57194519042969,64.7210276919773,62.763096208857874,63.02150158137149,51432000
2014-07-10,64.47254180908203,64.93965573204608,62.66368952925871,62.92209862265825,44422000
2014-07-11,65.93353271484375,66.18200097062652,64.39303407858023,64.88002973677263,39212000
2014-07-14,67.48397827148438,67.75232064533724,66.49010527067503,66.71869181457761,38537000
2014-07-15,66.75845336914062,67.67281478845693,65.85403280382664,67.54361401702633,44213200
2014-07-16,67.24545288085938,67.52373611616535,66.65906384990795,67.1261853874499,29541600
2014-07-17,66.00311279296875,67.43428482665932,65.63537703525645,66.61930923016553,38188000
2014-07-18,68.00080108642578,68.04055692350332,65.75465316142454,66.3907313893639,42456000
2014-07-21,68.97480010986328,69.53136666341894,68.0803127326127,68.38841099152378,49539000
2014-07-22,68.84558868408203,69.34252525128608,68.18963635835082,69.33259197945017,40398000
2014-07-23,70.85320281982422,70.89295864735178,69.18349597691044,69.31269672938843,78435000
2014-07-24,74.5206069946289,76.26981815873455,74.05348543305358,75.49459836831161,124168000
2014-07-25,74.72930908203125,75.20636384884381,74.20255763496168,74.53052994365201,45917000
2014-07-28,74.4609603881836,75.03740852516631,73.39751662364945,74.70942862833316,41725000
2014-07-29,73.25838470458984,74.46097023604419,72.97016059797932,74.26219865069551,41324000
2014-07-30,74.22244262695312,74.72932002573864,73.67580939466973,73.75532106166548,36853000
2014-07-31,72.20487213134766,73.7155556956638,71.99615971946082,73.54659911213382,43992000
2014-08-01,71.91666412353516,72.7713956674683,71.11162927180884,71.77752248453679,43535000
2014-08-04,73.05960083007812,73.42732895938359,71.91664544995191,71.91664544995191,30777000
2014-08-05,72.24464416503906,73.1391239644397,71.73776671810157,72.75151402932592,34986000
2014-08-06,72.0259780883789,73.268319348127,71.35014413976998,71.57873068528002,30986000
2014-08-07,72.72168731689453,73.54660374631746,72.25456578257915,72.55273072271858,38141000
2014-08-08,72.61236572265625,72.9801014966912,72.1154291763306,72.95028651713565,27202000
2014-08-11,72.99004364013672,73.45716521515857,72.61236700536156,73.00991776597485,24591000
2014-08-12,72.3837661743164,72.88070263150767,71.77750308993116,72.6421676725489,27419000
2014-08-13,73.31800842285156,73.79507080279085,72.60242622691656,72.67199703413175,29266000
2014-08-14,73.84477233886719,73.92427642187387,73.23850915787374,73.51679240502159,22207000
2014-08-15,73.17887115478516,74.1926259288733,72.55273385265994,73.86464599710068,38846600
2014-08-18,74.13298797607422,74.26219632689262,73.50685067743395,73.54660650978964,23974000
2014-08-19,74.82869720458984,75.11692127728439,74.05347749724199,74.35163484018014,26679000
2014-08-20,74.35165405273438,74.71938987829542,74.16282329487417,74.51067740951245,22917000
2014-08-21,74.11311340332031,74.72931742713492,73.95409765750827,74.46096745601821,20102000
2014-08-22,74.11311340332031,74.27213673178201,73.11924034838366,73.88451926431904,20897000
2014-08-25,74.56034851074219,74.81875761175984,74.33176196890476,74.48084443420913,19734000
2014-08-26,75.49459838867188,75.5244133679039,74.27213874425983,74.54048113999788,23993000
2014-08-27,74.1727523803711,75.0274839181731,74.00379576032084,74.80883060627251,36323000
2014-08-28,73.407470703125,73.97397808943464,73.27826992472114,73.5466123360677,21947000
2014-08-29,74.36157989501953,74.36157989501953,73.55654516615269,73.8447692551339,26241000
2014-09-02,76.21018981933594,76.23006394502418,74.36158524167783,74.5504235576413,34979000
2014-09-03,75.36540222167969,77.0052944234668,75.13680806252013,76.66737361201142,32389000
2014-09-04,75.48465728759766,76.45865624100432,75.06723241441615,75.42502732932881,26676000
2014-09-05,76.78663635253906,76.90589626934971,75.13680339859327,75.6337399390372,29476000
2014-09-08,77.41277313232422,77.6910563798385,76.5381675569008,76.7866358254171,28183000
2014-09-09,76.20024871826172,77.69105836750062,75.7331271482762,77.1146101499589,28882000
2014-09-10,76.9555892944336,77.47239993553633,76.04122792336365,76.05116119419196,29909000
2014-09-11,77.44258117675781,77.87988771663599,76.57791653264303,76.65742060863523,32219000
2014-09-12,77.00528717041016,77.82026276725797,76.62761055890655,77.54197194412124,26676800
2014-09-15,74.12305450439453,76.7766937500959,72.98009897087287,76.67730796080048,49679000
2014-09-16,75.61386108398438,75.76294355332212,72.62230117449808,73.06954099986193,37742000
2014-09-17,75.96172332763672,76.77669898769524,75.106991832618,75.49460174516716,28693000
2014-09-18,76.52822875976562,76.85620870285777,76.05116633502706,76.2996346102211,23031000
2014-09-19,77.43265533447266,77.82026522922087,75.9716606930449,76.92577794032123,76671000
2014-09-22,76.32945251464844,77.05497558765585,75.48465436442268,76.5282240896136,31961000
2014-09-23,77.8103256225586,78.148238835643,75.57411115578836,75.86233526364563,36814000
2014-09-24,78.05879974365234,78.13831141715156,77.03511159096419,77.6214931220572,30680000
2014-09-25,76.74687957763672,78.45634246901129,76.65742705847654,78.11842168267806,37533000
2014-09-26,78.30725860595703,78.35694770892218,76.8562048612714,77.11460639504924,28872000
2014-09-29,78.5159683227539,78.7147398930429,77.43265037417494,77.6413627977732,34031000
2014-09-30,78.55572509765625,79.22161820704336,78.11841853858438,78.86382331010265,35899000
2014-10-01,76.08097839355469,78.33706668446966,75.43495945071109,78.2973108560094,55090000
2014-10-02,76.60773468017578,77.00528540719004,75.1765550959842,76.10085731366637,36488000
2014-10-03,76.96553802490234,77.58173451589876,76.78664055724042,77.28357712489573,23340000
2014-10-06,77.08480072021484,77.41278068649758,76.37915167868718,76.71707249982258,25729000
2014-10-07,75.82257080078125,77.47239600997088,75.77287411855994,76.57791639118025,25317000
2014-10-08,77.04503631591797,77.23387462386657,74.63986532927136,75.71325005447966,32976000
2014-10-09,75.44490814208984,77.28357179917961,75.38527060187873,76.80650939073942,32487000
2014-10-10,72.46328735351562,76.03128794553632,72.31420488022975,75.1268598348784,52146000
2014-10-13,72.54278564453125,74.3218191630823,72.0756641374205,72.78132061581056,43938000
2014-10-14,73.13911437988281,73.72550342452575,71.60855654996313,73.54660597155922,50299000
2014-10-15,72.7614517211914,73.3478408171863,69.88915895116217,71.25076788368395,61528000
2014-10-16,72.18499755859375,72.90058737442834,70.14756233686163,70.35627476937177,53529000
2014-10-17,75.48465728759766,75.53435397458824,73.29813954770898,73.77520196180915,76342000
2014-10-20,76.47853088378906,76.61767250912456,74.91815044311257,75.13680373511116,34701000
2014-10-21,78.20787048339844,78.2575595848807,76.6773051204661,77.08478911627796,32252000
2014-10-22,77.88983154296875,79.36075937073839,77.53203664807356,78.33707137026303,41862000
2014-10-23,79.54959869384766,80.13598014528682,78.52591068021691,78.89363885056028,35056000
2014-10-24,80.17573547363281,80.32481794459459,78.83400840027572,79.70861393652233,32248000
2014-10-27,79.78812408447266,80.30494229631185,79.27131345528278,80.24530475946929,30169000
2014-10-28,80.2751235961914,80.6627410650321,79.08247895908823,79.68874213136642,74212000
2014-10-29,75.39521026611328,76.40895744191053,74.32182555104588,74.98771867547396,106120000
2014-10-30,73.65593719482422,74.88833773487721,72.4533516350116,74.59018034982333,83270000
2014-10-31,74.5305404663086,75.23618944622272,73.9938480908845,74.47091050770032,44544000
2014-11-03,73.42733764648438,75.05728882949113,73.24844019553731,75.00759972695833,40727000
2014-11-04,75.29582977294922,75.30576304465148,73.19875688094791,73.77520511098574,39326000
2014-11-05,74.37152862548828,76.32945991765305,73.96403699984371,76.04123579814477,35913000
2014-11-06,74.79888153076172,75.13679469946905,73.85469766364325,74.43114580365466,21383000
2014-11-07,75.13679504394531,75.39520413938496,74.56034690129108,74.92808263008409,20774000
2014-11-10,74.54048156738281,75.01754398578002,74.15287166984442,74.89827648551824,21575100
2014-11-11,74.15287017822266,74.52060594297852,73.57642197919446,74.49078338152555,18715700
2014-11-12,74.26220703125,74.67963195717894,73.08943634698478,73.82490039495256,26536600
2014-11-13,73.7950668334961,74.77899893480102,73.18880372495242,74.28206245780778,26448500
2014-11-14,74.42121887207031,74.47091556271717,73.58636906428615,73.81495564290069,19476900
2014-11-17,73.7851333618164,75.1964388604685,73.4273384559778,74.42121150938512,28701200
2014-11-18,73.884521484375,74.34170977611498,73.44722248326482,73.99384813031502,20690500
2014-11-19,72.88070678710938,74.08329217216492,72.662053520254,73.55654071073097,25441200
2014-11-20,73.14905548095703,73.53666536658717,72.065737488465,72.35396158492198,19154900
2014-11-21,73.29814147949219,74.04354630809719,73.04967320329051,74.04354630809719,23060400
2014-11-24,73.55654907226562,73.89446228116417,72.90058919713331,73.08942750954714,22103800
2014-11-25,75.16661834716797,75.27594499263307,73.67580872644362,73.7553203927182,32250200
2014-11-26,77.14443969726562,77.30345546460423,75.04736666084877,75.06724078827209,32695300
2014-11-28,77.22393798828125,77.79044536042139,76.75682399374298,77.19412300806074,15992000
2014-12-01,74.63984680175781,76.83630481039421,74.34168950719888,76.78661571929162,31789900
2014-12-02,74.9976577758789,75.44490518802633,74.58023292399419,74.86845701200491,16773900
2014-12-03,74.42121887207031,75.26601711716432,73.94416400552232,74.9181554479372,16689900
2014-12-04,74.77900695800781,75.08711276300222,74.2025663456612,74.37152294613091,14362800
2014-12-05,75.89214324951172,76.28969396794257,74.89827024475923,75.33557679329809,24306400
2014-12-08,76.05115509033203,76.77668568298986,74.93802223494319,75.71324192570295,25733900
2014-12-09,76.36920928955078,76.45866181612647,74.32183302476778,74.73925792838658,25358600
2014-12-10,75.71324157714844,77.07485024737412,75.60391494611906,76.18036307651961,32210500
2014-12-11,77.2537612915039,78.03891438700228,76.01141988607586,76.0511681383174,33462100
2014-12-12,77.35314178466797,78.39670394409877,76.54809945293601,76.68724865684312,28091600
2014-12-15,76.51828002929688,78.09854203984659,76.0909143366475,77.9792745502761,29396500
2014-12-16,74.23238372802734,76.91583804553993,74.13299035262693,75.72319336723432,31554600
2014-12-17,75.6436767578125,75.94184169923334,74.4410913040075,74.55041794368518,29203900
2014-12-18,77.9196548461914,77.9196548461914,76.04123523860623,76.41890429795001,34222100
2014-12-19,79.39056396484375,79.50983144175981,77.8500655302487,78.26749032548233,43335000
2014-12-22,80.95096588134766,81.38827249837087,79.5098528318309,79.58936450449885,31395800
2014-12-23,80.1161117553711,81.66655137571708,79.90739931283606,81.51746889314919,19865800
2014-12-24,80.2751235961914,80.93108345445292,80.25524947138787,80.5335327145353,7685500
2014-12-26,80.2850570678711,80.78199355141341,80.0167147031238,80.5235844568297,10647400
2014-12-29,79.52971649169922,80.46395956596486,79.2216182789731,79.99683802883204,14134700
2014-12-30,78.73463439941406,80.09623580081053,78.61536688826193,79.3607717719989,14370800
2014-12-31,77.5419692993164,79.31106963556465,77.38295355988303,79.0526605285049,19935400
2015-01-02,77.96932983398438,78.44639218597996,77.22392512206234,78.09853817027945,18177500
2015-01-05,76.71707153320312,78.76444781332209,76.38909157105287,77.50223223835808,26452200
2015-01-06,75.68342590332031,77.11459778082865,74.89826537074238,76.75681049843814,27399300
2015-01-07,75.68342590332031,76.88601125089447,75.35544601325951,76.2896890033786,22045300
2015-01-08,77.70099639892578,77.75069308515504,75.61386448234238,76.26981676120015,23961000
2015-01-09,77.26368713378906,78.13830025200629,76.72699478833289,77.7208678171074,21157000
2015-01-12,76.24993896484375,77.5220952115009,75.74306160378057,77.36307188934407,19190200
2015-01-13,75.9815902709961,77.60160816621499,75.38526796826591,76.75681760545976,25179600
2015-01-14,75.81263732910156,76.72699874286471,75.56416905910181,75.95177895368944,25918600
2015-01-15,73.59629821777344,76.1008548255736,73.0894208678362,75.9318982364776,34134000
2015-01-16,74.71937561035156,74.85851722963726,73.38758179092473,73.58636094893969,21791500
2015-01-20,75.77288055419922,75.84245136562846,74.36158261797765,75.25606989538912,22821600
2015-01-21,76.26981353759766,76.82638758577232,75.38526715518097,75.6933729480105,25096700
2015-01-22,77.17424011230469,77.27362589596257,76.2101820872598,76.6971777350379,19519500
2015-01-23,77.35314178466797,77.71093669151557,76.56798116034403,77.17424433124417,16746500
2015-01-26,77.02516174316406,77.989219819496,76.81644931158442,77.50222414581015,19260800
2015-01-27,75.3156967163086,76.40895552865817,75.16661424584059,76.23999893403085,20110000
2015-01-28,75.77288055419922,77.16430436543375,75.53435314110608,76.42884041851755,53306400
2015-01-29,77.5220947265625,77.5419688503831,73.7553151113411,76.3791392493205,61293500
2015-01-30,75.44490814208984,77.68112254243816,75.28588481172653,77.52209921207485,42649500
2015-02-02,74.5305404663086,75.67349602974973,73.29813996495504,75.6436810504456,41955300
2015-02-03,74.93803405761719,75.1169315208356,73.40746855733745,74.72932161430406,26957700
2015-02-04,75.16661834716797,75.88220817833964,74.55042189016447,74.62992597378923,20277400
2015-02-05,75.14674377441406,75.51447954175676,74.7491930280584,75.24612956534052,15062600
2015-02-06,74.01374053955078,75.23620036432011,73.79508721605683,75.21632623611656,21211000
2015-02-09,73.98391723632812,74.37152714524343,72.99997739125071,73.59630732741282,16194300
2015-02-10,74.72930908203125,74.87838395750467,74.04353432425829,74.39138833811094,15811300
2015-02-11,76.0412368774414,76.27976431044924,74.57030127815062,74.62993124073998,20877400
2015-02-12,75.76294708251953,76.39902523751766,75.4250262974363,76.38908438372557,17235000
2015-02-13,75.27594757080078,76.01141913505559,75.03742014645739,75.99153742648109,18621900
2015-02-17,75.13679504394531,76.43877379134005,74.61998443571501,74.83863770242172,25254400
2015-02-18,76.23999786376953,76.4288361625547,74.98771574512718,75.47471898066269,22426400
2015-02-19,78.93339538574219,79.35082024465652,76.47852775224908,76.51828358395277,45851200
2015-02-20,79.41046142578125,79.84776042927982,78.7147457130314,79.06260736073129,36931700
2015-02-23,78.35694885253906,79.6986835572241,77.89976815227924,79.47008941576932,24139100
2015-02-24,77.96932983398438,78.99302534111565,77.62147581828386,78.01902651450538,18897100
2015-02-25,79.0725326538086,79.70861076076334,78.01902971091154,78.01902971091154,25593800
2015-02-26,79.91732788085938,80.87144500690147,79.23155311606551,79.39056884574808,31111900
2015-02-27,78.48616790771484,80.73232346544675,78.13831380384393,80.18569017175622,30739200
2015-03-02,79.2613754272461,79.37070206893013,78.03890824416538,78.51597064266385,21662500
2015-03-03,79.11229705810547,79.2116828513426,78.03891229278447,79.12223791222418,18635000
2015-03-04,80.4043197631836,80.652787990151,78.36687726899142,78.81412462712187,28126700
2015-03-05,80.7124252319336,81.48764495690261,80.55340949528188,80.73230693817082,27825700
2015-03-06,79.51979064941406,80.83170286772635,79.3408931840692,80.40433712177196,24488600
2015-03-09,78.9532699584961,79.4203914604921,78.14822770887895,79.19179734451467,18925100
2015-03-10,77.07485961914062,78.77438165908981,77.07485961914062,78.01903600267357,23067100
2015-03-11,77.0947265625,77.94945792977447,76.78662836591818,77.32332068369394,20215700
2015-03-12,78.44640350341797,78.56567100428576,77.43265628531651,77.62148701671143,16093300
2015-03-13,77.5718002319336,78.8936457218357,77.20406444691261,78.11842589963216,18557300
2015-03-16,77.5916748046875,77.6413714941508,76.88602579367975,77.48234815398838,19305400
2015-03-17,78.87376403808594,79.2911888896364,77.86000930414974,77.87989101097563,22170000
2015-03-18,80.41426849365234,80.74224082256815,78.68492400502701,78.76443566528205,36912400
2015-03-19,82.24298858642578,82.4914568298893,80.50371088218112,80.62297836879728,42099500
2015-03-20,83.28655242919922,84.08164620320095,82.56102187255723,82.87906089868763,44466300
2015-03-23,83.9126968383789,84.43944830978833,82.78962308957483,83.40581949040134,27357300
2015-03-24,84.78730773925781,85.54265338280689,84.00214711733766,84.19098542388734,32576500
2015-03-25,82.41195678710938,84.99602536679328,82.41195678710938,84.97615124088075,37436100
2015-03-26,82.50140380859375,83.25674186530028,81.63673152738413,82.21317971485722,32794800
2015-03-27,82.78963470458984,83.43564617252122,82.37220222746544,82.86913879212048,18372600
2015-03-30,82.69023895263672,83.82325368092489,81.90508587574492,83.29650215073039,24527700
2015-03-31,81.71624755859375,82.98840391435628,81.70630670444405,82.39208157042384,19734300
2015-04-01,81.16960906982422,82.21317879119238,80.3745151902266,81.99452550994194,22058200
2015-04-02,81.06028747558594,82.05416057394339,80.94102755667903,81.74606233990058,19664100
2015-04-06,81.93489837646484,82.30262655973476,80.30494714709882,80.30494714709882,19062900
2015-04-07,81.81563568115234,82.9088946065915,81.71624988477609,82.14361563357916,17467000
2015-04-08,81.77587890625,82.59085455940934,81.33857230804006,82.1237329808942,18966700
2015-04-09,81.66654968261719,82.29269457989118,81.20936897283056,81.9945296209369,15927300
2015-04-10,81.537353515625,82.10386090350929,81.40815273686202,81.70631013000357,12529700
2015-04-13,82.50140380859375,83.42570604621453,81.41807824367713,81.42801909729552,26883100
2015-04-14,83.0082778930664,83.17724208271234,81.93490070894808,82.66042382494241,19634200
2015-04-15,82.20323944091797,83.1474233924337,81.76593287042017,83.03809674980924,22390900
2015-04-16,81.80570220947266,82.56104797887052,81.64668643744994,81.96472556414626,13769700
2015-04-17,80.2850570678711,81.60690993392939,79.87757309434387,80.98077269441971,24215000
2015-04-20,82.5809097290039,82.64054726939301,80.74224606642626,81.04041102042254,28796800
2015-04-21,83.107666015625,83.9723307042111,83.02815435289423,83.48533503962184,27171900
2015-04-22,84.11148071289062,84.22080736438852,83.13748928655524,83.80338246738764,45548000
2015-04-23,81.90508270263672,85.06559176136155,81.90508270263672,83.58472302169776,73728100
2015-04-24,81.03047180175781,82.43183649810982,80.98078269685557,82.2628723100224,29660400
2015-04-27,81.40814971923828,82.42189695058265,81.1298588802447,81.36839388509634,25446000
2015-04-28,80.18568420410156,81.39821063248388,79.73844432993113,81.32863981688737,23775300
2015-04-29,79.97695922851562,80.89132054244484,79.03277535601673,79.51977857155102,26430300
2015-04-30,78.28738403320312,80.46396863991473,77.84014415251048,79.51979218838567,28999000
2015-05-01,78.50602722167969,79.27131368844074,77.63142169945924,78.75449547508144,24136400
2015-05-04,78.32713317871094,79.20174632157678,78.14823572518381,78.84395141452251,14692000
2015-05-05,77.08480072021484,78.31720891182563,76.74688748173,78.06874061906305,22311300
2015-05-06,77.6214828491211,78.32713179707271,76.57792070749527,77.49228208377205,28663000
2015-05-07,77.949462890625,78.45634026455781,77.08479061540429,77.52209717978941,19749400
2015-05-08,78.02897644042969,78.74456626030818,77.55191403296078,78.61535790898861,19943600
2015-05-11,77.53202819824219,78.54577523486236,77.45251654523119,77.99914968137107,18874100
2015-05-12,76.98541259765625,77.41277835162398,76.3195194129729,77.39290422516864,21285300
2015-05-13,77.95941162109375,78.04885656412837,77.17425092963862,77.24382174621564,21512300
2015-05-14,80.8714599609375,81.34851482084687,78.1879979390087,78.45634793252671,49438000
2015-05-15,79.9272689819336,81.02052782205557,79.68874157271507,80.91120876242803,27069900
2015-05-18,80.38445281982422,80.88138936501201,79.73844137720002,79.8378271697076,21613700
2015-05-19,80.13597869873047,81.18948925384304,80.05647462011675,80.75218269954539,17955400
2015-05-20,80.05648040771484,80.60310605745525,78.97315479697309,79.97696874070354,23056900
2015-05-21,79.98690795898438,80.42420695330381,79.58935721470782,79.69868385895012,13402700
2015-05-22,80.0465316772461,80.81181054464061,79.75830759967826,79.85769338233807,19567900
2015-05-26,78.84396362304688,80.10617926424356,78.59549532037698,79.93722263826425,16321300
2015-05-27,80.05648040771484,80.16580705419291,78.94333981750633,79.11229642291792,14160900
2015-05-28,79.65892028808594,80.57328160324495,79.50983782563307,79.75830606883818,11982000
2015-05-29,78.7048110961914,79.57941667088721,78.39670528728567,79.46014917234469,16134600
2015-06-01,79.79805755615234,79.88750247916828,78.17804742834745,78.81412548973395,18119000
2015-06-02,79.94715118408203,80.85157172356874,79.0725380404513,79.27131720157178,18923300
2015-06-03,81.93489837646484,82.0243433131576,80.75218699586213,80.851572786404,31775000
2015-06-04,81.54729461669922,82.4417743814781,81.01060220824169,81.63673956011698,20863900
2015-06-05,81.63673400878906,81.95477309039819,81.01059669949134,81.36839161413285,16143100
2015-06-08,80.17573547363281,81.49758842276475,79.63904312776009,81.3186909741405,16915500
2015-06-09,80.17573547363281,80.69255369528038,78.83400840027572,80.10616466487058,16497500
2015-06-10,81.6566162109375,82.0939152116411,80.31488148158478,80.33476318954624,21531200
2015-06-11,81.32862854003906,82.39207233535973,80.86150702181098,81.80568332865347,18656800
2015-06-12,81.03047180175781,81.58703830562249,80.70249186227332,80.87145605036073,11417900
2015-06-15,80.21549987792969,80.43415318102272,79.57942167765009,80.05648411918493,18805100
2015-06-16,80.5633544921875,81.01060195583378,79.9570912687439,80.32482706116635,13693700
2015-06-17,81.28888702392578,81.71625278791187,80.84163955036797,81.25907204221869,18350300
2015-06-18,82.40201568603516,82.68029891826997,81.07022189693365,81.13979270499235,26782600
2015-06-19,82.00447082519531,82.47159239098221,81.61686092648915,82.32250991086832,23353200
2015-06-22,84.22078704833984,84.44938115068864,82.79954850435396,82.89894186003075,29383100
2015-06-23,87.341552734375,87.43100524348547,84.2406739613249,84.43944551967209,50667900
2015-06-24,88.3155517578125,88.70316160527405,86.91418724572156,87.12290723987678,41370200
2015-06-25,87.44096374511719,88.85226180912316,87.30181452700985,88.71312017366625,27302000
2015-06-26,87.47076416015625,87.79873648474448,86.29799372614153,87.58009079590205,38214600
2015-06-29,85.27430725097656,86.96388833412266,85.20473644361523,86.07934196225038,35957900
2015-06-30,85.2444839477539,86.16878614186355,85.04571238064077,86.06940035830698,23016500
2015-07-01,86.37751007080078,87.41113136594826,85.9600776286513,86.2383608683179,25260000
2015-07-02,86.75518035888672,86.90426283448808,85.81099640184449,86.86450700215107,16908800
2015-07-06,87.01359558105469,87.64967377776325,85.86069911036404,85.96008490685283,24635900
2015-07-07,86.68561553955078,87.31175288117467,84.70781013564182,87.26206377430623,33059900
2015-07-08,85.12522888183594,86.2184877284331,84.92644972076847,85.76130703195246,24399300
2015-07-09,85.35382080078125,87.06328378010356,85.12523422950568,86.19861901875227,23307400
2015-07-10,87.41114044189453,87.67949043847138,86.23836982249476,86.8148180688854,23245900
2015-07-13,89.54795837402344,89.66722586722749,87.87825138241413,88.11678636882222,29976700
2015-07-14,89.13053894042969,90.24367953005853,89.10072396097846,89.90575873676141,26627800
2015-07-15,89.21004486083984,90.43250443549387,88.87212408931026,89.44857226373463,30886600
2015-07-16,90.29336547851562,90.30330633220183,89.21998075989436,89.72685814079601,21804100
2015-07-17,94.38812255859375,94.80554740997043,91.9730108004152,91.982951653824,54001600
2015-07-20,97.31011962890625,97.99588691711818,94.77574017083809,95.26273587054077,54860500
2015-07-21,97.78716278076172,98.63195330487899,96.544821544516,98.34372922815209,39453300
2015-07-22,96.44544219970703,96.98213455950633,95.33230164797703,96.14727725004643,28299500
2015-07-23,94.8552474975586,96.85292689338328,94.22910261537946,96.36593121597151,29418800
2015-07-24,96.3559799194336,97.16102216889445,95.29253616127315,96.75353061781998,33444900
2015-07-27,93.593017578125,96.0180700983502,93.25510440145055,95.98825512189647,38585400
2015-07-28,94.70616912841797,94.97451153052394,92.73829704325743,94.25892168137464,35236000
2015-07-29,96.39574432373047,96.68396841613726,94.15952997683426,95.72985120471283,64648300
2015-07-30,94.62665557861328,95.22297791349722,91.23755229938881,94.32849820249625,86211300
2015-07-31,93.43399810791016,95.73978304750031,93.3743605747375,94.36823352426167,46509000
2015-08-03,93.5632095336914,94.4974526392543,92.23142326909296,92.95694635871757,29343100
2015-08-04,93.48369598388672,94.14959668540891,92.75817290889103,93.21535359868341,20136000
2015-08-05,95.84912872314453,96.49514020257436,94.59684643478222,94.66641725176622,29813200
2015-08-06,94.53720092773438,98.13501627539289,93.84148528964,96.58457684745824,42271300
2015-08-07,93.72222900390625,94.81548781153259,93.03645419230591,94.79560610480972,23199100
2015-08-10,93.57315063476562,95.31242849941685,93.05633239441399,95.0937752117796,21624200
2015-08-11,93.04640197753906,94.17941670037028,92.33081213519303,93.15572862471137,22491000
2015-08-12,93.61290740966797,93.86137567854794,90.63128818310825,92.13203106763545,27050500
2015-08-13,92.8575668334961,94.14960493547673,92.77805516326494,93.47377090381228,17451800
2015-08-14,93.84148406982422,94.13964899408164,92.63889868524423,92.9668785853976,15929700
2015-08-17,93.3544921875,93.88124366988585,92.8177998518665,93.84148783954456,18313500
2015-08-18,94.5868911743164,95.2627251146511,93.46381741900768,93.50357324875081,22278800
2015-08-19,94.72603607177734,95.51119667546925,93.58308815328922,94.05020210800768,23251300
2015-08-20,90.00514221191406,94.18934689969379,89.90575642208539,92.96688727776667,44598200
2015-08-21,85.53271484375,88.63360158329964,85.08547499078172,86.9837686307236,62778700
2015-08-24,81.58702850341797,81.58702850341797,71.55885387139047,76.5580336994596,83710700
2015-08-25,82.49147033691406,87.13285606495015,82.49147033691406,86.41726619338179,52021200
2015-08-26,86.6557846069336,86.92412696604617,82.74986362500269,85.42337669411985,45124300
2015-08-27,89.18022918701172,89.50820151993778,86.65579081291636,88.55408433315873,42431400
2015-08-28,90.45240020751953,90.91952181520202,89.23987371506304,89.32931866156363,33215900
2015-08-31,88.88206481933594,90.49214184760218,88.34537247658052,90.04489443731462,32850700
2015-09-01,86.695556640625,88.84231866276437,85.97002591789975,86.31787999756929,36097400
2015-09-02,89.33924865722656,89.33924865722656,87.09309342098781,88.26586393378685,27190500
2015-09-03,87.60991668701172,89.2696829708025,87.19249179815118,89.21005301029389,27048200
2015-09-04,87.71923828125,87.84843904912306,86.1687911535249,86.66572768285928,27328700
2015-09-08,88.98145294189453,89.68710189738631,88.28574484004336,89.140476269546,27012500
2015-09-09,89.8858871459961,91.41645265640177,89.61753715806809,90.22380036617196,32551100
2015-09-10,91.41645050048828,91.4959545851752,89.08084266403034,89.5181492517331,26437400
2015-09-11,91.48602294921875,91.51583792934058,90.57165392379886,91.11828716819934,21185000
2015-09-14,91.74440002441406,92.05250576299767,91.03875121339031,91.74440002441406,20127900
2015-09-15,92.330810546875,92.67866460796205,91.22761082267762,91.80405902827893,18859400
2015-09-16,92.87743377685547,93.02651625134673,92.06245817663945,92.33080814725366,16321200
2015-09-17,93.7619857788086,94.92482308306448,92.33081365323609,92.79793522926153,27841800
2015-09-18,93.82162475585938,94.60678543653026,92.4798975502168,92.62897245322692,62300000
2015-09-21,94.96458435058594,95.89881997343616,93.94088861687848,94.04028199991939,28790000
2015-09-22,92.39043426513672,94.09989705862195,91.35680542296775,93.19546897823061,36888900
2015-09-23,93.39425659179688,93.74211066090591,92.23142688249665,92.82774922706216,21701400
2015-09-24,93.83155822753906,94.18934554926258,91.67484794766496,92.48982354481498,29106000
2015-09-25,92.20160675048828,95.26273780464051,91.49595773950874,95.20310784340708,28961600
2015-09-28,88.66342163085938,91.72455271227592,87.63973351310034,91.51584026344983,41199900
2015-09-29,86.13897705078125,89.50820614731214,85.19480066850613,88.55408891120734,42281800
2015-09-30,89.34918975830078,89.46844967280222,87.47077027840612,87.8981359982189,36169100
2015-10-01,90.39275360107422,90.39275360107422,87.8186259633145,89.4982738951136,29283700
2015-10-02,91.50590515136719,91.63510593751502,87.82857734721351,88.35532892959031,37881700
2015-10-05,93.43399810791016,93.69239961527927,92.09227114258228,92.37055435522524,27292500
2015-10-06,92.2314224243164,93.59302365510622,91.77423414684358,93.50357871993738,22172800
2015-10-07,91.83386993408203,93.0861520810996,90.8101819214393,92.5395188788877,24129300
2015-10-08,91.90343475341797,92.6488394809528,89.91568881332509,91.32698661095527,27290500
2015-10-09,92.66870880126953,93.16564526053814,91.67483588273231,92.3307956486382,20012900
2015-10-12,93.6824722290039,94.02038541339327,92.10221019703495,92.74822917132856,18449600
2015-10-13,93.5433349609375,94.78567628359984,92.97682762110946,93.08615426411572,19480300
2015-10-14,93.49363708496094,94.61671089659905,93.03645639395826,93.50357793855761,19253400
2015-10-15,95.37206268310547,95.70998348333265,94.3185596134238,94.40800455361185,27557500
2015-10-16,96.9423828125,96.99207191777089,94.76579830314597,95.59071479367239,25412900
2015-10-19,97.86668395996094,97.96606975199879,96.3261776440997,96.58458676951801,23729900
2015-10-20,96.40567779541016,98.9798051401728,95.96837126349877,98.12508136462168,30881800
2015-10-21,96.51500701904297,97.57845081893235,95.87892890972496,96.77341612053128,21917800
2015-10-22,99.05933380126953,99.11897134572563,96.95232760252787,97.1908550324014,26392100
2015-10-23,101.56389617919922,102.21984849296659,99.54633496637288,101.28561291986456,42809700
2015-10-26,103.13420867919922,103.17396451328243,100.92781675745675,101.5738282090212,25961200
2015-10-27,103.06462860107422,103.46217932352168,101.77259823143167,102.30929056933833,23795500
2015-10-28,103.56156921386719,103.83986003846698,102.2894129177239,103.26341184719902,24081500
2015-10-29,104.2374038696289,104.47593886368905,102.88573590055354,103.32304247368077,20316700
2015-10-30,101.3452377319336,104.07838866285888,101.02719865418646,103.86967622896074,33487100
2015-11-02,102.67703247070312,102.8360558140201,100.56008539568586,101.09677780540511,24003900
2015-11-03,101.95149230957031,103.01493609696445,101.77259486951107,102.58757041141452,21242300
2015-11-04,103.30316925048828,103.5019408312903,101.85211547921423,102.55776444850608,43469300
2015-11-05,108.09364318847656,109.97206278794658,107.28860080109642,108.13339902339104,63232900
2015-11-06,106.44380187988281,108.07375307131116,105.26109810945773,107.3780449710611,35084300
2015-11-09,105.83753967285156,107.58675837558731,105.21140237695538,106.34441705485305,26383500
2015-11-10,107.24884796142578,107.48737537805975,104.59520106860464,105.31079090115641,25031700
2015-11-11,108.34210968017578,109.19684116009344,106.45374925750538,107.60663812038148,25057100
2015-11-12,107.35816955566406,108.71977844040865,107.33829542991343,107.81535785707906,20924700
2015-11-13,103.3131103515625,107.58676790654546,103.19385042710273,107.05007549852549,30278400
2015-11-16,103.40254974365234,103.53175050628982,99.85442337129096,102.68695995718461,49309200
2015-11-17,104.48587036132812,105.54931421485138,103.50193817114202,103.97900056851533,26807200
2015-11-18,107.10968780517578,107.21901443967644,104.74427284060944,105.15176440241176,23836500
2015-11-19,105.60894775390625,107.06994228613281,105.30084196580623,106.7022065441131,25520600
2015-11-20,106.66246032714844,107.20909356284307,105.96675219321887,106.18539790484677,22129600
2015-11-23,106.29471588134766,106.81153409523758,105.43005121151734,106.53325086436578,19897200
2015-11-24,105.09213256835938,105.83753734440086,103.75040548801461,105.35054168052895,23577300
2015-11-25,104.76415252685547,105.94685619501382,104.4560467525437,105.67851383173473,15150800
2015-11-27,104.80390167236328,105.31077901029653,104.21752025962893,105.13188157235827,5913100
2015-11-30,103.60132598876953,105.44993049300388,103.11433031092491,105.19152137342012,20383200
2015-12-01,106.46368408203125,106.49349906037348,103.85973395549837,104.18771388256218,22781900
2015-12-02,105.42010498046875,107.25876844720457,105.14182176379293,106.34440714022715,24429100
2015-12-03,103.74046325683594,106.1953308332221,102.71677525789096,105.6188826609028,23236500
2015-12-04,105.5294418334961,107.06994810983903,103.47212490222407,104.16783301129202,21224700
2015-12-07,104.96292877197266,106.1754550525362,104.01875244931706,105.8276010169604,15474900
2015-12-08,105.83753967285156,106.25497211943201,103.31310119920158,103.36279788509081,20401800
2015-12-09,103.95912170410156,105.78785209761446,102.91555952920135,105.52944297602735,23517300
2015-12-10,104.77410125732422,105.74810023982586,103.7702948774476,104.40637306014865,17454300
2015-12-11,101.49432373046875,103.70071564366698,101.2856112893277,103.51188491081555,26427700
2015-12-14,104.01876068115234,104.09826476511198,100.83836226062091,101.66327874073234,24648100
2015-12-15,103.909423828125,105.1517650619254,103.64107387534061,104.65482856840525,21764300
2015-12-16,106.13570404052734,106.4338614062778,103.55163562410863,104.72440612775284,22680500
2015-12-17,105.56919860839844,107.08982319083083,105.47974608920549,106.83141406973422,21675700
2015-12-18,103.40254974365234,105.93692139096798,103.33297893567072,105.43005161109447,35994200
2015-12-21,104.12808227539062,104.50575890964075,102.96525255789959,104.2672314866644,16138800
2015-12-22,104.8635482788086,105.01263075376285,104.16783258990532,104.57532418260362,14597100
2015-12-23,103.98893737792969,105.45987286912091,103.22365844455541,105.24121957882831,19599700
2015-12-24,104.37654876708984,104.67471372769731,103.85973809570685,104.09826551460284,6501800
2015-12-28,105.28097534179688,105.33067202870296,103.88955151757422,104.37654720212471,13069700
2015-12-29,106.60282135009766,107.0798761493943,105.59900748521405,105.76796407735455,17179900
2015-12-30,105.56919860839844,106.59288665630261,105.41017527767752,106.3444183890385,13115000
2015-12-31,104.01876068115234,105.51950357949495,103.97900484784759,105.35054697493715,18391100
2016-01-04,101.59370422363281,101.61357834823556,99.13883658078933,101.32535425427322,37912400
2016-01-05,102.10059356689453,103.07458502221562,101.04708285589457,102.25960933030082,23258200
2016-01-06,102.33911895751953,103.13421292395765,100.28180185060225,100.5103884276762,25096200
2016-01-07,97.32005310058594,100.80854983944161,96.70385662535023,99.88424754393797,45172900
2016-01-08,96.7336654663086,99.88424120487522,96.43550051920435,99.26803718609627,35402300
2016-01-11,96.91256713867188,97.99588516720756,94.80555345790853,97.31011789124136,29932400
2016-01-12,98.76116180419922,99.34754322897285,96.95231326464022,98.39342606792901,28395400
2016-01-13,94.8552474975586,99.96375443144859,94.6266533568512,99.96375443144859,33410600
2016-01-14,97.76729583740234,98.26423236839578,91.8835615476263,95.2627314749116,48658600
2016-01-15,94.38812255859375,95.78947958325816,92.96688382711173,93.40419038530602,46132800
2016-01-19,94.67636108398438,96.82312320604302,93.34456708214056,95.93857668400558,30998300
2016-01-20,93.77191162109375,94.41793055722559,88.82242856027203,92.26122806854364,59051400
2016-01-21,93.58309173583984,95.40187368772428,92.05252630098454,94.32849653694568,30518900
2016-01-22,97.33993530273438,97.46913607792129,94.90494162156476,95.81931065011483,30495400
2016-01-25,96.4156265258789,98.87049416807676,96.33611486218959,98.11514852832751,32482000
2016-01-26,96.74359893798828,97.28029129429966,95.07389949521901,97.1610313813302,26877100
2016-01-27,93.87130737304688,97.25047728958488,93.6526616695309,97.19084733250322,58699400
2016-01-28,108.44149017333984,109.66394979074474,104.16783298266903,106.54318898924082,107475300
2016-01-29,111.52249908447266,112.1486364045936,108.1731440244353,108.32222650522122,62739500
2016-02-01,114.38484191894531,115.01098677272655,111.32371878854013,111.58212031352508,46132700
2016-02-02,113.90779876708984,116.86953641521484,112.50643402972757,114.09663708613444,59778600
2016-02-03,111.99956512451172,114.63332284532801,109.07757570425491,114.5637520297338,56919300
2016-02-04,109.81303405761719,111.2541545675845,108.58063356636741,111.11501294353936,38890200
2016-02-05,103.432373046875,108.90861594218474,102.54782659591362,108.83904512860295,76894700
2016-02-08,99.13883972167969,102.05088814914129,96.86286945875273,99.79479959409656,71229700
2016-02-09,98.93013000488281,101.7726076982097,96.22679393995794,96.54483303096968,62709000
2016-02-10,100.38117980957031,102.61739421126866,99.62583415518806,100.92781302971203,45179400
2016-02-11,101.28560638427734,104.46599711809746,98.2741646668372,98.98975447760913,43670600
2016-02-12,101.3849868774414,103.60131942168904,100.47061795440884,103.10438292156994,36176800
2016-02-16,100.9874496459961,103.29323501114172,99.625840724096,103.16403423361189,45687200
2016-02-17,104.55543518066406,105.07225338009525,99.78484939350568,101.39491877926264,44073400
2016-02-18,102.83605194091797,105.35054969687407,102.39874534591688,105.15177810786452,29593500
2016-02-19,103.9293212890625,104.37656120059971,101.43469740827615,101.92170074079097,32404500
2016-02-22,106.5034408569336,107.58675885375685,104.69458460656136,104.843667082242,35709700
2016-02-23,104.8138427734375,106.81152957137104,104.47592960244774,106.19532559864679,25319300
2016-02-24,106.22515106201172,106.29472187365168,102.11051715610583,103.57151178319484,34412400
2016-02-25,107.40786743164062,107.40786743164062,104.96294047417668,106.45375014940957,29906300
2016-02-26,107.25878143310547,108.77940603879365,106.50344334857857,108.03400122560141,26686200
2016-02-29,106.26490020751953,108.24271295317028,106.09594361597628,106.94073415634179,32779000
2016-03-01,109.14714050292969,109.14714050292969,106.94074106907338,107.16933521208138,26817300
2016-03-02,109.27633666992188,109.87266655433875,108.10356619063118,109.00799428805385,25670200
2016-03-03,108.90860748291016,109.62419727139792,107.87497863094444,109.57450058727818,21353100
2016-03-04,107.72590637207031,109.37573938331366,107.2687256489023,109.37573938331366,24938900
2016-03-07,105.08219909667969,107.40785835381239,104.0783852103872,107.40785835381239,31436400
2016-03-08,105.28097534179688,106.71215499901444,103.76035074732812,104.13801978680505,25617000
2016-03-09,106.85130310058594,106.85130310058594,104.8436751172128,106.04626070327382,20493300
2016-03-10,106.66246032714844,107.99425421836355,105.12195399575445,107.24884939658904,24854300
2016-03-11,108.73965454101562,108.74958781205365,107.25877823018713,107.8153522969524,20697600
2016-03-14,109.2166976928711,109.65400421661394,108.10355726091147,108.61043458773625,17249400
2016-03-15,109.99192810058594,110.15095142750151,108.17313860789947,108.4414885764071,17618500
2016-03-16,111.49267578125,111.81071484461314,109.42541807806485,109.81302794958088,24744800
2016-03-17,110.33978271484375,111.9995564717623,110.05156620297038,111.46286411464877,24241200
2016-03-18,110.76714324951172,111.73120127650047,109.59437280162581,110.87646988655061,36256900
2016-03-21,111.1646957397461,111.6815139562869,110.34972016687732,110.97586502219986,18448000
2016-03-22,111.562255859375,112.18839318477828,110.48887108784078,110.67770940393939,19001100
2016-03-23,111.8504638671875,112.49648280794179,111.31377155868311,111.32371241142828,18562000
2016-03-24,112.35735321044922,112.39710146038084,110.99574437947442,111.44298422637759,17839100
2016-03-28,112.99343872070312,113.88791847272728,112.25796714405406,112.6257029323786,21351800
2016-03-29,115.42842102050781,115.60731848149318,112.94373827496106,113.13257659007061,29825300
2016-03-30,113.99723815917969,116.27320840066024,113.65932495486412,116.01480686182472,33235200
2016-03-31,113.40090942382812,114.30533750658242,113.07292950924804,113.99723171592414,21207500
2016-04-01,115.3488998413086,115.45822647970974,112.65550487714742,113.05305560018343,24760500
2016-04-04,111.86041259765625,113.84815865833322,110.92616952269024,113.371096267405,48487900
2016-04-05,111.53244018554688,112.62569907598137,111.21440109773593,111.42311353823843,22962400
2016-04-06,113.0133056640625,113.11269145434284,111.73120849629179,111.78090518275684,20814600
2016-04-07,112.94374084472656,114.18608224576646,112.37723346915837,113.09282332938137,20714500
2016-04-08,109.95216369628906,113.62949822668256,109.22664067608952,113.54998656942401,48497800
2016-04-11,108.32221984863281,110.23046183665798,108.10356656793674,110.02174182679391,39762300
2016-04-12,109.93230438232422,110.47893762130269,108.3222272278649,108.67008129691939,26248100
2016-04-13,109.8329086303711,111.9597962684924,105.8673498547488,111.54237142347404,88227400
2016-04-14,110.16088104248047,111.35353320681729,109.58444045816613,109.94223534920224,28473300
2016-04-15,108.9682388305664,110.29009178549393,108.53093226920103,110.11119433608532,20922800
2016-04-18,109.77326965332031,110.13106453939895,108.53092840517205,109.06762073429,21167200
2016-04-19,111.60201263427734,111.76102838918777,108.49119252408796,110.41930120478374,30210500
2016-04-20,111.731201171875,112.57599170785319,110.87646978272551,111.7411420250463,21027900
2016-04-21,112.74495697021484,113.34127926121548,111.62187561313682,111.86041059565655,20875200
2016-04-22,109.88259887695312,111.06531019948493,108.34210024256781,110.52861785773057,38458200
2016-04-25,109.42542266845703,109.99193001079539,108.40173462727103,109.19683611035806,21017900
2016-04-26,108.09364318847656,109.82298030267988,107.48737997566876,109.81303944828872,22521500
2016-04-27,108.22283935546875,108.27253604265768,105.6586449825777,107.27866296007818,52213100
2016-04-28,116.01482391357422,120.04994674664331,115.51788730525926,118.84736106443924,87110100
2016-04-29,116.85961151123047,117.11801308114674,115.13026670095633,116.10426576361593,37140600
2016-05-02,117.84352111816406,118.00254443758128,115.85577512134412,117.10805722248246,28095200
2016-05-03,116.71052551269531,117.43605625605166,116.30303387731628,116.79997045744653,24117500
2016-05-04,117.33663940429688,117.5751743745561,115.85577081485337,115.89552664322991,23448400
2016-05-05,117.08818054199219,118.25101776285759,116.53161406544092,117.31677467780406,22056700
2016-05-06,118.75788879394531,118.9069712681919,116.39247366126159,116.44217034689366,26395600
2016-05-09,118.50941467285156,119.54304350517666,118.17150149173624,118.80757960660564,21138100
2016-05-10,119.7616958618164,119.7616958618164,118.2708863697606,118.8870903562307,23220000
2016-05-11,118.78768920898438,120.33813613535573,118.68830343255449,119.67224309236188,22038400
2016-05-12,119.54305267333984,120.09961917087324,118.17151055471119,119.24489529936831,22035500
2016-05-13,119.075927734375,119.90084418599025,118.9467269675851,119.64243506976085,18124300
2016-05-16,117.94290161132812,118.87714461437722,116.63098961557672,118.6485504986305,31247800
2016-05-17,116.63101196289062,118.2808450220416,116.48192947472091,118.09200669818327,21328600
2016-05-18,116.92916107177734,117.5453574847063,116.01479972297035,116.08437053032199,21642300
2016-05-19,116.09431457519531,116.77014858761113,115.17001228737148,116.33284957909501,20544100
2016-05-20,116.63101196289062,117.26709016860778,116.23346118865483,116.24340204323956,18944800
2016-05-23,115.25946044921875,116.87947081383987,115.22964547052169,116.7005733590078,20441000
2016-05-24,116.9788589477539,117.00868150969828,115.40854523792817,115.52780515510615,20183600
2016-05-25,117.16769409179688,117.94291386309035,116.66081670954742,117.40622150235264,20019800
2016-05-26,118.7380142211914,119.02623831494053,117.19750796420631,117.51554703616232,18481300
2016-05-27,118.64857482910156,119.11569642641561,118.28084661367168,118.82747230078246,13493600
2016-05-31,118.0820541381836,119.36415127710899,117.39628689282318,118.72807313444595,23547600
2016-06-01,118.05223846435547,118.35040340938089,117.0981212559835,117.7739552264115,15029500
2016-06-02,118.2013168334961,118.70819418938318,117.49566790959213,117.96278943534598,13228300
2016-06-03,117.74413299560547,118.25101033786609,117.13786987200821,118.25101033786609,14135100
2016-06-06,118.06217956542969,118.69825770567796,117.634813854077,117.89322296813083,12744700
2016-06-07,117.03850555419922,118.56907113194869,116.94905302673733,118.50943358609061,17103000
2016-06-08,117.66462707519531,117.87333950097448,116.551486555057,117.03848979785782,14505600
2016-06-09,117.83358764648438,117.95285514351855,116.98879706144554,117.40622192709066,13859200
2016-06-10,115.90547943115234,117.38634817308574,115.54768452156915,116.81984083002064,18510800
2016-06-13,113.2518310546875,114.77246319115358,112.61575290907342,114.29540079061822,31718200
2016-06-14,114.23577880859375,114.24571208028297,112.88411075914445,113.37110646467173,17618500
2016-06-15,113.8978500366211,114.73270734176859,113.37109853323797,114.59356572135228,19819400
2016-06-16,113.68913269042969,113.79845932783694,112.24801986300588,113.17232206303576,19236300
2016-06-17,112.3275375366211,113.72890228610484,111.87035680787717,113.71896143168752,24644300
2016-06-20,112.6753921508789,114.01711927259998,112.0591881205949,113.07293531090757,20785400
2016-06-21,113.67919921875,114.50411568815106,113.27171520230415,113.42079767959889,19166300
2016-06-22,113.21207427978516,114.0369830866435,112.91390935407314,113.94753815851932,14846300
2016-06-23,114.37490844726562,114.38484171791342,112.84434309342832,113.66925951615578,16176900
2016-06-24,111.39329528808594,112.9834906804532,110.31991055474438,110.32985140856691,40643100
2016-06-27,108.3023452758789,110.88641363695665,107.56688135693244,110.88641363695665,36130400
2016-06-28,112.00949096679688,112.05918765291791,109.87266995128671,109.9521740333708,26813800
2016-06-29,113.46054077148438,113.54998569822725,112.34740032635209,112.67538022304048,20968300
2016-06-30,113.5798110961914,114.47429835894529,112.97354792824987,113.96742097960983,23192700
2016-07-01,113.49036407470703,114.42459956960762,113.11268746923813,113.50029734553029,14980000
2016-07-05,113.50030517578125,113.50030517578125,112.27784550703133,113.24190362885932,14207000
2016-07-06,115.9849853515625,116.0744378717008,112.27784301108856,112.66545290550488,24337600
2016-07-07,115.14019012451172,116.25333065865024,114.65319445823529,115.91540988219856,16630200
2016-07-08,116.52168273925781,116.78009187420662,115.14019970582602,115.71664793661559,18142600
2016-07-11,117.14781951904297,117.97272839044584,116.78008375957809,116.98879619084747,17711600
2016-07-12,117.20745086669922,117.99261149802041,116.849655956663,117.90315897918649,15217700
2016-07-13,116.06449890136719,117.67457604613777,115.96511310832825,117.66463519203889,16207700
2016-07-14,116.57136535644531,116.91921939074064,115.98497634207669,116.7800777770225,14579700
2016-07-15,116.14401245117188,117.55531045008715,115.86572919309282,117.01861805979892,16646000
2016-07-18,118.63863372802734,118.8771611469779,116.17382512337187,116.60119085626032,20868400
2016-07-19,119.87103271484375,120.10956013076137,117.93298324304462,118.26095559643765,21541300
2016-07-20,121.17300415039062,121.4512873996967,119.82133615434697,120.5071110063154,20046500
2016-07-21,119.87103271484375,121.35190148003,119.5132377996424,121.17300402242932,17801700
2016-07-22,120.25863647460938,120.26857732803838,118.57898862963188,119.16537765955191,18422400
2016-07-25,120.88478088378906,121.10343417622853,117.05837101404805,120.64625346596868,18487400
2016-07-26,120.47728729248047,121.32207783309768,120.01016576530468,121.25250702581508,17612000
2016-07-27,122.58428955078125,124.23412233506244,120.76550776260923,121.66992823023098,52654200
2016-07-28,124.234130859375,127.54372992530465,122.8725220554024,126.73868760113417,78955800
2016-07-29,123.18062591552734,125.06897860872076,122.95203178198159,123.88627485777374,35058800
2016-08-01,123.5483627319336,123.8167127154291,122.1072497688577,123.09118201549124,25006900
2016-08-02,122.33582305908203,124.03535254970971,121.32207594266735,123.29988107544013,23968400
2016-08-03,121.75938415527344,123.16074115152776,121.56060500437438,122.33582473625752,18525300
2016-08-04,123.59806060791016,124.02542634866033,121.75939687031986,122.18676261107004,21066000
2016-08-05,124.38322448730469,125.06899179494457,123.85647293844714,124.21426787402024,20184000
2016-08-08,124.49253845214844,124.68136917254354,123.7868895074153,124.48259759865938,15233900
2016-08-09,124.29376983642578,125.31745793577781,123.7670182965767,124.5720530965234,19621000
2016-08-10,124.11486053466797,124.71119041531868,123.77694734610536,124.30369883571733,10670100
2016-08-11,124.13475036621094,124.61180520277604,123.98566788629063,124.43290774340166,11729500
2016-08-12,124.11486053466797,124.234128027328,123.4191524507747,123.93596308700265,12159000
2016-08-15,123.140869140625,124.15461628833171,122.94208998631527,124.14468301760328,19295100
2016-08-16,122.5445556640625,123.16075213015453,122.0277374083047,122.7433272500309,14222400
2016-08-17,123.60799407958984,123.61792735059187,122.09730279582313,122.90234512331511,13794200
2016-08-18,123.15081024169922,123.49866428412913,122.88246027850369,123.25019602772927,12400800
2016-08-19,122.80296325683594,123.39929320940789,122.52467998971586,122.84271909251741,11688300
2016-08-22,123.38934326171875,124.06517725319814,122.3557143581238,122.57436764693328,14386400
2016-08-23,123.60799407958984,124.3235763068666,123.4887265837189,123.74713570011446,13309500
2016-08-24,122.72344207763672,123.92602750459068,122.33582462938449,123.70737423011737,12243700
2016-08-25,123.13092803955078,123.60799042628506,122.34576744256796,122.36564914928366,10730800
2016-08-26,124.19436645507812,124.42296057644651,123.1508043774809,123.2899459878272,17504800
2016-08-29,125.76470947265625,125.95354779784722,123.58812484490895,123.58812484490895,15925900
2016-08-30,125.06898498535156,125.82433065072983,124.38321771504944,125.82433065072983,17804300
2016-08-31,125.34727478027344,125.4466605711099,124.33351999885215,124.83045653568422,14200600
2016-09-01,125.39697265625,125.85415339219864,124.83046526793859,125.60568510640154,13536100
2016-09-02,125.7348861694336,126.08274023282776,125.22800877268789,126.07279937883081,12118800
2016-09-06,128.93515014648438,129.14387016557004,125.69512937211863,125.89390095463376,26278400
2016-09-07,130.2470703125,131.17136499858827,129.15380385715935,129.2432487947873,27990800
2016-09-08,129.4718475341797,130.27688228485005,129.01465925468946,130.1178589558709,15676600
2016-09-09,126.32125854492188,129.15379511788956,126.32125854492188,128.91527530035458,27100700
2016-09-12,127.9015121459961,127.97107536642383,124.97952325148201,125.18823566071175,21252800
2016-09-13,126.43058776855469,127.56361000356132,125.8839621493435,127.24556335327911,18016200
2016-09-14,126.98715209960938,128.0108476769792,126.11254657403201,126.11254657403201,15691100
2016-09-15,127.56361389160156,128.3090186899585,126.88777232180225,127.19587812799158,15077200
2016-09-16,128.27919006347656,128.38850153025166,127.41451027697319,127.41451027697319,24119200
2016-09-19,127.86177825927734,129.14388315122233,127.47416832654307,129.11406816911207,14958800
2016-09-20,127.8518295288086,128.37858103613635,127.24556635703333,127.86176279987728,11083800
2016-09-21,129.14389038085938,129.21345362124376,127.60338383595244,128.3388554882137,14068300
2016-09-22,129.28302001953125,129.92903149515303,128.76620173985347,129.70044491897463,15538300
2016-09-23,127.1760025024414,127.81208827016368,126.52005019149513,126.77845174110877,28326300
2016-09-26,126.52997589111328,127.37477405188326,126.02310609383085,126.58961343046681,15064900
2016-09-27,127.9015121459961,128.21954360350432,126.64923010796879,126.82812754197269,15637100
2016-09-28,128.43820190429688,128.6767368807596,127.6132855049905,128.41833536356535,12047600
2016-09-29,127.30519104003906,128.49783562674395,126.7685062838764,128.38850898832024,14532200
2016-09-30,127.48409271240234,127.80212418334406,126.669109581011,127.24555773522232,18402900
2016-10-03,127.98104095458984,128.29907245472282,127.01698285228412,127.59343105940607,13156900
2016-10-04,127.40458679199219,128.48790476054606,126.76850865615974,128.37857812007647,14307500
2016-10-05,127.68287658691406,128.01085652516926,127.04679841840998,127.46422329474393,12386800
2016-10-06,127.95121765136719,128.2692491308103,127.2952578205612,127.64310427728653,11682700
2016-10-07,128.19969177246094,128.458093309165,127.5437319116359,128.24937329333906,12804400
2016-10-10,129.44204711914062,129.89922028476792,128.40841052978135,128.88546540509276,15138700
2016-10-11,128.0903778076172,129.83958911099145,127.44435115396296,129.43209747542045,17537900
2016-10-12,128.25930786132812,128.8655709704216,127.6729264576158,128.21954445056588,11073000
2016-10-13,127.03684997558594,127.46421568039344,125.97340614027186,127.42446743205502,17139300
2016-10-14,127.09648895263672,128.15993286343894,126.79833157303749,127.7027597312501,13345300
2016-10-17,126.7585678100586,127.682870036033,126.53991452910665,127.4145200702649,11351700
2016-10-18,127.78226470947266,128.59723272063698,127.22568306527118,127.89157618576496,13504000
2016-10-19,129.3128204345703,129.67061533169078,127.81207762000047,127.95121923747516,16752300
2016-10-20,129.20347595214844,129.8594357004998,128.70653950617864,129.2730543339267,13167500
2016-10-21,131.2608184814453,131.32044843685654,128.90532908560914,128.98484074792378,19088800
2016-10-24,132.46340942382812,132.5926177834981,131.34032793512864,131.90684289801968,17470200
2016-10-25,131.47943115234375,132.68202395984108,131.40986793959215,132.68202395984108,13336800
2016-10-26,130.2371063232422,131.44963255062265,130.13772812617856,130.83343616681543,13084700
2016-10-27,128.89540100097656,130.99247378734222,128.47797613100371,130.93284382953175,16741400
2016-10-28,130.48558044433594,132.15529498240997,129.13391254791355,129.70042744136862,24545500
2016-10-31,130.18743896484375,131.31050522210973,130.07811232047632,131.2011785777423,15669000
2016-11-01,128.70655822753906,131.13161086306178,127.86176008038927,130.60485936693746,22077800
2016-11-02,126.39083099365234,129.4320800291002,125.50628460644498,129.4320800291002,39640900
2016-11-03,119.2647705078125,122.52467302180206,118.76783396402995,121.25251668294271,63766300
2016-11-04,120.01016998291016,121.18294047735348,118.51936041790506,118.85727361296776,30545500
2016-11-07,121.40159606933594,122.45509908886409,120.60649458648281,122.07743005496619,23008900
2016-11-08,123.45890808105469,123.84651795325817,120.79532807717081,121.28232373510478,19460800
2016-11-09,122.42527770996094,123.05141497668545,119.77163859234126,120.75557074937959,31916000
2016-11-10,120.05987548828125,123.41916389179416,114.56375078543319,123.17069561270637,67846700
2016-11-11,118.290771484375,119.9604785739257,117.42610675153706,118.79764888191268,32840100
2016-11-14,114.37490844726562,118.40008961058086,112.85428394672546,118.40008961058086,51377000
2016-11-15,116.48191833496094,117.76401547836649,115.12031711043187,116.01480437125547,34681400
2016-11-16,115.62718963623047,117.15775507807976,113.5102427211703,113.7785926970785,32397900
2016-11-17,117.06831359863281,117.06831359863281,115.29922069023434,116.0943146222724,18597800
2016-11-18,116.30302429199219,118.40009709391981,116.12412683458344,117.66463313908378,22879300
2016-11-21,121.02391815185547,121.20281560444191,117.07824850659578,117.4757916610993,35415400
2016-11-22,120.72576904296875,122.2265195766065,120.1592616681406,121.65007134744098,26089200
2016-11-23,120.09961700439453,120.56673855610501,119.20513731596563,120.48723447407001,15672100
2016-11-25,119.6424331665039,120.39777879588564,119.33433495224864,120.26857803115107,8658600
2016-11-28,119.6722640991211,120.94442045908947,119.08587502474973,119.38403998902669,18101300
2016-11-29,120.12943267822266,121.35189222640103,119.6623111532938,119.83126774407467,18891000
2016-11-30,117.6944351196289,121.04378975350343,117.2273136111716,119.58279527646425,30188900
2016-12-01,114.39479064941406,117.72426397003363,113.30153177165613,117.6546931573395,43277000
2016-12-02,114.69294738769531,115.76633206317118,113.59968858829554,114.40472330357775,25070400
2016-12-05,116.71052551269531,116.84966714851974,114.36498424786852,115.23958989914358,20201500
2016-12-06,116.59124755859375,117.07825082300032,115.61725619508016,116.96892417855393,19131200
2016-12-07,117.22733306884766,117.22733306884766,115.85579087430642,116.28315662503779,21913700
2016-12-08,118.18143463134766,118.76781602476926,116.91921175450824,117.25713249621715,22442800
2016-12-09,118.94673156738281,119.20514069360517,118.22120087621425,118.48955085646628,17464700
2016-12-12,117.04843139648438,118.50942606353608,116.92917147763931,118.48955193794524,17805500
2016-12-13,119.57286834716797,120.7754538692679,116.88941405258464,117.13788232366272,29768000
2016-12-14,119.4734878540039,120.94442342038917,118.12181979277968,119.26477540695974,25913100
2016-12-15,119.83128356933594,121.74945902296291,118.8970403960994,119.34428785638616,20139600
2016-12-16,119.13557434082031,120.75558480641152,118.53924439911295,120.15926244735434,25324300
2016-12-19,118.50941467285156,119.62255516519764,117.78389162744548,119.11567781087541,15918100
2016-12-20,118.3603286743164,119.03616259903065,118.07211218497638,118.76782023277822,13684400
2016-12-21,118.31065368652344,118.46966943813769,117.75408718189867,118.19138618582531,10767600
2016-12-22,116.68070220947266,118.26095678191125,116.21358064424115,118.13175601004612,16258600
2016-12-23,116.55150604248047,116.83973017845693,115.58745541440146,116.2831636166545,10890000
2016-12-27,117.28695678710938,117.9528498882536,116.14400130173311,116.24338708684206,12051500
2016-12-28,116.20362854003906,117.5254814407732,115.93528616825242,117.46585148763154,12087400
2016-12-29,115.63713073730469,116.80990126888334,115.34890663569257,116.28314975245942,9934900
2016-12-30,114.34510040283203,116.11419326451632,114.06680957218467,115.88559912071842,18684100
2017-01-03,116.14401245117188,117.11800385444857,114.80228526677638,115.31909594854461,20663900
2017-01-04,117.96280670166016,118.92686487121546,116.57138277393034,116.82979191629526,19630900
2017-01-05,119.9306640625,120.20894731473598,117.59506381534813,118.13175619436748,19492200
2017-01-06,122.65386962890625,123.1209835658981,119.29457406177683,120.2387579541244,28545300
2017-01-09,124.13475036621094,124.66150189029945,122.28614581355886,122.79302321222796,22880400
2017-01-10,123.5881118774414,124.73106739801689,123.51854106745765,124.05523342275353,17324600
2017-01-11,125.31745910644531,125.34728166972019,123.29989786924014,123.58812198636234,18356500
2017-01-12,125.84420776367188,125.95353440529988,124.0353591239852,124.84039386447363,18653900
2017-01-13,127.55367279052734,128.4779826796009,126.58962223197082,126.70888215367052,24884300
2017-01-17,127.08655548095703,127.55366946652492,126.61943391273917,127.25550450474545,15294500
2017-01-18,127.13623046875,127.64310023178156,126.06284582471415,127.62323369108888,13145900
2017-01-19,126.76851654052734,127.56361805109398,126.66912316471904,127.44434296706403,12195500
2017-01-20,126.26162719726562,127.69279916522802,126.00321809337203,127.31513773653221,19097200
2017-01-23,128.14004516601562,128.45809182162944,126.17218077162765,126.52997567654357,16593600
2017-01-24,128.5773468017578,129.1040982852717,127.59342222496329,128.58729523767607,15162700
2017-01-25,130.6744384765625,130.93285520325512,128.97492387013443,129.203510450031,18731300
2017-01-26,131.96649169921875,132.3242866833612,130.63470515586175,130.82354350378452,20020100
2017-01-27,131.37013244628906,132.13541894093672,130.27688119066306,131.86706897120067,19539500
2017-01-30,130.177490234375,130.77382014145064,128.80595571258024,130.77382014145064,18956100
2017-01-31,129.52154541015625,129.85945861336708,128.72644392325466,129.37245535088124,19790500
2017-02-01,132.41371154785156,132.67212826487602,129.87933205847503,131.43972013641402,50139800
2017-02-02,130.03834533691406,134.6598640871263,129.60103877144377,132.40376803270397,54366400
2017-02-03,130.177490234375,132.03604318442436,129.9588369461339,130.4359069379142,24804900
2017-02-06,131.25088500976562,131.25088500976562,129.50167373530644,130.1775001940859,17058500
2017-02-07,131.03221130371094,132.1851076112703,130.8533214449336,131.42976959871328,14596400
2017-02-08,133.3777618408203,133.6162968351249,131.6285507118182,131.7875740413546,22390600
2017-02-09,133.31814575195312,133.67594069797983,132.4932292051332,133.66600742583776,16470600
2017-02-10,133.36782836914062,134.11323316425964,132.86094340266808,133.2783834333982,15061900
2017-02-13,133.2286834716797,133.8746948787798,132.88082184305716,133.8746948787798,13526200
2017-02-14,133.0299072265625,133.4075686544731,131.73786929243013,133.2783754767688,14364900
2017-02-15,132.6224365234375,132.88083808480164,131.8472166740443,132.6323697955012,13226500
2017-02-16,133.0199737548828,133.04978873503774,132.20500568848135,132.25470237717295,12831100
2017-02-17,132.7118682861328,133.2684347724359,132.35407337846664,132.68205330760225,12276500
2017-02-21,132.90069580078125,133.08953409300545,132.08571267966582,132.68204253244775,14759100
2017-02-22,135.28599548339844,135.951888610854,132.64230468097315,132.78144630215343,27360100
2017-02-23,134.53065490722656,135.28599295590794,133.50696689224694,135.05740640366076,18422500
2017-02-24,134.6101531982422,134.7890430478046,133.3379970503622,133.3379970503622,12625700
2017-02-27,135.57423400878906,136.33950538127817,134.19275099826837,134.43127083788053,14306700
2017-02-28,134.7095489501953,135.97177199270993,133.92439589928748,135.95189028506812,16112100
2017-03-01,136.57801818847656,136.6376481386881,135.46488534373455,135.63384192443306,16257000
2017-03-02,135.92205810546875,136.9755761629709,135.47481831457213,136.2500379962056,12294800
2017-03-03,136.32958984375,136.48861320104425,135.2462716571244,135.79290496950955,11160600
2017-03-06,136.57801818847656,136.98550973531877,135.6735901694749,136.04133347127527,12748200
2017-03-07,136.45877075195312,137.52220701355202,136.15067253752073,136.19042078619307,13527100
2017-03-08,136.876220703125,137.14457071808704,136.21032746735395,136.3097056899053,10184500
2017-03-09,137.39300537109375,137.7209852723157,136.55814054739335,136.87618717838362,15535300
2017-03-10,137.9396209716797,138.6353441735273,137.37312127238118,138.05889603887238,16314100
2017-03-13,138.7446746826172,138.82417117590347,137.82036492120838,137.86012833314973,10955500
2017-03-14,138.46641540527344,138.60555704053357,137.67131384722947,138.60555704053357,12944000
2017-03-15,138.8639373779297,139.24161397246985,137.64147782888986,138.43656410011343,19344800
2017-03-16,139.13230895996094,139.3907105217407,138.8738922328803,139.3410138307405,13612900
2017-03-17,138.9832000732422,139.4801365853736,138.84405845645736,139.4801365853736,20592800
2017-03-20,139.0825958251953,139.33106408551893,138.39682100025428,138.85400927198134,12099500
2017-03-21,137.66136169433594,141.43808261913387,137.5520350434894,140.2851861493523,29894800
2017-03-22,138.7347412109375,138.93351279618918,136.75694346452858,137.08490823927892,17055400
2017-03-23,138.67510986328125,139.52984132007452,138.23780328092658,138.625413176141,13022800
2017-03-24,139.48013305664062,140.1559745819965,138.903684897316,139.2217315363772,16664700
2017-03-27,139.4602813720703,139.78824615125419,137.91977502626995,138.1980582824442,12800500
2017-03-28,140.89141845703125,141.08025673664005,139.15214086212478,139.50000244722492,14679400
2017-03-29,141.77597045898438,141.984690451521,140.56344424498505,141.12002583665011,16527600
2017-03-30,141.53746032714844,142.07414508487298,140.980893862753,141.5275118911636,12404000
2017-03-31,141.1796875,141.7561357611654,141.02066415237482,141.43808906591505,11478300
2017-04-03,141.40826416015625,141.5971024765462,139.95721791948606,141.06040250730103,13564000
2017-04-04,140.86163330078125,141.2194282312269,140.40446015733977,140.99084165950617,12948600
2017-04-05,140.98089599609375,142.56115048112176,140.4243143579773,141.3883724145715,17158100
2017-04-06,140.3050537109375,141.34862342464692,140.04665218285567,141.23929678482406,15103400
2017-04-07,139.91746520996094,140.68275180562625,139.3807803649458,140.33489012615078,11818300
2017-04-10,140.1758575439453,140.56346745239642,139.76838109219943,140.13610929205555,9039400
2017-04-11,139.06271362304688,140.1659133015685,137.95951394452524,139.93732674916825,16638100
2017-04-12,138.7248077392578,139.53977578720307,138.58566611325253,138.8639493652631,11612500
2017-04-13,138.5359649658203,139.71867633144026,138.47633500878052,138.7645515229059,10965600
2017-04-17,140.55352783203125,140.68273618411212,138.89376162387526,138.90369489507398,11519700
2017-04-18,140.0963592529297,141.0405356675938,139.74849760080608,140.4044574883706,14807500
2017-04-19,141.3983154296875,142.16358671782257,140.40444243338888,140.48395409292857,15563900
2017-04-20,142.91893005371094,143.3661698381709,141.8157304972178,142.07413199894418,15968200
2017-04-21,142.79966735839844,143.28667059471897,141.39831793442065,143.01832063468123,12382000
2017-04-24,144.57872009277344,144.7774916783696,143.45563864447024,144.07185027470823,14407200
2017-04-25,145.5924530029297,146.24839762023927,144.89672981000217,144.89672981000217,17767500
2017-04-26,145.66204833984375,146.68573648448867,145.19492674001927,146.18879990299888,12395000
2017-04-27,146.7950439453125,146.84474063002375,145.2446044402352,145.77135593451663,11275100
2017-04-28,149.32943725585938,150.6015936445488,148.15667424593957,148.5840324109882,30652200
2017-05-01,151.52589416503906,151.63522080880279,150.49225768485496,150.81030434500374,25218300
2017-05-02,151.8439178466797,152.49987767550923,150.73078492403468,152.4004843080022,21870400
2017-05-03,150.86993408203125,152.65890862950582,150.41274580006018,152.65890862950582,29782500
2017-05-04,149.92575073242188,150.5916438342063,147.80879635258412,149.2499091946728,36225500
2017-05-05,149.31948852539062,150.7009714215847,148.8722335325309,150.52206639138106,17148500
2017-05-08,150.13446044921875,150.15434215649495,148.82255590967534,149.78661398103114,15827500
2017-05-09,149.55801391601562,151.65508668053863,149.28967910866342,150.5618354130348,17453900
2017-05-10,149.36917114257812,149.59777285870243,147.94793998772178,149.30954118717142,12080700
2017-05-11,149.12069702148438,149.72696015311277,148.49456734903416,149.38904697556208,11841900
2017-05-12,149.408935546875,149.5381438946454,148.71322745368636,149.47849877354435,9598200
2017-05-15,149.26980590820312,150.5518955567405,148.8523810187886,149.2499241995738,15064700
2017-05-16,148.86233520507812,149.28970859150184,148.11693026240403,149.190315199691,14550800
2017-05-17,143.9625244140625,147.7591117651734,143.5351510956618,147.09321860887462,28300100
2017-05-18,146.7553253173828,147.2423134960679,143.62461553226913,143.8333355840642,23031600
2017-05-19,147.15284729003906,148.47470031967464,147.05346908021147,147.54045718855627,16187900
2017-05-22,147.33175659179688,147.67960308419995,146.78512334339172,147.17273325311533,12586700
2017-05-23,147.16278076171875,147.89823706779356,146.34779763138923,147.61002057371257,12817800
2017-05-24,149.12069702148438,149.30953531637985,147.51062762761478,147.6000725572079,17862400
2017-05-25,151.0289306640625,151.65506027081403,149.03123645430722,149.37909803106663,19891400
2017-05-26,151.19789123535156,151.31715113211726,150.22388486077458,151.29726942755727,14996200
2017-05-30,151.44638061523438,151.9631836835953,150.71090909676792,151.0388890239773,13226000
2017-05-31,150.53201293945312,152.410432323889,150.1642696129296,151.76440576747115,18023900
2017-06-01,150.60157775878906,151.35691579574248,149.37911818843196,150.82023103677798,14530600
2017-06-02,152.66883850097656,152.68872020808894,150.37299420171658,150.91962740756398,16854400
2017-06-05,152.688720703125,153.76210541118746,152.47006742007713,152.69865397406383,12520400
2017-06-06,151.87374877929688,153.57327848430322,151.54576883042546,152.4700787163904,13457100
2017-06-07,152.1818389892578,152.80798387363586,151.40661921112283,152.3309290483142,12066700
2017-06-08,153.7620849609375,153.78195150017297,152.1619489652492,153.13594017318644,17799400
2017-06-09,148.6834259033203,154.63671622977958,145.71173979332266,153.8217481513875,35577700
2017-06-12,147.53053283691406,148.28587097153104,143.6743001613783,147.26218284008533,33170200
2017-06-13,149.7567901611328,150.25372670692678,147.9876972713302,149.23003863581516,20483400
2017-06-14,149.32943725585938,151.46625841170325,148.13679253712556,150.3332436541111,20808800
2017-06-15,148.8822021484375,149.1207220006402,145.4732093294654,146.76524746833326,18994200
2017-06-16,149.717041015625,149.90587932834637,147.68954659363197,148.6734712426331,22882400
2017-06-19,151.933349609375,152.62907279102473,150.7804685388328,150.7804685388328,19026500
2017-06-20,151.31716918945312,152.89742367136583,151.27742094088694,151.9433140527879,14743900
2017-06-21,152.96701049804688,153.1359671030431,150.94944934415696,151.42650417975216,15039800
2017-06-22,152.46011352539062,153.60307658500156,151.97312545673688,152.07250365846483,13005500
2017-06-23,154.119873046875,154.24906620741967,151.71468735887572,151.78426573903525,18027000
2017-06-26,152.64895629882812,155.5411304796877,152.26134642053862,155.29266222013547,18049700
2017-06-27,149.6573944091797,152.3706633848972,149.46855611746452,151.90354187338016,19360800
2017-06-28,152.3011016845703,152.5296882248423,148.94180614229407,149.9953090799717,16719100
2017-06-29,150.1145782470703,151.56563956746422,148.0075722417167,151.34698628404462,23973500
2017-06-30,150.05494689941406,150.98918998076294,149.14058552509152,150.96930827373663,17666000
2017-07-03,147.52056884765625,151.217777789725,146.89443914146497,150.7904196595516,13862700
2017-07-05,149.4188690185547,149.92575397415118,147.22241809530016,148.0870827861896,14334300
2017-07-06,147.90818786621094,149.12069898009503,147.0932047228626,148.11689270466945,14951800
2017-07-07,150.51211547851562,151.0587486104831,148.2759014375281,148.3355313855069,13615900
2017-07-10,152.55950927734375,153.03656408287196,150.58169649886605,150.7606015292509,13378700
2017-07-11,154.31866455078125,154.46773943427013,151.97312367033268,152.43029675656422,13667700
2017-07-12,157.92642211914062,158.18483881881616,155.24296790802046,155.53119958607408,22739400
2017-07-13,158.2842254638672,158.80104372547305,157.44937569417317,157.7674223675614,13929200
2017-07-14,158.9898681640625,159.3377297870539,158.35379003810874,159.14889148687564,16371200
2017-07-17,158.7513427734375,159.79491254017745,157.83698135995382,159.26816102116294,12858800
2017-07-18,161.8621826171875,162.72684740907326,158.44325653780814,158.6817915544977,23722900
2017-07-19,163.1343231201172,164.68476266402203,162.17026504071237,162.58768990520218,26273600
2017-07-20,163.5219268798828,163.9890484128281,161.81246407108276,163.7902768417511,18523100
2017-07-21,163.42254638671875,164.03875802049328,162.7467199587531,163.15421156900885,14744000
2017-07-24,164.98294067382812,165.15189728721225,163.3032926465441,163.6312726014546,17367000
2017-07-25,164.26734924316406,164.52575079671655,162.85605122243823,163.99899925254775,15383200
2017-07-26,164.59530639648438,164.9928495261621,163.09456364185792,164.9928495261621,35236900
2017-07-27,169.39572143554688,174.41478326346672,166.47373230476467,173.62961507823806,68910700
2017-07-28,171.39340209960938,172.36739342902885,168.01423984186076,168.03412154887312,24557600
2017-07-31,168.21302795410156,171.66176894281,167.51731979325993,170.9461790730013,25478900
2017-08-01,168.8192901611328,169.42555337594132,168.0142553537462,168.77954190873737,14385000
2017-08-02,168.26272583007812,169.505067256518,165.8873696293371,169.25659897123003,17433800
2017-08-03,167.55706787109375,168.66026765545624,167.21915464550898,168.26272446833303,10793800
2017-08-04,168.58074951171875,169.01805609994264,167.65645481276363,167.93473806612428,10777700
2017-08-07,170.92630004882812,171.00581172064472,168.62052222734957,168.90873876804662,12787800
2017-08-08,170.18089294433594,171.9897493324049,169.57462972436014,170.8269195823465,14393500
2017-08-09,170.13116455078125,170.39951449395755,168.52109522231888,168.93852004209438,10815000
2017-08-10,166.3743438720703,169.54480135409065,165.82772582231453,169.0180498464828,20832700
2017-08-11,167.05018615722656,167.78565768295084,165.82772653669107,166.92097780621165,13791200
2017-08-14,169.7038116455078,170.0317915493437,168.25275041932161,169.04785183783605,12954200
2017-08-15,169.95230102539062,170.44923757809644,168.96836119152508,170.43930430655035,8729200
2017-08-16,168.9584197998047,170.32996947225183,168.20308173550157,170.2007611218621,15779900
2017-08-17,165.8873748779297,168.81929770403224,165.82774491402202,168.30247940799723,17216000
2017-08-18,166.38427734375,167.63655182491019,165.19163281426916,165.81776247220026,15093600
2017-08-21,166.7519989013672,166.97065215908503,164.80401645207775,166.13580253796098,11907500
2017-08-22,168.60061645507812,168.8292030006136,166.1258672058771,167.2489485577099,11391000
2017-08-23,167.67633056640625,168.32234198905948,167.16944560019277,167.80552375175728,9856500
2017-08-24,166.71226501464844,168.25275605583545,165.3904120847116,167.8452796452659,14030400
2017-08-25,165.30099487304688,167.34837120106613,165.16183806890845,166.83155290025604,12614500
2017-08-28,166.21533203125,166.6725051353281,165.310903928649,165.88735210947274,8553700
2017-08-29,167.02037048339844,167.39803193315572,163.9890546224687,164.2375228870482,11121000
2017-08-30,168.87892150878906,169.1373230647319,166.60295869927936,167.1396435201762,11138300
2017-08-31,170.9163360595703,171.09522591503185,169.01803504502806,169.35594821554295,17226500
2017-09-01,170.96604919433594,171.86052888832106,170.26039264418807,171.3437106473099,11677600
2017-09-05,169.67401123046875,171.33377743270873,168.51118156178444,170.22064445043986,13210900
2017-09-06,171.0355987548828,171.42320861334076,168.5310497457537,169.86283590914275,13906300
2017-09-07,172.14874267578125,172.24812087294973,169.2267537367248,170.88651976588793,18049500
2017-09-08,169.90260314941406,172.42704931208138,169.7535282507644,172.0294909735157,10998500
2017-09-11,172.44692993164062,172.8246065927823,171.14495849282224,171.34373009568054,12372000
2017-09-12,171.90029907226562,172.93392042968804,170.6977059413731,172.69538542475976,11186300
2017-09-13,171.98971557617188,172.1089754762681,171.00577590448515,171.9499521659414,9119300
2017-09-14,169.9125518798828,171.22445648616733,169.455363581067,171.20457477787969,15615700
2017-09-15,170.58837890625,171.2840870457547,169.2168291702979,169.8330408069735,15660500
2017-09-18,168.9683380126953,171.01572906783724,168.30244494325177,170.9362174104756,12954000
2017-09-19,171.46298217773438,171.50273042685097,169.3162127582577,169.57461429076355,13168600
2017-09-20,171.11512756347656,171.9897407329045,169.65413291240935,171.44310750201205,12264100
2017-09-21,170.06163024902344,171.21452670843252,168.9683637503941,170.63807847872798,11161400
2017-09-22,169.4951171875,170.6778286405323,168.18321253976617,169.1671523995419,12097100
2017-09-25,161.87210083007812,168.2627125076561,160.5701295447025,168.20308255035636,41251600
2017-09-26,163.20387268066406,164.48596202614337,161.78262657297333,163.49208914381018,23363300
2017-09-27,166.65261840820312,167.30857823199798,164.55556092370796,164.88352567030682,19242500
2017-09-28,167.6962127685547,168.03414116602022,166.13583980514645,166.91105965084242,12178700
2017-09-29,169.82308959960938,170.6082578312624,167.77571346591125,167.79559517394418,15340400
2017-10-02,168.4316864013672,170.81697593005146,167.7160965097017,170.3399210573748,13392300
2017-10-03,168.9186553955078,169.68392665769207,168.16330223814438,168.2626956005231,8190300
2017-10-04,167.38809204101562,169.62430633377727,167.25888369564936,168.78945663748462,12127900
2017-10-05,170.19082641601562,170.26038964350874,167.5670021725623,168.14343519567396,14580600
2017-10-06,171.1747283935547,171.31386999544063,168.70992780359106,169.20686426251177,13124500
2017-10-09,171.44309997558594,173.80852267162308,170.94616345391756,171.64187155119347,14570400
2017-10-10,170.5386962890625,172.1388327245997,169.75354314511753,171.9400611205264,11341100
2017-10-11,171.681640625,171.72138887531216,170.34983917739845,170.89647240231332,11283700
2017-10-12,171.4927978515625,172.78483584993126,171.2343811527092,171.55242780812887,10351000
2017-10-13,172.67552185058594,173.57993486689324,172.13882187159447,172.387290152346,13658300
2017-10-16,173.4507293701172,173.9277841890376,172.99354109323147,173.42091439176585,11498800
2017-10-17,175.03099060058594,175.05087230868284,173.29171269195237,173.63957433979903,15990100
2017-10-18,174.95147705078125,175.65713361027926,174.67319380161857,175.5676735074558,12752400
2017-10-19,173.49049377441406,174.9514885108695,171.57232588380157,173.85822198518832,14048400
2017-10-20,173.90792846679688,174.8024234468886,173.56008194562358,174.42474677760754,12602200
2017-10-23,170.2206268310547,174.265681909542,170.20074512548655,174.12654030116082,13852700
2017-10-24,170.74737548828125,172.1785549597552,170.44921057084125,171.2443119622487,12267900
2017-10-25,169.5547637939453,171.19464840924894,167.85523405137377,170.84678674403878,15868200
2017-10-26,169.58456420898438,171.23438195447633,169.34602921630275,170.3299690001528,11833100
2017-10-27,176.79014587402344,177.11812580571552,172.8345201514094,173.08298841796707,30285300
2017-10-30,178.7679443359375,179.58292753308217,176.52179665614048,178.16168115632732,24353200
2017-10-31,178.956787109375,179.69225865938895,177.8436540955592,179.4636720937589,20174200
2017-11-01,181.5408477783203,181.7793675951027,179.4636568255811,181.2426828420437,40918300
2017-11-02,177.82376098632812,180.82526178791372,176.25343977663232,179.523290543022,35529900
2017-11-03,177.82376098632812,178.75800406243945,175.62731007915474,178.1914891551085,17822100
2017-11-06,179.06610107421875,179.34438430796345,177.21749664131528,177.46596489753728,13312700
2017-11-07,179.14559936523438,179.64253584058872,177.86350993155122,179.39406760291155,12928200
2017-11-08,178.45985412597656,179.245022379496,178.0126142572289,178.688440696172,10494100
2017-11-09,178.20144653320312,178.30082474216616,176.0049803505141,177.21750672308093,12610300
2017-11-10,177.3665771484375,178.00265524352037,176.86964066273845,177.2572505149718,11070200
2017-11-13,177.6746826171875,177.94301741143613,176.21368807619479,176.4124596455526,9523400
2017-11-14,176.97897338867188,177.87345302760326,176.0944118549906,177.03860334256083,9585900
2017-11-15,176.85971069335938,177.47592231236823,175.31920439378666,175.5776210991225,10253700
2017-11-16,178.4896697998047,178.72820480787047,177.40635173977728,177.66475329120667,15607600
2017-11-17,177.9032745361328,178.87726587110834,177.80388116580306,178.20143948182303,13018000
2017-11-20,177.64488220214844,178.4002202937449,177.008804028883,177.7740753919071,10052400
2017-11-21,180.74575805664062,180.7755730356717,177.8933471838047,178.05235535020387,14504000
2017-11-22,179.7617950439453,180.61652638484858,179.3344369561425,180.18916829704577,10376300
2017-11-24,181.66012573242188,182.0278539300231,179.1853762303782,179.29470287902996,9426300
2017-11-27,181.90858459472656,182.60429270227513,180.8749632871257,181.44146304423694,12344500
2017-11-28,181.30233764648438,183.12112732523596,180.97435768815535,182.38565573698594,14379700
2017-11-29,174.0570068359375,180.85509543382605,172.93392534145602,180.7755837632583,41933500
2017-11-30,176.09442138671875,177.18768781818827,174.12655697537303,175.76645662257727,25307600
2017-12-01,174.02719116210938,176.39259889955346,171.2840916169971,174.95148589384038,20182500
2017-12-04,170.41944885253906,175.48820853713852,169.74360715078467,175.20991007267324,24459400
2017-12-05,171.77110290527344,174.30548253827504,167.97450009189907,169.4056798924318,20184900
2017-12-06,174.9812774658203,175.68693396658475,170.84676215767297,171.44309202213017,20255800
2017-12-07,179.03628540039062,179.28475365564628,174.72288012882447,174.72288012882447,20404500
2017-12-08,177.9032745361328,181.16317690100115,177.64487300469415,180.4177721194252,19883800
2017-12-11,177.9430389404297,179.11581712254062,177.70451909446174,178.20145566062897,13168600
2017-12-12,175.8757781982422,178.08216237448224,175.51798330055212,177.5057293620972,16854100
2017-12-13,177.2075653076172,178.06229672497574,176.16399558701792,176.2136922718653,14615700
2017-12-14,177.29701232910156,179.25494344581423,176.591355792676,177.19761895823626,13591000
2017-12-15,179.07603454589844,179.38414792281043,177.26719352452815,177.92315336136195,28463100
2017-12-18,179.7121124267578,180.18916719203713,178.64866110080655,179.9009355466514,17265400
2017-12-19,178.41014099121094,178.97665589395646,177.12805146361137,178.84744754800423,14920600
2017-12-20,176.8000946044922,178.70832923867442,176.27334304655494,178.70832923867442,11860500
2017-12-21,176.36277770996094,177.58523737077144,175.9652345380014,176.84978098611631,11600700
2017-12-22,176.1143035888672,176.44228351922928,175.15024550530876,176.05467363158306,8509500
2017-12-26,174.91171264648438,175.9155189050226,173.59979302276477,175.54779075229737,8897300
2017-12-27,176.53172302246094,177.34670618772827,175.18005509285337,175.46828676458895,9496100
2017-12-28,176.8298797607422,177.8436344522381,176.59134478471427,176.8596947370834,12220800
2017-12-29,175.37884521484375,177.75420119961592,175.37884521484375,176.90940304032614,10261500
2018-01-02,180.30845642089844,180.46747975695737,176.4621723674355,176.59136555834587,18151900
2018-01-03,183.53854370117188,183.64787034886965,180.2190111842393,180.7656444227282,16886600
2018-01-04,183.20062255859375,185.0691087600973,182.97203600159045,183.76712231556704,13880900
2018-01-05,185.7052001953125,185.7548817195156,183.79695044241944,184.45291034714515,13574500
2018-01-08,187.1264190673828,187.74261551347774,185.18836962781054,186.05303433962754,17994700
2018-01-09,186.7189483642578,187.64325830212238,185.95367693922176,187.54386491859248,12393100
2018-01-10,186.68910217285156,186.73879885630856,184.49265131785873,185.79462253181987,10529900
2018-01-11,186.6195526123047,187.2456823407519,186.23194271743748,187.2456823407519,9588600
2018-01-12,178.27102661132812,180.3680996179486,176.31309524264591,176.9690551780554,77551300
2018-01-16,177.29701232910156,180.6364263751664,176.94915069637221,180.38795811330235,36183800
2018-01-17,176.51185607910156,178.22131890281156,174.7228815932075,178.16167378219933,27992400
2018-01-18,178.69837951660156,179.87114244999745,175.9950435757067,177.03861332349246,23304900
2018-01-19,180.17922973632812,181.2526143975881,179.06609682774675,179.74193835459866,26826500
2018-01-22,184.23423767089844,184.2541193776691,179.30463596268885,179.69224583557346,21059500
2018-01-23,188.1898651123047,188.38863668610645,184.41314454887518,184.9100810660291,25678800
2018-01-24,185.4070281982422,189.49184720972633,185.37721321872988,188.72656068321083,24334500
2018-01-25,186.331298828125,187.46431339915776,185.4567009332229,186.79842033388655,17377700
2018-01-26,188.83587646484375,188.83587646484375,185.6654190598546,186.5996621382864,17759200
2018-01-29,184.84046936035156,187.6829463327822,184.49262296021584,187.59350141548697,20453200
2018-01-30,185.9735107421875,187.0270136948055,180.72586252006485,186.47044724174683,20858600
2018-01-31,185.7449493408203,188.66693878019285,184.08518302746458,187.21587733233488,43275100
2018-02-01,191.90695190429688,194.1232998208945,186.73881485330983,187.06679479386418,54211300
2018-02-02,189.1141815185547,193.02011087884307,188.81601654088905,190.86339280073202,26677500
2018-02-05,180.14944458007812,189.44216474677302,179.5034330884046,185.78470361053692,33128200
2018-02-06,184.17462158203125,184.63180988038462,176.6510101072178,177.47592659937064,37758500
2018-02-07,179.07603454589844,183.94602147249302,178.8474479962014,183.0217116723547,27601900
2018-02-08,170.5287322998047,180.72586388846412,170.42933893302086,179.90094747311383,38478300
2018-02-09,175.03099060058594,175.81614366946573,166.15569601514568,173.68925586209153,39887600
2018-02-12,175.32916259765625,176.4621773598561,170.78715511175918,175.97517406638494,32092100
2018-02-13,172.08912658691406,174.89185609601026,172.03944506259853,174.54399443399888,21809400
2018-02-14,178.4200897216797,178.70830622624246,172.14875335941454,172.38727317965993,28929700
2018-02-15,178.85739135742188,179.39407610350437,175.7564972918725,179.39407610350437,20922100
2018-02-16,176.2733154296875,178.7778796294789,175.21981247886606,177.89333326838369,20645300
2018-02-20,174.9315948486328,176.85971104474038,174.03711514532293,174.69307501590998,21204900
2018-02-21,176.81996154785156,180.15937567012588,175.3192035061521,175.62731689674635,23200800
2018-02-22,177.8933563232422,179.10588275046564,176.32303496396426,177.60512462406754,18464200
2018-02-23,182.16700744628906,182.2664008298404,178.4101680606267,178.797777991995,19007300
2018-02-26,183.79693603515625,184.52247428137434,182.0974216105779,183.4490895664989,17599700
2018-02-27,180.3482208251953,183.568359988873,180.3482208251953,183.31989171190773,15849800
2018-02-28,177.22744750976562,181.75950613900827,177.04854247687499,181.18305795682576,18783000
2018-03-01,174.8620147705078,179.01639655333457,173.34139032221972,177.91319693739047,23201600
2018-03-02,175.537841796875,176.02484501914074,171.93009317292478,172.22824293625257,20025900
2018-03-05,179.29470825195312,180.04011310637972,174.8123458535095,175.1204441002244,16189300
2018-03-06,178.67849731445312,181.26257333369313,178.01260418483113,180.66624343223796,15086800
2018-03-07,182.5844268798828,182.69375352330707,176.97898341720986,177.644876548867,19097300
2018-03-08,181.2228240966797,183.27020033172596,180.3382776116752,182.43535053661398,17225900
2018-03-09,184.09510803222656,184.37339128392716,182.08749531142928,182.7832034406808,18526300
2018-03-12,183.62796020507812,184.95976147951654,183.0912754864967,184.09508170333308,15301200
2018-03-13,180.76565551757812,184.85047481910902,180.00036893672268,184.47279816473605,18067500
2018-03-14,183.06146240234375,183.1210923533246,180.73580332230406,181.48120804016023,16821700
2018-03-15,182.73350524902344,182.87264687372843,181.07373902386416,182.11730879180135,15614300
2018-03-16,183.95596313476562,184.1944981313952,182.28626365425714,183.35964839114098,24403400
2018-03-19,171.5027313232422,176.08448669681098,169.01804869474066,175.92546336891508,88140100
2018-03-20,167.11973571777344,169.15717836223348,160.95772626757326,166.44390936992033,129851800
2018-03-21,168.35214233398438,172.33756749725168,162.29945956649945,163.7902690263902,106598800
2018-03-22,163.8797149658203,169.2267564478605,162.716885399764,165.1121229197774,73743000
2018-03-23,158.41342163085938,165.57925284924727,158.04569346268806,164.4263564948791,53609700
2018-03-26,159.07933044433594,160.11296699004433,148.10697778373404,159.83468372742294,126116600
2018-03-27,151.287353515625,161.85222865478082,149.8263589514319,155.35229055994236,79117000
2018-03-28,152.09239196777344,154.92493623271588,149.87605930760998,150.72084230281612,60029200
2018-03-29,158.81097412109375,160.43099210806525,153.1955972378106,154.1994035975765,59434300
2018-04-02,154.4379119873047,158.22456537514907,153.16575586659312,156.84308262694054,36796000
2018-04-03,155.1535186767578,156.42567493666044,149.8859886065334,155.59082523459287,42543900
2018-04-04,154.14971923828125,154.60689235795846,149.5878303209049,151.09852163373736,49885600
2018-04-05,158.36373901367188,160.58008698626506,155.6902178992767,160.57013854929093,41449600
2018-04-06,156.2368621826172,160.43100825086776,155.84925224575525,156.7636137592424,41644800
2018-04-09,156.9623565673828,159.54643244925282,155.0839371925453,156.85304509540305,34915200
2018-04-10,164.02880859375,164.96305172760523,156.04800887029288,156.96237029600442,57889300
2018-04-11,165.30099487304688,167.61670604112993,162.24979692563673,164.34686994580522,56144600
2018-04-12,162.865966796875,166.4240340253041,162.1006954911368,165.95691249307495,38263000
2018-04-13,163.51197814941406,164.6847409235949,162.7665734543779,163.57160809856938,19990600
2018-04-16,163.82009887695312,164.76427525422062,162.3889192390616,164.70464529685836,18119400
2018-04-17,167.62661743164062,167.96453059909157,164.64499854526622,164.8139551289917,22743000
2018-04-18,165.34072875976562,167.08993994818715,164.75434727314305,165.85754701566515,20969600
2018-04-19,167.07005310058594,167.29863963846623,164.1878123749945,165.18168534961953,22235000
2018-04-20,165.26121520996094,167.39803627464357,164.7940936472127,166.76195810743528,19119400
2018-04-23,164.82391357421875,167.41792300818395,164.07850873877243,166.24516001309252,23088100
2018-04-24,158.7115936279297,165.0823236725205,157.22078401679423,164.41641536741633,35079900
2018-04-25,158.7115936279297,160.07319488653755,155.2330378686136,159.1588334782104,41083600
2018-04-26,173.09292602539062,175.18999867055257,169.75351212516352,172.15868297513384,77556900
2018-04-27,172.5264129638672,176.01491695088666,171.54248838520934,175.72668528408687,29804700
2018-04-30,170.9461669921875,174.64337600314946,170.6579504763859,172.72519310385118,20750500
2018-05-01,172.79478454589844,172.9538078878039,169.1870201985837,170.946179900824,26025900
2018-05-02,174.99124145507812,176.98892089755932,173.13268847266448,173.18238516000278,30424500
2018-05-03,172.95379638671875,175.04092074056115,171.0654284490904,174.05699610421388,24026100
2018-05-04,175.52792358398438,175.89565176716593,171.9996711507225,172.01955285841595,17677800
2018-05-07,176.87960815429688,178.4002328815113,176.08450659028844,176.2634116457083,18697200
2018-05-08,177.82376098632812,177.9430208972193,176.02485322565795,177.15786787502086,15577200
2018-05-09,181.5408477783203,181.88869423289415,177.68461564381982,178.56916201675128,23282800
2018-05-10,184.3932647705078,184.98959466344922,181.38183065828193,182.02784207121914,21071400
2018-05-11,185.84432983398438,187.16618282991558,183.05153378323232,183.71744208206712,21207800
2018-05-14,185.4964599609375,186.7089862593115,185.05915340541918,186.55991137233877,15646700
2018-05-15,183.19070434570312,184.15474733890852,182.0775561170969,183.74727087735593,15429400
2018-05-16,182.07752990722656,183.1906779755963,181.5408451619024,182.57446640542602,16975500
2018-05-17,182.63409423828125,182.93225916679876,181.10353651432877,181.56070959479715,14840700
2018-05-18,181.56072998046875,183.0614880619029,181.49116674967308,182.36577992744665,13130500
2018-05-21,183.35963439941406,184.1646690993218,182.0079665189213,182.64404462942977,13532900
2018-05-22,182.67388916015625,184.28395882045854,182.3061457799224,183.7969555143655,12731400
2018-05-23,185.75486755371094,185.7648159900332,181.06378552997015,181.38183218629797,16628100
2018-05-24,184.7908172607422,185.65549716573406,183.89633754142633,184.74113573823567,12354700
2018-05-25,183.7869873046875,185.188351828339,183.31986579680367,184.88025363490453,10965100
2018-05-29,184.6019744873047,185.665410699873,182.58441353230185,183.21054320314178,16398900
2018-05-30,186.52015686035156,186.84813679264266,184.11498585551624,185.39707544056378,13736900
2018-05-31,190.60498046875,191.53922360215935,186.33132313788792,186.71893303735564,30782600
2018-06-01,192.8014373779297,193.35800385644762,190.89320295216854,191.88707599675033,17307200
2018-06-04,192.09576416015625,192.79147219788192,190.296856532145,190.66458467380758,18939800
2018-06-05,191.75787353515625,193.80524964340273,191.43982687178223,193.10954152389658,15544300
2018-06-06,190.1676788330078,191.35039027033957,187.95134602528293,189.85958059275507,22558900
2018-06-07,187.02700805664062,189.79992213315583,185.6256586957556,189.5812688667174,21503200
2018-06-08,187.94142150878906,188.31908299896617,185.2877668136049,186.38103336088304,12677100
2018-06-11,190.36643981933594,191.41995800499538,187.64323733243535,187.65317060355784,12928900
2018-06-12,191.22116088867188,192.0957739895935,190.3863112006823,190.99257434285775,11562700
2018-06-13,191.2311248779297,193.30831599626384,190.73418833295213,191.55910481745084,15853800
2018-06-14,195.60415649414062,196.07127805029776,191.72805758698522,191.91689589674655,19120900
2018-06-15,194.65005493164062,195.86258134075914,193.44746179412797,194.59040980610516,21860900
2018-06-18,197.09494018554688,198.35716306486552,192.94055857820655,193.60645162776743,16826000
2018-06-19,196.28001403808594,196.74713563225046,192.60267124737788,195.0376725994145,19994000
2018-06-20,200.76235961914062,202.30286590670383,197.59190210761818,197.88013378973812,28230900
2018-06-21,200.26544189453125,202.14386156176866,198.8640770981777,201.51771661758923,19045700
2018-06-22,200.50393676757812,201.0008732484646,198.088817584515,199.92748862991408,17420200
2018-06-25,195.14698791503906,198.77461863908238,191.92683363357798,198.77461863908238,25275100
2018-06-26,197.78074645996094,197.8801398358598,195.0277137328021,196.38933018917666,17897600
2018-06-27,194.64010620117188,199.52002681040346,194.60035794950832,197.9596387485322,18734400
2018-06-28,195.0277099609375,196.13090968475896,192.07590570436926,193.9841401953821,18172400
2018-06-29,193.12940979003906,196.3893120362382,192.77161490129532,196.11102880780402,15811600
2018-07-02,196.15077209472656,196.24021702332584,191.0422655800935,192.18521344187926,13961600
2018-07-03,191.54916381835938,194.20280325174076,191.34045895393297,193.35802019165703,13489500
2018-07-05,197.23410034179688,197.43287191531292,192.84118335630714,193.54683988238284,19684200
2018-07-06,201.9848175048828,202.39230909868533,196.48870070263683,197.23410549677834,19740100
2018-07-09,203.48558044433594,204.53908348571997,200.88162265483803,203.67440359122764,18149400
2018-07-10,202.29290771484375,203.65452406395212,201.0207514631168,203.24703248628836,13190100
2018-07-11,201.29904174804688,203.2470396072342,200.51388870787042,200.981010256622,12927400
2018-07-12,205.6522216796875,205.81124501663345,201.9450792332728,202.18359907339163,15454700
2018-07-13,206.0497589111328,207.15294338925543,205.18507908339285,206.53674697834762,11486800
2018-07-16,205.96031188964844,207.44118822230465,205.57270199926185,206.22866186462363,11078200
2018-07-17,208.7034149169922,209.17053648092343,203.58495942176467,203.64458938051337,15349900
2018-07-18,208.0772705078125,209.69728849568628,207.1629090858205,208.5344588014584,15334900
2018-07-19,206.8150634765625,208.70343159117317,206.48708351194114,207.4909051154098,11350400
2018-07-20,208.65371704101562,210.20415662084912,207.2225373780002,207.57039902245245,16163900
2018-07-23,209.61778259277344,210.323424012759,207.52070971082577,209.28980264456737,16732000
2018-07-24,213.35472106933594,214.87534558872687,211.29741178763595,213.792027628039,28468700
2018-07-25,216.1674041748047,217.2805372192685,212.95719823495259,214.39831122972456,58954200
2018-07-26,175.1800537109375,179.02635262534696,172.6854378807718,173.81845252126243,169803700
2018-07-27,173.81846618652344,178.8275799474206,171.9400466305245,178.76794998775395,60073700
2018-07-30,170.01193237304688,174.22595983389866,165.53950336218676,174.22595983389866,65280800
2018-07-31,171.52261352539062,173.17244643514718,168.9584192255435,169.6243123520671,40356500
2018-08-01,170.59829711914062,174.00728944975336,169.8528923571893,172.86432638224875,34042100
2018-08-02,175.28936767578125,175.70679249574846,169.22675176829816,169.6342281529557,32400000
2018-08-03,176.6907501220703,177.75420156796116,175.0707321930325,176.60130518698583,24763400
2018-08-06,184.55227661132812,184.6516548104339,177.28706753316345,177.87344895337168,49716200
2018-08-07,182.68380737304688,187.14630293646493,182.5943624360257,185.35732836954347,33398600
2018-08-08,184.04541015625,185.70519154965328,182.63411219879606,183.6180520100765,22205200
2018-08-09,181.9682159423828,185.4269051297121,181.36195276575035,184.71131530925084,19732100
2018-08-10,179.1555633544922,180.98430142299048,178.3207135724192,180.92465629687072,21500400
2018-08-13,178.9468536376953,181.49116633231296,177.80389048022417,178.9965503254636,17423300
2018-08-14,180.00033569335938,180.87494876709482,177.52558651806606,179.6027925681877,19102000
2018-08-15,178.43003845214844,179.76182478157125,173.70914117364055,178.2412001345601,33020200
2018-08-16,173.62960815429688,179.3940745238572,172.94383336540338,179.31456286489728,31351800
2018-08-17,172.73513793945312,175.14030888413663,170.98591167764758,173.43084603662618,24893200
2018-08-20,171.44309997558594,173.50042445463654,169.86284547635233,172.9736577895929,21518000
2018-08-21,171.56236267089844,173.1028689461196,170.33990305404782,171.7512009786435,19578500
2018-08-22,172.57611083984375,173.17244071883977,171.0753680369455,171.1548796984982,16894100
2018-08-23,171.84063720703125,174.47440978032174,171.7710739823496,172.02947550520776,18053600
2018-08-24,173.57992553710938,173.7488973044026,171.86052937300911,172.63574915406238,14631600
2018-08-27,176.3727264404297,177.57530439505496,174.71294502321967,174.9117317748304,17921900
2018-08-28,175.1800537109375,177.14793321702564,174.752695590058,177.0087916003092,15910700
2018-08-29,174.82228088378906,175.7068273799935,173.67933282829256,175.21983924266232,18494100
2018-08-30,176.5515899658203,178.68841073898705,174.62347401927295,174.8222455759144,24216500
2018-08-31,174.65330505371094,176.53172449249243,173.9079002737929,176.06460295051986,18065200
2018-09-04,170.111328125,172.8245975165106,167.76578693773027,172.43698760343767,29809000
2018-09-05,166.1557159423828,170.08152725350814,165.64884606487095,168.45157579597597,31226700
2018-09-06,161.53419494628906,165.95692724153665,159.0196971975764,165.95692724153665,41514800
2018-09-07,162.04104614257812,163.6213157274317,159.1787022344947,159.327777117359,24300600
2018-09-10,163.17405700683594,163.99897339213356,161.16644452556983,162.50816393647958,20197700
2018-09-11,164.92330932617188,166.1656507364687,162.7169097682607,162.93556306969697,20457100
2018-09-12,161.00741577148438,163.4821648437754,160.80864421717166,162.24975694256065,24078100
2018-09-13,160.37136840820312,162.319366410206,159.87443184461367,161.00744660298562,25453800
2018-09-14,161.32546997070312,161.8422730031393,159.35759054424082,160.72914011444823,21770400
2018-09-17,159.5961151123047,161.0670427857677,158.79108047456677,160.92790118375495,21005300
2018-09-18,159.31784057617188,160.76888662392278,157.89659433908372,158.41341253123377,22465200
2018-09-19,162.06094360351562,162.4386202305523,158.50287612203812,159.09920604206445,19629000
2018-09-20,165.0028076171875,165.43016574833354,163.4623013602697,163.49211633847528,18936000
2018-09-21,161.93173217773438,166.22527112377293,161.81247226211093,165.6190079438545,45994800
2018-09-24,164.3965606689453,164.6847772084643,159.89431653217477,160.0433914379086,19222800
2018-09-25,163.89959716796875,164.57542351666055,160.16262504833765,160.9974898791839,27622800
2018-09-26,165.92710876464844,168.26271658413532,163.20390621332308,163.29335115143965,25252200
2018-09-27,167.80552673339844,170.7175827358734,166.1855239297864,166.5234371364,27266900
2018-09-28,163.45237731933594,167.7558345132115,161.5640093229861,167.2986613780437,34265600
2018-10-01,161.4447479248047,164.8636737969209,160.27196978713695,162.0311294109886,26407700
2018-10-02,158.35379028320312,161.28571266260136,157.69783044955776,160.59000458084057,36031000
2018-10-03,161.43479919433594,162.65727401757292,158.5525732911542,159.01969485802366,23109500
2018-10-04,157.87672424316406,160.47073325041865,156.38591481750737,160.47073325041865,25739600
2018-10-05,156.36605834960938,159.91417746938197,155.24297688145467,158.23454465090035,25744000
2018-10-08,156.2865447998047,157.3698628379183,153.44406713037907,154.58701512797785,24046000
2018-10-09,156.93255615234375,159.60607721316583,156.4555013114532,156.72385129427286,18844400
2018-10-10,150.45249938964844,156.7238355847287,150.38292100039916,155.85917092879228,30610000
2018-10-11,152.41043090820312,153.8614769984168,148.24610060377472,149.21015862884616,35338900
2018-10-12,152.7980499267578,155.92874400420405,150.37299723037307,155.76972067470027,25293500
2018-10-15,152.57940673828125,154.61684968215812,151.61534859164635,152.38063514589578,15433500
2018-10-16,157.80715942382812,158.48300097418212,154.0602538322762,154.4478637096575,19180100
2018-10-17,158.44322204589844,159.5066733695038,156.98222761298683,158.58236365068538,17592000
2018-10-18,153.9708251953125,157.6879162024366,152.34087385056353,157.53882613209518,21675100
2018-10-19,153.1061553955078,156.38593968657548,152.60921884126424,154.90506329542157,19761300
2018-10-22,153.8316650390625,156.3759775473986,153.5136335581699,153.81178333235084,15424700
2018-10-23,153.44407653808594,153.82175319171404,149.92577222505352,150.29350044129083,19095000
2018-10-24,145.14520263671875,153.70244956046545,144.70791126644727,153.33472141250837,27744600
2018-10-25,150.025146484375,151.2774363385076,146.0993506397016,146.82487378094797,22105700
2018-10-26,144.47933959960938,148.08710410279534,142.91896658998624,144.92659466370444,31303300
2018-10-29,141.21942138671875,147.91813136222262,138.17817220798156,147.590151428102,31336800
2018-10-30,145.3241424560547,145.74156738578753,138.88384828041643,139.08261989000803,50528300
2018-10-31,150.8599853515625,155.44174077227288,148.04733793262284,154.05032455211548,60101300
2018-11-01,150.82025146484375,151.8141246211195,148.4349619559023,150.59166488518457,25640800
2018-11-02,149.42880249023438,153.18564098757363,148.04731971121595,150.86991521916335,24708700
2018-11-05,147.76904296875,149.26980103259015,146.5366500493896,149.18035609463007,15971200
2018-11-06,149.02134704589844,150.04503520814475,147.09323065011762,148.39520208955898,16667100
2018-11-07,150.60157775878906,152.07250558456096,148.91199665502825,150.64134117222275,21877400
2018-11-08,146.96400451660156,150.01520208988154,145.8409382713022,149.56796224598006,24145800
2018-11-09,144.07183837890625,146.854670678078,143.1872920055341,145.85086439625522,17326900
2018-11-12,140.6827392578125,144.15134664438642,139.62923620634993,143.59478013910808,18542100
2018-11-13,141.2889862060547,143.99232191970455,140.75228630531493,141.12996288988748,15141700
2018-11-14,143.33636474609375,144.68803262773483,140.68272566568854,142.81954654171082,22068400
2018-11-15,142.96864318847656,143.95256779447612,139.96714235470918,141.45795191802887,30320300
2018-11-16,138.67510986328125,140.9013910255869,136.92589869916233,140.20568290152255,37250600
2018-11-19,130.74398803710938,136.90599722012826,130.40607487783456,136.76685561540936,44362700
2018-11-20,131.6186065673828,133.33801793912727,126.07280046532676,126.25169792556406,41939500
2018-11-21,133.99398803710938,136.3494625967327,133.30821312347194,133.57654796031184,25469700
2018-11-23,130.92288208007812,133.67591445301474,130.45576057099618,132.83111636247128,11886100
2018-11-26,135.54441833496094,136.16061480453803,131.96646910609397,132.18512240148584,24263600
2018-11-27,134.17286682128906,135.77300309888088,132.890777211062,134.91827163696288,20750300
2018-11-28,135.92205810546875,135.95187308050868,131.04215348526256,135.4450033395322,29847500
2018-11-29,137.830322265625,139.13230884139662,134.82883624762255,135.08723780918208,24238700
2018-11-30,139.7484893798828,140.10628428247927,136.5184019855785,137.41288165942004,25732600
2018-12-03,140.22557067871094,142.79969871020305,139.89759069227844,142.1238721917133,24819200
2018-12-04,137.08486938476562,142.51142159933593,136.31959824018557,139.8677162854351,30307400
2018-12-06,138.7744903564453,138.844053579745,132.85100066716205,133.00009071474418,28218100
2018-12-07,136.57801818847656,140.00687681331746,135.8226802103013,138.396807496416,21195500
2018-12-10,140.98089599609375,142.1735406043168,138.15828505276383,138.74468166868846,26422200
2018-12-11,141.20947265625,142.99844702591955,140.23548139704576,142.99844702591955,20300300
2018-12-12,143.61465454101562,146.28817544992253,141.63684172831333,142.20335664148652,23696900
2018-12-13,144.12155151367188,144.95641655186927,142.31271012239844,144.67813326090413,18148600
2018-12-14,143.1773681640625,145.11541783578843,141.63686169899273,142.46177825984043,21785800
2018-12-17,139.33106994628906,144.0320853830699,137.57191034291748,142.20336254983715,24334000
2018-12-18,142.77980041503906,145.03588123123276,138.97326496267044,140.2156062265519,24709100
2018-12-19,132.4236297607422,144.02212460553744,131.68815836020477,140.3447979334439,57404900
2018-12-20,132.5826416015625,134.73935918569626,129.20347973612132,129.89918774779483,40297900
2018-12-21,124.18443298339844,134.07346667193735,122.66380844948206,132.57272384505163,56901500
2018-12-24,123.29988861083984,128.9450954415947,122.26625972511357,122.34577138924243,22066000
2018-12-26,133.35787963867188,133.41752476100135,125.11867866085694,125.22800530384528,39723400
2018-12-27,133.69583129882812,134.16295293068666,128.87554006169307,131.628573158227,31202500
2018-12-28,132.3838653564453,135.08720081906435,131.38999247063822,134.5107527254606,22627600
2018-12-31,130.2868194580078,133.81507195324463,129.15380474437148,133.6262336400886,24625300
2019-01-02,134.8486785888672,136.66746796131812,127.77230782721618,128.1996810943868,28146200
2019-01-03,130.932861328125,136.32958554541443,130.3166496293639,133.86478424627478,22717900
2019-01-04,137.1047821044922,137.15447878928725,132.93051839179108,133.18891992130673,29002100
2019-01-07,137.20416259765625,138.01913052367522,135.0772751096051,136.71715939684776,20089300
2019-01-08,141.65673828125,142.26300150690102,138.68505211530467,139.03291378251288,26263800
2019-01-09,143.3463134765625,143.81343504844793,140.40445758266705,142.07415711726176,22205900
2019-01-10,143.3164825439453,143.6742774280033,139.97706868117015,142.20334964478639,16125000
2019-01-11,142.91893005371094,144.46936939466403,141.69647059877445,142.2729035514489,12908000
2019-01-14,144.4991912841797,145.67196928108547,140.40443947850116,141.12996250424658,20520300
2019-01-15,148.03736877441406,149.7567646840686,145.09551341635873,145.11537995579482,24069000
2019-01-16,146.63601684570312,148.733089498024,146.0993320944142,148.08707810930417,18025700
2019-01-17,147.39138793945312,148.08709609610628,145.60241327570182,146.04965315031455,15787900
2019-01-18,149.12069702148438,151.49605286534683,147.6398359694482,148.83248052658487,31029600
2019-01-22,146.66583251953125,150.6015607481897,145.47317289601332,148.28583504945158,22378700
2019-01-23,143.41587829589844,147.88830683839862,142.1834703046798,147.37148862720386,20098400
2019-01-24,144.9365234375,145.5427866662527,141.64680573397166,143.75381196130203,20955500
2019-01-25,148.09703063964844,148.9120138910839,145.64216277878384,146.57640595372672,22237200
2019-01-28,146.56646728515625,148.04734366381513,145.31419263853667,147.14291550305097,15508500
2019-01-29,143.3065643310547,147.19261178130307,142.5512110712888,147.1826633445378,17632100
2019-01-30,149.49838256835938,150.0251340723655,144.8073005526339,145.32411878563397,44613200
2019-01-31,165.668701171875,170.6281179868087,163.98905329051217,164.58538318677918,77233600
2019-02-01,164.6947021484375,168.06393102503503,164.64500546518295,164.82389532654105,30806500
2019-02-04,168.21302795410156,168.26272464386895,162.61751735596704,164.68477529482544,20036000
2019-02-05,170.111328125,170.9262962035096,167.65646028710455,168.11363343313909,22557000
2019-02-06,169.4454345703125,171.41329911187162,168.23290814437698,170.15107599661738,13281200
2019-02-07,165.360595703125,168.20307310882131,164.23751435268915,167.16943668931435,17517600
2019-02-08,166.3047637939453,166.34451203951323,163.203885019522,163.462286528958,12561400
2019-02-11,164.77420043945312,167.26883141221808,164.06855909156167,166.8712731071466,12811200
2019-02-12,164.02880859375,167.30859283366522,163.49212379626928,165.83766490232927,16292300
2019-02-13,163.06475830078125,165.20157928833433,162.7268299387591,164.36672956750144,14205100
2019-02-14,162.9454803466797,163.85984171506803,161.255899227586,162.19014230287164,12755200
2019-02-15,161.50437927246094,163.69089706647424,159.8744279898001,163.50205875041536,15504400
2019-02-19,161.29566955566406,163.14427425239143,159.34768664144443,159.51664325995216,14345400
2019-02-20,161.5640106201172,162.7169070694227,160.2620392701688,161.2559123819218,11770700
2019-02-21,159.05943298339844,161.2459657807431,158.6121931531412,160.93785240271805,15607800
2019-02-22,160.8981170654297,161.4149353285737,159.32779573282681,159.5961457186343,15858500
2019-02-25,163.6114044189453,165.05253271838498,161.90194126945846,162.0709130621128,18737100
2019-02-26,163.1243896484375,165.2214624046784,162.79640971989184,163.33309449777607,13784100
2019-02-27,161.81248474121094,162.9256178136742,159.42719525298946,161.90192968482657,12697500
2019-02-28,160.4608154296875,162.4982583998714,159.87443391672403,161.375176898707,11114200
2019-03-01,161.2857208251953,162.13051900206605,160.69933935269893,161.60376748741004,11097800
2019-03-04,166.34454345703125,166.47375181880176,162.826239195802,162.89580243000873,18894700
2019-03-05,170.21070861816406,170.82692027780752,165.52957461799716,166.3445427074215,28187900
2019-03-06,171.45303344726562,172.5065516132874,170.2206405778765,171.84064332800884,21531700
2019-03-07,168.09378051757812,170.68779019700293,166.58308899517283,170.44925516758053,18306500
2019-03-08,168.56088256835938,168.58074911119513,164.95311838938363,165.18170495439398,13184800
2019-03-11,171.01573181152344,173.23206432183179,170.52872858935686,170.54861029534075,18884000
2019-03-12,170.86663818359375,172.73512420916504,170.17093014172082,171.03559476767018,12155300
2019-03-13,172.30776977539062,172.96372964309893,171.0654284344126,171.26421518120875,11973300
2019-03-14,169.12738037109375,170.1013717441735,167.1297009378252,168.71988876821868,18037400
2019-03-15,164.9630584716797,166.55326155158915,161.5143174848002,166.13583665530552,37135400
2019-03-18,159.48681640625,162.89579383502647,158.30410499943372,162.56782905988402,37524200
2019-03-19,160.580078125,162.81629251754023,159.83467332748657,160.4906180236708,25611500
2019-03-20,164.42637634277344,165.1022028053482,160.25211214633308,160.51051370579387,20211500
2019-03-21,165.06243896484375,165.3705371857643,162.7467129244643,163.8797276017234,16223000
2019-03-22,163.33309936523438,166.39423029091867,163.0846310936558,164.63507068185825,16389200
2019-03-25,165.2711639404297,165.51963223469446,161.00745468357854,162.00132786063767,12631200
2019-03-26,166.65261840820312,168.41177787554443,165.33078065535696,166.32465366160423,15437900
2019-03-27,164.85372924804688,167.90492699998939,163.7803444606518,166.8216089409213,10620300
2019-03-28,164.53570556640625,165.69853535009787,162.32930592597572,163.5617141105904,10443000
2019-03-29,165.668701171875,166.16563769699778,163.80021498451765,165.3705362237415,13455500
2019-04-01,167.6663818359375,167.86515341445914,166.25508391354475,166.80171712845376,10381500
2019-04-02,173.13270568847656,173.8284138844925,168.51120144716225,169.09758298628273,23946500
2019-04-03,172.4767303466797,176.86966277492454,171.8903488599171,173.43085519123736,27391100
2019-04-04,174.9415283203125,176.90939259843856,174.45452509466332,174.9415283203125,17847700
2019-04-05,174.64337158203125,175.91552785840483,174.02717515090316,175.79626794665077,9594100
2019-04-08,173.85821533203125,174.42473028237788,173.1625071901758,174.13651375407352,7297400
2019-04-09,176.49197387695312,178.09211005633205,174.47441284625347,174.54397607215748,19751000
2019-04-10,176.73049926757812,177.69454209892865,175.4583279105723,177.088278979029,11701500
2019-04-11,176.42242431640625,177.30697084798678,175.9155544495347,177.1479626633789,8071000
2019-04-12,178.002685546875,178.52943709816685,176.85972233600916,176.90941902609907,12329800
2019-04-15,178.54928588867188,179.39408404029984,175.78632004576266,177.40633795675083,10834800
2019-04-16,177.7740936279297,179.06613181515263,177.2075937924459,177.90330199624242,11215200
2019-04-17,177.6846160888672,179.63261386749465,177.26719124315386,178.4995992390446,9973700
2019-04-18,177.18768310546875,177.78401299137303,176.2534400280249,177.7045013288992,11655600
2019-04-22,180.3283233642578,180.55690991281375,177.1578660006869,177.1578660006869,13389900
2019-04-23,182.6540069580078,183.09131357204623,180.36809567163482,181.62038555098133,19954800
2019-04-24,181.4613494873047,184.00566215576703,180.53703963327595,183.35965071731985,37289900
2019-04-25,192.0758819580078,197.2638999999568,190.94286739512802,195.77309056641508,54148800
2019-04-26,190.31674194335938,191.71809131617258,187.93143769790004,191.32054819124508,22075000
2019-04-29,193.5865936279297,194.2127385093188,189.48189303268884,189.78005798407887,19641300
2019-04-30,192.21502685546875,196.18058547607808,191.10189397893197,193.0001949964744,23494700
2019-05-01,191.84730529785156,194.97799920329038,191.82742359143109,193.58658305982837,15996600
2019-05-02,191.3503875732422,192.8113822499062,188.58742155628713,191.81750914552524,13209500
2019-05-03,194.27236938476562,194.9581442266142,192.5231582484689,193.18905138271765,14575400
2019-05-06,192.69210815429688,193.0896513006828,189.38250914035297,190.06828395837275,13994900
2019-05-07,188.60726928710938,191.71808123100578,186.6990350903018,191.3602863712733,16253000
2019-05-08,188.37869262695312,189.55147072064133,187.39476800591825,188.2296177344628,12505700
2019-05-09,187.49415588378906,188.60730407789947,185.11879976068846,186.05304290928285,12967000
2019-05-10,187.18603515625,188.83586795808168,183.45901144655102,187.09659022688882,12578500
2019-05-13,180.42770385742188,184.29386935173696,179.73199576692153,182.37570167612182,16833300
2019-05-14,179.62265014648438,182.3657491353159,177.00877465656833,181.40169118131314,17628100
2019-05-15,185.12875366210938,186.13256007198422,178.9170465495904,179.3145897386714,16746900
2019-05-16,185.84432983398438,187.42458436723842,183.9162136619539,183.9162136619539,12953100
2019-05-17,184.16465759277344,186.43068666771018,183.15090295441834,183.70746937067685,10485400
2019-05-20,181.60047912597656,183.1012219241762,180.25874448508574,180.765629430235,10352000
2019-05-21,183.68765258789062,184.56225069379266,182.76334262349562,183.43918428723518,7502800
2019-05-22,184.18455505371094,185.59585292003743,182.48502551947416,183.59815844721365,9213800
2019-05-23,179.7617950439453,182.77322885967834,178.5691505407843,181.30230114462304,12768800
2019-05-24,179.95066833496094,182.50492958457374,179.72208175900317,181.21289146927663,8807700
2019-05-28,183.1807403564453,183.5782986776593,180.3382628122875,180.4277077475734,14843300
2019-05-29,181.07374572753906,183.42922016342715,180.23889594840156,182.37571708518692,12797700
2019-05-30,181.88868713378906,182.355808643821,179.78168128618836,181.95826552116736,8581500
2019-05-31,176.38265991210938,179.43384243695849,176.0745616781829,179.17544089099113,15226500
2019-06-03,163.14425659179688,173.97748203560818,160.02349579270762,173.9277853495913,56059600
2019-06-04,166.47373962402344,167.24895940725762,159.85454132228588,162.7069673524266,46044300
2019-06-05,167.13961791992188,167.6862510942485,163.62131422886202,166.45384313443014,19758300
2019-06-06,167.2986602783203,168.66026156864373,166.20539380523584,167.2688452986271,12446400
2019-06-07,172.28790283203125,172.8047059096598,167.80552557842148,169.12737858198204,16917300
2019-06-10,173.74891662597656,176.77028442077497,172.7351617359812,173.67933822402435,14767900
2019-06-11,177.0087890625,178.8772600080037,175.70680268117158,177.3864504937164,15266600
2019-06-12,173.96751403808594,178.171607524552,171.8207599973538,177.28706120798847,17699800
2019-06-13,176.38265991210938,176.93922642053136,173.54018224526854,174.45454367557608,12253600
2019-06-14,180.21900939941406,180.72587921628391,178.89715636863207,179.40402618550192,16773700
2019-06-17,187.8519287109375,188.33893193640182,183.28012204807192,183.8764367439422,29459900
2019-06-18,187.3152618408203,193.33813031904276,186.132550441343,192.81137879637973,37571400
2019-06-19,186.331298828125,186.94751037749222,183.41925832632856,185.85424405224222,21417100
2019-06-20,188.36875915527344,189.98877709000666,186.49033968539905,189.78005707544315,14635700
2019-06-21,189.9689178466797,190.82364938281893,187.59356156774518,187.59356156774518,22751200
2019-06-24,191.4199676513672,192.79150223505673,190.39627955808652,191.24106260505104,15509000
2019-06-25,187.68296813964844,191.95662494654343,186.97732682304715,191.69822343367926,16750300
2019-06-26,186.51022338867188,189.59122079712247,186.16236174910995,188.37869444218595,12808600
2019-06-27,188.33895874023438,197.66149358248884,187.1164990326901,188.7166353837442,11159000
2019-06-28,191.81752014160156,192.01629174081248,188.77627069430204,189.38253392934092,16378900
2019-07-01,191.81752014160156,194.0835497362679,190.7540685796068,194.01398650092952,14181800
2019-07-02,193.80523681640625,193.80523681640625,191.5292742978065,191.81749079777646,9050000
2019-07-03,195.9917449951172,196.19051655437826,192.97037786457412,192.97037786457412,10246100
2019-07-05,195.19667053222656,195.86257885386615,192.98033776825437,194.97801723727326,11164100
2019-07-08,194.5605926513672,195.4749540837891,192.45358653166892,193.9940928701634,9723900
2019-07-09,197.98947143554688,198.237939716209,193.69593226636104,193.77544393600897,14698600
2019-07-10,201.48788452148438,201.71648624805985,198.44663533431137,198.77461526934175,20571700
2019-07-11,199.9970703125,202.5513313393767,198.98333071693037,202.0146313979111,13678500
2019-07-12,203.61477661132812,204.04214992916584,197.93976971774526,198.456572809377,15366300
2019-07-15,202.66065979003906,204.07195771878594,200.583468729332,202.9985729915772,16030300
2019-07-16,202.59107971191406,204.21109764302358,201.85562335765766,202.64077639767987,12132700
2019-07-17,200.56358337402344,203.1078959409991,200.35486336198755,202.92899090706845,12083700
2019-07-18,199.54983520507812,201.22948313180962,198.15841896327078,198.923690313615,11937900
2019-07-19,197.14466857910156,201.09034599645332,196.85645205304337,200.94125593238186,12098300
2019-07-22,201.0803985595703,201.32886681688575,197.59189452107046,198.6851609193779,13589000
2019-07-23,201.12014770507812,202.9886338613199,199.7287315240251,201.59720251496788,14583700
2019-07-24,203.40606689453125,203.55514178946012,196.01164880006732,196.41914039993904,32532500
2019-07-25,199.4802703857422,207.3815582525798,197.0452692340373,205.4335603642758,39889900
2019-07-26,198.526123046875,201.63695025339592,195.0475676993703,198.9634295741518,24434000
2019-07-29,194.73948669433594,198.40688065364338,194.10340855270127,197.78073578294237,16530800
2019-07-30,195.83273315429688,197.49251444287356,192.31442933683508,194.19284873769917,11903600
2019-07-31,193.0399627685547,197.5422065770947,191.4994564719773,195.74329874098353,14593500
2019-08-01,191.54916381835938,197.25400103572076,189.7105076297298,192.98034354991347,17777000
2019-08-02,187.8618927001953,191.43982666753806,186.91771631292292,189.92915051402204,15297000
2019-08-05,180.61654663085938,184.532408906842,178.2411906282358,183.55841755603342,23086700
2019-08-06,183.3795166015625,184.65167293122602,181.96821864725766,182.56454856160605,18035700
2019-08-07,184.01559448242188,185.22812085183932,180.1096805618966,182.4751033424486,15833200
2019-08-08,188.9949188232422,189.17380870803888,182.9223533671791,185.47659943590193,14828900
2019-08-09,186.69906616210938,189.8098786237297,185.97352788685143,188.83588724108594,11058800
2019-08-12,184.23423767089844,186.44063699817974,183.32982474436687,185.70518066595187,10930900
2019-08-13,187.29539489746094,190.207451156654,184.2342637296492,184.38335380356887,13577000
2019-08-14,178.60894775390625,184.85046982814407,178.21138940074746,184.66163150605624,18903700
2019-08-15,181.4712677001953,182.07753083770885,178.9269552428594,179.84131658438335,12925900
2019-08-16,182.57447814941406,183.96590953305457,181.2426918882448,182.6241748354904,12654600
2019-08-19,185.02932739257812,186.35118025099425,183.717422969566,184.87030407909245,9691200
2019-08-20,182.68380737304688,184.8603918323597,181.27250942728094,184.31375860839765,10083400
2019-08-21,182.42543029785156,184.7610232366562,182.01793864304125,183.86654341588874,8398200
2019-08-22,180.92465209960938,182.9819766919546,178.807712713128,182.30613509931223,10821400
2019-08-23,176.66094970703125,182.00799202504035,175.57763162979387,179.73201405382733,17323400
2019-08-26,179.2549285888672,179.3940701973668,177.1479227557879,178.30080386965702,8773600
2019-08-27,180.18919372558594,182.91239627846767,179.90096203775698,180.8153234580596,14399600
2019-08-28,180.64637756347656,180.83521588767096,177.82378146841458,179.42391784013998,9386100
2019-08-29,184.43304443359375,184.93991427154026,182.34590478971893,182.64406976245826,10128700
2019-08-30,184.5324249267578,185.65550643298332,182.33597376989454,185.63562472380835,10774500
2019-09-03,181.2725067138672,184.53240913577218,180.99422347043378,182.8726429462589,9779400
2019-09-04,185.99339294433594,186.59965608202663,182.76330568858847,183.51864371042504,11308000
2019-09-05,189.73037719726562,190.18756551641573,186.78852118244993,187.3749026979658,13876700
2019-09-06,186.34127807617188,189.04461419534996,185.20826331778844,189.04461419534996,15226800
2019-09-09,187.60348510742188,187.82213840755375,184.71132584713274,186.57979700466828,14722400
2019-09-10,185.02932739257812,186.94751009391658,183.41925804810484,186.29155029976158,15455900
2019-09-11,187.3351593017578,188.2793357803435,184.9399213220154,185.3175979795701,11761700
2019-09-12,186.3214111328125,189.76020393283324,186.08287610387575,188.69676748842275,11419800
2019-09-13,186.04310607910156,186.81832587580905,185.39707947164547,186.1822477050414,11441100
2019-09-16,185.0790252685547,186.63939794197506,184.63178546612454,185.78466658309387,8444800
2019-09-17,186.9276580810547,187.16619308917345,184.4032118656904,185.516360071611,9671100
2019-09-18,186.98727416992188,187.92151725912058,184.87031973015456,186.93757748458808,9681900
2019-09-19,188.9750213623047,189.92914616425776,186.99720853076508,187.50409349270546,10392700
2019-09-20,188.76629638671875,191.91688722189593,186.9673886376515,189.4918346140908,19934200
2019-09-23,185.6753692626953,188.93527163209313,184.07523305607694,188.1799184132552,13327600
2019-09-24,180.16932678222656,186.88790394214254,179.28478026882564,186.82827397847748,18546600
2019-09-25,181.67999267578125,182.29618910066725,176.78019075843295,180.33825802094356,18068300
2019-09-26,179.00648498535156,180.28857461403854,176.58143219032812,180.2190113828633,16083300
2019-09-27,176.01490783691406,179.6524713563532,174.58372834355535,179.3841365753219,14656200
2019-09-30,176.98890686035156,177.57528829465735,175.76644730834317,176.7801868562045,10740000
2019-10-01,174.73281860351562,178.73812578430085,173.80852394578022,178.05235095292338,17073000
2019-10-02,173.5302734375,175.44844150767827,172.02951514218327,173.76879330884944,16151700
2019-10-03,178.2809600830078,178.73813321272695,172.56618980441965,174.49430602920867,16086300
2019-10-04,179.34439086914062,179.8711423783781,177.00879827438746,178.44991118013718,10430200
2019-10-07,178.57908630371094,180.06989574479832,176.9988319358298,178.8971329304859,9178300
2019-10-08,176.66094970703125,179.264892467257,176.6311347262119,177.16781954626052,9466900
2019-10-09,178.7480926513672,179.61275744166898,176.84979128927176,178.06231774927926,7556900
2019-10-10,178.92698669433594,180.49730813253538,178.07225515620968,179.2152184079966,8605000
2019-10-11,183.06146240234375,185.34737323682882,181.02401980714407,181.03395307720828,14930500
2019-10-14,182.15704345703125,183.48882964635425,181.45140211483263,183.07140480337085,7006000
2019-10-15,187.732666015625,189.21354221083635,182.53471459228965,182.67385620245528,15039100
2019-10-16,188.3886260986328,188.53770097928134,185.75485360655617,187.16616658142036,10516900
2019-10-17,189.22349548339844,189.67073533725747,187.613425943386,189.13405054568656,9603000
2019-10-18,184.7113037109375,190.31674684237655,182.79312092880525,189.06445715255282,16874200
2019-10-21,188.5973663330078,188.74645640694007,185.6058135658326,185.8940301109534,8122600
2019-10-22,181.2228240966797,189.48190743577445,180.38797430156768,188.83589596307363,19537600
2019-10-23,185.00946044921875,185.23806216758155,180.88489339667785,180.8948266675766,12300400
2019-10-24,185.23805236816406,185.5858988148073,181.67998525106105,183.48882620338145,11413500
2019-10-25,186.7388153076172,187.84201505023853,183.95596760714628,184.69143915732712,8061200
2019-10-28,188.23956298828125,188.3687713468641,183.94603899295433,186.05304515587306,13657900
2019-10-29,188.15011596679688,191.35038859318578,187.31526619433893,190.51553882072784,13574900
2019-10-30,187.0966339111328,189.2831519649489,184.84053745248033,188.39860540459733,28734600
2019-10-31,190.47576904296875,196.8763140820049,187.0966066490265,195.4948311122974,42286500
2019-11-01,192.43370056152344,192.92070382938306,188.74643993371373,191.66842921027217,21711800
2019-11-04,193.52696228027344,196.16071980714716,192.6225341614982,193.3580056809362,16371300
2019-11-05,193.12940979003906,194.55064090916372,192.41382001255158,194.17296431401795,9942000
2019-11-06,190.3763885498047,193.17910270591227,190.17761696995228,192.84118950363325,10973000
2019-11-07,189.25331115722656,192.25481212229386,188.30913475888116,190.73418751441235,13473000
2019-11-08,189.67074584960938,191.1615555552996,188.53773107989682,188.83589605409497,10760800
2019-11-11,188.44827270507812,188.91539425945646,187.38482124480848,188.76630420033388,8631200
2019-11-12,193.27850341796875,193.86488490865514,188.57748789036248,188.8358894374531,17615500
2019-11-13,192.00633239746094,194.5009482342277,191.55909256863885,193.5070752078236,10860700
2019-11-14,191.96656799316406,192.84118110478175,190.27698689005618,191.74791471525964,9040500
2019-11-15,193.90464782714844,194.10341941403823,192.19518488235616,193.0697828977313,11524300
2019-11-18,196.19052124023438,197.4129959312188,191.8671828531791,193.36792560153694,16167200
2019-11-19,198.09878540039062,198.77461180117092,195.6538510025045,196.19053578163593,19056800
2019-11-20,196.2998504638672,198.3671081204739,194.2325928072605,197.36330185154932,12355400
2019-11-21,196.71726989746094,197.87016618364936,195.65383370430118,196.21040014168923,12131000
2019-11-22,197.60183715820312,198.0788919519651,196.40917742585054,197.16453061171364,9959800
2019-11-25,198.56590270996094,199.73868087006278,198.0292179013043,198.2975678882827,15272300
2019-11-26,197.75091552734375,198.92367840878168,196.8266057350099,198.7746035222595,11735500
2019-11-27,200.76235961914062,201.89537430938915,198.19816528535725,198.67522011143572,12736600
2019-11-29,200.40457153320312,202.55134107161547,199.9772133790016,200.36482328188438,7985200
2019-12-02,198.47645568847656,200.94125673828376,196.83657113421333,200.89157521536063,11503400
2019-12-03,197.60183715820312,197.71114862952703,193.88474667834092,196.38931088486353,11595300
2019-12-04,197.49253845214844,198.8044431118558,196.83657853964445,198.7746281308602,8456300
2019-12-05,198.13853454589844,200.056702279109,196.99558658899363,198.63547107764825,9740400
2019-12-06,199.81817626953125,200.33499449285034,198.83423650759084,199.27154306845324,12270600
2019-12-09,200.1063995361328,201.89537408859496,198.9833332835784,199.42062469391402,11954800
2019-12-10,199.63926696777344,200.81204500730263,198.92367718626718,200.42443513942828,9475700
2019-12-11,201.020751953125,201.38849528363693,199.05288761601594,199.05288761601594,8036800
2019-12-12,195.54454040527344,202.41220744621847,192.91078264890842,201.11023605853234,23734800
2019-12-13,192.9207000732422,195.5942210281803,191.9864569714111,195.19666270543337,18798000
2019-12-16,196.70736694335938,197.90001165946984,193.61642092014702,194.07360923006124,14911500
2019-12-17,197.17446899414062,197.78073214652838,194.9283214152002,197.62170882271872,10175700
2019-12-18,201.25929260253906,203.04826712539924,198.86405491263454,198.86405491263454,23274400
2019-12-19,204.79747009277344,205.03600507477253,201.26921787285923,201.53756783194586,16514600
2019-12-20,205.0360107421875,206.43737536523236,202.1835848111453,206.2087736475108,27306900
2019-12-23,204.916748046875,207.3119858525,204.4198114979221,205.43356630407,13348900
2019-12-24,203.8632354736328,205.5230016498251,203.7439755603469,205.0360135603748,6046300
2019-12-26,206.51686096191406,206.54669110355022,204.05206020442492,204.31047688641777,9350700
2019-12-27,206.82498168945312,207.64988295123368,205.32422372229124,207.39148142533966,10284200
2019-12-30,203.15760803222656,206.62621551409651,202.65072303540066,206.58646726204168,10524300
2019-12-31,203.99246215820312,204.30056040541663,202.352577541931,202.7501207321483,8953500
2020-01-02,208.49468994140625,208.5046232125284,205.0062009498093,205.483255773762,12077100
2020-01-03,207.3914794921875,209.1108755558181,205.6820166991645,205.94043338794853,11188400
2020-01-06,211.29742431640625,211.47631419268347,205.2546741289233,205.43356400520057,17058900
2020-01-07,211.75460815429688,213.26529956890323,210.45263677120408,211.51608830719624,14912400
2020-01-08,213.90135192871094,214.91510665231917,211.30734274776844,211.6949526177806,13475000
2020-01-09,216.9624786376953,217.0419902974229,214.95485093414487,216.20712545293262,12642800
2020-01-10,216.7239532470703,218.5328094639806,216.08787510640607,217.8569679090441,12119400
2020-01-13,220.55038452148438,220.61001448137728,217.86693016920398,218.25454007380782,14463400
2020-01-14,217.7178192138672,221.0174848874671,217.2904610987737,220.25219842323844,13288900
2020-01-15,219.79502868652344,220.3217802131543,218.791222321025,219.25834388845988,10036500
2020-01-16,220.41122436523438,221.2659557708827,219.039674741792,221.2063258160024,10015300
2020-01-17,220.7789306640625,220.92800553649857,219.17879465029392,220.66960403584363,15905900
2020-01-21,220.083251953125,221.00754661588667,217.77745918379807,220.79884176668858,14275800
2020-01-22,219.96397399902344,221.38520507323696,219.92421058747593,220.94789853800262,12212800
2020-01-23,218.41354370117188,220.1329550572462,217.9265555953113,219.39748351483465,11195000
2020-01-24,216.6046905517578,220.42115934670656,214.78590108729813,219.44716802373816,11905800
2020-01-27,213.55349731445312,214.73620866992388,211.19802303979912,211.79435293567823,13810700
2020-01-28,216.45559692382812,217.3997884188327,212.2117700754649,214.81571251777567,13413800
2020-01-29,221.86228942871094,222.82634755572226,217.1115771904881,220.08326323991793,33181300
2020-01-30,208.2462158203125,210.13456852078346,203.49550392600858,205.26459671516952,48775500
2020-01-31,200.67291259765625,207.41137071153415,199.82811443300605,207.15295401089796,31359900
2020-02-03,202.93894958496094,203.88312599164132,201.25930162886954,202.19354476411328,15495600
2020-02-04,208.54440307617188,209.30968964132074,203.9427655786737,205.35406361960108,19628900
2020-02-05,208.82266235351562,211.4266048319078,207.43124618154243,211.20795155269792,12538200
2020-02-06,209.55813598632812,209.89604917934724,208.05737799417432,209.1804593792485,10567500
2020-02-07,211.02906799316406,211.51607125055685,208.64376355740467,209.01150690086425,12242500
2020-02-10,211.75460815429688,212.4900797352251,209.36931869148725,210.22405019596582,11856400
2020-02-11,205.92056274414062,209.5680750725065,205.24472117404943,208.90218193885602,25030800
2020-02-12,209.46868896484375,209.9258772632884,206.12927474433053,206.57652977128944,13813700
2020-02-13,211.8341064453125,213.016817830153,207.89836239843402,208.23629076931672,15396600
2020-02-14,212.8677215576172,213.6131263415733,211.34709701157064,212.68883168881132,10741700
2020-02-18,216.46559143066406,216.64448133181304,212.09254014163236,212.2416302245584,15609200
2020-02-19,216.15745544433594,216.98237189697062,214.78590578028076,216.65439197011833,12135100
2020-02-20,213.26528930664062,217.429619976959,211.64527131830107,215.1934055261933,13109200
2020-02-21,208.89222717285156,212.92736443295075,207.55050767506424,212.17201122071887,14092300
2020-02-24,199.49020385742188,202.40224467367145,196.95582449543258,200.56358859303967,23080100
2020-02-25,195.5644073486328,202.25316883329782,194.74942415556276,201.01082750139798,21433500
2020-02-26,195.9917449951172,199.97718527693718,194.2922307233423,195.98181172500838,16524500
2020-02-27,188.58738708496094,194.6798329540922,188.33891885428247,190.64471131432137,21682600
2020-02-28,191.29074096679688,191.55909092791123,180.70599939237212,181.5805973357135,32568900
2020-03-02,195.23641967773438,195.3656280240258,187.6929270491447,192.8411820451101,24949000
2020-03-03,184.7510528564453,196.03151756372725,182.8428185008598,195.01776284925106,27984100
2020-03-04,190.58509826660156,190.654676662241,185.24800462654167,188.01097060333953,23062500
2020-03-05,184.0354766845703,187.8320791353071,182.7633203534532,185.63561295242383,19333400
2020-03-06,179.98046875,182.65398970716862,175.18006005158372,177.23738456460472,24559600
2020-03-09,168.46148681640625,173.92778874850202,164.17789627424824,168.56088019038242,29949000
2020-03-10,177.09825134277344,177.19762955428214,168.461491617471,173.5998137602446,24517800
2020-03-11,169.19696044921875,174.80240407511363,166.63276605493814,172.9438510827828,20373900
2020-03-12,153.52357482910156,165.57926005980926,153.3943664766908,158.56250342422624,43266300
2020-03-13,169.23672485351562,169.74359471873137,156.63442013775654,162.52808084981294,35028600
2020-03-16,145.11538696289062,158.15501064822567,142.22322814436825,151.38673814558268,39120400
2020-03-17,148.50453186035156,152.9968429747557,139.14224812760196,149.8164517648994,34255600
2020-03-18,146.05960083007812,147.27211208807233,136.26001123060118,138.89376894045387,37553100
2020-03-19,152.19178771972656,158.9501124482879,143.91282324540947,145.72166434278574,39862300
2020-03-20,148.8126220703125,158.2941803862986,147.09322577209852,155.06409265819508,32568400
2020-03-23,147.19259643554688,151.37679324652663,141.37843335618544,148.74303587929703,29830800
2020-03-24,159.99365234375,160.32163221473922,151.6351929293694,154.25901673198652,30440400
2020-03-25,155.25289916992188,161.99135651332668,152.12219029885833,157.94628635411974,35184300
2020-03-26,162.33921813964844,162.99517798339974,156.05794843502412,157.2804080236159,26556800
2020-03-27,155.829345703125,159.10912973523017,153.80185139462847,157.23071031511614,24879900
2020-03-30,164.93321228027344,165.72831366976965,157.09155534652862,158.20468819264474,22515200
2020-03-31,165.77804565429688,169.88273148113515,163.19396937945223,164.46612580744628,23676300
2020-04-01,158.62213134765625,163.1442412080933,157.07167678274584,160.62974381879653,19507600
2020-04-02,157.2207794189453,160.36142188089596,154.9646833604549,158.12520752958983,20886300
2020-04-03,153.23533630371094,156.94249362021475,149.90587075635227,156.1871404125223,25983300
2020-04-06,164.53570556640625,165.18171705780128,157.5388299893632,159.16878137402077,28453600
2020-04-07,167.7955780029297,172.32763639147282,164.99284890378954,170.73743354816375,31411900
2020-04-08,173.2122039794922,173.92779383018896,166.71228052851316,170.20076967668493,21664200
2020-04-09,174.11660766601562,175.995026968661,170.51879237525418,174.82224898063006,23534300
2020-04-13,173.71908569335938,173.92780573297142,168.41180657523697,172.6059525895647,19355400
2020-04-14,177.07835388183594,180.11960289192132,175.5378476701401,177.88338860035282,21011800
2020-04-15,175.88571166992188,177.09823798207313,171.76114465362468,174.11661888635015,17423000
2020-04-16,175.1701202392578,176.95909471305893,171.45302967509875,176.85970134467598,23593200
2020-04-17,178.14181518554688,179.17543650944015,175.57762083562176,178.10205177003198,20974800
2020-04-20,177.14791870117188,179.39406609134025,175.68692426271664,176.3230023391987,16110700
2020-04-21,169.75350952148438,174.3054496300613,167.3085752962852,174.1762412886208,24850500
2020-04-22,181.16319274902344,183.6478755716349,177.04855860139085,177.3566568449466,33242000
2020-04-23,183.99571228027344,185.9039466094171,182.02783283262355,182.95214260324065,21426600
2020-04-24,188.90545654296875,189.2433697378823,179.72206416708343,182.107353403919,28792000
2020-04-27,186.3511962890625,192.56290283203126,186.26175135451555,191.4795848506093,29197800
2020-04-28,181.78932189941406,188.04077666593554,181.44146026831214,187.50409189555162,21731000
2020-04-29,193.0001983642578,195.70353411041768,188.83586810950055,189.76016271090387,45954500
2020-04-30,203.45574951171875,208.4052328299809,200.33498888285405,205.65220036004433,46230100
2020-05-01,201.03070068359375,206.00999907117634,197.8304283351143,200.36480757777085,30415600
2020-05-04,204.00238037109375,204.64840696413435,197.54220543248462,198.97338507610132,19250700
2020-05-05,205.80130004882812,209.0910174227714,205.2347851301422,205.7516033631944,21071200
2020-05-06,207.19271850585938,210.30354604367844,205.3938106895881,206.84485686794307,21857000
2020-05-07,209.9656219482422,210.30355032191804,207.75922249188082,209.86624373917257,15152000
2020-05-08,211.04896545410156,211.9036969534551,209.55815575745936,210.9396388030691,12506000
2020-05-11,211.87384033203125,213.68269648393624,209.08105960908432,209.59787781895696,12911900
2020-05-12,208.81272888183594,213.96098387848207,208.71333551309112,211.98317109673138,14704600
2020-05-13,203.84336853027344,209.48856017241394,200.8716826525901,208.14682548939223,20684600
2020-05-14,205.54286193847656,205.66212183933496,199.46036434993601,201.3189019097017,17178900
2020-05-15,209.58795166015625,210.04512476627684,202.8693601997315,204.0123232956311,19383200
2020-05-18,211.88380432128906,213.32491725402267,209.64758989160947,210.85016782566936,20151900
2020-05-19,215.5511932373047,219.13907557606217,211.5260043274611,211.9633108985472,31843200
2020-05-20,228.5609893798828,229.92259062251392,221.82253122984224,222.13062945274714,50162900
2020-05-21,229.97230529785156,235.7467058158044,229.78346697477073,233.28190467446132,47782600
2020-05-22,233.47073364257812,234.5441184107907,227.33853843326284,230.09155600221266,33925600
2020-05-26,230.77731323242188,239.42400551163468,230.25056174271424,238.30093930646683,33178300
2020-05-27,227.736083984375,229.14738198176514,219.77516582699468,227.6665207525805,34697600
2020-05-28,224.07862854003906,230.21082354855974,222.62756718831204,222.9257321417134,29377200
2020-05-29,223.7108917236328,226.09619625518175,221.5144406722277,223.82021837089505,23241500
2020-06-01,230.4890899658203,231.01584144007373,222.13061443617886,223.21393236131902,18223800
2020-06-02,231.2941436767578,231.5724269250747,225.17188188318693,229.52505081304344,20919000
2020-06-03,228.74981689453125,231.22455099741492,227.1297990263184,230.68786624175902,15380300
2020-06-04,224.9035186767578,230.21081212101262,223.23381928507226,228.1534876934371,17041500
2020-06-05,229.35609436035156,229.93254256518625,223.92954068401087,225.3209720918083,16750400
2020-06-08,229.98220825195312,230.1312983025053,226.01666465122258,227.62673407315538,15466500
2020-06-09,237.2076873779297,238.30095383755335,228.99830115530938,230.10150088627515,27462900
2020-06-10,235.27957153320312,239.73213387997254,233.83845859076249,239.4836656083345,20720700
2020-06-11,223.05491638183594,231.46308887096265,222.18031842964962,228.5311664715915,26708200
2020-06-12,227.1794891357422,230.24061975482985,223.12448552988445,228.49139359232362,22091400
2020-06-15,231.0754852294922,232.33770825530914,223.42266574097317,223.71088225411913,15340300
2020-06-16,234.2061767578125,236.99897275036736,231.5724192572722,235.6870530529139,15236700
2020-06-17,234.0869140625,236.13429008239865,230.31019350705344,233.56016256865416,19578100
2020-06-18,234.49441528320312,234.69318686475435,230.72762784375436,233.55023889686015,15782500
2020-06-19,237.3269500732422,239.35445968294985,234.10681094592994,236.3330769766051,30081300
2020-06-22,237.75430297851562,239.22523078896901,235.45845874884006,237.09834315138013,18917800
2020-06-23,240.75579833984375,243.68772062463825,238.3903757728829,239.8016735975735,24017900
2020-06-24,232.586181640625,241.72981091261565,231.25438019230512,239.72218305152717,20834900
2020-06-25,234.23602294921875,235.84610780749196,231.31404854927345,233.18251980861723,18704300
2020-06-26,214.75608825683594,231.6618632040914,214.08024670382582,231.21462336924742,76343900
2020-06-29,219.2881317138672,219.39745834728862,205.84103162951996,208.46485566633655,58514300
2020-06-30,225.67877197265625,226.10613012607803,217.13145725122078,219.23846336916998,33927100
2020-07-01,236.0945587158203,237.53567168250774,226.16576095460414,227.10000409812977,43399700
2020-07-02,231.98983764648438,238.52952391361862,231.1848029297237,237.53565089731185,30633600
2020-07-06,238.80780029296875,238.9270601986081,230.84688312027785,232.32774416629414,26206200
2020-07-07,239.38427734375,246.13266907276656,237.35678287663416,237.9431643705456,27887800
2020-07-08,242.08761596679688,245.4767269397522,235.14043741061724,236.65112879666393,29791300
2020-07-09,243.001953125,245.0195141401759,237.77418650500857,243.49888963445807,22174900
2020-07-10,243.56846618652344,243.98589103148137,237.85369637089408,242.1969165778768,22982700
2020-07-13,237.53565979003906,248.61733827060945,236.95921159916458,245.49657748918494,24674900
2020-07-14,238.26119995117188,238.85752989214487,230.6083799236204,235.30939555742623,23378100
2020-07-15,238.80780029296875,243.3199921501026,236.59146777648047,240.07002323374564,19133600
2020-07-16,239.45382690429688,240.2787433564842,234.88201996875785,236.541786144135,18880700
2020-07-17,240.54708862304688,242.66404303323404,236.4026399011431,239.5234006137308,18152400
2020-07-20,243.9163360595703,244.5424809697723,234.19625828794958,238.58917560032356,20872200
2020-07-21,240.26881408691406,245.397202755287,238.60904788389522,244.71142791221044,19364200
2020-07-22,238.4003448486328,240.41790610630594,236.6610668564801,238.78795476598626,15427900
2020-07-23,231.1748809814453,240.93470659363444,230.33008281008895,238.16180741506028,21771800
2020-07-24,229.29647827148438,232.05944438106616,225.50980887799517,228.77965999359625,18325800
2020-07-27,232.06935119628906,233.51046404860242,229.41571204098963,230.04185689925427,13163100
2020-07-28,228.7100830078125,233.52044054963181,228.42186646883087,233.19246059232816,14170100
2020-07-29,231.8606414794922,232.26813307725234,228.8989039816223,229.72382044831986,13588300
2020-07-30,233.06324768066406,233.4508575925828,227.59694549625615,228.80947192129432,20615300
2020-07-31,252.11578369140625,254.2824349029998,247.47439820356885,254.25261992366913,53005100
2020-08-03,250.416259765625,253.83517031078523,248.79624184501446,251.10201942967134,23124900
2020-08-04,248.29930114746094,251.25110526267036,245.91399677394983,250.01869724475802,17183500
2020-08-05,247.59365844726562,250.72436776881025,246.25193887971776,248.65710992912707,13050100
2020-08-06,263.6546936035156,264.96661356816713,247.14645837346396,247.51418662175163,45241600
2020-08-07,266.79522705078125,277.18121033979156,261.8159144267683,262.46192570532963,72766400
2020-08-10,261.38861083984375,272.1820575500566,258.09889348728063,266.3977394793041,30248800
2020-08-11,254.56069946289062,264.29072474471275,253.56682645070933,258.5958214658989,28238300
2020-08-12,258.29766845703125,262.28307856111974,256.52854540014897,257.38329195182223,21415700
2020-08-13,259.698974609375,263.53533974531973,257.97959391738436,259.9474428324343,17374000
2020-08-14,259.6393737792969,261.04073835417745,257.09506131628734,260.702825172593,14792700
2020-08-17,259.5599365234375,262.4819262476277,257.8107099319212,260.8917230126678,13351100
2020-08-18,260.732666015625,263.52544700661764,257.6715502060295,259.35119817535104,18690400
2020-08-19,260.9811096191406,266.2685213028287,259.74871679459574,259.7884802074964,23291500
2020-08-20,267.3617858886719,267.97798229682013,259.8580265276032,259.8977899402377,20299700
2020-08-21,265.37408447265625,268.83274368804626,264.7877029428126,267.04378411667915,15538600
2020-08-24,269.7272033691406,275.55128448984294,267.1232306764229,269.4091567352916,23685600
2020-08-25,279.09942626953125,281.355507085819,268.6041296982709,270.74095060611666,42127200
2020-08-26,302.0480041503906,302.8033574789275,282.2599853411997,282.2599853411997,69015200
2020-08-27,291.4234313964844,299.38436353515107,290.230771708759,298.3209121854988,30301300
2020-08-28,291.8607177734375,295.40885128535353,289.19714569611415,293.1925038120992,17157400
2020-08-31,291.40362548828125,295.0610714734328,289.7637104937946,292.14903036555626,17345100
2020-09-01,293.6298828125,299.6428031753029,290.9165982221665,292.9043445015197,17295900
2020-09-02,300.6466064453125,301.73987289850623,291.2544937150291,297.0487907516562,24341400
2020-09-03,289.3362731933594,295.776580490979,281.89217489363125,294.1764293533981,32294100
2020-09-04,280.99774169921875,287.229314878077,269.47875655191166,285.49003701981877,30333700
2020-09-08,269.4986267089844,277.58873776914317,267.7692972639404,269.6178866251116,24864000
2020-09-09,272.0429382324219,276.7737837566097,269.6874639068306,274.08036589592007,22918800
2020-09-10,266.44744873046875,277.4496317632446,265.39394561955123,273.82200083749274,24814700
2020-09-11,264.9764709472656,269.72721309385213,261.03082418054396,268.4053449938947,18913900
2020-09-14,264.5193176269531,274.9450669969811,264.072092933478,269.2899266715529,24093800
2020-09-15,270.7508850097656,272.8379939605267,267.6499758979979,269.0116073304009,18478500
2020-09-16,261.9054260253906,270.7707873427128,260.1860449895176,265.6523469901029,29183400
2020-09-17,253.2587127685547,259.8977768049167,248.65707615043277,256.69750468801476,31281400
2020-09-18,250.9827423095703,257.6118884285528,248.51794156659895,256.81677184656445,28130800
2020-09-21,246.6295928955078,248.4185674302035,242.63423412753664,246.0233297244526,24709400
2020-09-22,253.1891632080078,253.75567813417615,246.6991733093641,251.75798356852937,30293100
2020-09-23,247.49427795410156,256.40930550535546,246.6295980644518,253.696036250626,19641300
2020-09-24,248.00115966796875,250.6945625094503,244.11511210954754,244.98972531244345,20006800
2020-09-25,253.2587127685547,254.1830073340629,245.09900916439588,247.8719080262183,18351300
2020-09-28,255.24647521972656,258.00944099067164,253.25872918795037,257.81065425525503,18826300
2020-09-29,260.18603515625,261.71657782053796,255.32598136617338,256.23040948448823,20200200
2020-09-30,260.2953186035156,264.44970024024406,258.50635943218236,260.3748454243633,20142500
2020-10-01,264.99639892578125,266.68596505748064,263.1775941029918,263.7242425257836,20009800
2020-10-02,258.34735107421875,263.5254209322513,257.59199788542276,259.60955887022527,16367600
2020-10-05,263.02850341796875,263.2471567078468,259.2418494259985,260.59353258086253,12822300
2020-10-06,257.0752258300781,264.0621526768501,256.6577857726368,260.17610512329685,18696900
2020-10-07,256.53851318359375,258.5858892909873,253.2587441693883,257.6218311953234,23133400
2020-10-08,262.14398193359375,262.9986982518995,257.5622111117492,258.15854104553944,16312800
2020-10-09,262.8297119140625,263.12786166473063,260.5636828171991,262.8992599688216,14107800
2020-10-12,274.0605163574219,278.463367056186,266.2287912184097,268.5445326028674,31019300
2020-10-13,274.4480895996094,277.38994502433513,271.7149390007735,275.8792387363067,18063300
2020-10-14,270.15460205078125,277.0421355769924,269.8365553691603,275.91905408480653,15577800
2020-10-15,265.0858154296875,267.39160813562887,262.0545148243733,265.9604285478444,15416100
2020-10-16,264.3006591796875,269.70733112644956,263.6745142904317,265.74178726862857,16622700
2020-10-19,259.79840087890625,266.9045868925761,258.28772481032973,263.90310129677107,13587000
2020-10-20,265.92071533203125,268.0476185736449,261.26939595900024,261.4482858585929,18763200
2020-10-21,277.0222473144531,281.3157558573154,274.6766911346445,277.8471486039706,28998600
2020-10-22,276.416015625,280.7195036610128,273.35489944697963,278.15529376334433,16720000
2020-10-23,283.04510498046875,283.4923296397231,275.12393582241333,277.0917849843274,17535200
2020-10-26,275.4121398925781,283.48241434774144,272.57962603073065,281.4250899029614,21322900
2020-10-27,281.5543212890625,282.76684769418074,274.6170760754383,277.05207732254803,16287200
2020-10-28,266.0299987792969,277.0818616666197,265.6225072103546,277.0818616666197,23121800
2020-10-29,279.109375,281.8624229545354,272.1025816348378,274.85559925877266,32368100
2020-10-30,261.4979248046875,275.00468630595316,257.51251448104284,272.8181534538649,47247800
2020-11-02,259.7586364746094,268.8128354073454,255.7632778758947,262.97880566594404,27165700
2020-11-03,263.6744689941406,268.39536528268303,259.2815677486717,261.54759675394826,17961900
2020-11-04,285.6192321777344,287.1696716561747,276.9128948521868,279.2783174830528,35364400
2020-11-05,292.87451171875,295.55798116500785,287.17963838613963,290.1115457716146,23823600
2020-11-06,291.6123046875,292.79501608176406,286.29507763161877,292.149004644455,13891000
2020-11-09,277.06201171875,290.78739772228914,276.8234918645718,288.09400993352057,25117700
2020-11-10,270.76080322265625,272.3211910492522,262.38246144891457,271.42671145134096,29067700
2020-11-11,274.7860107421875,276.69422986693684,270.81051884659763,271.79444338496535,14957000
2020-11-12,273.39459228515625,278.03599289357976,272.7485808521489,275.48173180999464,12899500
2020-11-13,275.2531433105469,276.05817802529583,271.42672614120846,276.0184146121756,10391200
2020-11-16,277.2508239746094,277.6980789897363,272.9473669136245,273.3647766191837,12970400
2020-11-17,273.3150634765625,275.97863572491843,271.61554921078414,275.97863572491843,15040300
2020-11-18,270.3036193847656,275.6904239590016,270.17441105221354,272.8379831996449,12152900
2020-11-19,271.2677307128906,271.7944822511571,267.5407065278164,269.3594809846684,12963700
2020-11-20,268.0475769042969,271.3273458760536,267.75934522380226,270.8900393024062,18114700
2020-11-23,266.7853698730469,269.289949693022,262.90927054523104,269.23031972879426,20990800
2020-11-24,275.22332763671875,276.117807280776,266.2287586860281,266.8449551001431,16930400
2020-11-25,273.9014587402344,278.4633322090346,270.97946966914446,276.43585310996593,12467000
2020-11-27,276.1078796386719,277.4197993917423,273.136208816856,275.69046992762196,7808400
2020-11-30,275.27301025390625,275.998548474072,269.34953557543525,274.33876719310007,16693300
2020-12-01,284.7943420410156,287.5274932326975,277.2508483916457,277.44963515600875,20738900
2020-12-02,285.75836181640625,289.992270617401,279.10934883904036,283.6115924383215,17361600
2020-12-03,280.1230773925781,284.8936550860176,279.3478577591294,284.4961119999965,12921700
2020-12-04,277.986328125,281.72327048958266,277.58875460632856,278.582627741805,10880300
2020-12-07,283.8302917480469,286.72246636545617,276.495533096647,277.4794578471977,13007700
2020-12-08,281.66357421875,284.6750078970688,279.8249032848577,284.2575982635717,10747700
2020-12-09,276.21722412109375,285.86772338842565,270.08501377474596,281.9220459850057,25189700
2020-12-10,275.4220886230469,277.02223996978546,270.1943067907997,273.8517825845174,20065100
2020-12-11,271.87396240234375,274.7860335083833,268.59419344898964,272.84796891647494,14391400
2020-12-14,272.5100402832031,275.52147425983287,269.89614944043467,271.6950571438995,16376900
2020-12-15,273.8616943359375,274.38844581524904,265.83121380274713,273.1461045592693,23979500
2020-12-16,273.98101806640625,276.15757230880143,270.840375347697,273.0765898818216,15885000
2020-12-17,272.7983093261719,278.721784724986,271.9336142200269,275.3724371090971,16377800
2020-12-18,274.7065124511719,276.2967154406914,269.478760690303,274.0803675596874,26693200
2020-12-21,271.1186828613281,272.9871693587617,266.14931678543167,271.3075211986605,16553700
2020-12-22,265.4535217285156,269.83650506369685,263.0086027718864,269.83650506369685,17312900
2020-12-23,266.46728515625,270.50243758705955,264.59882932604114,265.25478916955404,14329000
2020-12-24,265.76165771484375,268.743276979402,264.5690282073802,267.23260080437507,6702000
2020-12-28,275.30279541015625,275.600945150204,264.03228027744063,267.09339548744236,23299700
2020-12-29,275.08416748046875,278.79132468616433,274.5872309809137,275.2531392357801,16383000
2020-12-30,270.2041931152344,276.3761347068345,270.0451698276623,276.246956720611,11803800
2020-12-31,271.48638916015625,275.3923033008424,268.15690809222895,270.3334926840375,12900400
2021-01-04,267.2922058105469,273.3150737362507,263.5751305135248,273.0964204640378,15106100
2021-01-05,269.3097839355469,270.73101513017787,266.56668458767825,266.64621141751144,9871600
2021-01-06,261.6966857910156,266.1094841450222,258.4169171662844,260.3947146442421,24354100
2021-01-07,267.0934753417969,269.94588658656573,263.15774594351046,264.2708790799468,15789800
2021-01-08,265.9305725097656,267.30212193050437,261.567456028737,266.6660287316602,18528300
2021-01-11,255.26634216308594,261.85572512169824,254.33209910023183,258.8840545053035,30412300
2021-01-12,249.55157470703125,258.12870378284316,248.76642168844134,255.05763976911845,26383500
2021-01-13,250.09820556640625,252.39404981083618,247.67315297678024,250.0087606344853,19528900
2021-01-14,244.1349639892578,253.46743088612746,243.11127600880906,251.8474130374199,29739400
2021-01-15,249.81993103027344,252.3046136609989,245.6456672437145,246.38112359661773,24942900
2021-01-19,259.500244140625,260.5935104973684,251.17158361915673,255.32596544418516,28028500
2021-01-20,265.8411560058594,268.6637516335971,261.98492398481324,267.28225363065064,25199900
2021-01-21,271.1980895996094,271.92362772553594,265.85104861905484,267.6102230391769,20838700
2021-01-22,272.8181457519531,276.76382288005954,270.33346318590617,270.34341162196165,21954000
2021-01-25,276.3066711425781,278.38386228871553,269.84649597140043,276.4358794988977,19087000
2021-01-26,280.3218994140625,283.64146230270273,276.107887120364,276.4358822328191,19373600
2021-01-27,270.47265625,281.7133592601974,266.47726673626494,280.798982607773,35346200
2021-01-28,263.3763732910156,285.0328767798525,263.07822349122813,275.48174045199073,37758800
2021-01-29,256.7472229003906,264.92680937897524,253.28856394656756,263.67451957536355,30389500
2021-02-01,260.4046630859375,262.55143231204124,253.34815902737898,257.9298987989953,22914300
2021-02-02,265.443603515625,267.2027782433836,261.65694958352583,262.3824878363312,17320800
2021-02-03,265.0162658691406,267.5506605664134,262.22348478110126,263.99257775143155,14223400
2021-02-04,264.8572082519531,266.5169895211257,262.38247416730263,265.3740416278043,16060000
2021-02-05,266.4573669433594,267.5208183709261,264.0422627458969,265.16531379856116,12454400
2021-02-08,264.9466857910156,268.2065884459274,263.37637959024386,267.10340382972845,13755200
2021-02-09,267.79913330078125,271.7149959514047,264.1217905011678,264.8075654034233,14613400
2021-02-10,270.2041931152344,272.12236033870084,266.07962706391504,270.78065632400705,14687200
2021-02-11,268.73333740234375,271.9037643961982,266.84495442118657,270.2241469155117,12828600
2021-02-12,268.8426818847656,269.51850833437385,266.69591228253864,268.8625484283655,9097600
2021-02-16,272.2913818359375,274.9052726290371,268.3953864046955,269.14079114049514,15417200
2021-02-17,271.89385986328125,272.2914030205178,267.9282857354953,269.57811865209567,12763200
2021-02-18,267.7394714355469,270.28378397849195,264.4000422663077,267.9183613024888,15249100
2021-02-19,259.9574279785156,268.61405359983115,258.5560633628881,268.2065620167964,25622600
2021-02-22,258.7350158691406,261.458249262546,255.95218283639636,256.36962295661067,17434900
2021-02-23,264.2311096191406,265.82131277652917,253.39791316629868,257.91009074003927,21924600
2021-02-24,262.69061279296875,264.7479375158613,256.8069006641905,260.7227330149061,15736100
2021-02-25,253.12953186035156,265.3044768348905,252.48350527272703,260.6928912817655,19053100
2021-02-26,256.0415344238281,263.92293932701955,254.8985866425429,254.8985866425429,26619500
2021-03-01,263.2869567871094,265.0162864738516,256.31989585046983,259.2220189811096,22157300
2021-03-02,257.4131164550781,265.0758690739727,257.0652548261814,264.1515744293655,15191700
2021-03-03,253.84510803222656,259.3909060587166,253.53700982689918,258.69521315306645,15513500
2021-03-04,256.06146240234375,264.85721446691514,251.94681349311827,254.89861760998937,31626500
2021-03-05,262.6607971191406,263.82364206006804,254.043918654651,259.07292957559,26820100
2021-03-08,253.7457275390625,263.9527929067016,253.4873260039714,263.92297792824104,18391800
2021-03-09,264.11181640625,266.88473072726873,258.21815645881406,259.57975769372405,22039700
2021-03-10,263.2769470214844,267.32201733996135,261.25938608005424,266.99405260116964,14210300
2021-03-11,272.20196533203125,276.19732421411857,266.179096864279,266.4672982208543,21834000
2021-03-12,266.7555236816406,268.08730994458426,262.40235481870315,267.4910103720713,20600200
2021-03-15,272.07275390625,274.2692049064048,266.8549202696918,267.4313533069336,16844800
2021-03-16,277.5688781738281,280.4113710119352,273.1163157665065,274.38847212136983,22437700
2021-03-17,282.2699279785156,284.47632762336343,273.7226126727719,274.02076249075054,21315000
2021-03-18,276.91290283203125,283.44265601436086,276.5749896365409,278.1552441377744,18728300
2021-03-19,288.33245849609375,291.00597907950714,279.47707746264314,279.4969440020452,38930500
2021-03-22,291.7414855957031,297.8736649508509,284.99307950985985,288.67042170029026,28273100
2021-03-23,288.84930419921875,296.17414308641355,288.0343210899064,291.35385314791483,23000900
2021-03-24,280.411376953125,289.932668108046,279.43737037540546,289.2170782476114,18675000
2021-03-25,277.03216552734375,286.2950696753565,276.04824090910284,279.258461794406,24505600
2021-03-26,281.2859191894531,282.7568621152536,276.06808605727355,276.59483752215544,17629200
2021-03-29,289.0381774902344,291.3837034091537,282.9556790706915,284.0191002190289,21718800
2021-03-30,286.2354431152344,290.6780569351427,284.94342026118994,288.05421748123223,17474500
2021-03-31,292.7254333496094,294.6833645057552,286.8416914447055,288.2132411307141,19498200
2021-04-01,296.8301086425781,300.5471838919566,294.78273272473473,296.5716919612942,17616000
2021-04-05,307.017333984375,308.86592333763963,298.8377476915064,299.0464828744356,28237000
2021-04-06,304.3835754394531,309.4423857147043,303.37975393521896,306.9477546088229,17335200
2021-04-07,311.1717224121094,312.3246188373065,303.6282292913194,304.46307904806224,22855200
2021-04-08,311.1021423339844,313.9446351306983,308.15033805654275,312.92094706575926,20894100
2021-04-09,310.5455627441406,312.8115920705688,308.42860830814885,309.492059744259,15988600
2021-04-12,309.6312255859375,310.2374736016447,306.0433280212961,309.1442071554687,10881900
2021-04-13,307.8621520996094,312.5035226563734,307.4248454936246,310.29712308275975,14036900
2021-04-14,300.9646301269531,306.14269998137775,300.09996546701126,305.417161769982,17421400
2021-04-15,305.93402099609375,308.23981383785355,302.23681189830637,304.4630779079505,14558300
2021-04-16,304.3041076660156,307.0571560095991,302.7437193674523,306.2819360795175,13059200
2021-04-19,300.38818359375,305.8147523329705,298.71848413426613,303.1412313782809,14553500
2021-04-20,300.7956237792969,303.2306244894998,295.38895283687697,300.1396640329084,16796400
2021-04-21,299.6228942871094,300.12977922250093,295.5679057957675,300.0999642457483,14863500
2021-04-22,294.7032470703125,301.0640593124394,294.2262073835734,299.4837743583143,16375400
2021-04-23,299.2850036621094,300.73604985775415,295.32937790810325,296.9295293293451,17536800
2021-04-26,301.1833190917969,303.9263882810522,299.71237595364505,301.4814688958679,16172600
2021-04-27,301.7100524902344,303.46919688967347,299.2651029214697,302.41569387117113,15309300
2021-04-28,305.2184143066406,309.0150165696337,303.499003041627,305.47680067025,33907200
2021-04-29,327.4911193847656,329.7770152743211,319.63949800194774,328.09736738838046,56526800
2021-04-30,323.0882263183594,327.79920503350183,322.51179331521564,324.14175961823815,26332400
2021-05-03,320.60357666015625,326.5370003804593,319.8681202595433,324.17160784026623,18719500
2021-05-04,316.409423828125,320.21597476545804,311.20153851837824,318.0592568047806,24032600
2021-05-05,313.0898742675781,319.0928759241575,312.5631227693904,316.2404651511072,15577600
2021-05-06,318.0592346191406,318.27788789791794,311.3505916987527,312.592932980306,19012200
2021-05-07,317.125,320.96136575158243,316.797035238393,320.40479926906244,15916700
2021-05-10,304.0953369140625,312.6525692762637,302.96230708362003,312.42399788740477,24239200
2021-05-11,304.65191650390625,304.96001473479134,297.8538282204869,298.90733126750047,18920100
2021-05-12,300.69635009765625,303.0915883530091,296.3630771358632,299.2850670187846,24645500
2021-05-13,303.38970947265625,306.96762833587326,300.91494485119154,304.20466235604255,18079200
2021-05-14,314.0042419433594,314.9086700242553,307.1862573068352,307.64346073053906,19245700
2021-05-17,313.5272216796875,313.74587499028655,309.6709889276333,311.6289202855329,15401300
2021-05-18,308.0609130859375,314.560851979601,307.9118381795556,313.6564237734156,14522400
2021-05-19,311.66864013671875,312.7320915591814,301.7100432855901,302.32623971188497,19106200
2021-05-20,316.6578369140625,317.29393014241475,311.24124769103736,311.6586573328733,17320200
2021-05-21,314.2925109863281,317.96982337092635,313.87507092604136,317.3337603393,13600900
2021-05-24,322.6410217285156,323.95294146904854,316.08145335645025,316.26034323090494,16445400
2021-05-25,325.78167724609375,327.1631451056754,322.8099760038992,325.0760054955717,16437000
2021-05-26,325.65240478515625,327.80909203760405,323.8236822510264,326.33817952677924,9686900
2021-05-27,330.7112731933594,331.73496127056114,324.75798304512216,325.990375980231,20477700
2021-05-28,326.71588134765625,330.830499784898,326.3183078842269,328.97196213269336,12037400
2021-06-01,327.1134338378906,329.38941155956394,324.63869970941386,328.1271734052021,11765900
2021-06-02,327.1333312988281,329.83666739776584,325.1157700789644,328.35580615513396,11654300
2021-06-03,324.0423583984375,325.37414456637805,321.49804596855154,323.78394171505016,12610800
2021-06-04,328.325927734375,330.4229850531529,323.18759135266424,323.90318107383763,13289400
2021-06-07,334.51776123046875,335.62097603315726,326.9146388412258,327.4612871899695,20136700
2021-06-08,331.63555908203125,336.2272478175721,330.20437943321343,334.63707516830704,14580500
2021-06-09,328.2265930175781,334.73644972489944,327.97812474125897,333.6829466597543,13727900
2021-06-10,330.4230651855469,331.89400839429356,326.53701745611517,328.7633139788942,13240200
2021-06-11,329.2303771972656,330.79073474421784,326.91463613963515,330.5422664960959,13587900
2021-06-14,334.7066345214844,334.7563463750751,327.7892862059463,329.8664773549154,12250800
2021-06-15,334.6867370605469,337.8373278565871,332.9772742653062,334.92525687782785,15795200
2021-06-16,329.0514831542969,335.48184313988236,326.7059572643333,334.63707529361864,17232200
2021-06-17,334.4482421875,335.9092368385063,328.1271935827343,328.46510679261746,17794100
2021-06-18,327.64019775390625,334.09042423024584,326.9842378923227,332.4803547202676,23039500
2021-06-21,330.25408935546875,330.8802342394929,325.642503773868,329.06142954488956,11337500
2021-06-22,336.9527587890625,337.8373203093807,330.56216273886344,330.6516076683456,15345300
2021-06-23,338.50323486328125,341.3159127162153,336.1278939305863,337.2708419273525,14817800
2021-06-24,341.077392578125,342.7868556706977,339.69592462196016,339.755554586652,12329100
2021-06-25,339.2784118652344,342.01156254038114,337.5987641147874,340.4909381052506,14594400
2021-06-28,353.46099853515625,355.9456809666633,339.6759549274543,340.3617297049979,29156100
2021-06-29,349.7340393066406,354.55429984714823,346.91141285361454,354.0871782507603,21417300
2021-06-30,345.57958984375,350.75769027409115,345.0429202345932,350.0122854863306,15107500
2021-07-01,352.2187194824219,352.497002750641,344.3770457859238,344.6950924726318,17137000
2021-07-02,352.5267639160156,354.25609322376783,350.4594910985999,352.92430704841195,11521300
2021-07-06,350.6185607910156,356.59174799452734,347.0406114650302,354.31577003943374,13488500
2021-07-07,348.3425598144531,354.3057981867932,347.855571719837,353.0833537320467,14218900
2021-07-08,343.5322265625,346.19579915714627,340.46116236238475,343.61175339462056,14406500
2021-07-09,348.27301025390625,348.5612116026324,343.15453974184305,343.2042515930914,13018700
2021-07-12,350.9961853027344,352.0198732590455,347.49776333168796,349.0780177304247,10018600
2021-07-13,349.9327697753906,356.29355143359237,346.6629188432887,349.3463882967267,11456000
2021-07-14,345.5000915527344,353.02371778417586,344.60561187818195,352.38762447656626,13894200
2021-07-15,342.3494567871094,347.0902500167937,338.1354453212517,347.0902500167937,14781600
2021-07-16,339.0697326660156,343.87012614197704,338.05599307615876,342.7967565956932,11026100
2021-07-19,334.88555908203125,337.70815509612805,332.4903212291258,335.5017555620002,14372300
2021-07-20,339.56671142578125,341.3457528953947,332.4505758779297,336.72421838328256,11024300
2021-07-21,344.1086730957031,344.3968744388851,339.1591744441404,339.4076427038064,9279700
2021-07-22,349.038330078125,349.38619176279417,343.094957447906,344.55595225903426,12385400
2021-07-23,367.5243225097656,373.03035735162143,355.00151605256804,358.69872500030067,33694300
2021-07-26,370.1779479980469,372.1458275575913,365.9639359685642,367.31558875892716,14925200
2021-07-27,365.5564270019531,370.8637052011321,362.316391304654,369.6313123825459,15705400
2021-07-28,370.992919921875,375.23674680088516,364.6818201748514,372.2650761750381,29676900
2021-07-29,356.1246032714844,363.2804711278901,354.55426684655333,358.7881758014143,33413200
2021-07-30,354.1169738769531,358.51985476716715,350.77757481512225,351.8310778760998,15976200
2021-08-02,349.79364013671875,357.19797633140763,348.59103188048755,355.90595346888716,13180400
2021-08-03,349.0879821777344,351.6024799380479,345.5696931990382,350.56887373952713,12406100
2021-08-04,356.7209167480469,358.2713562287317,349.3563140494954,350.2607421349944,14180600
2021-08-05,360.7461242675781,361.67041898134795,354.7133072052219,357.436540153828,10247200
2021-08-06,361.2828063964844,362.9127424459059,359.1857184641995,359.1857184641995,8925000
2021-08-09,359.3944091796875,363.53887302980746,358.5396929388528,361.5312604429696,7798900
2021-08-10,358.9173889160156,361.869193166006,356.84019782611114,359.61308187110274,7469900
2021-08-11,357.7545166015625,360.1398057355373,355.6176957175975,359.88141938033306,8400300
2021-08-12,360.4280700683594,360.7759317160237,354.9220046564891,356.25382128818666,7170700
2021-08-13,360.954833984375,362.4257771272756,359.265267871517,360.74612912085155,7195700
2021-08-16,364.3140869140625,364.701711945367,355.19033999178566,360.2988314743771,11222100
2021-08-17,356.2538146972656,362.4357064167093,352.8945188618902,360.7560584990216,12328700
2021-08-18,353.272216796875,357.6551706167664,352.9740366590029,354.06730316999887,10042400
2021-08-19,352.94415283203125,355.37915366197166,348.8494011810351,349.1972627753973,12004500
2021-08-20,357.16815185546875,357.7843482913817,351.1452836203347,352.42738834284296,8697700
2021-08-23,361.123779296875,363.44943859750856,356.89981882837156,357.23773202618,10942000
2021-08-24,363.27056884765625,365.7055397601209,359.6230412014873,361.4318975345869,9235100
2021-08-25,366.1329040527344,368.5877413460941,363.16120303598643,363.3599897763823,9684500
2021-08-26,362.1474914550781,367.1764870038402,361.89902317567055,366.1229839255999,7888700
2021-08-27,370.3469543457031,371.45013897639006,361.8493207697198,362.8630907877578,11219100
2021-08-30,378.3277587890625,379.152660162176,368.24987043955036,370.27738016814243,13547300
2021-08-31,377.0555725097656,380.4148683602898,376.47910914042166,377.62208744255565,12345400
2021-09-01,379.70916748046875,381.97519670702235,376.489028666576,377.26424839327603,11567200
2021-09-02,372.9806823730469,379.41104231256367,371.76815602132564,379.16257404647814,14832900
2021-09-03,373.9547119140625,374.84919166091066,370.82398730419294,372.4539537887346,7509600
2021-09-07,379.8384094238281,380.613629219104,370.86373665403454,373.5770211027999,10793800
2021-09-08,375.25665283203125,378.53642174787274,372.4936869805083,377.83078037858047,11067200
2021-09-09,375.6839904785156,377.50276470600465,374.26275938118084,375.3262107605558,9098900
2021-09-10,376.3698425292969,381.43860188841313,375.9424843349184,379.0234669740217,11549600
2021-09-13,374.203125,379.4110097037645,372.05635572585527,379.3414313158967,13026300
2021-09-14,374.2230529785156,376.27042922477614,372.81173977128105,375.08771775923907,8711600
2021-09-15,371.6289978027344,375.24667967584054,365.417291681484,374.6901132338242,17940300
2021-09-16,370.7742614746094,371.27119797798827,367.4447808358514,370.50592668179974,11934200
2021-09-17,362.48541259765625,369.13442632636867,359.3745848185885,369.13442632636867,26299000
2021-09-20,353.5206604003906,358.81799047710666,347.6567850682082,357.09857916027295,19822800
2021-09-21,355.2897644042969,357.83407709735854,353.01378652748,356.30350404071055,11751900
2021-09-22,341.1072082519531,347.69659233918475,338.6026587380101,345.1025978780226,43692900
2021-09-23,343.84033203125,347.52762310082153,340.8984761234524,343.244002100191,21806300
2021-09-24,350.7973937988281,352.1788917810892,340.2722827221979,341.1369473502452,18801900
2021-09-27,351.4136047363281,352.9739926378458,344.9534301859247,347.66671441610913,15205800
2021-09-28,338.5628662109375,347.45804260819926,336.84348515565136,345.83802459865683,21710300
2021-09-29,337.5292053222656,343.11479723125944,336.80369742159866,341.0475243427285,14452200
2021-09-30,337.3105773925781,340.6996576855458,336.0781542281743,338.3640803628831,16547100
2021-10-01,340.9084167480469,342.90608102500573,336.5651962175002,339.5169701639289,14905300
2021-10-04,324.231201171875,333.88169955284883,320.7228306792699,333.4742079813387,42885000
2021-10-05,330.9199523925781,333.1263517111751,324.1616279858365,326.56678371016267,35377900
2021-10-06,331.5958557128906,332.3313121456129,323.80386344634377,327.71972612380364,26443000
2021-10-07,327.202880859375,336.7639345758128,326.96436103744907,334.9352118363189,28307500
2021-10-08,328.0278015136719,331.35728243424967,326.69601521156073,329.47887806439275,15946100
2021-10-11,323.4560241699219,328.4353079553414,323.316867372225,325.62266032656515,14708200
2021-10-12,321.7862854003906,322.39256376845077,315.4255035724989,321.0508290059376,31658700
2021-10-13,322.5516052246094,324.99652471614394,320.6831188228863,324.9667097344399,14761500
2021-10-14,326.5171203613281,328.4949180762692,325.0958891423564,326.3481485929878,14302200
2021-10-15,322.7702331542969,327.0538237290284,320.5340187105257,326.66619866675364,21596400
2021-10-18,333.2853698730469,333.8320182241814,325.493409153144,326.9345371427021,21585000
2021-10-19,337.9068908691406,340.36175853261335,335.21350337783207,337.568977669507,18786300
2021-10-20,338.6920471191406,341.8724529207956,337.3702093457525,341.3457014325225,13639500
2021-10-21,339.7853088378906,340.21266695199984,335.7302899799974,338.1951059589246,16354400
2021-10-22,322.6211242675781,327.61038651489633,319.1425685056117,324.35048404262034,35224500
2021-10-25,326.6761779785156,327.5408427922665,317.7611343402039,318.3375674391704,38409000
2021-10-26,313.8750305175781,328.1867956885759,307.7030876641385,326.2487615319078,65654000
2021-10-27,310.3070373535156,317.29396351222897,310.14801402970306,312.2649684277234,29971800
2021-10-28,314.9783020019531,323.52558709770653,306.22225136946474,311.072357347704,50806800
2021-10-29,321.58746337890625,324.0025672604313,317.6417867300263,318.22816810472204,37059400
2021-11-01,327.958251953125,331.406992775987,324.0026261504321,324.042389566454,31518900
2021-11-02,326.06982421875,332.7387335539009,321.8160492043012,329.34962315339686,28353000
2021-11-03,329.5881652832031,330.1149167693705,321.2197714591406,325.48346486712654,20786500
2021-11-04,333.7922668457031,335.20354957861787,330.6118609826475,331.9635440901555,22495300
2021-11-05,339.0399475097656,344.66527309543454,337.5590862439086,338.22496425944655,26872800
2021-11-08,336.5452880859375,342.67749816352716,336.26700484454307,342.30976998710577,18342500
2021-11-09,333.3152160644531,339.2188246937489,332.42073634226284,337.91685336165636,17556700
2021-11-10,325.6325988769531,331.1485824807843,323.5156443091325,330.45285917462536,21872600
2021-11-11,325.73193359375,330.4230154574097,324.9964772653627,327.7992064587377,12376600
2021-11-12,338.8013916015625,339.7654193228509,327.7594464713649,328.1569896170649,25414300
2021-11-15,345.4305419921875,351.4832257029283,341.0972697121567,342.2302693063314,25076600
2021-11-16,340.8586730957031,344.52606686534165,338.78148218055935,341.7233377464868,18181100
2021-11-17,338.6820983886719,345.17208800145727,338.01622044985146,342.1308389841702,13602800
2021-11-18,336.6148681640625,340.3617586706303,333.2456239415217,337.638556199738,17487200
2021-11-19,343.1843566894531,349.94271171951675,337.81744821274884,340.1033744571258,26488500
2021-11-22,338.9206848144531,351.6621152539828,338.4237482508499,346.91140291916014,27116800
2021-11-23,335.1837158203125,339.30828327725914,331.456691552481,336.85341541295674,17225000
2021-11-24,338.9703369140625,339.685926716758,330.77088432636765,333.9413417533908,13566200
2021-11-26,331.0789794921875,335.68061648220413,329.86645318019737,333.7425519380026,14750700
2021-11-29,335.95892333984375,338.58276288690587,333.2555872901131,334.82592377586695,16650900
2021-11-30,322.4720458984375,333.7525112425512,321.4483578555968,332.9474764870453,25390000
2021-12-01,308.69696044921875,328.47502712045826,308.3888622450845,328.26632228263117,30329600
2021-12-02,308.4883117675781,312.672509374592,305.31785388800205,309.4921030573951,24396200
2021-12-03,304.9599914550781,311.8276576097567,297.664967184453,311.8077910685257,27471000
2021-12-06,315.9224548339844,318.13880288799874,304.46309857343067,306.24214001292563,21758300
2021-12-07,320.8321838378906,324.539341545315,319.0332758924839,319.59979085799233,18794000
2021-12-08,328.5346984863281,330.7112830612484,321.09059846971996,323.00876632578735,19937700
2021-12-09,327.7991943359375,334.07053042846104,325.9903382286185,327.5209111140881,16879200
2021-12-10,327.7296447753906,332.97729337085224,324.3703489464802,330.52242567515606,14528000
2021-12-13,332.4405517578125,339.00011926271833,327.57058039210506,328.92226336958277,22948700
2021-12-14,331.6951904296875,333.643203495218,325.6425070410587,326.04005020504076,20461000
2021-12-15,339.56671142578125,340.01393615461,321.99504103241486,330.45288109735486,24681300
2021-12-16,332.84808349609375,342.349507573721,331.6951871006973,336.90310258757086,22635000
2021-12-17,331.7449035644531,335.0445391358006,328.72352091142955,330.76094859133923,40012600
2021-12-20,323.4560241699219,327.878741425756,320.55390126799705,327.7594815023593,17901800
2021-12-21,332.1523742675781,333.9413335651525,321.76638911225626,324.41009497598543,16116800
2021-12-22,328.42535400390625,332.46047606830115,326.2487696476689,331.7548043808869,16764600
2021-12-23,333.1859436035156,334.60720491163477,326.34809315114546,328.0774526339562,13987700
2021-12-27,344.0589599609375,345.73860781645715,335.93903425050047,336.77388396018983,17795000
2021-12-28,344.0986633300781,350.5488884955795,343.08492393033697,344.5061548429741,16637600
2021-12-29,340.8388977050781,347.5475422001232,339.5468746012373,344.78457575464734,10747000
2021-12-30,342.2500915527344,345.1025325390308,341.1170921052028,341.8923118315971,10593300
2021-12-31,334.28924560546875,341.335802716009,334.2097187670147,340.9183626406303,12870500
2022-01-03,336.4657897949219,338.9902054960533,335.12405511546797,336.22723963885556,14537900
2022-01-04,334.4681091308594,340.9879141624603,329.83665690056125,337.86716843768403,15998000
2022-01-05,322.1838684082031,333.70285443499347,321.8558732876107,330.9796214127639,20564500
2022-01-06,330.4230651855469,337.09197598580187,320.74275022784667,320.8421436108407,27962800
2022-01-07,329.75714111328125,334.93521110696696,326.8649669563357,330.701302293414,14722000
2022-01-10,326.0599670410156,326.32830186874736,313.4973960419713,323.316867479576,24942400
2022-01-11,332.32135009765625,332.5797668145055,323.2870470815263,324.7778567607015,16226800
2022-01-12,331.2181701660156,334.30910105241895,328.0079490258911,333.12638959714155,14104900
2022-01-13,324.4797058105469,333.57363875526204,323.7641159538473,332.92762729602225,14797100
2022-01-14,329.8664245605469,330.6913560904833,319.24192034621416,319.81838363976414,16868500
2022-01-18,316.20074462890625,322.22361364426814,315.6938899343556,321.30926730820653,22645600
2022-01-19,317.63189697265625,325.09589357916025,317.37348026364396,317.6219485359713,20814700
2022-01-20,314.6205139160156,325.81153642827906,314.0440807758908,321.91553993881996,16925000
2022-01-21,301.3124694824219,316.35968986815874,301.1832611486486,312.8811346137491,28710700
2022-01-24,306.81854248046875,307.63352566534803,287.23926148486333,296.0151472197404,38878100
2022-01-25,298.3110046386719,304.3537700665369,295.7567434945559,298.1122482172052,25108500
2022-01-26,292.8248291015625,305.62591916751484,289.0679900892156,305.1289826297409,28348800
2022-01-27,292.8348083496094,299.8614686818086,292.4571316882669,295.92573938109723,21629900
2022-01-28,299.8614501953125,300.05028851434184,291.2346388030488,293.8087665411952,21871600
2022-01-31,311.3406677246094,311.86741920483496,297.48607558743464,298.83772831759944,21579500
2022-02-01,317.0455017089844,317.70146155908856,310.2076502988541,312.63270295780956,18023800
2022-02-02,321.0210266113281,325.9903923483456,314.9285793648485,325.8115024611573,58458300
2022-02-03,236.30323791503906,246.4805028469361,234.3055586538919,243.15102224639242,188119900
2022-02-04,235.6373748779297,241.12355875818045,228.7001447319878,233.5303687119835,89342200
2022-02-07,223.531982421875,236.8399414253013,222.63748761328324,236.2436115529068,88613800
2022-02-08,218.83094787597656,224.38670942121558,214.82564093552642,219.49685612539977,94729700
2022-02-09,230.57855224609375,231.94015349913388,220.84854156326838,222.82633926682897,86563300
2022-02-10,226.67262268066406,233.56015530017268,225.31100635651114,226.87139424785983,49310400
2022-02-11,218.204833984375,229.0082293247873,217.42961420856673,227.06024661414577,46156900
2022-02-14,216.36618041992188,219.6459648282454,213.46407265922187,217.96631678840484,38184000
2022-02-15,219.6459503173828,219.79502521301683,213.74234180548123,219.1191987990764,42685500
2022-02-16,215.21327209472656,216.12764868239077,211.05888986059503,211.1085865481224,45817500
2022-02-17,206.43739318847656,216.16740439639116,205.89075993740263,212.708730172333,38747500
2022-02-18,204.89686584472656,209.45873937580185,203.92285936420117,208.10707145933895,37128400
2022-02-22,200.84185791015625,206.20876605072593,198.83423020137045,201.10025943097085,39852400
2022-02-23,197.23410034179688,205.67208785044804,196.83655719476482,202.90912203226807,44481400
2022-02-24,206.3280792236328,207.07348411220764,189.05455841949575,189.88940825502723,49957200
2022-02-25,209.1903839111328,210.02524875323732,201.93510800868344,203.6843341870944,37627600
2022-02-28,209.7370147705078,211.8440206454023,205.56275126737984,206.40753420528648,34239800
2022-03-01,202.2432403564453,210.45262661274012,200.98101728702946,208.58414035237334,27094900
2022-03-02,206.83493041992188,207.86855176605417,200.78224691066754,203.52533119353012,29452100
2022-03-03,201.72642517089844,207.79899044411826,200.18591882634217,207.7393604843148,27263500
2022-03-04,198.83424377441406,204.62852558700732,197.57202073039406,201.13008813754922,32130900
2022-03-07,186.3214111328125,199.65918773683546,186.1325727972336,199.55979435011974,38560600
2022-03-08,189.1240997314453,195.4948297469161,184.9697175800809,186.69906218060123,37508100
2022-03-09,197.28379821777344,197.88012810722134,192.731857879865,194.540714089971,31894700
2022-03-10,194.0139617919922,195.07739805325053,189.89932803461798,193.64621845672053,24853000
2022-03-11,186.46054077148438,192.37408293314195,185.52629759158506,191.45972146236622,34694500
2022-03-14,185.48654174804688,191.11185197576268,184.6815069624439,185.88408492244588,31010500
2022-03-15,190.85345458984375,191.10192287058513,184.77095593019092,189.63099489488027,31721700
2022-03-16,202.38238525390625,202.48176346524087,193.32820065940837,193.50709053899072,40640300
2022-03-17,206.56658935546875,206.7653609500021,199.87782738323241,200.46420889496102,29499700
2022-03-18,215.16358947753906,215.47168770722112,204.73785536382474,205.43356348976806,52128000
2022-03-21,210.1942138671875,213.39448625669743,206.35786334117677,213.185766246382,30142300
2022-03-22,215.32257080078125,218.11536655830668,208.8922115338817,210.0749227831847,31998800
2022-03-23,212.15216064453125,215.47169319086976,210.86012256901202,212.0229522873893,23717300
2022-03-24,218.22471618652344,219.31796745896966,213.47398898320088,213.68270899960666,31502300
2022-03-25,220.46092224121094,224.11836770309765,217.54886638465652,219.15893583632416,40039000
2022-03-28,222.22006225585938,222.66730207647373,218.19487353973287,220.7690161565062,26224100
2022-03-29,228.45167541503906,229.4753635129291,223.90966798832474,224.68490297211844,31417900
2022-03-30,226.45399475097656,229.7337638900115,225.3209800093299,227.5074978237866,25588000
2022-03-31,220.99761962890625,227.090066488488,220.89822625435752,227.05030307254862,24192300
2022-04-01,223.47235107421875,225.88745519522982,221.33551501587834,223.17418613988073,19544800
2022-04-04,232.4569854736328,232.91417378558393,224.47618546310053,224.5954453856528,28054800
2022-04-05,230.41952514648438,235.40877212269618,229.60455712834818,232.64580624643807,29727200
2022-04-06,221.93185424804688,227.5869943073352,220.0534347973533,225.51973655141703,28995100
2022-04-07,221.58399963378906,224.13826072274853,217.22089742942342,222.5579910036232,21037200
2022-04-08,220.96780395507812,223.7506516153979,218.68189283534048,221.0175006421963,18375700
2022-04-11,215.1337890625,219.25835657541293,213.90138089503964,217.08177194701716,20516600
2022-04-12,212.82797241210938,220.66963009968677,211.8241661001175,218.89060402886972,20128800
2022-04-13,213.6727752685547,215.28284477767878,210.03519621839345,210.52219947875912,19231800
2022-04-14,208.89222717285156,213.67276920904337,208.71333730593284,213.57337583944476,18379500
2022-04-18,209.4786376953125,212.07264709493094,207.0237699231897,208.71335116143658,16580800
2022-04-19,215.9785614013672,217.0916944228771,207.71947834896403,209.23016971051322,20089900
2022-04-20,199.19203186035156,212.84785282113538,197.7012223078105,212.30121961881053,43036500
2022-04-21,186.91770935058594,201.72641153597647,184.44296002891315,200.36481032816283,49954100
2022-04-22,182.98196411132812,191.53921150396803,182.14711440602153,189.2036038179686,36426800
2022-04-25,185.84432983398438,186.03315297743217,180.54698457912005,181.61042087242896,29281100
2022-04-26,179.84130859375,186.0430813069256,178.40019583869753,185.48651487727477,31747400
2022-04-27,173.87808227539062,180.09973710282176,167.96454082382462,173.36126405734134,71062900
2022-04-28,204.46949768066406,207.25234524488346,191.71810466983638,201.67671684548395,100890600
2022-04-29,199.24171447753906,211.1781233259304,198.67519960822918,203.20727306681445,49193400
2022-05-02,209.83644104003906,210.58184589553264,199.75856800037803,199.9374578863522,49915300
2022-05-03,210.73092651367188,213.58333765179657,206.8150638068673,209.16060508902277,41556300
2022-05-04,222.04116821289062,222.92571456688998,205.69196056948346,209.3593391617066,41375900
2022-05-05,207.00389099121094,218.82104171123007,204.89688484221818,217.3998104374133,41129200
2022-05-06,202.5215301513672,208.09715896786054,199.78837906809204,206.0696493080628,34747200
2022-05-09,195.00784301757812,201.32887639088509,194.3816981264719,198.61559197295782,36303200
2022-05-10,196.43899536132812,201.71647381017016,193.00020322177312,198.28759977595956,34452500
2022-05-11,187.5836181640625,199.44051720857834,187.11649658434945,195.12711150662827,31153400
2022-05-12,190.06829833984375,196.8365717684213,183.64787139934884,185.9139008688647,38262200
2022-05-13,197.40306091308594,198.66528393654625,190.10803634450932,191.40007434633253,24549800
2022-05-16,198.81436157226562,204.11170683714172,194.7295426618797,195.84269080888842,27112600
2022-05-17,201.37857055664062,204.20118179682382,197.1446764443167,200.88163398717677,24872700
2022-05-18,191.0621795654297,199.76850288852583,190.45591633811117,198.77462973982668,23960000
2022-05-19,190.11798095703125,194.09347340576906,188.43834813629167,190.0285360166067,24446900
2022-05-20,192.3541717529297,196.69740703030172,186.71891372119217,193.77541801414932,31465600
2022-05-23,195.0277099609375,195.7830632064403,190.06829300467948,193.99408863195958,25059200
2022-05-24,180.16932678222656,182.5546163206355,175.03100432063903,179.4438036154665,50406300
2022-05-25,182.70367431640625,184.31374371387494,178.22131257273935,179.2946820608529,28030200
2022-05-26,190.45590209960938,191.64854675582595,181.14330108010495,181.75951269863486,23056500
2022-05-27,193.93446350097656,194.13323508857775,188.6371180405201,190.1875576552293,22562700
2022-05-31,192.45355224609375,196.3892956947836,190.83353452834677,193.69589340012124,26131100
2022-06-01,187.4842071533203,198.30748380765866,183.8665099426817,195.30598302068904,36623500
2022-06-02,197.6416015625,199.70885939152961,186.57978931425544,187.29537914604646,31951600
2022-06-03,189.6111297607422,195.4054123939667,188.61725655089856,194.7792674188687,19465000
2022-06-06,193.0598602294922,195.71349973172943,187.24569621051458,192.8014586688735,30574200
2022-06-07,194.45127868652344,195.32589192471147,190.31677784531857,190.7540692991116,18828700
2022-06-08,195.43519592285156,200.79217105512186,193.21886326789092,193.4772648013534,22267200
2022-06-09,182.87265014648438,198.22798648713731,182.55460347558127,193.08966438709655,23501600
2022-06-10,174.49429321289062,181.97815583220992,173.94766001941935,181.91851071222317,27450800
2022-06-13,163.25360107421875,171.52263310919827,163.02501449192178,169.54482004587817,31749300
2022-06-14,162.726806640625,165.7283070627981,160.3713327064806,165.0127173573092,27244300
2022-06-15,168.31240844726562,171.10518931394452,162.97529981312158,166.1755722732737,30008300
2022-06-16,159.8843536376953,164.06856587545087,158.63207904686337,162.7168979129167,26944100
2022-06-17,162.73680114746094,164.88355570639268,158.92031658261283,160.68940964277675,31374200
2022-06-21,156.0877685546875,166.7321406335087,155.01438382008965,164.91335109699284,50724900
2022-06-22,154.89511108398438,159.80483090072096,154.4876195196588,157.40960852777172,47267800
2022-06-23,157.77735900878906,158.77123213640348,153.30492993452418,155.3125578985894,40499200
2022-06-24,169.117431640625,169.20687657006533,160.31171634143874,160.73907444785254,68736000
2022-06-27,168.45156860351562,170.69771650234966,166.98062539673484,170.27035831970866,29174600
2022-06-28,159.69552612304688,170.25046900162855,159.6259628903936,168.85903753025923,27744500
2022-06-29,162.93556213378906,165.31091829002042,159.3377462831316,162.56783393134958,28595200
2022-06-30,160.2620391845703,164.2176499209504,157.51895485710526,161.15651891855018,35250600
2022-07-01,159.04949951171875,159.63588095876648,154.05031939240212,159.3277827464295,31423900
2022-07-05,167.15951538085938,167.21914533907915,156.0579549217205,157.1710879159555,28618600
2022-07-06,168.72984313964844,170.5386843247056,164.44625243638922,167.1694550682764,23085900
2022-07-07,171.135009765625,171.66176129001508,166.75202579976818,168.4117920399614,24083400
2022-07-08,169.83303833007812,171.34371450659899,167.11975387763115,168.93854345064622,19249200
2022-07-11,161.88204956054688,166.46380499342524,160.91799147498486,166.04638012626944,21885600
2022-07-12,162.26963806152344,164.89346199874834,161.10680854943146,163.79026243620507,16639700
2022-07-13,162.48829650878906,163.96915752086144,158.63206455165974,159.17869771547416,16555100
2022-07-14,157.08164978027344,161.59382707611041,156.31636323095012,160.23222575346915,23765200
2022-07-15,163.69088745117188,163.96917069050158,158.84079730478325,159.55637194498883,23342800
2022-07-18,166.20538330078125,170.6380637070529,164.6251288157156,165.72832849054046,23574300
2022-07-19,174.7030029296875,175.40865946555184,168.47141468080926,169.32614610755383,25933700
2022-07-20,181.9682159423828,182.47510091163423,175.61736765976366,176.40253587416117,24784300
2022-07-21,182.04771423339844,182.72355575431672,177.77405733218947,179.52328350494386,27195800
2022-07-22,168.23289489746094,174.52411310426413,167.3781634705027,172.00961550879498,42583900
2022-07-25,165.62893676757812,169.5249324467233,163.80021400572573,167.96454448781833,26166300
2022-07-26,158.1748809814453,164.98291705872282,156.9822364213094,164.92328710551078,28468400
2022-07-27,168.54098510742188,169.82307460429183,161.0273076562063,161.5938073800749,43846600
2022-07-28,159.7352752685547,160.52042829283477,153.9012454107436,160.0731884605082,73214300
2022-07-29,158.12518310546875,159.15880423990927,154.21925475587742,156.72381868876744,42065400
2022-08-01,158.95010375976562,164.17788551623966,154.27890362966764,156.28653136309566,40596700
2022-08-02,159.2085418701172,161.24598485485672,157.04189052335053,157.3400555005589,27374500
2022-08-03,167.76576232910156,168.50121862970332,160.58006491833302,161.6931978048426,31721900
2022-08-04,169.5249481201172,171.09525432984074,165.77804215037807,167.2688518546705,23938200
2022-08-05,166.0861358642578,170.5585648550986,164.7841645178166,165.96687594406475,25832700
2022-08-08,169.20687866210938,176.42239120017555,166.10599974745259,166.970664406663,27299100
2022-08-09,167.49742126464844,168.49129429899173,165.57925358770945,167.91484611923673,18655100
2022-08-10,177.247314453125,179.37420215378333,172.88421241071052,174.91172190647023,30262100
2022-08-11,176.4025421142578,181.9781708161605,175.2893939289972,178.60894161117974,24079100
2022-08-12,179.39407348632812,180.34819822303095,177.81381908254673,179.70217168470458,21274000
2022-08-15,179.78167724609375,180.32831040143196,177.10815658522864,177.8635097327133,15878700
2022-08-16,178.37042236328125,179.88111385617,175.95530262913465,178.3406073808487,21156700
2022-08-17,173.77870178222656,177.04853731084486,173.10286024979172,175.6769877047996,20118100
2022-08-18,173.58987426757812,174.68312554679468,170.80702663496402,173.27182760542814,18844500
2022-08-19,166.93092346191406,171.2642105486453,166.02649535047425,169.15718937893618,26240800
2022-08-22,162.05101013183594,164.47606289450601,161.26584189926172,164.47606289450601,19499700
2022-08-23,160.12289428710938,164.03875669184026,159.71540268015417,161.48449556879405,18111800
2022-08-24,162.25973510742188,164.44626830573728,158.79112730385205,159.6160438895253,20891500
2022-08-25,167.7458953857422,167.84528875876978,163.01506503643927,164.167946270942,15550500
2022-08-26,160.78880310058594,169.87280342998713,160.67947644332165,167.44775042543472,24023600
2022-08-29,158.1947784423828,162.05101089732318,158.03575510778117,159.6756548109233,20052700
2022-08-30,156.1970977783203,160.66952666368502,154.95475642127457,159.36755534794904,19567900
2022-08-31,161.93173217773438,166.8116525959876,161.1465791243808,166.04638125033776,40953000
2022-09-01,164.34686279296875,166.33460907001708,159.36756382847085,162.57776981961976,30145700
2022-09-02,159.33773803710938,166.90109754944598,158.2444715927863,166.42404272160482,22634200
2022-09-06,157.56863403320312,160.69934338609633,156.72385100042874,159.11908880246543,19339800
2022-09-07,159.40728759765625,159.97380247894736,155.84922048839294,156.7933967919132,16831200
2022-09-08,161.0670623779297,161.23601897483294,156.7735387326319,157.73759679430853,22530800
2022-09-09,168.11361694335938,168.5012268184128,162.021185582407,162.2497721330029,22086800
2022-09-12,167.92477416992188,170.3398780708478,166.2550597889669,166.36438641608476,23220400
2022-09-13,152.19178771972656,160.63970879572776,151.73459943582296,160.55024869400128,44444100
2022-09-14,150.5419464111328,152.5992556609778,148.13677554080598,152.39055082092764,43064200
2022-09-15,148.6337127685547,153.2552162328267,147.78891463773996,148.8821810228768,34606300
2022-09-16,145.39369201660156,147.66966995341454,143.40594577708643,147.14291841316705,40122800
2022-09-19,147.11309814453125,147.66966464514056,144.2109905589971,144.35013218414943,22169500
2022-09-20,145.19488525390625,147.92803567116505,144.33022070206837,144.88678708786273,23217400
2022-09-21,141.2492218017578,148.6834025447015,141.12996189811955,145.49306363469597,38338600
2022-09-22,141.94496154785156,143.69417272125622,140.00689689619156,140.68273848122732,34418500
2022-09-23,139.54971313476562,141.74616399683237,138.03902191153918,140.55351941651617,31710700
2022-09-26,135.53445434570312,141.3684990901348,135.35556448743722,139.26147804589192,30497000
2022-09-27,133.5765380859375,138.56578527599626,133.29825483217806,137.07497563144204,30826500
2022-09-28,140.74237060546875,141.15979548854583,133.44734567518378,133.79519216176465,32658500
2022-09-29,135.57423400878906,138.98321148251352,134.37164087797748,138.5061566379891,38985400
2022-09-30,134.8486785888672,140.12615684924032,134.6697887318875,135.21642190371125,33166400
2022-10-03,137.7607421875,138.76454849479632,135.26612632554432,136.29974761070991,27723100
2022-10-04,139.42051696777344,141.51758981106852,138.4862738292486,139.62923699107577,34670700
2022-10-05,138.1284637451172,139.35093844042655,133.95420022497578,137.39300743915362,27979300
2022-10-06,138.21791076660156,140.58331794395073,135.76304350308996,136.87617629243076,36231100
2022-10-07,132.63235473632812,137.44269663134227,131.62854842103565,135.9220720867006,33214800
2022-10-10,132.9702606201172,135.27605323557972,131.06202629971628,132.73174080837853,24024000
2022-10-11,127.75244140625,131.84720888440322,126.21194265319161,130.8135723694131,38481400
2022-10-12,126.71881866455078,128.87552144473108,125.4764773050944,127.53380187569807,34605200
2022-10-13,129.49171447753906,130.33651264572137,121.77926498174635,122.77313804299642,34325700
2022-10-14,125.98334503173828,130.98251748255362,125.74481004952595,130.19736447638167,23559400
2022-10-17,133.21871948242188,133.96412417218883,129.38236940580933,129.50164446857414,29612200
2022-10-18,131.98635864257812,136.99547269478526,130.59492711980326,136.2500678250026,25445000
2022-10-19,132.41371154785156,136.16061745700355,131.4099051560343,132.07579832668145,30691000
2022-10-20,130.72412109375,135.93202133687015,130.50546780945837,132.11553729806113,26356300
2022-10-21,129.21343994140625,129.32276659212334,124.67144763136078,125.53611240002296,46348600
2022-10-24,128.9252166748047,132.66217398229915,123.80676881517311,126.4703489630446,63563400
2022-10-25,136.66746520996094,137.50233002161997,129.78986614962272,130.0780978004627,38433200
2022-10-26,129.0246124267578,134.71950101281618,127.74250764209185,130.8732018241182,82791500
2022-10-27,97.33993530273438,101.87199428036911,95.78948808724083,97.37969113724961,232316600
2022-10-28,98.59220123291016,100.2320932437833,96.91256097369354,98.96987783601818,95928300
2022-10-31,92.5892105102539,98.71146412763262,92.03263648492923,97.61820536552739,121361400
2022-11-01,94.61670684814453,96.8926769348267,92.97682245939012,93.75204218847023,110189600
2022-11-02,89.98526763916016,94.61671214944352,89.92563768208967,93.63277994453209,71821100
2022-11-03,88.36524963378906,89.90574819173403,87.86831314748764,89.5280791918986,60664000
2022-11-04,90.23373413085938,90.83005643779643,87.55027237566836,89.79642756720243,55638100
2022-11-07,96.12739562988281,96.28641136335965,92.52957272034931,94.19927962642603,81987300
2022-11-08,95.87893676757812,97.2007897772896,94.20922969811359,95.3323035432163,52088300
2022-11-09,100.84830474853516,104.25728978748832,100.12277404860576,101.0967730237281,107677300
2022-11-10,111.18457794189453,112.05918347339653,103.96905766339253,106.46368107716165,80671000
2022-11-11,112.3275375366211,114.19602386926609,108.14333257965471,108.56076505602978,59961700
2022-11-14,113.52017211914062,115.5576071629423,110.12112837341664,110.30995908196863,53395000
2022-11-15,116.36266326904297,118.01248865648596,113.70902393693684,115.35884932437982,50670500
2022-11-16,112.5362548828125,115.36879171219235,111.96974751693652,113.79847038830808,33287800
2022-11-17,110.76714324951172,111.6417563458228,109.12725885922697,109.73352199820651,35093800
2022-11-18,111.36347198486328,113.619560344353,109.9422333004678,113.10274972395882,33357700
2022-11-21,109.1868896484375,111.68151303040857,108.52099655057788,110.83671490452622,24351100
2022-11-22,110.7572021484375,110.93609957979405,107.656315865807,109.18688109349104,29029000
2022-11-23,111.55231475830078,111.97968049513334,110.05157183495972,111.03550408203002,21343100
2022-11-25,110.72740173339844,112.03931387496921,110.33978426228347,110.6180750897134,12007600
2022-11-28,108.11351013183594,111.35353842692945,107.71595939175366,110.10125624959765,23309400
2022-11-29,108.78934478759766,110.2602802601989,107.8749833876116,108.8688564526355,23899200
2022-11-30,117.37640380859375,117.43604134684036,108.70982973817189,108.83903808549826,43348600
2022-12-01,119.70207214355469,120.45741019936582,117.67457021883354,118.4696641064215,36551400
2022-12-02,122.7333755493164,123.28000873639549,116.88940499609943,117.10805827093105,39950500
2022-12-05,121.67987823486328,123.90615175140682,120.6064935173219,121.00404425522422,35474900
2022-12-06,113.42079162597656,119.8113954396463,113.04311502596771,119.17531731427803,43689200
2022-12-07,113.23194885253906,115.1699981294154,112.18837919105238,113.0629922658676,29461100
2022-12-08,114.62337493896484,116.62105420996505,113.88790345927049,115.67687789278482,30619400
2022-12-09,115.18988800048828,116.81983919572008,113.17232692240562,114.59356568707537,26033400
2022-12-12,114.00717163085938,115.01098549025943,112.44679131443715,114.47429315699551,24747100
2022-12-13,119.41384887695312,122.54455051154657,117.91309844324743,121.38171327630926,44701100
2022-12-14,120.84503173828125,123.37941128432585,118.65851385817831,118.65851385817831,36922000
2022-12-15,115.43836212158203,117.90316316415321,113.31147429345609,117.60500578363975,34531000
2022-12-16,118.69825744628906,122.55448211094848,118.09199428540079,119.49335891118666,67064000
2022-12-19,113.7785873413086,117.07824548398803,113.62950487089383,116.11418743564188,29769900
2022-12-20,116.37260437011719,116.61113938742164,111.77097438072092,112.5660759397682,28742500
2022-12-21,119.02622985839844,119.6026704222923,114.91159633989376,115.98497339232829,20392800
2022-12-22,116.40241241455078,117.89322196481713,113.67919484322327,116.48191649441804,23618100
2022-12-23,117.3167724609375,117.45591407744604,114.83208990521445,115.31908556299433,17796600
2022-12-27,116.16387939453125,117.87334225434802,115.33897052555888,117.207449130453,21392300
2022-12-28,114.91161346435547,117.42611125786506,114.80228681397243,115.53775080347184,19612500
2022-12-29,119.52317810058594,120.28845703182881,115.06068253515157,115.68682742518189,22366200
2022-12-30,119.60267639160156,119.68218805357222,117.01860803875044,117.43604047277171,19583800
2023-01-03,123.9757308959961,125.59574893488862,121.53080393011581,122.06749632496516,35528500
2023-01-04,126.58961486816406,128.25932191868313,125.07892356487793,126.59954813929444,32397100
2023-01-05,126.16224670410156,127.73256793435728,123.77694988060482,125.35720438179855,25447100
2023-01-06,129.22337341308594,129.5314716207076,125.26775548447387,128.17980371624262,27584500
2023-01-09,128.67674255371094,132.13541645576194,128.48790425134828,130.3563904027696,26649100
2023-01-10,132.1751708984375,132.62241069903098,126.37094884760718,126.49020875035266,28684400
2023-01-11,132.07579040527344,133.0299152160999,129.54141106789942,130.1576226778225,25423000
2023-01-12,135.8723907470703,136.8364336493006,130.95270703873578,132.62242164142668,30757700
2023-01-13,136.14073181152344,136.54822341866293,134.01384400257325,134.14305235734915,22423800
2023-01-17,134.53065490722656,135.91213782217085,133.42745522944378,135.34562291168555,21147600
2023-01-18,132.2050018310547,136.40908072853546,131.9863485394316,134.97790106165695,20215500
2023-01-19,135.31582641601562,136.60786457376756,131.3304004524365,131.67826212905086,28625200
2023-01-20,138.51608276367188,139.08259768412512,133.78525248338724,135.05740878002345,28688600
2023-01-23,142.39219665527344,142.87918474581332,137.810441270931,138.4365709823822,27470100
2023-01-24,142.2629852294922,144.11158967608705,140.4938924453131,140.8218723657911,21970200
2023-01-25,140.63304138183594,142.2928076122308,139.450329985463,140.35475813154815,26622000
2023-01-26,146.39752197265625,146.60622684721127,142.42202926553892,143.51528066081548,25482100
2023-01-27,150.81028747558594,152.2514002255982,146.48693406025146,147.33173213713678,35771900
2023-01-30,146.15896606445312,150.19408815910592,146.04963942401824,148.49457376224427,28040100
2023-01-31,148.05726623535156,148.96169433075355,146.6161533774126,147.04351150022737,29842100
2023-02-01,152.1818389892578,152.63902727227818,146.15897063668632,147.12302872377973,55661000
2023-02-02,187.61341857910156,195.95201280351327,179.05617107199924,182.25644348378054,150475700
2023-02-03,185.3871307373047,195.56439578601183,181.76943359931832,182.34588176307366,76809700
2023-02-06,184.92001342773438,189.53158367763862,184.38332866457824,185.38713496478644,42483800
2023-02-07,190.4459686279297,192.5927382769881,183.27020325370177,184.44298145960062,47080700
2023-02-08,182.30612182617188,189.66079131558624,181.79925204256867,188.8358748844132,36139100
2023-02-09,176.8298797607422,185.5063866778942,176.18386838628496,184.9895836444477,37118800
2023-02-10,173.08297729492188,177.79394078561702,172.28789102527244,175.26951003235325,33433600
2023-02-13,178.33062744140625,179.8910153511435,174.7427604232,177.1280495882559,31463200
2023-02-14,178.3803253173828,180.39788633401318,174.80239154588455,176.07454779779044,24034600
2023-02-15,176.0745391845703,177.09822713149123,174.25574982777832,175.3390677265124,25308900
2023-02-16,171.38348388671875,174.77259487839456,170.73745725709796,171.69158212863468,25827500
2023-02-17,171.82077026367188,172.11892003346466,168.66024621618104,169.17706442598617,24171300
2023-02-21,171.02569580078125,177.07837972703157,170.82692420113463,173.242028709178,34592600
2023-02-22,170.071533203125,171.70148422351096,168.6503021735612,170.02185168819852,22433200
2023-02-23,170.9859161376953,172.62581580091364,168.34222529947886,170.94616788766254,20017800
2023-02-24,169.3460235595703,169.67400347656468,166.63275445663348,167.60674577160847,19791300
2023-02-27,168.50123596191406,172.05930342190592,168.02418112795363,170.82691050373316,19277000
2023-02-28,173.86817932128906,176.4621889692612,170.8169813304595,170.8467963131131,46051100
2023-03-01,172.3574676513672,176.76033328012912,171.98973946479623,173.52029733471028,30998400
2023-03-02,173.46066284179688,173.93771766126915,170.37965030933574,171.32384184255076,17352000
2023-03-03,184.11500549316406,185.47660688871918,175.96524849899652,177.8237864815777,45877700
2023-03-06,183.76712036132812,188.49796577179592,183.5087188285636,186.84813287377062,33209400
2023-03-07,183.3795166015625,189.19368018791033,182.88258006137207,187.8420121919804,36701500
2023-03-08,183.83670043945312,184.1249169530522,180.22893639214087,181.74956095507594,19432400
2023-03-09,180.57679748535156,187.77242868564437,179.19531454783962,185.20824955352518,26582800
2023-03-10,178.41014099121094,183.63792280067761,177.70449963708444,179.9009505264796,25665000
2023-03-13,179.79165649414062,182.65401617386718,173.7489207607426,176.8696820139383,24728000
2023-03-14,192.8312530517578,193.12941799926793,185.41695343969602,186.43070819511073,41642600
2023-03-15,196.5384063720703,196.5682213519748,189.670739581799,191.76781243844928,42123600
2023-03-16,203.67440795898438,204.4993244552846,194.88857335776035,197.04527617398142,50447100
2023-03-17,194.41152954101562,200.66298504811758,194.2326244861609,199.33119865265817,50141100
2023-03-20,196.5980224609375,198.13852869694682,192.45357372832206,197.26391557398946,25186300
2023-03-21,200.92137145996094,202.3028543380651,196.73715941265783,201.95499271824013,31827000
2023-03-22,198.58575439453125,206.09943157153987,198.44661278626435,201.25927509257912,28477800
2023-03-23,203.02838134765625,206.6063303216433,200.911426940939,201.59720175806143,27389700
2023-03-24,204.74777221679688,206.30816011335196,202.3028531180641,203.92285580314848,27716400
2023-03-27,201.5972137451172,204.59871472036022,200.12628581959336,203.555144943788,18527200
2023-03-28,199.450439453125,199.79830109207896,196.6874735449803,198.92368794177148,19127300
2023-03-29,204.09185791015625,204.45958612364566,201.29906161307744,202.31281647480318,18851100
2023-03-30,206.56658935546875,206.8150576399606,201.5773571218889,202.13392365270252,22608300
2023-03-31,210.6414337158203,210.87002024615563,205.5031124264456,205.9702339223249,25440300
2023-04-03,211.76454162597656,212.18196649420364,206.92436947817563,207.56044763432632,17924600
2023-04-04,213.40438842773438,214.91507946875507,211.23773763880112,212.08253566250335,21026400
2023-04-05,210.18426513671875,213.87154076826883,208.65370733597848,212.83790431959054,19396600
2023-04-06,214.77598571777344,215.61083549275847,207.3716188960154,207.96794882974766,26104400
2023-04-10,213.43421936035156,214.33864739870953,209.3692825707619,213.39447111445907,16106100
2023-04-11,212.53976440429688,214.69646716988922,212.1024578222782,214.1597672136664,16710100
2023-04-12,212.68881225585938,215.51140780687314,211.2775144803525,213.5236618979399,18972200
2023-04-13,218.99993896484375,219.79502529559008,214.368486778278,214.40823502869546,23310400
2023-04-14,220.13294982910156,220.74914627427404,216.21708754073575,216.54506747083383,21591200
2023-04-17,217.51905822753906,219.62606425902763,215.79966208232054,218.4433528927602,15481900
2023-04-18,216.55499267578125,219.08937192101277,214.88529327416447,218.56262043131468,12281000
2023-04-19,214.37841796875,215.99843592425572,211.62538532109843,212.1620852709725,15898100
2023-04-20,211.76454162597656,215.42198723251823,211.46637667287166,212.1720180577438,16475400
2023-04-21,211.58563232421875,212.10245055483261,208.29591496579627,208.92205983816885,17717200
2023-04-24,211.48623657226562,212.60931795538758,209.41899400368396,212.3707829673363,15750900
2023-04-25,206.27835083007812,209.96561128632757,205.86092597646305,209.52831989108722,19198200
2023-04-26,208.1170196533203,212.79816859509984,207.60021656386388,211.19803230841,41992700
2023-04-27,237.09835815429688,240.20918572943341,235.31933202421376,238.42021116281657,71196500
2023-04-28,238.84759521484375,238.95690669923516,234.30558778209902,237.5456086902246,39554000
2023-05-01,241.6900634765625,242.50504673263123,235.01124991206828,237.158004373909,29143900
2023-05-02,237.77420043945312,243.41939223838253,237.5257321701629,241.6900476246149,24350100
2023-05-03,235.57774353027344,240.26882585217277,231.32396780596983,238.0027963603587,34463900
2023-05-04,232.08924865722656,236.74056744778332,231.5028520074018,234.6136796378168,17889400
2023-05-05,231.35377502441406,233.24212781580562,228.44173417085872,230.81709023237954,27000500
2023-05-08,231.84078979492188,234.17638255641504,228.85917039831745,230.00211843422895,16400500
2023-05-09,231.9401397705078,234.4347707344073,229.66417724759455,230.04185384474556,16865600
2023-05-10,231.6519317626953,235.29944402768135,229.30639076366379,234.7229958402169,19119000
2023-05-11,234.34532165527344,236.75050780091402,230.8767143889087,231.62211918235204,20449000
2023-05-12,232.37744140625,235.50815042447863,230.03190054282626,235.28949715341636,16161400
2023-05-15,237.39651489257812,238.78793108217462,233.88814427531784,235.46839876892366,20653200
2023-05-16,237.3567657470703,238.17173375066986,234.07698169506946,234.3453164957857,18163800
2023-05-17,241.00428771972656,242.34600727348626,236.68093377191283,236.98903199910285,21193100
2023-05-18,245.3375701904297,245.57609001832188,239.71224504804934,239.82157169093304,22943300
2023-05-19,244.1349639892578,247.16627968319278,241.91863143758997,245.9537534056188,21733600
2023-05-22,246.79856872558594,252.01640235796663,243.61816276027614,243.9063944439659,27738500
2023-05-23,245.22824096679688,250.06839785063008,245.13878086697943,245.29780419410025,17748100
2023-05-24,247.68310546875,248.06076690925582,243.44919663824038,243.77717655928683,17724300
2023-05-25,251.14178466796875,254.05382543946865,247.6433472684531,251.8474260443769,22371400
2023-05-26,260.4344787597656,260.7028135397748,251.16164222922555,251.3802803282078,25727200
2023-05-30,260.91156005859375,267.0040071257697,259.6891155348495,263.6248445901685,23816500
2023-05-31,263.0981140136719,263.3763972957036,256.86653998535286,258.4070313089922,25473700
2023-06-01,270.939697265625,272.3211952601198,264.2608999882966,264.2708180932452,25609500
2023-06-02,270.939697265625,273.66292984303163,269.45883623806697,270.9894091127528,19416900
2023-06-05,269.7272033691406,273.8815851580303,267.9083988254263,268.6438551269302,20742900
2023-06-06,269.4588623046875,274.8754826768535,268.03763109172036,268.4848861061557,19419000
2023-06-07,261.9849548339844,272.5696972670213,261.1898381568145,270.0055180183233,26163600
2023-06-08,262.9588623046875,266.0100591986866,257.2938053227349,259.0231343561973,20899400
2023-06-09,263.3266906738281,266.3083099817155,260.09660309028345,260.8718228971102,16949800
2023-06-12,269.3893127441406,270.08503610092856,263.7043569531895,265.5331102915003,15442500
2023-06-13,269.65765380859375,274.0306893344269,267.44130590092897,273.1958395792714,16164000
2023-06-14,271.6751708984375,273.30510672822936,266.6759912844926,270.2241249163189,19175100
2023-06-15,280.1032409667969,282.2500104912735,269.75704874068026,270.6316315864153,25973500
2023-06-16,279.2783508300781,286.0863878683906,278.41368605584915,283.0053750849279,43127700
2023-06-20,282.5879211425781,283.05504270613227,274.5276249753558,277.02225612652796,20701600
2023-06-21,279.9144287109375,282.2599546202207,276.6544958923145,281.7928330595618,20556200
2023-06-22,283.134521484375,283.5121980457788,276.0879661416074,277.3700403666748,17563100
2023-06-23,286.9610290527344,287.89527231680154,277.24095006179635,279.78526310801215,51092000
2023-06-26,276.76385498046875,288.01450622377763,275.89919020009205,286.9311881390044,24232700
2023-06-27,285.291259765625,287.57718608230954,278.9304780242329,280.2821612052411,26108300
2023-06-28,283.5420227050781,287.77590085185756,282.3195480562401,283.0749012048485,16722100
2023-06-29,279.8050842285156,284.8142129946825,278.9702344892543,282.7568884601105,15395700
2023-06-30,285.2216796875,287.27897371182956,282.6773672765119,283.01528045118727,19694900
2023-07-03,284.26751708984375,287.6268123583389,283.10470277726864,284.9433737158313,8629300
2023-07-05,292.5664367675781,296.2934611113522,284.6055030634841,285.8876079303109,33865500
2023-07-06,290.2009582519531,296.29340439934816,289.52513191298294,294.07708709204957,47600500
2023-07-07,288.7499694824219,294.38524367476765,286.89143151632925,290.3898541389388,25586000
2023-07-10,292.298095703125,296.30340323263175,285.2912718878283,293.7391935536377,37058300
2023-07-11,296.46240234375,298.34080664753265,290.1115389577166,292.09928506956203,27585900
2023-07-12,307.4446716308594,307.55401343328566,298.261294773323,299.90117916494063,36677100
2023-07-13,311.48974609375,314.3023933881679,308.38886713165334,311.6984509348841,30281000
2023-07-14,306.9775390625,312.95072531159866,305.4767811736153,309.8796614772566,23054100
2023-07-17,308.7168273925781,309.8001453263646,302.8430343041564,305.6557118882692,25323100
2023-07-18,310.1380920410156,312.27494349335836,305.73524144025225,308.97527748671035,20731900
2023-07-19,314.0738525390625,316.7274767689664,308.6174685170369,311.1120997395896,21763700
2023-07-20,300.6664733886719,313.6067203081429,300.36832359676674,311.57921073138994,23836900
2023-07-21,292.4571228027344,303.5884838835339,289.4158733904119,302.7039525520134,42139300
2023-07-24,289.8233337402344,295.6971276766955,286.533616051222,293.96779810729123,24915700
2023-07-25,292.6658020019531,296.47232248683173,290.0717775362577,293.3813918203589,19585600
2023-07-26,296.74066162109375,299.9210369448367,290.1115155280028,299.3446039644183,47256900
2023-07-27,309.8001708984375,323.3566143393983,307.94163308198955,323.12801261078397,64229200
2023-07-28,323.48583984375,324.2014297162644,312.32463358608067,314.93852479166225,39220300
2023-07-31,316.6479797363281,323.6647214847441,315.6441581868232,321.7067902397238,25799600
2023-08-01,320.73272705078125,322.15398840213874,312.7320620390697,315.5944209509183,22817900
2023-08-02,312.3842468261719,316.4392659968909,308.7466676964914,316.0516409351694,20461100
2023-08-03,311.2711181640625,314.01421762187664,308.03108215696903,308.03108215696903,15180200
2023-08-04,308.8262023925781,316.4591405981147,308.2994508574966,313.0302662363384,17612800
2023-08-07,314.6205139160156,315.12739897982857,308.5578810186809,311.31092933558955,16236500
2023-08-08,310.7245178222656,315.94235188743255,308.2099896220552,312.4737139507315,15183500
2023-08-09,303.3399658203125,311.70838971495243,300.99444013006075,310.96298497482377,19955800
2023-08-10,303.86669921875,310.42626660789495,302.0081616967878,306.05323179199655,14358900
2023-08-11,299.7918701171875,302.85298565091904,298.5196835435255,300.7161647396788,14046300
2023-08-14,304.3139343261719,304.333800864417,296.4225813680813,299.13586520288635,15641900
2023-08-15,300.0999755859375,305.34762400687663,298.1917260098696,304.2643060364655,11623600
2023-08-16,292.4869384765625,299.23531534249935,292.4769900392472,298.36073244619973,18547700
2023-08-17,283.3432922363281,294.2361334501716,283.20416576746555,291.2545140049859,23950100
2023-08-18,281.5145263671875,283.9395789060304,272.69887773772837,277.3203811071162,35347900
2023-08-21,288.12384033203125,288.72017032998673,280.1231730454899,281.71337626316995,20181500
2023-08-22,285.8378601074219,291.105374492635,284.99306205265515,290.7575129017787,12980200
2023-08-23,292.4371643066406,295.5778064382889,285.90744213881436,286.7323433339667,18287000
2023-08-24,284.99310302734375,297.6252212635556,284.88379154825276,296.67111160823754,18360900
2023-08-25,283.750732421875,286.6230398586669,274.3387541997715,284.37687724473807,23701400
2023-08-28,288.4815979003906,289.66430924281576,284.0489023100417,286.235435127281,14239300
2023-08-29,296.1642150878906,297.31711144463566,286.41432307081345,286.81186621747776,20844500
2023-08-30,293.2919006347656,296.4623576314401,291.6321195362387,295.3492248295846,17717000
2023-08-31,294.0771484375,299.2552191889363,293.84854668813364,293.98767316078107,17229900
2023-09-01,294.5641174316406,299.8912627468376,292.6658161503416,297.5357883271389,12842300
2023-09-05,298.3110046386719,299.5434279064048,293.6994492306064,295.20017698548935,14956000
2023-09-06,297.3370056152344,301.44167572223057,293.84850159896115,299.8614212554446,15418100
2023-09-07,296.8400573730469,305.1686874983564,290.4295644962477,296.17414912853707,33748700
2023-09-08,296.0648193359375,303.3797094842264,294.9616046204493,297.3866569769264,17548000
2023-09-11,305.6755676269531,307.1465105386814,299.43404660082416,299.563254939566,19489300
2023-09-12,299.8117370605469,306.76884815895613,298.3905059297866,304.4531070510654,13480400
2023-09-13,303.1908874511719,305.29789330613903,299.473812228941,300.50741828533484,13210900
2023-09-14,309.81011962890625,310.95306761186254,303.1611062560932,304.86062074084737,19343100
2023-09-15,298.4700012207031,310.08837913459786,296.9195617514779,309.7007541019929,28131100
2023-09-18,300.69635009765625,301.73993524476,295.9754519962118,296.3630771358632,14234200
2023-09-19,303.2008361816406,304.2941025217708,297.9730546201246,300.6267088125045,15924400
2023-09-20,297.833984375,306.1725644483094,297.5954341908518,303.1809965191414,19379500
2023-09-21,293.9180908203125,298.42033456685886,291.4731412557836,293.8882758417499,21319600
2023-09-22,297.24755859375,303.5089774314611,296.44252379513864,297.4662118927926,25369600
2023-09-25,298.98681640625,299.10610665000064,291.9005270346035,293.8286431788266,18987000
2023-09-26,297.1282653808594,298.46005156922627,294.19635821152093,295.8362426052997,19417200
2023-09-27,295.915771484375,299.4539573464908,285.0328790760572,298.6091894634208,36429800
2023-09-28,302.09765625,304.45313062279126,294.8821582340951,297.1084242521594,22167100
2023-09-29,298.3705749511719,308.7366923541044,297.5257769196716,305.4966569928512,25373700
2023-10-02,304.9401550292969,305.2979347903727,299.7819511595849,300.8851357535023,16265600
2023-10-03,299.09619140625,304.89045858764183,297.8041684295861,302.3958575791046,17362300
2023-10-04,303.707763671875,305.01968359492326,296.6711546556586,296.899756414109,16880500
2023-10-05,302.92254638671875,304.33382899740434,297.66494996324855,302.76352307427896,19130000
2023-10-06,313.4974060058594,314.37201924632495,299.0663785299829,299.5931300956358,21803900
2023-10-09,316.409423828125,318.36735503764885,309.9095156276792,310.58534205264175,22503700
2023-10-10,319.8680725097656,322.670801559993,316.21062726540146,317.16473682249733,19038000
2023-10-11,325.81146240234375,326.8252019690386,320.9713056224866,321.03093557755113,22036300
2023-10-12,322.17388916015625,328.51480402545536,320.7128945741685,325.99035800443886,20530500
2023-10-13,312.76190185546875,323.0584117433315,310.45610917882857,321.54773567791074,21341000
2023-10-16,319.1823425292969,319.84825085704006,313.58683207904073,316.68774165332815,16536100
2023-10-17,322.01483154296875,322.4123746515941,315.35587073376195,316.23048377109484,16387800
2023-10-18,315.0279541015625,323.94299691938124,313.6265894069877,319.4208864985658,16851000
2023-10-19,310.8934631347656,319.91784848183437,309.83996000354335,317.92015370913833,18709200
2023-10-20,306.7589416503906,313.36819203110264,304.59230546295385,312.2153258681484,22312300
2023-10-23,312.0860900878906,315.415540583069,305.3774469154465,307.6037128698438,17796800
2023-10-24,310.635009765625,316.39949165621766,308.72679049402075,314.83910368776947,19525500
2023-10-25,297.6947937011719,308.975258894185,297.00901886965295,308.10064575656094,42192500
2023-10-26,286.5833435058594,293.19259422480644,277.68816622679776,293.19259422480644,66684100
2023-10-27,294.9119567871094,297.47613587362036,291.1749844672782,292.6757424568994,29596300
2023-10-30,300.8056335449219,307.50432847654946,297.21773591231505,297.25749932854717,28435100
2023-10-31,299.4241027832031,301.8193403128151,295.0411192868356,301.4516121618608,19434200
2023-11-01,309.9393310546875,310.82386233821836,300.0006000946565,300.0006000946565,20434600
2023-11-02,308.9653015136719,316.8666041712566,306.4408555450822,315.3558977661489,21631800
2023-11-03,312.6725158691406,313.61667721404916,309.1144328156786,310.6350576037216,16764300
2023-11-06,313.8651123046875,316.37961003011276,312.523407886489,314.0440325136339,12887700
2023-11-07,316.8666076660156,319.0332435986505,313.18926531161134,315.1173814221133,14055600
2023-11-08,317.82073974609375,319.3612309239011,312.9507676062576,316.1908036286654,13609700
2023-11-09,318.58599853515625,322.1937626103969,316.84672067314426,317.46294745053154,16103100
2023-11-10,326.7556457519531,327.0836408576639,317.5026896858175,317.979759689306,19096200
2023-11-13,327.17303466796875,330.2937799192933,323.7044278224578,324.20136429112557,16908900
2023-11-14,334.24945068359375,336.0284919764558,331.28769800766355,332.49030626377095,17179400
2023-11-15,330.6715087890625,336.32664912339567,327.9979877383243,335.85952755574175,14531200
2023-11-16,332.1424865722656,332.530081347696,324.380339319852,327.35201047702924,18932600
2023-11-17,332.9872131347656,333.4443862149523,327.33207342795106,328.2365014832876,14494400
2023-11-20,337.88702392578125,339.7753766653028,332.14243887763337,332.8381621487933,16960500
2023-11-21,334.91534423828125,337.8174364978858,333.8419443818045,336.2570485629804,12027900
2023-11-22,339.397705078125,340.8189666199393,336.505530803819,337.1316756910171,10702700
2023-11-24,336.15771484375,339.76544877605295,334.70663825678906,338.04606769746846,5467500
2023-11-27,332.6493225097656,337.8174441798354,332.1523859839552,334.12023521458156,15684500
2023-11-28,336.9129638671875,337.3005888559544,331.35721800901825,331.35721800901825,12637200
2023-11-29,330.1647033691406,337.81750913984524,328.7533900189896,337.6088042514399,16024500
2023-11-30,325.14556884765625,331.4566689095043,320.42467176423753,329.8565478251804,23146400
2023-12-01,322.829833984375,324.8573130590916,318.79471204525896,323.48579380169986,15276400
2023-12-04,318.0592346191406,318.89408432067273,311.73821673728423,315.3459806718107,19037100
2023-12-05,316.3398742675781,319.90787502054275,313.45764837307246,317.025649126037,16952100
2023-12-06,315.5050048828125,320.2755832851544,315.0975133016453,319.9575366368389,11294300
2023-12-07,324.5890197753906,326.22890436310206,315.823051546474,315.823051546474,15905100
2023-12-08,330.7112731933594,331.1287132397736,321.0210104927275,321.1104554318306,14087400
2023-12-11,323.2870178222656,327.86878826016766,318.03936943973395,327.38176985090655,25802500
2023-12-12,332.1722717285156,332.4207400057845,322.57145385517197,322.6112172721031,18485500
2023-12-13,332.6890869140625,336.2968512839871,330.60197757365114,331.88405209290926,16353300
2023-12-14,331.1286926269531,332.64931715824605,326.6264489887644,331.8045190118393,19607300
2023-12-15,332.86798095703125,336.58505652195277,329.1906384767599,329.9559098193617,31776900
2023-12-18,342.508544921875,345.43053427983546,334.9551032504846,335.4123067172568,18993900
2023-12-19,348.21337890625,351.433548505903,343.00549335643024,343.46266650843853,17729400
2023-12-20,347.13995361328125,352.7851448663893,345.6590925772847,346.5138087823147,16369900
2023-12-21,351.9205017089844,354.2262944451578,347.0703964124121,350.8173171913434,15289600
2023-12-22,351.22479248046875,355.0114461673292,349.068074734513,353.4013464367252,11772800
2023-12-26,352.6559753417969,354.7928267507616,351.2844559546684,352.81499867594215,9898600
2023-12-27,355.6375732421875,356.8004180336097,353.1330241237523,353.8883773329017,13207900
2023-12-28,356.1246032714844,359.68265549214016,355.6177183034802,357.4961529515435,11798800
2023-12-29,351.79132080078125,357.7943229336812,349.6644480974767,356.79050137743616,14987100
2024-01-02,344.1683044433594,350.9962073936978,337.9267829485323,349.16748463483236,19042200
2024-01-03,342.35943603515625,345.81812501954795,341.07733136318217,342.86632097466634,15451100
2024-01-04,344.9931945800781,346.01688256775293,341.29598576749186,342.38925214525074,12099900
2024-01-05,349.79364013671875,351.3341312674623,344.1384999255131,344.8640078571411,13920700
2024-01-08,356.4625549316406,356.78060162550986,349.89303750345164,352.526825669466,13890200
2024-01-09,355.24005126953125,358.4304057263748,353.18272669394423,354.21636320008355,13463900
2024-01-10,368.2001953125,370.65506326102036,356.8799653226269,357.9633137712382,22117200
2024-01-11,367.4051208496094,370.4960519568865,360.7063948265307,369.85004044008804,17205400
2024-01-12,372.195556640625,374.74981798686133,367.27590260898086,367.8920991263074,19310000
2024-01-16,365.20855712890625,373.30861585845184,364.97998575484337,371.360633308135,15306900
2024-01-17,366.113037109375,366.2820088855844,356.41282573256785,364.0557124674283,12724800
2024-01-18,373.8254699707031,374.5410597700138,368.6772149223667,369.21388452390124,16354300
2024-01-19,381.10064697265625,382.0050447900212,375.6542115421644,376.6778996075572,21670800
2024-01-22,379.44085693359375,387.9583563663196,378.8246604871784,385.57306708026704,17680500
2024-01-23,382.8399353027344,386.0004445230844,379.7390257121226,382.2634719119936,15506100
2024-01-24,388.3062438964844,393.7228342548557,385.4339359930336,387.6105205734711,15698500
2024-01-25,390.7710266113281,393.0668710954235,383.2971116570602,387.77948914058004,15091100
2024-01-26,391.72515869140625,394.35891634363935,389.19076408481965,391.9338635501039,13163700
2024-01-29,398.5629577636719,400.46125892013566,390.69150022891546,392.5699045128875,18742400
2024-01-30,397.6088562011719,403.8702443822703,397.121868104815,401.11722690954844,18614700
2024-01-31,387.7496032714844,395.5614300192082,384.7282210420876,386.6165735614874,20180800
2024-02-01,392.3611755371094,398.04613022065064,390.6417643552189,391.5263258699511,29727100
2024-02-02,472.07977294921875,482.9825620437149,450.23446167435213,456.7840817482247,84707600
2024-02-05,456.5952453613281,469.00871069766293,456.40640704552834,467.0010979509387,40832400
2024-02-06,451.9339904785156,464.25801121326106,450.22452748323605,461.15713190335873,21655200
2024-02-07,466.7128601074219,468.63102788936953,453.38501834758443,455.19387464845715,23066000
2024-02-08,467.120361328125,467.70674282288616,462.1808107621334,465.4506617839983,18815100
2024-02-09,465.24188232421875,470.68831736345834,464.60581936676004,470.0522544059997,18413100
2024-02-12,466.0270690917969,476.21426789829854,463.7212763264938,465.3214277158165,19382000
2024-02-13,457.3008728027344,465.023285979823,452.3016924663456,454.07078532038025,20916600
2024-02-14,470.3802490234375,471.2051503325048,463.2342991679801,465.06302199136485,16858400
2024-02-15,481.0643615722656,485.62623514100125,469.32672351259356,472.36797255841725,24212300
2024-02-16,470.4200134277344,476.0254418261027,466.3351792976931,475.1806436421215,23324600
2024-02-20,468.8595886230469,473.26243874190203,463.7013853169942,466.8420276425139,18015500
2024-02-21,465.6559753417969,466.62105635302976,459.4476366748531,464.13373728931424,12921800
2024-02-22,483.66412353515625,487.5045292150567,473.6451960516841,477.80398582727605,21625800
2024-02-23,481.5747985839844,491.8523871951448,479.90332752536756,485.57439655198465,18374300
2024-02-26,479.29638671875,483.67409221525327,478.1621851039499,481.01762230545603,12101400
2024-02-27,484.5794372558594,484.79832252512506,477.4856295315019,477.54532275377636,10809600
2024-02-28,481.5648498535156,488.5591897226628,480.30130272206185,482.53988983987574,12715500
2024-02-29,487.64385986328125,489.2059034516527,480.16198502612906,485.96242982330085,17732000
2024-03-01,499.7520751953125,501.6921959813033,489.3551009528809,489.61376145830917,16273600
2024-03-04,495.6629943847656,501.86140439982125,493.90198342459905,500.44859381709546,12324100
2024-03-05,487.7333984375,493.06619568074393,485.41523054068824,492.4891510452031,15325300
2024-03-06,493.5736389160156,500.4187457934719,491.78278134674736,495.10583595100917,11757900
2024-03-07,509.59197998046875,517.2130988283819,498.83681484016904,500.727171245107,18586400
2024-03-08,503.38360595703125,520.9142245261355,496.8170780559179,511.5817992511409,18597100
2024-03-11,481.13702392578125,494.797390505851,473.585527250344,494.48896538561377,20428300
2024-03-12,497.215087890625,499.7621002189812,482.2712856744188,490.75801722570446,15448200
2024-03-13,493.0562744140625,498.43883633424133,488.53929464151,492.87719473443923,12090700
2024-03-14,489.33526611328125,498.8069970323218,485.6838985411484,497.72252950771747,12620000
2024-03-15,481.6444396972656,489.33521033308705,478.8586243010207,486.52953767894695,29153600
2024-03-18,494.4591369628906,494.8969075424508,484.3407097601577,489.4148466684914,11755300
2024-03-19,493.72283935546875,494.1108756754071,478.8387316590168,485.6937970756928,10903100
2024-03-20,502.9557800292969,505.62220902321786,492.6583038518146,496.9663269197439,11711100
2024-03-21,505.1844482421875,512.427489597915,503.4433249409809,512.0992072120919,9712500
2024-03-22,506.99517822265625,507.3832145494439,501.78176746719834,504.4282784493419,8120600
2024-03-25,500.46844482421875,504.647152675605,497.7025474521958,503.2244135674405,8380600
2024-03-26,493.3746643066406,507.41307823020827,492.69809045995356,502.5677856549569,11205400
2024-03-27,491.3549499511719,497.3543927715108,485.59434077402085,496.767358744382,9989700
2024-03-28,483.1169128417969,490.389861263491,482.6891012766324,490.3400966676568,15212800
2024-04-01,488.857666015625,494.90681226209506,479.33620191436194,484.7287226859957,9247000
2024-04-02,494.8471374511719,495.00632951131587,482.1916571161402,482.6393866829691,11081000
2024-04-03,504.16961669921875,504.6670805134186,496.22015466439456,496.3992343504389,12099200
2024-04-04,508.32843017578125,527.3116357014082,507.9901280675933,513.8005016929203,26476300
2024-04-05,524.6651000976562,528.0080419587476,511.80063394861423,514.2382184944101,19263300
2024-04-08,516.6161499023438,528.7940538594455,516.2579905449139,526.5953027550338,13260600
2024-04-09,514.278076171875,523.2025471694348,504.1695782322722,519.5809963042401,10863800
2024-04-10,517.1932373046875,519.9093702519839,503.2343737666547,506.7066917775848,11418500
2024-04-11,520.5062255859375,521.2026869561679,514.6660062276208,518.4666364289119,10369500
2024-04-12,509.30340576171875,517.5513636364286,506.7464346762261,515.123737990224,11984500
2024-04-15,497.692626953125,515.899819616972,494.7575784901864,514.0989424271244,13512900
2024-04-16,497.2250061035156,502.2095725224191,494.5884237845849,495.5833513425876,9847900
2024-04-17,491.66339111328125,500.6077806241888,484.66905121925043,500.5480873965239,12193700
2024-04-18,499.254638671875,509.611868602869,496.50865924631546,497.2847015304836,14808700
2024-04-19,478.62982177734375,500.2495788202588,473.31691210394206,500.2495788202588,25215400
2024-04-22,479.2864685058594,489.51432269556557,470.99870485706737,487.23593006211394,17271100
2024-04-23,493.58355712890625,496.2300680205951,486.48971893276087,488.7581525023829,15079200
2024-04-24,490.9967956542969,507.41310189197856,482.12202764981686,505.4829398204649,37772700
2024-04-25,439.1411437988281,443.5088601229877,412.39748536624825,419.2624796532268,82890700
2024-04-26,441.04144287109375,444.1754585862253,429.76889670777894,439.2207084484237,32691400
2024-04-29,430.4255676269531,437.52936516891833,426.3861640546601,437.3303675065,21502600
2024-04-30,427.98797607421875,437.390022732422,427.54024655406624,428.8634867695665,18429500
2024-05-01,436.9622497558594,447.67760894686876,424.9435074909519,426.4259702436035,20344900
2024-05-02,439.4396057128906,441.7080393780206,430.08729254482085,436.6140150326607,15221300
2024-05-03,449.6674499511719,451.86626171232126,441.59860204178574,443.6680379997611,16489100
2024-05-06,463.3178405761719,463.79541671673246,451.0404386136402,453.26906654403297,15094600
2024-05-07,465.8648986816406,469.13821905027163,458.97005756789605,463.9248080419381,13406800
2024-05-08,470.2027893066406,473.1676541191448,460.6514782847675,461.1489420842111,11683900
2024-05-09,473.00848388671875,473.6651093708879,465.2579895296734,467.6159630384394,9437700
2024-05-10,473.7845153808594,475.07790906146465,467.2179874238937,474.6699851190511,10750000
2024-05-13,465.63604736328125,470.9489567793747,460.50221761718694,470.3519941832654,14668800
2024-05-14,469.45660400390625,470.14310649136394,457.7462864734916,461.0196068478989,10478600
2024-05-15,479.0974426269531,480.05256461663254,468.8098949375625,472.5707200323795,13100500
2024-05-16,470.82958984375,475.26695835113685,470.3520136745161,472.59060073060846,16608200
2024-05-17,469.5162658691406,470.4017356039655,466.04397842016175,468.4417271071665,10807300
2024-05-20,466.4618225097656,470.7997223569986,464.67096508940506,467.5662078637851,11745100
2024-05-21,462.2732238769531,468.3124418035505,459.9251789104995,464.75058392897336,11742200
2024-05-22,465.4072570800781,471.31712977775237,463.2880563176175,465.49679692546323,10078600
2024-05-23,463.4173583984375,471.95382351680644,459.19887525360787,470.48135015790984,11747900
2024-05-24,475.79425048828125,477.41598724025806,463.93470082456554,465.2480124674549,12024300
2024-05-28,477.4856262207031,478.4208301507775,472.43137744280517,474.1625416023168,10175800
2024-05-29,471.953857421875,477.41603077380756,471.2972319033344,472.25235392944796,9226200
2024-05-30,464.6808776855469,469.337161470834,462.3527509742922,469.27746824973343,10719600
2024-05-31,464.4620361328125,466.74042882850387,452.15478663226554,463.4372619237708,16919800
2024-06-03,475.06793212890625,477.16724498616594,465.8648525627034,468.4715578088158,11279400
2024-06-04,474.57049560546875,476.46088229346,470.8295885597358,474.5804545973361,7088700
2024-06-05,492.548828125,494.1307592784222,481.4553920679607,481.99266144397666,15690500
2024-06-06,491.2554626464844,500.26950429464387,488.40002528581937,490.479420331172,10667300
2024-06-07,490.4595031738281,496.3793345628318,487.68367701982754,493.39455175078575,9380700
2024-06-10,500.05059814453125,500.1102913691585,490.9072114315028,491.3549106162075,11220900
2024-06-11,504.8959045410156,505.02524998556305,495.74255858187735,497.62298629824124,9673700
2024-06-12,506.2589416503906,511.40273055275725,501.9111130225961,511.3828125691555,11983200
2024-06-13,501.54302978515625,506.7763285289193,498.8169074027523,503.144848712662,9954600
2024-06-14,502.1007080078125,505.078485306113,498.70463287170975,500.59686603916805,10243300
2024-06-17,504.5606384277344,508.6638051304805,493.98402143943144,499.6209064121598,11266600
2024-06-18,497.44976806640625,503.9331869763641,492.9980250606016,502.4990663843649,13060400
2024-06-20,499.6507873535156,501.61274198190324,494.7409011460252,499.9495498277159,11801200
2024-06-21,492.7590026855469,501.3936022660897,490.3787807694183,501.3936022660897,22359200
2024-06-24,496.8721618652344,505.72583407389845,492.27103752450364,497.1609858447437,13525300
2024-06-25,508.514404296875,508.6239404011888,493.47607582679717,495.01973252438273,12063200
2024-06-26,511.0240783691406,511.7112623905147,502.6185504027867,504.58050485355017,8882300
2024-06-27,517.4378051757812,520.7442516133123,511.8009507315939,512.1494968088584,10121200
2024-06-28,502.1604309082031,519.7482993531988,501.7819782184281,515.0376392750096,15855100
2024-07-01,502.61859130859375,504.5108245447137,491.1556253903847,502.8875079258409,10328200
2024-07-02,507.4189147949219,508.414830231222,497.40997681727634,498.71462360739537,7739500
2024-07-03,507.8769836425781,509.1915991995701,503.95307473008444,504.3016511813523,6005600
2024-07-05,537.70458984375,538.6606903914795,509.5102612085121,509.5102612085121,21354100
2024-07-08,527.1578979492188,540.592785723927,524.4988210977817,540.1346427994949,14917500
2024-07-09,527.835205078125,535.2846334266213,526.0326004884434,531.5698881329231,8753200
2024-07-10,532.5059814453125,536.67886919734,526.2018202535905,528.6218872621627,10983300
2024-07-11,510.6058654785156,533.2729109397583,506.29353454218705,528.7215700201805,16458300
2024-07-12,496.8323059082031,506.01464702271,492.21127430141985,495.7268544135475,19750500
2024-07-15,494.1333923339844,504.61041148158586,491.35477983646854,496.5933046067324,12539200
2024-07-16,487.7894287109375,501.89159489722795,483.8057669767174,499.4515899278473,14075800
2024-07-17,460.1029968261719,477.21284838983377,457.2447241748,477.21284838983377,28076600
2024-07-18,473.9063415527344,477.28247890015706,462.64254099118193,473.05980739775333,19267200
2024-07-19,474.842529296875,484.72199340312955,473.766923605828,474.11550008705484,15149400
2024-07-22,485.4091796875,490.050149288016,481.92347564527324,484.59252173187576,12023100
2024-07-23,486.69390869140625,493.1972351637483,485.7278695189637,487.8392053450212,9455500
2024-07-24,459.3858642578125,474.3544708081435,458.6986802323284,470.3807782726331,17649700
2024-07-25,451.5579833984375,461.65654926341836,440.8419244851587,461.36775569424344,18240500
2024-07-26,463.7978210449219,467.8511736864162,457.54347345279035,462.3039479220281,14222400
2024-07-29,463.8077392578125,472.0240410745753,463.1205552198856,467.96071973080876,11339600
2024-07-30,461.2980651855469,470.79910678927354,454.83458384439035,465.0925004990839,11390400
2024-07-31,472.8905029296875,474.5536950449151,464.8435197528104,469.09606763159144,24285800
2024-08-01,495.7069396972656,525.0167237026757,490.0899924390536,518.8719424787724,43083100
2024-08-02,486.1461486816406,499.10298712157305,474.20510259597404,487.002621320717,24044700
2024-08-05,473.786865234375,481.5052099273104,448.9586701106046,449.50644184069836,21396200
2024-08-06,492.0718688964844,500.5072741083249,476.6949316716446,477.0435081632932,20955000
2024-08-07,486.9229736328125,508.0662382489136,484.8713599351357,501.0749230408442,20105300
2024-08-08,507.5483703613281,507.8770090705679,492.69926809442927,495.4679116917839,16156800
2024-08-09,515.6551513671875,516.2228304562868,503.6344448392047,505.6362141852453,13696600
2024-08-12,513.842529296875,515.9040813348131,507.0205031729234,514.7487855060338,9767400
2024-08-13,526.381103515625,529.3290349818739,516.0335887091818,517.8859767641638,13743800
2024-08-14,524.6084594726562,531.8188779802086,520.9932813381243,525.9031374678709,11444200
2024-08-15,535.13525390625,537.5652899818178,524.5486680445534,529.6178435326066,13482100
2024-08-16,525.265625,531.4801266811227,522.5168890750775,529.7273668316062,14776700
2024-08-19,527.1181640625,529.4883869352861,520.6247758091592,524.7179737628351,9879700
2024-08-20,524.5784301757812,528.9206669457542,523.7319265114901,526.1918080486533,7944400
2024-08-21,532.9740600585938,537.1967924253291,524.7776957474535,524.9968287446477,13423300
2024-08-22,529.7572631835938,542.0070102557922,526.4309398394353,534.8065614773186,15708300
2024-08-23,525.8433837890625,537.6648959064518,522.9153897888027,534.7269330254587,11323900
2024-08-26,518.991455078125,525.8433582454032,512.8466737641226,525.4449677505722,9584000
2024-08-27,516.9796142578125,521.869592480875,513.2051171074127,516.8601092832141,6282700
2024-08-28,514.669189453125,518.961582394556,510.35685875222663,515.5555079616431,9106100
2024-08-29,516.103271484375,525.0466334932593,513.5736681430914,516.9298983217682,8317400
2024-08-30,519.1806640625,521.4015359928948,513.0956354478707,519.2204787963079,9157500
2024-09-03,509.6696472167969,523.3435454664982,506.54245844161755,517.517465006485,12459100
2024-09-04,510.6456604003906,514.4799712214472,502.0110907683377,504.00292159927005,8335200
2024-09-05,514.7488403320312,519.4993764378627,509.0621716729977,509.6298507687644,8640900
2024-09-06,498.2265625,522.4372926830144,496.214824429216,519.7483090738448,14744500
2024-09-09,502.7281188964844,509.2413834137203,500.0291664104619,504.0925180654504,11047800
2024-09-10,502.7281188964844,512.0797482446605,497.9875520966394,506.08434876885764,9899000
2024-09-11,509.7393493652344,511.0240886998088,493.57566239613766,504.93906039071254,10782500
2024-09-12,523.4530639648438,524.5585761590239,513.1154581576496,514.9380001996634,11970500
2024-09-13,522.47705078125,525.4249817882938,514.9977175682534,518.2145651428201,10321400
2024-09-16,531.6084594726562,532.4258356345829,515.7782305715274,522.8958039523781,9527600
2024-09-17,534.638916015625,540.4007670072886,528.9069393503737,535.9148722257875,11690800
2024-09-18,536.2637939453125,542.4942031582568,532.2265009440925,535.3865474606228,10323500
2024-09-19,557.3474731445312,560.3081952993754,544.8069490423769,548.2760214901399,15647000
2024-09-20,559.5904541015625,562.7306049325238,554.5562952253196,558.244709941919,22066800
2024-09-23,562.6408081054688,572.1808178690717,560.6470771833491,567.7148800735523,12830700
2024-09-24,561.5642700195312,565.9703985785299,552.4529045706721,564.9037451716252,12993000
2024-09-25,566.5286254882812,575.0717700584479,561.9529861073905,562.2819687561209,16543400
2024-09-26,566.0601806640625,575.5902132246995,560.5873374925528,573.925403889867,14400800
2024-09-27,565.58154296875,569.0506759604872,562.7405008950496,568.3129444501513,9398400
2024-09-30,570.6456909179688,572.8786599094663,563.0296238732356,565.9205581692032,12792300
2024-10-01,574.6630859375,581.2125002616536,568.3130569030562,576.1683627356156,15259300
2024-10-02,571.0145263671875,574.1945297556643,567.5554322766549,573.0580884796676,6524700
2024-10-03,580.9432373046875,581.5313537864296,566.9472089032718,568.3628015025072,11581000
2024-10-04,594.0720825195312,594.9792034357206,579.6075530643348,581.9003317540365,14169500
2024-10-07,582.947021484375,601.06005012291,582.2092899242913,596.3448350538949,12014200
2024-10-08,591.0315551757812,591.6994379728387,584.1332026418665,587.8415736537875,7857400
2024-10-09,588.6590576171875,592.5269006344007,579.7869303073873,592.1281300958634,9529700
2024-10-10,581.9999389648438,588.3798409686276,580.6940477348141,585.728205796661,7740400
2024-10-11,588.100830078125,589.3568903777061,580.8835333945218,582.9968834451732,8587100
2024-10-14,588.5692749023438,598.2189250414914,588.1107557408928,592.3573513981993,8252000
2024-10-15,584.4323120117188,588.758673882389,578.3215220907713,588.3100722725044,9564200
2024-10-16,574.9819946289062,580.2554517410146,572.2306971262245,579.5775905437882,11268400
2024-10-17,575.1216430664062,583.1364203045559,573.3970851091301,581.5016070194145,8701200
2024-10-18,574.6630859375,582.1395779727648,573.4469391048106,579.2785785547779,7694300
2024-10-21,573.3571166992188,575.4306139121728,567.3260927771657,574.224445634066,8171900
2024-10-22,580.1857299804688,581.7009850903903,570.3267150631275,572.4898962759062,8544500
2024-10-23,561.923095703125,583.1662963021914,560.7368233674918,578.1520338144135,14248400
2024-10-24,566.0003051757812,567.0968328541104,559.7599176050263,565.3523182834161,7184700
2024-10-25,571.453125,579.4679013953893,569.9278916410104,572.1309862116045,11337900
2024-10-28,576.34765625,581.920160446375,572.3203420540742,580.1756460467499,10925100
2024-10-29,591.42041015625,591.8091414711773,573.5964496330529,578.331560895051,13019100
2024-10-30,589.9449462890625,599.3155056206892,587.5325489970706,599.0961635884153,26864900
2024-10-31,565.8009033203125,588.0509472364286,561.2452209594691,583.1662822441984,26838400
2024-11-01,565.3822021484375,571.8718061959343,560.7966452513473,565.8308037858104,15303200
2024-11-04,558.9225463867188,566.9074488502787,556.1413135198851,562.3318093918443,12064600
2024-11-05,570.6356811523438,571.6823777040769,564.8937264362966,565.5217565361041,9775400
2024-11-06,570.2568359375,571.2038702296844,553.4297432349547,560.9859999507066,18305400
2024-11-07,589.8453979492188,592.9356570254353,573.4070936542877,575.081820590158,14653700
2024-11-08,587.4927978515625,591.2409613883711,582.6878983715807,589.6858534904231,9415700
2024-11-11,581.342041015625,585.160052945909,574.7029435064729,584.5220444185395,10209100
2024-11-12,582.9868774414062,597.7803270952668,578.560792275492,586.6951878227678,16287700
2024-11-13,578.1820068359375,583.8043430221749,573.3671292944587,580.7838112641768,10757600
2024-11-14,575.3508911132812,578.939643581166,571.213935608324,575.1914193973914,11053700
2024-11-15,552.34326171875,570.775295360466,549.7713316531629,569.4294904085906,17712900
2024-11-18,552.6622314453125,558.144991436461,548.3657437769115,555.2939099997465,14327300
2024-11-19,559.3313598632812,559.6702601029596,548.8741883564104,550.1302487779398,9522400
2024-11-20,563.7473754882812,564.5747300141007,552.4628511582212,561.1654671706501,9797300
2024-11-21,561.3250122070312,568.2133259307972,547.3289818703621,567.7348499684634,11154700
2024-11-22,557.3873901367188,562.0626917643333,552.8516642815921,561.7835402193574,9164000
2024-11-25,563.338623046875,570.7952180290404,554.6459854785412,560.3380482903169,13599800
2024-11-26,571.7421875,575.6897965803327,563.4283637310257,564.2258439211572,10356600
2024-11-27,567.4158935546875,573.1777448997434,562.3318426508605,573.0880610711642,7200200
2024-11-29,572.519775390625,576.6468129766572,565.1230507511389,567.2164438690074,7130500
2024-12-02,590.9718017578125,592.6365501357109,573.7658931912714,575.6898363387268,12522400
2024-12-03,611.7265014648438,612.2747652879608,589.3966912760062,593.1349366752197,14907200
2024-12-04,611.8561401367188,615.8436021650134,603.2032939927384,611.0387031196573,14697000
2024-12-05,607.0213012695312,617.9569474371278,605.1471892630866,615.145779427461,8081200
2024-12-06,621.8147583007812,627.8158467148129,606.6225391376745,608.1875642939207,16935500
2024-12-09,611.6467895507812,624.4365913162021,604.269960303215,621.9643234320006,11426000
2024-12-10,617.3787841796875,623.6291506932943,610.8193917771058,615.6242910640193,10938900
2024-12-11,630.6968383789062,636.398940507193,619.5818248925854,621.4160232851857,10837200
2024-12-12,628.812744140625,634.6643395468709,625.2440095870248,629.520540523856,7474700
2024-12-13,618.4054565429688,629.1018641775152,614.9563410317534,625.2539173055883,8453300
2024-12-16,622.7852783203125,629.6792095440776,617.1384950234287,628.5118922373878,10885600
2024-12-17,617.9964599609375,630.8963205922495,615.103193761423,624.7107568886487,12897800
2024-12-18,595.79833984375,625.8980160900031,594.9303721209593,619.5528517396282,17075500
2024-12-19,594.1820678710938,610.0949095508189,593.6133889140597,608.9675380752294,14958100
2024-12-20,583.8861083984375,601.7044720771678,578.6483432227146,589.2037041887596,48989400
2024-12-23,598.4520874023438,599.6892488609435,584.8838051496438,588.2259739647594,10205800
2024-12-24,606.3336791992188,606.5731101523746,597.8834471973506,601.3153720498085,4726100
2024-12-26,601.9439697265625,604.8871074252385,597.5442732843297,604.069010990469,6081400
2024-12-27,598.4122314453125,600.4474556136508,588.4255484873448,598.0131392274001,8084200
2024-12-30,589.8621215820312,595.5488500662633,584.2153388503573,587.3779342019037,7025900
2024-12-31,584.1455688476562,592.585815148899,582.4894031220041,590.8898254514629,6019500
2025-01-02,597.843505859375,603.5002752946805,586.4501363728165,588.3456720279144,12682300
2025-01-03,603.220947265625,608.0795931218428,595.0200718679831,603.3506491790696,11436800
2025-01-06,628.7313842773438,629.5195213275813,604.2086488423892,610.4041988830613,14560800
2025-01-07,616.4500732421875,630.6269190448738,606.8125509705602,630.2278877474329,12071500
2025-01-08,609.2967529296875,615.0034547439036,601.3852402562982,611.9705610612136,10085800
2025-01-10,614.4247436523438,628.4419884049565,595.9479453181921,608.6083741209461,19256600
2025-01-13,606.912353515625,607.550815769116,597.0553731797557,605.6851785232928,10785000
2025-01-14,592.8651123046875,604.0789079674663,587.1783838616758,603.659903819051,13598000
2025-01-15,615.6818237304688,621.0094058849253,605.0865780513573,608.7879539786943,15524300
2025-01-16,609.8754272460938,614.8139040494975,608.2891666484603,610.0749733489131,8355300
2025-01-17,611.3419799804688,623.513499583834,602.2631506831576,622.595660662352,17280600
2025-01-21,615.0234375,620.0516704767022,607.5907866326766,616.3902400115962,11674000
2025-01-22,622.0469970703125,632.2232391929498,617.9864744815644,621.8474509712569,12274000
2025-01-23,634.966796875,635.1164107716554,619.7024649482253,625.897953878345,9910200
2025-01-24,645.9811401367188,650.4806401975176,632.7221318308331,634.917017335238,19065300
2025-01-27,658.3422241210938,662.3229161040041,623.6432460146609,625.1497368617698,28399200
2025-01-28,672.758544921875,680.9893189567582,657.933128684667,664.4479402705756,20950100
2025-01-29,674.9135131835938,679.4628842264866,664.1187205609702,673.426995188933,21377800
2025-01-30,685.3990478515625,709.1335868447954,674.5244243363409,695.1961710974357,29322900
2025-01-31,687.5739135742188,703.656342326233,683.9823274447602,689.3896795162744,19303900
2025-02-03,695.8346557617188,702.35939297386,673.6763921954532,674.3348273334816,21415700
2025-02-04,702.5488891601562,706.0607052934838,689.9981897729963,700.8628252657932,13826300
2025-02-05,703.2274169921875,716.4665130283939,697.381087327231,701.9104857176951,17778200
2025-02-06,710.3307495117188,717.2246803609337,701.860544580122,704.2350030352095,13080700
2025-02-07,712.8548583984375,723.3204021183071,710.091294290037,715.1295132827424,16427100
2025-02-10,715.7281494140625,719.5192814719111,709.6722880239806,716.885419282827,12904300
2025-02-11,718.12255859375,721.9735485962613,708.3852936539699,711.6576791372714,12998000
2025-02-12,723.6895751953125,725.4055376689322,710.9393285513713,713.6330486346045,12016500
2025-02-13,726.8621826171875,727.3011596897542,716.3666786322259,719.8386103490428,12569100
2025-02-14,734.9532470703125,739.1833564308025,723.9290101705715,724.447817848227,16901200
2025-02-18,714.7005615234375,735.2824901001159,704.7937097713013,734.2848205070356,21938700
2025-02-19,702.1300048828125,705.352458439168,693.7695281560459,702.4591920318235,17535500
2025-02-20,693.2207641601562,703.9855971062905,692.0235484745193,695.6550803935475,12587400
2025-02-21,681.95703125,702.2296844827868,680.7698020105673,694.9566951444989,15660400
2025-02-24,666.572998046875,685.6684089004975,660.9062419977378,684.6807257344343,15677000
2025-02-25,655.9677734375,666.4433044201521,640.3642060071343,664.4180058682373,20579700
2025-02-26,672.1300048828125,681.4183061907152,656.466580376106,658.1127595320887,14488700
2025-02-27,656.7059936523438,687.0451587125867,656.0375721050787,680.859595335276,12500000
2025-02-28,666.642822265625,668.0694824508789,641.1024446071139,656.5064652824952,17534200
2025-03-03,653.5234375,679.6623923265935,649.3232875955849,672.1100263993885,10843800
2025-03-04,638.5086059570312,648.2358855009079,622.196730771393,644.0057757293107,21495200
2025-03-05,654.9401245117188,657.9630925887565,636.173962017042,639.5062052303152,13770000
2025-03-06,626.4666748046875,649.0439430911371,622.6555695635839,646.4899113093355,13446500
2025-03-07,624.201904296875,633.3106321661818,599.2102942304716,623.9126020486227,21375700
2025-03-10,596.596435546875,608.6881862514739,585.502354444259,606.65296218488,21999900
2025-03-11,604.2984619140625,613.4969461931333,591.9473076689873,593.6632701142687,17401500
2025-03-12,618.1161499023438,631.8540792235979,607.9299217775047,628.4320799413626,15747000
2025-03-13,589.2636108398438,619.0540116787705,585.1432303548188,618.8045942687469,16480300
2025-03-14,606.7233276367188,607.9815194546456,593.921878023224,601.9302652875026,12364500
2025-03-17,604.0272216796875,612.2153412438328,597.1371532251766,606.5835254495906,15473900
2025-03-18,581.5197143554688,599.383916000254,573.8308122814993,599.1841923852631,20297700
2025-03-19,583.2173461914062,591.465438844832,573.9407712608652,583.437060479347,20537500
2025-03-20,585.1544799804688,609.3195747902407,578.6738539383629,581.9191646208485,24336500
2025-03-21,595.3897094726562,596.6778262742098,580.1117970416443,582.5782039839329,25015900
2025-03-24,617.9570922851562,621.6417707519487,611.3167235438618,614.0826855144928,15741300
2025-03-25,625.4063720703125,632.9654575641416,620.2837686391537,625.8557350102046,15312500
2025-03-26,610.0984497070312,625.8457160257799,605.7347596820686,623.9884142880119,12609800
2025-03-27,601.7106323242188,613.363778125494,599.2341689514162,601.1314520660113,10436500
2025-03-28,575.9078979492188,600.8818244944498,573.0919591938149,599.4438996182243,17602800
2025-03-31,575.5284423828125,577.86509316616,552.5017146196878,562.6870107661883,21124700
2025-04-01,585.1544799804688,589.0588115540622,569.1775658513092,570.01638065981,12836600
2025-04-02,583.0874633789062,591.8048477070258,572.5327070966798,574.080458474082,13470800
2025-04-03,530.8529663085938,551.7627562198618,529.5348635095143,545.4318768443412,34777500
2025-04-04,504.0018005371094,517.2526439789896,493.48699414775257,505.8890578513282,38589800
2025-04-07,515.505126953125,538.5917633076846,481.2046828713169,484.40007792998455,36606100
2025-04-08,509.7135314941406,546.6401569981987,502.1344555804991,542.466195243981,28034200
2025-04-09,584.9248657226562,587.0418020934284,501.38553692930896,508.5352100791647,39216600
2025-04-10,545.5017700195312,580.4612660082963,534.527636562064,574.6596513356885,28173500
2025-04-11,542.7857055664062,546.6101964331407,527.8273392869149,534.7373375498549,17642300
2025-04-14,530.7131958007812,556.9653053088027,527.5178613098482,555.3675771162375,14130900
2025-04-15,520.767578125,537.163870525552,516.7533586187461,531.3422648985347,15558700
2025-04-16,501.58526611328125,512.629306338645,494.91491131205976,507.7763329602169,18735100
2025-04-17,500.7565002441406,506.56808027394743,497.2915053708563,504.52105010273243,14593500
2025-04-21,483.9607238769531,492.78796564319924,479.1077201623686,490.62108316605304,16166000
2025-04-22,499.5581970214844,506.1486806655398,485.6582673272301,491.16032727526476,17399400
2025-04-23,519.5194091796875,534.5676745178778,515.774819425738,527.7675019625894,18173900
2025-04-24,532.3807983398438,533.1297162437559,516.7533536993726,517.981559558718,13910000
2025-04-25,546.4804077148438,549.0666366821536,535.4762880818677,546.0110541474862,17098900
2025-04-28,548.9468383789062,557.6842140858612,539.8100763507483,554.8383503772915,15179000
2025-04-29,553.6400756835938,555.767007469421,543.3349577071189,545.2122501842537,11835000
2025-04-30,548.2078857421875,548.3077170802433,528.7360209480661,537.623204130374,29244000
2025-05-01,571.3844604492188,592.0945278628172,569.6769056272426,591.225787939469,31159000
2025-05-02,596.1586303710938,603.4680762823698,577.4955941368156,582.6181973740332,24739300
2025-05-05,598.4053955078125,602.3397133318473,587.2015519796344,590.3669612530514,13887700
2025-05-06,586.462646484375,595.1700972546984,585.7337192068476,591.6751469367607,10600700
2025-05-07,595.9489135742188,602.2098866527917,585.8235290496914,589.5082075152634,13139100
2025-05-08,597.147216796875,610.4180203966848,595.7592076246763,605.4152389401659,14622800
2025-05-09,591.6351928710938,606.0942827774223,590.8563498854548,602.8489716185445,10427300
2025-05-12,638.5074462890625,639.4660831768585,620.1340297095329,630.0097144566752,21965100
2025-05-13,655.08349609375,659.966394384485,641.9025291274511,644.608580079292,18570800
2025-05-14,658.40869140625,661.7139134541873,653.3659895009877,660.2560588804812,12348200
2025-05-15,642.9510498046875,656.3616664169153,637.6587085460682,653.3360696287351,14341800
2025-05-16,639.4161376953125,639.515969035449,625.2466087350075,637.039566707962,18519000
2025-05-19,639.5059814453125,642.0722807676308,626.89419911061,627.3435620408461,9592400
2025-05-20,636.1807861328125,638.427539897765,631.3478032754666,635.0923928837207,6743500
2025-05-21,634.5830688476562,645.6770241572503,629.2607421727805,630.878399880071,11464600
2025-05-22,635.6515502929688,642.321904930245,629.8000198555354,633.1351667006269,8228400
2025-05-23,626.1552124023438,631.5374497961886,621.7516024100725,623.0996301156218,8454100
2025-05-27,641.3932495117188,642.1521627133571,631.8370500697896,634.4931853284312,9508400
2025-05-28,642.6514282226562,649.9408832345952,641.6228851026552,641.6728007707804,9042900
2025-05-29,644.1193237304688,652.3774114577973,638.5773433389169,650.7098379625838,8858800
2025-05-30,646.5557861328125,648.4729988751875,631.8670488528962,641.5729954990708,16241000
2025-06-02,669.9320678710938,672.2886482991516,643.3304887205626,643.4603060358205,15766300
2025-06-03,665.8878784179688,674.6053246627993,664.0705578546837,670.481278340603,11585000
2025-06-04,686.9574584960938,688.0059313980648,667.6054145049494,668.3543324273711,14031900
2025-06-05,683.6322021484375,693.3781298406639,681.2656265406558,690.6620226565076,13083100
2025-06-06,696.703369140625,701.7959865050877,690.8717682492216,695.1655520394484,11728000
2025-06-09,693.05859375,704.1725400365549,692.9387717641956,697.4522697198046,12773200
2025-06-10,701.3865966796875,702.2153552678959,690.5622098918083,700.3380628694553,10850100
2025-06-11,693.1384887695312,707.8472163839234,690.9915664747034,702.6946882022667,9582500
2025-06-12,692.359619140625,694.3767242272471,686.0088098513999,692.2997081453341,7322700
2025-06-13,681.884765625,693.5678973171928,680.0274638185289,686.9574533802801,9274400
2025-06-16,701.6464233398438,706.6730599404123,693.042245323344,698.8583271202571,13720300
2025-06-17,696.7597045898438,705.4937997727949,695.5905108235235,701.5265067822095,10066100
2025-06-18,695.3007202148438,701.1168019237268,694.4313119124115,697.7090678240436,10068300
2025-06-20,681.8897094726562,701.3466080737581,678.2121990654855,700.2773225024961,22538600
2025-06-23,698.0588989257812,698.578506730811,678.2922104620159,683.2288810707365,11080100
2025-06-24,711.7196655273438,712.7089880581048,701.6364439383941,704.4145982313105,13823200
2025-06-25,708.2020263671875,716.0967226422507,704.9042642374237,712.8389115768144,9320400
2025-06-26,725.6002807617188,727.7287879670295,710.5703861718163,713.8781511444844,13964800
2025-06-27,733.1351928710938,734.933966624867,725.3704139910845,726.0300029969949,18775700
2025-06-30,737.5922241210938,747.3956053545359,733.7547871608941,744.0478281561813,15402100
2025-07-01,718.73486328125,737.2523942395003,714.8874844693272,736.3829859262192,13431200
2025-07-02,713.0886840820312,719.814124987759,712.3191839508311,714.8475066710681,9336700
2025-07-03,718.5250244140625,728.5382852595793,713.9380936153356,726.1198736779997,8601700
2025-07-07,717.865478515625,726.5096688493239,713.0287770502092,717.1159843593155,9457100
2025-07-08,720.1838989257812,722.4223783113574,714.3278660699458,721.0833162832664,7770700
2025-07-09,732.2857666015625,737.0325627099321,722.2324935525554,722.2324935525554,11418000
2025-07-10,726.7494506835938,735.3036743334181,719.1145893949879,731.0565410529589,9913600
2025-07-11,717.0260620117188,724.6708656262394,709.2213321577215,722.0126865863356,10873900
2025-07-14,720.4337158203125,727.5089573741911,716.0666683046045,717.1159478712506,8939400
2025-07-15,709.910888671875,723.9813484321952,709.3412657918492,723.4117865461602,11529500
2025-07-16,702.4358520507812,713.4883895101593,698.7983536292803,712.8888186148534,13067600
2025-07-17,700.9368896484375,705.4239124906103,696.6398020897627,703.9149211888315,11803300
2025-07-18,703.8049926757812,704.2346953216606,691.1835067266235,701.7163755426589,12779800
2025-07-21,712.4890747070312,716.5163857618587,705.283976865439,706.323253430884,9404400
2025-07-22,704.3345947265625,716.1166202717292,700.936863669917,715.7069236590216,8921100
2025-07-23,713.0986938476562,714.1479734039639,704.4545040389586,705.8935351714335,8771600
2025-07-24,714.31787109375,723.1319295191287,713.518422874761,716.5663535187755,10920800
2025-07-25,712.1992797851562,720.1639356225638,711.4198376232321,716.4364100852231,8271700
2025-07-28,717.14599609375,724.2511860836681,712.199322444747,714.7176423374738,8715700
2025-07-29,699.52783203125,723.9812971110003,699.4378659012062,719.5143415178571,13267000
2025-07-30,694.7410888671875,708.0221025377599,690.7337839335887,707.6124059283386,27077300
2025-07-31,772.9183349609375,784.2207041864842,764.9936908827026,774.6771576404832,38831100
2025-08-01,749.504150390625,765.4833558536491,744.8073082016023,760.2168907933417,19028700
2025-08-04,775.8463745117188,776.3260312589632,757.898465626429,759.4874200926632,15801700
2025-08-05,762.945068359375,782.6017838704779,762.485356671436,775.9262968482556,11640300
2025-08-06,771.4692993164062,773.1182108239055,759.9471077743785,769.4806512883487,9733900
2025-08-07,761.316162109375,774.4772618550992,759.037670694158,772.9682705923176,9019700
2025-08-08,768.7811279296875,769.3807598518028,758.0683873872562,762.2355578226991,7320800
2025-08-11,765.3534545898438,772.9383623565644,764.1542517302764,769.5606371158788,7612000
2025-08-12,789.4671630859375,793.13467067664,771.9090063294184,772.4786291967464,14563100
2025-08-13,779.5538940429688,794.9235259193555,777.7051051745191,790.6164352280034,8811800
2025-08-14,781.6024780273438,787.2786396920953,771.9889713529242,777.3553445445746,8116200
2025-08-15,784.7003784179688,795.7129654452535,780.293379600551,783.621150744718,13375400
2025-08-18,766.8524169921875,775.2867267942328,756.0497105947067,774.5672416992095,16513700
2025-08-19,750.97314453125,766.6525648449835,748.854579245516,766.6026107662994,12286700
2025-08-20,747.2156372070312,749.6940059349637,730.506944043105,747.0657749776972,11898200
2025-08-21,738.6014404296875,744.9971479214436,732.6154905427838,744.2077027473434,8876300
2025-08-22,754.2808837890625,756.389506981927,733.8946798718869,738.7313812096488,10612700
2025-08-25,752.7918701171875,758.3681233608074,749.6240254313439,754.3108643612958,6861200
2025-08-26,753.5913696289062,754.3608698171868,747.4355511046348,750.2936075268326,7601800
2025-08-27,746.8759155273438,753.6413688476172,742.338999603057,751.7925800305345,8315400
2025-08-28,750.6033935546875,752.5420875468095,740.3003496517379,743.4982035863915,7468000
2025-08-29,738.2017822265625,746.6360921511391,734.8540051000575,744.7773613013366,9070500
2025-09-02,734.6141357421875,735.5035500540433,721.2431559989143,725.5502463590637,9350900
2025-09-03,736.5528564453125,739.7507102826166,733.4949228182503,735.5035768564753,7699300
2025-09-04,748.1450805664062,760.6465916805791,745.3169722452417,748.0651174458885,11439100
2025-09-05,751.9425048828125,757.4387952805295,744.5275265518461,752.1123731440612,9663400
2025-09-08,751.7925415039062,765.992978439962,751.5127620882034,755.4900579545978,13087800
2025-09-09,765.1835327148438,765.7831036056251,752.9217895494754,756.9790485610613,10999000
2025-09-10,751.4727783203125,765.1835560495044,750.4934588375091,764.6139331888977,12478300
2025-09-11,750.3935546875,756.5893240941964,747.8652318538085,754.1410253741255,7923300
2025-09-12,755.0803833007812,757.0590282777322,743.2583455274284,748.2249639979328,8248600
2025-09-15,764.1842041015625,773.547878937133,751.4827553370264,756.9590394303372,10533800
2025-09-16,778.4745483398438,780.8329418323293,764.583899780601,766.4826425887807,11782500
2025-09-17,775.19677734375,782.7616789884555,765.7931508650867,779.4639169106475,9400900
2025-09-18,779.7237548828125,788.2480310412486,772.8383872533639,780.223417654285,10955000
2025-09-19,777.85498046875,790.2665859871321,768.6711767678263,785.8895354575697,23696800
2025-09-22,765.1599731445312,785.72998046875,764.469970703125,781.8499755859375,11706900
2025-09-23,755.4000244140625,770.5999755859375,751.0700073242188,769.25,10872600
2025-09-24,760.6599731445312,761.1099853515625,752.530029296875,757.5,8828200
2025-09-25,748.9099731445312,756.77001953125,744.5499877929688,753.4500122070312,10572600
