Price,Close,High,Low,Open,Volume
Ticker,MSFT,MSFT,MSFT,MSFT,MSFT
Date,,,,,
2010-01-04,23.173337936401367,23.28564784802811,22.90379300601878,22.926255559583332,38409100
2010-01-05,23.180831909179688,23.285655766696657,22.94123696873832,23.098472040964527,49749600
2010-01-06,23.03857421875,23.27068164798744,22.851390485600778,23.120934090228644,58182400
2010-01-07,22.798980712890625,22.98616445789597,22.604309446713227,22.933751809691614,50559700
2010-01-08,22.95621109008789,23.12093224801922,22.641742386329216,22.67169246673406,51197400
2010-01-11,22.664209365844727,23.031089353750037,22.551899398624524,22.99365174594416,68754700
2010-01-12,22.51445960998535,22.761542085175968,22.394662132807998,22.57435834857403,65912100
2010-01-13,22.724103927612305,22.851388914526648,22.469533953783625,22.65671767406363,51863500
2010-01-14,23.180831909179688,23.285655766696657,22.65671833398882,22.69415450789585,63228100
2010-01-15,23.1059627532959,23.3904814273497,22.993651359862778,23.27068394057982,79913200
2010-01-19,23.28565216064453,23.390474573830044,22.97118349298972,23.023594699582475,46575700
2010-01-20,22.90379524230957,23.165852680424184,22.69414900619825,23.06851636690537,54849500
2010-01-21,22.469532012939453,23.001133047129464,22.462044493403187,22.91877318842718,73086700
2010-01-22,21.68336296081543,22.611795533889367,21.593515568646048,22.462047976142333,102004600
2010-01-25,21.952905654907227,22.20747561909906,21.78818450141185,21.893006923809054,63373000
2010-01-26,22.08768081665039,22.34973833229816,21.780699604293982,21.863060905008627,66639900
2010-01-27,22.214962005615234,22.327271942182076,21.728284661760032,21.975367093446415,63949500
2010-01-28,21.833112716674805,22.36471531490873,21.630953921792944,22.342252750555623,117513700
2010-01-29,21.09935188293457,22.402150571701963,20.71000935210331,22.38717552941646,193888500
2010-02-01,21.271564483642578,21.323975713149302,20.904684448996623,21.2565894386124,85931100
2010-02-02,21.30899429321289,21.338944374313225,21.069399356804077,21.241609466934072,54413700
2010-02-03,21.4362735748291,21.556072439238573,21.054420139147872,21.15924253889581,61397900
2010-02-04,20.84477424621582,21.338939035958592,20.822311691010018,21.24909024323349,77850000
2010-02-05,20.97955322265625,21.17422447713933,20.642621930647355,20.96457818121173,80960100
2010-02-08,20.75493812561035,21.024483240260807,20.64262813720566,20.972072007545215,52820600
2010-02-09,20.972070693969727,21.219153224223753,20.77739939314854,20.942120603951594,59195800
2010-02-10,20.957088470458984,21.144272184658973,20.84477852755867,20.987038550218216,48591300
2010-02-11,21.054424285888672,21.264069126674816,20.739955596611086,20.912164266713525,65993700
2010-02-12,20.912166595458984,21.0095015069347,20.650109087195627,20.82231777647495,81117200
2010-02-16,21.325895309448242,21.34094037691455,21.077657435360553,21.160402436872047,51935600
2010-02-17,21.506433486938477,21.55156725807016,21.333419501953095,21.461299715806792,45882900
2010-02-18,21.792280197143555,21.837415398039763,21.44625226559864,21.506431098683695,42856500
2010-02-19,21.6418399810791,21.754675145827214,21.581661130894975,21.65688505231937,44451800
2010-02-22,21.611745834350586,21.769716183550596,21.551566995316463,21.69449227606377,36707100
2010-02-23,21.31085205078125,21.686970160703105,21.130315530191965,21.574135014681893,52266200
2010-02-24,21.536516189575195,21.6568752703567,21.348457188345044,21.45377120468182,43165900
2010-02-25,21.513957977294922,21.551569217528133,21.077660990616174,21.265720061335923,48735300
2010-02-26,21.56661033630371,21.702013071979028,21.446252667876,21.5515652690561,40370600
2010-03-01,21.829893112182617,21.852459278110143,21.461297576008466,21.641834077311525,43805400
2010-03-02,21.40864372253418,22.04052230904615,21.243152258362695,21.875030844874665,93123900
2010-03-03,21.40864372253418,21.52148031173597,21.325898707836856,21.44625639719372,48442100
2010-03-04,21.536516189575195,21.551561254019923,21.265712203451674,21.40863601134764,42890600
2010-03-05,21.506433486938477,21.57413486102436,21.37855327308478,21.559089792388225,56001800
2010-03-08,21.536516189575195,21.762187851917165,21.438726140237094,21.45377120468182,39414500
2010-03-09,21.664400100708008,21.897594335453096,21.476341067074166,21.483863600592706,50271600
2010-03-10,21.792280197143555,21.897594231124813,21.664399997490747,21.709535198386956,44891400
2010-03-11,21.95025062561035,21.95777315912557,21.702012758714396,21.732101457998706,35349700
2010-03-12,22.01795768737793,22.100702707894065,21.844943676107814,22.055568929905544,31700200
2010-03-15,22.032997131347656,22.093175964889074,21.822370496564403,21.95025069718699,37512000
2010-03-16,22.09317398071289,22.183441505529856,21.965293791575153,22.13078521025722,36723500
2010-03-17,22.288755416870117,22.469293346755308,22.115741455071376,22.19096535339412,50385700
2010-03-18,22.273712158203125,22.35645715644559,22.190965725184114,22.2887557902985,43845200
2010-03-19,22.258665084838867,22.491857861226432,22.07812860297981,22.386545272169418,81332100
2010-03-22,22.266185760498047,22.341409647026087,22.108215455311534,22.190961873970007,37718200
2010-03-23,22.476816177368164,22.4918612451474,22.123265693215902,22.258668433675766,42026600
2010-03-24,22.303800582885742,22.45424838020169,22.266189350945023,22.356456881513367,33987700
2010-03-25,22.574607849121094,22.995859706600253,22.416637505831005,22.43920510766577,73168700
2010-03-26,22.31132698059082,22.717535242833957,22.25867067284303,22.6347887965007,55595500
2010-03-29,22.258665084838867,22.43167903394008,22.22857495380748,22.34893260838019,33336000
2010-03-30,22.394065856933594,22.461767211088652,22.19096179446842,22.28875184226112,34954800
2010-03-31,22.032997131347656,22.356457464897428,21.942728163647242,22.29627863135601,63760000
2010-04-01,21.935216903686523,22.22106758600331,21.529009927206484,22.07814224484492,74768100
2010-04-05,22.01795768737793,22.138315385198613,21.837421140646907,21.91264362570213,34331200
2010-04-06,22.055559158325195,22.25114068932684,21.79979880507507,21.927678981700133,47366800
2010-04-07,22.078136444091797,22.23610538378043,21.92016606962624,21.935211140485233,58318800
2010-04-08,22.50690269470215,22.552036456007492,22.040515711958925,22.055560777319506,63713800
2010-04-09,22.82284927368164,22.875505584694896,22.4918649025995,22.52947757816387,54752500
2010-04-12,22.80780029296875,22.93568049840832,22.7250538556912,22.755143990983626,37068800
2010-04-13,22.905593872070312,22.943205109815047,22.66487707226306,22.679922141271653,41374600
2010-04-14,23.183921813964844,23.319324573309647,23.063564124497653,23.161355643925265,68941200
2010-04-15,23.221532821655273,23.281711662068812,23.101173706051462,23.183920149661354,52745400
2010-04-16,23.071088790893555,23.30428165643301,23.01843247623403,23.161357783722,88703100
2010-04-19,23.349414825439453,23.507383755584094,23.138788150469757,23.146310685444764,64970300
2010-04-20,23.590129852294922,23.650308696417028,23.417114420014148,23.48481579899862,52199500
2010-04-21,23.567562103271484,23.695442325594335,23.492338189885665,23.567562103271484,55343100
2010-04-22,23.612693786621094,23.718007829947002,23.24409822192213,23.349412265248034,84847600
2010-04-23,23.289228439331055,23.755615442059533,23.05603565535505,23.40958753259684,126766600
2010-04-26,23.402067184448242,23.529947387879307,23.21400814615413,23.31932074847032,63649300
2010-04-27,23.20648956298828,23.507383788526045,23.13126564790963,23.281713478066933,68730900
2010-04-28,23.251615524291992,23.319316881633682,23.03346782212816,23.259138056749553,64557900
2010-04-29,23.319316864013672,23.642778585562596,23.071079032207162,23.26666057162689,52665200
2010-04-30,22.97329330444336,23.37950008987573,22.958248236707476,23.37197755600779,63214800
2010-05-03,23.214014053344727,23.364460461397645,23.00338736033829,23.07108874613404,43989500
2010-05-04,22.664871215820312,22.980810409480576,22.37902215240216,22.958244246575372,82085600
2010-05-05,22.454246520996094,22.63478300196094,22.333888867019528,22.39406769400781,66833800
2010-05-06,21.799800872802734,22.476813046007358,20.994908510843516,22.258665332706244,128613000
2010-05-07,21.220579147338867,21.777235109646632,20.551089494660594,21.762190043686648,173718100
2010-05-10,21.76972007751465,22.1759269549593,21.596704628914544,21.822376391741088,86653300
2010-05-11,21.72458267211914,22.303804939721605,21.491389832026297,21.574136280191453,63789400
2010-05-12,22.145837783813477,22.25115041006158,21.75467455092491,21.799808328634537,47146800
2010-05-13,21.995380401611328,22.36397586832854,21.950246643484565,22.01042546591235,45188800
2010-05-14,21.76219940185547,21.97282467676238,21.544050155956647,21.96530357532463,63334000
2010-05-17,21.76972007751465,21.987867869992325,21.40112444315261,21.905122848255186,46053300
2010-05-18,21.611034393310547,21.91328633030596,21.45990770418738,21.815054991251547,52690600
2010-05-19,21.338998794555664,21.679032994829804,20.998966035531893,21.550575790420726,61746700
2010-05-20,20.48514175415039,21.03675163118839,20.432247853783828,20.893181443585796,87991100
2010-05-21,20.2811222076416,20.485142783233744,19.978870303755517,20.122439057319678,117596300
2010-05-24,19.850412368774414,20.296234451851245,19.84285589128574,20.288677974362567,73711700
2010-05-25,19.69928741455078,19.895751522588693,19.177901952498278,19.381922538681973,98373600
2010-05-26,18.898313522338867,20.107322261569436,18.558279319000448,19.820181947361352,176684100
2010-05-27,19.646390914916992,19.91841832724682,19.442370355669624,19.442370355669624,136433600
2010-05-28,19.495267868041992,19.737070857849876,19.38948005086105,19.52549378223707,67496900
2010-06-01,19.563268661499023,19.880633455786107,19.283686248228534,19.291242724431857,76152400
2010-06-02,19.993972778320312,20.009085726994428,19.44236312296607,19.691721011088546,65718800
2010-06-03,20.29623794555664,20.349131855831576,19.956203606287815,20.06199142683769,67837000
2010-06-04,19.487714767456055,20.0771057403253,19.35925750186257,19.721959860743805,89832200
2010-06-07,19.109888076782227,19.517927627367328,19.072105702769587,19.5103711525648,80456200
2010-06-08,18.97388458251953,19.087228882807683,18.626293761551427,19.07967240395501,87355000
2010-06-09,18.732080459594727,19.283690369059197,18.701854548322316,19.05700035826846,87794000
2010-06-10,18.890756607055664,19.004100858447927,18.7245184677637,18.9889879072622,78930900
2010-06-11,19.38947868347168,19.434816110316085,18.716967993818205,18.920988576494253,68057700
2010-06-14,19.268577575683594,19.616166910738684,19.245908142038388,19.54060501442291,50972400
2010-06-15,20.08466148376465,20.137555395673857,19.44993165835214,19.457488137375027,81641500
2010-06-16,19.888193130493164,20.08465721962426,19.820186274976603,20.00153740927053,48698000
2010-06-17,19.925975799560547,20.152664360323172,19.67661780622137,20.069544548793207,47995500
2010-06-18,19.97886848449707,20.04687533683514,19.77484792748286,19.925974586289822,52075600
2010-06-21,19.60861587524414,20.318907646052768,19.563276998702335,20.235789254894957,54625300
2010-06-22,19.47260093688965,19.98642997625476,19.465044457928283,19.767296410128054,55985400
2010-06-23,19.125003814697266,19.480151002707093,19.056996967684768,19.480151002707093,61466200
2010-06-24,18.890756607055664,19.434809878488743,18.837862719155964,19.23834583682532,85243400
2010-06-25,18.535619735717773,18.97388544022766,18.3693800759461,18.928546565062092,156256700
2010-06-28,18.369373321533203,18.596063290254097,18.22580459338553,18.52049996734713,73784800
2010-06-29,17.613744735717773,18.286256791441684,17.462619516047162,18.233361451243784,119882100
2010-06-30,17.387065887451172,17.8933386104083,17.341728440377068,17.606198082685562,81050500
2010-07-01,17.500408172607422,17.62130897812188,17.175486717318087,17.447514250351258,92239400
2010-07-02,17.58352279663086,17.742204516289554,17.417283157463626,17.65152965969912,62485100
2010-07-06,17.999126434326172,18.203147107662712,17.81777520511084,17.908451540344235,73592000
2010-07-07,18.36181640625,18.37692935872028,17.84043251727966,17.99911419446616,79965300
2010-07-08,18.444944381713867,18.603627570507868,18.11246648620591,18.5885146113368,50758100
2010-07-09,18.33915138244629,18.444939184332856,18.248475094221586,18.384488805933287,53806100
2010-07-12,18.762304306030273,18.80764173018127,18.452495932038794,18.460052409605748,49854200
2010-07-13,18.98899269104004,19.117449925979457,18.815198032372212,18.99654916853656,61928700
2010-07-14,19.223241806030273,19.35169905858682,18.98144025798287,19.268579235976432,72808100
2010-07-15,19.27613639831543,19.33658678747171,18.875651669373212,19.268579919514522,56934700
2010-07-16,18.807645797729492,19.37436876656024,18.800089318528293,19.276137419446705,65064800
2010-07-19,19.06455421447754,19.117448110679923,18.822752722552032,18.860533665196428,38181800
2010-07-20,19.253461837768555,19.253461837768555,18.664071060668864,18.784971806804727,45530700
2010-07-21,18.981433868408203,19.38191700708105,18.875644645810297,19.34413606838564,73297300
2010-07-22,19.52549171447754,19.638835998204037,19.2459078027848,19.27613371377894,73016400
2010-07-23,19.502826690673828,19.661509876768605,19.079673929839572,19.52549612904482,108520100
2010-07-26,19.721952438354492,19.797515761662467,19.495262468430568,19.540601327165664,67249900
2010-07-27,19.767288208007812,19.827738573364854,19.61616157399001,19.752175256355955,60672100
2010-07-28,19.60861587524414,19.789967057658117,19.517939563411613,19.69929074582559,69704800
2010-07-29,19.669065475463867,19.956204475716532,19.344144079618072,19.744627384148078,69446200
2010-07-30,19.502826690673828,19.52549612904482,19.155237283158463,19.45748925518293,83534800
2010-08-02,19.895755767822266,19.933536725361822,19.457490030608128,19.63884122105007,55044600
2010-08-03,19.767288208007812,19.910858366199687,19.623718049815942,19.797514111311532,56877700
2010-08-04,19.44237518310547,19.827746965841555,19.223243056403188,19.759740095873365,78531900
2010-08-05,19.17034339904785,19.329025087248702,19.04944121214409,19.26101823766246,64922100
2010-08-06,19.306360244750977,19.31391672330627,18.90587697007668,19.02677774445959,55982100
2010-08-09,19.351699829101562,19.442374692604226,19.170348660845264,19.306360956099258,57096500
2010-08-10,18.943655014038086,19.14767557996427,18.800084826025138,19.140119102568782,87257700
2010-08-11,18.784971237182617,18.81519570217479,18.558281264113923,18.64895754159151,76746900
2010-08-12,18.505388259887695,18.648958438947833,18.407156942373245,18.45249436266833,70240500
2010-08-13,18.4373836517334,18.641404229756354,18.316482888738488,18.399602703766533,45263500
2010-08-16,18.5129451751709,18.596064982055545,18.361818515608025,18.40715737822727,40909700
2010-08-17,18.771228790283203,18.96114410276574,18.687667038069304,18.771228790283203,52912600
2010-08-18,18.85479164123535,18.95354841329776,18.54333065046404,18.7484395318809,46818900
2010-08-19,18.566118240356445,18.794015997540253,18.391395080981013,18.702857474242172,54064600
2010-08-20,18.406591415405273,18.53573388358716,18.383802505627706,18.46736425637682,49560100
2010-08-23,18.444580078125,18.718057208181705,18.414192925374703,18.5661257912478,51643000
2010-08-24,18.26226043701172,18.497755061253507,18.231873286044205,18.300242926782,66522500
2010-08-25,18.307836532592773,18.398995071773594,18.13311479171382,18.231870117316184,47404800
2010-08-26,18.09513282775879,18.376208160172222,18.07234391495433,18.300241736632994,49105300
2010-08-27,18.178693771362305,18.247063399126883,17.859635991440545,18.14070983986041,60939400
2010-08-30,17.958389282226562,18.095128522274162,17.928003589404135,18.03435568769064,45453100
2010-08-31,17.82925033569336,18.026762449186865,17.715301429546052,17.92800711690959,66074600
2010-09-01,18.155906677246094,18.19389061557824,17.88242956595011,17.9811849077355,65235900
2010-09-02,18.186290740966797,18.193887527343744,18.011567552174665,18.1407100227051,48837100
2010-09-03,18.45216941833496,18.573715082397438,18.38379980118249,18.414185492728805,64189100
2010-09-07,18.201486587524414,18.459771581412216,18.17110088474069,18.307840169615307,51928700
2010-09-08,18.178693771362305,18.383802654656044,18.03435772953277,18.285045881689946,65512400
2010-09-09,18.239469528198242,18.391400931673832,18.224275953168963,18.37620880558362,46028900
2010-09-10,18.1179256439209,18.254664935027648,18.072346363198385,18.21668099364288,58284300
2010-09-13,19.075096130371094,19.21183539923868,18.300241239414078,18.383804447930707,114680400
2010-09-14,19.014328002929688,19.257419452842093,18.907974406888513,19.02192479185687,87160400
2010-09-15,19.082693099975586,19.158658073238577,18.930760255571627,19.067499525747394,56201900
2010-09-16,19.24221420288086,19.272601340157085,19.02950858876263,19.037105373081687,44548300
2010-09-17,19.15865707397461,19.394153115411804,19.05230495780227,19.29539633701842,70341600
2010-09-20,19.31818389892578,19.38655352054432,19.075092554921504,19.204235012541112,49838700
2010-09-21,19.105478286743164,19.31058715200986,19.05230223625299,19.31058715200986,52675700
2010-09-22,18.695270538330078,18.968747701238268,18.505355157644694,18.907974837376518,94299400
2010-09-23,18.55853271484375,18.680078452276202,18.505356635834488,18.619305583559978,46201800
2010-09-24,18.82440757751465,18.839599702354864,18.672474737600922,18.71805400999946,51948800
2010-09-27,18.786426544189453,18.983938687002837,18.680074409189622,18.877586552003002,43603300
2010-09-28,18.748441696166992,18.915566665722135,18.49775351736478,18.839600243582893,56041200
2010-09-29,18.61170768737793,18.73325341758443,18.53574124376402,18.710463049818436,44318900
2010-09-30,18.604101181030273,18.862386085049366,18.50534587017057,18.695261155541157,61262700
2010-10-01,18.52054214477539,18.854793527681572,18.4597692977869,18.816811041665876,62672300
2010-10-04,18.163503646850586,18.22427649985167,18.06474830407599,18.201486136624098,98143400
2010-10-05,18.497753143310547,18.573719563913627,18.16350176202037,18.27745066845551,78152900
2010-10-06,18.55853271484375,18.64209595268087,18.330633370453288,18.47496947700663,50489700
2010-10-07,18.634490966796875,18.801615920023544,18.444575654473404,18.702860595148433,50096100
2010-10-08,18.664878845214844,18.72565169430505,18.51294744695884,18.70286278148311,41327800
2010-10-11,18.680072784423828,18.79402169757528,18.611703146745153,18.79402169757528,27587800
2010-10-12,18.862388610839844,18.93835502494818,18.558524403345334,18.725649355232605,50141500
2010-10-13,19.24982452392578,19.40175741927119,18.90797623386835,19.00673305052471,75336500
2010-10-14,19.1662540435791,19.249817249334114,18.99153229421764,19.21183476432125,51949100
2010-10-15,19.401758193969727,19.409353534994747,19.166262051887202,19.26501887248685,68954800
2010-10-18,19.61445426940918,19.713211048481945,19.333380403608988,19.439732520512962,48330500
2010-10-19,19.0674991607666,19.272608062104155,18.953550254114283,19.196641641356287,66150900
2010-10-20,19.227022171020508,19.29539178641821,19.067494034384907,19.189039695327814,56283600
2010-10-21,19.310596466064453,19.4017564886872,19.029521057838764,19.29540288747076,50032400
2010-10-22,19.28020477294922,19.401751924163747,19.196643008221752,19.38655834914455,25837900
2010-10-25,19.13587188720703,19.257417600471754,19.120678310814142,19.17385437925006,50912400
2010-10-26,19.67522621154785,19.728402267559083,19.037110641535374,19.08269136006402,69304200
2010-10-27,19.789175033569336,19.834755751921957,19.46252191234199,19.59166438313005,64805500
2010-10-28,19.963897705078125,20.03986266915181,19.690419197808662,19.91072020171221,80730300
2010-10-29,20.260168075561523,20.66278910896548,20.115832014690067,20.62480517245245,114193200
2010-11-01,20.47287368774414,20.677981148302084,20.28295835278896,20.419696176847914,61912100
2010-11-02,20.807125091552734,20.82991545496185,20.5260511875359,20.556436889808932,54402100
2010-11-03,20.53364372253418,20.883087195464615,20.480466218926715,20.8602968367757,110255300
2010-11-04,20.617206573486328,20.837509039086527,20.518451245108277,20.822315465816395,93599300
2010-11-05,20.396900177001953,20.65518505871416,20.153808864552467,20.63999148945144,110953700
2010-11-08,20.366519927978516,21.931423316883517,20.191798169168607,20.267764592241306,71670800
2010-11-09,20.47287368774414,20.594419386200336,20.29055369112083,20.366520114890708,58538600
2010-11-10,20.46527671813965,20.571628841106527,20.36651993343697,20.51845277962309,52277300
2010-11-11,20.26776123046875,20.29814692529441,19.963897037518294,20.26776123046875,62073100
2010-11-12,19.956310272216797,20.14622566929018,19.827167744249316,20.10824172051181,64962200
2010-11-15,19.90312957763672,20.131027421702974,19.88033921365443,20.001884923681654,51794600
2010-11-16,19.72732925415039,19.903126015823386,19.605036742107625,19.903126015823386,65339200
2010-11-17,19.54389190673828,19.80376387817977,19.52860497716129,19.796120413391275,58299700
2010-11-18,19.750261306762695,19.93370009024398,19.574465988156692,19.650897721225835,59514000
2010-11-19,19.635608673095703,19.74261424617713,19.566818959588616,19.719683855727567,52423200
2010-11-22,19.66618537902832,19.67382884418657,19.4445307208067,19.605039115604228,53350500
2010-11-23,19.19994354248047,19.56682108242705,19.17701314954315,19.543890689489732,69742500
2010-11-24,19.391023635864258,19.459811891398015,19.23051381870792,19.261087672582114,56825900
2010-11-26,19.299304962158203,19.42159747103365,19.238158707720476,19.26873110601849,21356500
2010-11-29,19.345169067382812,19.429245734694863,19.05472465151527,19.25345039198972,56603600
2010-11-30,19.30695152282715,19.467459919779415,19.108225799570583,19.14644166803295,75282100
2010-12-01,19.90312957763672,20.06363798172637,19.536250518010945,19.543893983611692,74123500
2010-12-02,20.55280303955078,20.621592755119927,20.02541716397618,20.05598956098378,91759200
2010-12-03,20.65216827392578,20.682740673396616,20.468729503575506,20.491658438718193,52622000
2010-12-06,20.51459503173828,20.62160064898867,20.453448756474888,20.583384773639875,36264200
2010-12-07,20.537521362304688,20.736245624153423,20.522234432057274,20.698029756376798,57860500
2010-12-08,20.81267547607422,20.820318939970768,20.484013817731004,20.50694420942065,41666800
2010-12-09,20.698030471801758,20.89675619836133,20.644527671928405,20.850896863875878,47148300
2010-12-10,20.89675521850586,20.942614550840954,20.72095989635309,20.78210615874718,37625800
2010-12-13,20.827964782714844,20.980831162421964,20.766818522400364,20.843251712253924,47943900
2010-12-14,21.11076545715332,21.210127575516193,20.83560657885349,20.87382244179881,64070500
2010-12-15,21.28655433654785,21.393559886781805,21.04196938867522,21.04196938867522,69634200
2010-12-16,21.39356803894043,21.39356803894043,21.141339533103306,21.217772722899188,57680200
2010-12-17,21.32478141784668,21.470004353812666,21.21013234538598,21.34006834959932,87456500
2010-12-20,21.255983352661133,21.393562768833934,21.15662125089271,21.362990375151913,52811000
2010-12-21,21.454715728759766,21.508218527829282,21.21777413666251,21.286563866278154,38153000
2010-12-22,21.546438217163086,21.706946631974372,21.3859283445097,21.40885874284364,42252300
2010-12-23,21.630510330200195,21.645797260233017,21.370638351009784,21.378281816026195,24902500
2010-12-27,21.454715728759766,21.554079319467668,21.30949280425541,21.49293305512509,21652800
2010-12-28,21.40885353088379,21.53114604320864,21.370636209631186,21.378279673881707,23042200
2010-12-29,21.378276824951172,21.49292731558859,21.30948711370534,21.355347893096926,19502500
2010-12-30,21.28655433654785,21.401203348632983,21.233051561430873,21.340057111664827,20786100
2010-12-31,21.332420349121094,21.340063813372655,21.118407723602633,21.248343700195672,24752000
2011-01-03,21.385934829711914,21.538801282610144,21.34007547697946,21.439437650873533,53443800
2011-01-04,21.47000503540039,21.531151306510054,21.286566222071396,21.35535595930003,54405600
2011-01-05,21.401214599609375,21.408858065478853,21.22541925813753,21.324781398756645,58998700
2011-01-06,22.02796173095703,22.050892125971867,21.29420658458501,21.431786038990232,88026300
2011-01-07,21.85980796813965,21.966813553193923,21.592292547662208,21.890380367651545,73762000
2011-01-10,21.569366455078125,21.706945924916205,21.43178844308209,21.599940318527498,57573600
2011-01-11,21.48529052734375,21.592296130151876,21.439429733704266,21.554080259960976,50298900
2011-01-12,21.82159423828125,21.85216810066736,21.45471663669991,21.492933964682546,52631100
2011-01-13,21.546438217163086,21.699303165863057,21.40885874284364,21.653443827037275,67077600
2011-01-14,21.630510330200195,21.691656592489593,21.33242248376962,21.462358473364826,62688400
2011-01-18,21.905668258666992,21.96681451821876,21.508216842659586,21.523503772007984,53322700
2011-01-19,21.760448455810547,21.920958321227115,21.60758351400271,21.752804990043852,50005900
2011-01-20,21.66872787475586,21.821592803106714,21.500574558375448,21.783376935479478,58613600
2011-01-21,21.416500091552734,21.729874881923415,21.416500091552734,21.706944485856553,58080300
2011-01-24,21.691659927368164,21.829239403131265,21.393572035109518,21.416502433684073,52047800
2011-01-25,21.745155334472656,21.745155334472656,21.492926884247094,21.508212352562644,42436600
2011-01-26,21.997386932373047,22.15789530646536,21.783374309074905,21.791017773247166,74628800
2011-01-27,22.066179275512695,22.51713205255574,21.77573343380278,21.97445915238275,146938600
2011-01-28,21.210132598876953,22.112041173273116,20.98083445121511,22.089110775370106,141249400
2011-01-31,21.194839477539062,21.3247754453609,20.957897933102178,21.225413332481445,65029000
2011-02-01,21.39356803894043,21.447070834444997,21.103123667126283,21.248345124112436,62810700
2011-02-02,21.35535430908203,21.48529030737963,21.309493515912067,21.347710843553703,45824000
2011-02-03,21.13369369506836,21.37827870867531,21.04961850779202,21.37827870867531,60340100
2011-02-04,21.22541618347168,21.27891897896568,21.02669047317836,21.17191338797768,40412200
2011-02-07,21.5540714263916,21.66107698534532,21.24069675416308,21.24833875879571,68980900
2011-02-08,21.615215301513672,21.66107461349498,21.439418599543053,21.47763590772851,34904200
2011-02-09,21.378276824951172,21.59993288515253,21.332417503401132,21.54643010037056,52905100
2011-02-10,21.019052505493164,21.355357753776875,20.858544077033663,21.34771428701563,76672400
2011-02-11,20.827964782714844,21.255988604916205,20.690385332546803,21.217772738910345,83939700
2011-02-14,20.81267547607422,20.843249331660413,20.59866431833756,20.797388548281123,56766200
2011-02-15,20.728107452392578,21.012581392064277,20.720420275459283,20.78961659952919,44116500
2011-02-16,20.774234771728516,20.812676513827178,20.451319152140975,20.797299230404327,70817900
2011-02-17,20.920312881469727,21.043329672495236,20.689659514520873,20.735789894618975,57207300
2011-02-18,20.80498695373535,20.920313641399016,20.751167930589535,20.858805976881168,68667800
2011-02-22,20.443634033203125,20.835746029302353,20.389814998407708,20.589715317975475,60889000
2011-02-23,20.443634033203125,20.651222995807196,20.320618677539684,20.39750364144401,60234100
2011-02-24,20.58201789855957,20.80498258570315,20.374429024473486,20.48206704816638,64494200
2011-02-25,20.412878036499023,20.720417870653975,20.374436290458963,20.689663300655035,53006300
2011-02-28,20.435941696166992,20.651219262893807,20.382122671099903,20.520515287820107,51379900
2011-03-01,20.113025665283203,20.589711172344934,20.105337023794966,20.451318558473517,60055000
2011-03-02,20.05152130126953,20.27448754176398,20.02076819671158,20.07458722953199,48658200
2011-03-03,20.143781661987305,20.29755010329848,20.12840437791863,20.189912047734804,68271500
2011-03-04,19.951568603515625,20.174533340953793,19.836240447592054,20.159156057969525,70437200
2011-03-07,19.77473258972168,20.197599068924315,19.644028618543906,20.08995955554012,64980400
2011-03-08,19.920814514160156,20.005388106138653,19.720914229957277,19.81317646361186,50549800
2011-03-09,19.905441284179688,19.97463760689655,19.728606888996044,19.84393360470456,39789100
2011-03-10,19.536386489868164,19.76703981836385,19.490256117460646,19.697844992981622,66549500
2011-03-11,19.743980407714844,19.874684384964457,19.49794973676463,19.536391479178675,49905800
2011-03-14,19.751670837402344,19.80548986823707,19.490262859240584,19.597900920910035,54473400
2011-03-15,19.52101707458496,19.582524751393652,19.221167333449923,19.282675010258615,76067300
2011-03-16,19.059711456298828,19.436446184263886,18.975137845331176,19.390314323849466,100725400
2011-03-17,19.052019119262695,19.390310564630838,19.0289531935273,19.26729522695906,62497000
2011-03-18,19.06739616394043,19.359558709560428,19.06739616394043,19.267296467138696,85486700
2011-03-21,19.47488021850586,19.667091828031758,19.3364876250139,19.35955354608196,46878100
2011-03-22,19.451824188232422,19.574839563562765,19.398005144832766,19.451824188232422,30895600
2011-03-23,19.636343002319336,19.69016203005439,19.359557755157898,19.397999498837642,43969000
2011-03-24,19.84392547607422,19.890057316627725,19.605583499047025,19.68246843351139,38696700
2011-03-25,19.697853088378906,19.951572440580637,19.674787159466494,19.93619515463903,57029800
2011-03-28,19.536386489868164,19.774728458174785,19.513320570435358,19.728598085767267,48973200
2011-03-29,19.597902297973633,19.620968227005807,19.45182101368727,19.48257558573017,40763500
2011-03-30,19.690166473388672,19.77473862186059,19.605592858457904,19.68247782962598,41999300
2011-03-31,19.52101707458496,19.743983319553152,19.482575326501536,19.68247564274446,63233700
2011-04-01,19.5902156829834,19.628658902016745,19.45951167118773,19.628658902016745,63114200
2011-04-04,19.644031524658203,19.728605126302128,19.53639346180857,19.567148032027678,35433700
2011-04-05,19.820863723754883,20.128402037070348,19.790109159194163,19.851616821857256,73651100
2011-04-06,20.105335235595703,20.22835055554948,19.882370518101343,19.97463127483753,65581400
2011-04-07,20.143781661987305,20.189912047734804,19.966945828114593,20.136093019952966,46134700
2011-04-08,20.04383087158203,20.20528942210768,19.959257275284855,20.120715825810503,39887600
2011-04-11,19.974632263183594,20.18222117579896,19.83623965477335,20.136090795148334,34286300
2011-04-12,19.713232040405273,19.874690635531437,19.64403570913105,19.85931334714629,36920400
2011-04-13,19.705533981323242,19.89005842086523,19.65171496414776,19.720911262361447,38144700
2011-04-14,19.544086456298828,19.559463744832485,19.29036706132928,19.544086456298828,55239900
2011-04-15,19.505643844604492,19.65172367988058,19.359562542869522,19.57483870704855,65080400
2011-04-18,19.282676696777344,19.436446635477584,19.00589139370044,19.29805398393913,58045100
2011-04-19,19.336490631103516,19.35186791420614,19.121214533500503,19.221163940750696,38892400
2011-04-20,19.80548858642578,19.990011594399057,19.613276936479636,19.636342862398237,61608600
2011-04-21,19.62096405029297,19.905436448840643,19.497948721225047,19.82855296801699,46892300
2011-04-25,19.690166473388672,19.697855117151366,19.482577491172524,19.65172325457521,33525100
2011-04-26,20.136098861694336,20.32831056894029,19.73629815867261,19.790117202068046,69200000
2011-04-27,20.282175064086914,20.289863706972238,20.089963391329817,20.22066738746299,52689000
2011-04-28,20.535884857177734,20.658901619638918,20.29754290447882,20.343673273865512,80200000
2011-04-29,19.928504943847656,20.482073996066713,19.49795123656617,20.412877681232008,319317900
2011-05-02,19.728609085083008,19.99001711856558,19.590216424244126,19.943886720438925,89825600
2011-05-03,19.84392547607422,19.874680036443223,19.597894858954774,19.68246843351139,71892900
2011-05-04,20.036144256591797,20.182225537759248,19.828556765569154,19.87468715618989,73292300
2011-05-05,19.828556060791016,20.05152082958183,19.74398245894349,20.028454901861966,55600000
2011-05-06,19.890060424804688,20.159155537793648,19.7977981957382,20.043828851304326,55993000
2011-05-09,19.859310150146484,19.959259575641966,19.736294795786495,19.836244221281977,38696400
2011-05-10,19.736295700073242,19.874688346683843,19.413380013468092,19.513329443543103,120798700
2011-05-11,19.497955322265625,19.7286087757412,19.382627129068943,19.720920131764164,78600000
2011-05-12,19.467191696166992,19.5210107125272,19.29804600668373,19.490257617374887,77400000
2011-05-13,19.244230270385742,19.4671950142322,19.182722603139293,19.436441913838205,66812300
2011-05-16,18.890560150146484,19.274983438400042,18.836741124424343,19.19040984571755,91350900
2011-05-17,18.975690841674805,19.114990600184445,18.782219282871605,18.882823843978095,82882100
2011-05-18,19.107248306274414,19.145942021016232,18.766738007478136,18.98342664781588,53931100
2011-05-19,19.13046646118164,19.254288135928125,18.96021202742292,19.231072494457408,37783600
2011-05-20,18.95247459411621,19.24655220360988,18.9137808710059,19.13046808213711,45451500
2011-05-23,18.704832077026367,18.766742922470026,18.59648846651771,18.735786761712703,52692500
2011-05-24,18.689353942871094,18.797699029138986,18.60422745317537,18.728049143706407,47691800
2011-05-25,18.72031021118164,18.813175741578405,18.697093090546954,18.704832130758515,34904200
2011-05-26,19.091768264770508,19.370367705660353,18.82090786124654,18.844124973344176,78016600
2011-05-27,19.161418914794922,19.269762490242073,19.076290976331872,19.09950808938648,50251000
2011-05-31,19.354894638061523,19.393588358830577,19.114990321937558,19.316199441221638,60196300
2011-06-01,18.906044006347656,19.424547926463692,18.859611238058918,19.339419954541764,74033500
2011-06-02,18.74351692199707,19.0762881121301,18.71256225197578,18.952466479904363,51487800
2011-06-03,18.503620147705078,18.681613631220205,18.449448346293593,18.611963750528048,60697700
2011-06-06,18.581012725830078,18.7667452855482,18.395280166111956,18.48814570793543,54778700
2011-06-07,18.61970329284668,18.704831255117725,18.495881607400207,18.64292041239449,41112600
2011-06-08,18.52683448791504,18.588745319681284,18.46492365614879,18.495878333996583,42205000
2011-06-09,18.542308807373047,18.604221107592316,18.433965234130284,18.58100399501009,42878700
2011-06-10,18.34884262084961,18.58874842559041,18.333366017375127,18.58874842559041,49327200
2011-06-13,18.604228973388672,18.720311633238143,18.341107490491947,18.410757381615852,47572500
2011-06-14,18.74351692199707,18.92151180988307,18.720301288498675,18.805427738109938,42894500
2011-06-15,18.37205696105957,18.581006575102162,18.31788516691609,18.573267536500136,49410200
2011-06-16,18.573274612426758,18.650663551859452,18.30241406244795,18.379803001880646,57184100
2011-06-17,18.77447509765625,18.805429771023817,18.557786479801482,18.743518948218234,83320400
2011-06-20,18.937000274658203,19.08403910860172,18.69709589638178,18.704834937754722,54338400
2011-06-21,19.161418914794922,19.238807815573107,18.88281946242167,18.97568643856959,49708700
2011-06-22,19.076292037963867,19.200113695671668,19.029859285341093,19.037598323456653,44287300
2011-06-23,19.06081771850586,19.07629579778762,18.728047870373324,18.913780393541792,59470400
2011-06-24,18.80543327331543,18.991167252393407,18.72030679864797,18.96795013599098,101387200
2011-06-27,19.501937866210938,19.7031470312248,18.75126711368773,18.75126711368773,92044200
2011-06-28,19.966257095336914,20.05912405962537,19.470970555319354,19.579314116930615,81032100
2011-06-29,19.826969146728516,19.896617560981724,19.625758516466227,19.896617560981724,66051000
2011-06-30,20.12103843688965,20.12103843688965,19.857917046936983,19.919827875392283,52535400
2011-07-01,20.13652229309082,20.25260494525652,19.997222520063577,20.066872406577197,52906200
2011-07-05,20.14426040649414,20.23712593352534,20.04365436346091,20.19843220994083,37805300
2011-07-06,20.376422882080078,20.407379037523196,20.09008434851418,20.09782338737496,48744200
2011-07-07,20.716928482055664,20.802054937948935,20.39963534155342,20.500239871634697,51946500
2011-07-08,20.833011627197266,20.8794443748964,20.51571847845737,20.538935590342156,58320700
2011-07-11,20.60858917236328,20.74014988742233,20.500245575045525,20.60085160918699,43999800
2011-07-12,20.538938522338867,20.732410054119434,20.384160706486156,20.546676084667922,47319300
2011-07-13,20.60858917236328,20.86397156323428,20.51572365353972,20.585373530692795,40861800
2011-07-14,20.48476791381836,20.90266718524925,20.399641432507902,20.60085202881861,46382300
2011-07-15,20.724674224853516,20.840756866682664,20.484768425526287,20.484768425526287,49132400
2011-07-18,20.577632904052734,20.81753719792292,20.322250532882357,20.608587582582423,44501900
2011-07-19,21.312824249267578,21.390211679670173,20.72467062657001,20.74788626526254,86730600
2011-07-20,20.941362380981445,21.16579011131152,20.879451537454344,21.111618307734176,49795400
2011-07-21,20.972320556640625,21.134835982993646,20.6240711057826,20.925887788549915,81737400
2011-07-22,21.305084228515625,21.32056082824006,20.647280767934255,20.78658049794802,76380600
2011-07-25,21.599164962768555,21.73846472292964,21.041967398195094,21.096139199130874,108482400
2011-07-26,21.73072624206543,21.784898044393998,21.498560953208447,21.529515636222953,74636500
2011-07-27,21.150306701660156,21.66107140106679,21.04970215980697,21.57594345914216,71488700
2011-07-28,21.45212173461914,21.722982159454524,21.057439654328252,21.11935195812657,83761400
2011-07-29,21.20448112487793,21.44438542837478,21.096137531570466,21.297348116334867,104394800
2011-08-01,21.103879928588867,21.428912236301286,20.70145869502664,21.289612464985822,61838400
2011-08-02,20.740148544311523,21.243175730301708,20.709193865398532,20.879448289596763,63883100
2011-08-03,20.833011627197266,20.89492244948626,20.492501366572583,20.763361767613343,64581200
2011-08-04,20.074604034423828,20.79431827859994,20.066864996994244,20.531196910275973,92949500
2011-08-05,19.873394012451172,20.19842621269483,19.525144699307788,20.097820199533185,112071700
2011-08-08,18.944734573364258,19.81148780122333,18.875084694515277,19.36263384645814,134257200
2011-08-09,19.79600715637207,19.826963310101643,18.596484244693485,19.122725573460368,126268900
2011-08-10,18.728044509887695,19.416802677558277,18.650655603436135,19.308459094168462,127819900
2011-08-11,19.49418830871582,19.6412255825918,18.882817674144928,18.96020656759408,90690100
2011-08-12,19.424545288085938,19.610277812084494,19.076295883044345,19.44776093104145,64787100
2011-08-15,19.741836547851562,19.796008344057768,19.463237051853092,19.53288692585271,56529400
2011-08-16,19.741840362548828,19.928745179005023,19.508208227938002,19.640599325267907,54251500
2011-08-17,19.663965225219727,20.014412724378687,19.414758774878962,19.663965225219727,50923700
2011-08-18,19.212268829345703,19.53935250786822,18.713856170792113,19.134391480099982,105714200
2011-08-19,18.72943687438965,19.173337471681403,18.620409439293812,19.00979483365025,77397900
2011-08-22,18.674924850463867,19.072098166973422,18.526959456668422,19.017584444481678,54721000
2011-08-23,19.251211166381836,19.274574822117746,18.713860452940995,18.713860452940995,59670600
2011-08-24,19.391386032104492,19.414749682903036,19.01757653164927,19.196693398277365,45329700
2011-08-25,19.1343936920166,19.5938684717556,19.079879986858934,19.531566882234397,48192000
2011-08-26,19.663965225219727,19.734054725051518,19.01758543762801,19.087674937459802,71957000
2011-08-29,20.123430252075195,20.139006018887894,19.75740864429803,19.88201180802587,38863200
2011-08-30,20.427156448364258,20.58291119276591,20.014408900858342,20.03777107274746,57341400
2011-08-31,20.71530532836914,20.800969113547794,20.450523115153207,20.473886775867864,59300800
2011-09-01,20.411579132080078,20.917781270381948,20.411579132080078,20.606271805153963,60510800
2011-09-02,20.09227752685547,20.248032214971506,19.98325013640632,20.0767032463533,43894400
2011-09-06,19.866439819335938,19.928741413048133,19.554931850774963,19.625021329374576,54929300
2011-09-07,20.248035430908203,20.248035430908203,19.9131638380428,20.006616962832666,41961000
2011-09-08,20.41937255859375,20.76203217210208,20.20910554350665,20.248043494533395,65811900
2011-09-09,20.045555114746094,20.388214595491945,19.858650348535733,20.248035649487413,64529200
2011-09-12,20.162370681762695,20.193522219247654,19.679533733842344,19.811924797379294,55046100
2011-09-13,20.279191970825195,20.39600729159241,20.100073561235575,20.185738822978983,48792300
2011-09-14,20.637422561645508,20.871053166301724,20.16237198207242,20.380428302368806,66739200
2011-09-15,21.01902198791504,21.050173530343198,20.489457649734735,20.816541418293905,67808300
2011-09-16,21.120262145996094,21.237077454518346,20.8944179288508,21.065746948990952,89681500
2011-09-19,21.190345764160156,21.26822311554532,20.715296742945835,20.87104996032923,52324900
2011-09-20,21.011234283447266,21.416195426180728,20.97229634046368,21.26822856914594,49211900
2011-09-21,20.24024772644043,21.07353203121848,20.224671957939318,21.065744146967923,72750700
2011-09-22,19.515995025634766,19.97546989747894,19.157761185423972,19.702899831664833,96278300
2011-09-23,19.515995025634766,19.58608451356946,19.22785067335867,19.391391821614718,64768100
2011-09-26,19.811925888061523,19.874227481074193,19.258997950360335,19.61723322422354,51057600
2011-09-27,19.991044998168945,20.18573768358727,19.81971596974025,19.983257112505736,55620700
2011-09-28,19.92095375061035,20.536183295102077,19.866440041176844,20.193523783165077,60736200
2011-09-29,19.819713592529297,20.380427924541586,19.53935568382959,20.232461085462614,63407300
2011-09-30,19.383594512939453,19.85864492570153,19.375806630800625,19.625014403083224,54060500
2011-10-03,19.103246688842773,19.7340505690951,19.095458803236287,19.2512120592041,64592500
2011-10-04,19.734052658081055,19.772990604848033,18.892980233582186,18.924130293918278,83485400
2011-10-05,20.162370681762695,20.372639103624977,19.593868491145773,19.796349028636815,94061300
2011-10-06,20.512819290161133,20.55954511382296,20.01440654340259,20.170159784071057,55111400
2011-10-07,20.44272804260254,20.645208574794758,20.403790107152393,20.512817514722425,52741600
2011-10-10,20.980079650878906,21.003441817419397,20.61405653095001,20.69972176929711,41815300
2011-10-11,21.026805877685547,21.081319581187994,20.808749578288744,20.917778470680652,38826200
2011-10-12,20.995647430419922,21.26821734360227,20.94892162642443,21.166977854047612,52489800
2011-10-13,21.1669864654541,21.182562234918162,20.730875318170312,20.839902733644475,43823500
2011-10-14,21.237079620361328,21.416196544054998,21.042386924506282,21.26822967929669,50947700
2011-10-17,21.011234283447266,21.353893826174605,20.909994740457556,21.112475311824287,39453300
2011-10-18,21.268230438232422,21.338319930072302,20.871057146268907,20.980086069901745,52487900
2011-10-19,21.128047943115234,21.39283009375134,21.03459629311849,21.314954213883116,42880000
2011-10-20,21.057960510253906,21.29159112686752,20.559546250551108,21.229289530078074,76300200
2011-10-21,21.151405334472656,21.174768982746464,20.871047496733972,21.14361745171472,76620600
2011-10-24,21.174776077270508,21.33831721382071,21.05796076753647,21.07353505288369,56897800
2011-10-25,20.878843307495117,21.20592708059317,20.808753821446437,21.08911176564115,53554600
2011-10-26,20.70751190185547,21.073533576142854,20.32591445792509,21.050171407065516,63029900
2011-10-27,21.221506118774414,21.338321451708506,20.754243301650494,21.128052961194612,74512400
2011-10-28,21.011234283447266,21.17477691183041,20.86326891179979,21.135837483459515,57712100
2011-10-31,20.738664627075195,21.02681046103762,20.73087822663789,20.839905657408213,46799000
2011-11-01,20.24024772644043,20.497241965160644,20.139008201957274,20.396002440677485,61182600
2011-11-02,20.25581932067871,20.403786120172622,20.01440090021045,20.325908779102843,53533100
2011-11-03,20.660781860351562,20.70750767435417,20.232457194936014,20.434937702796425,65836100
2011-11-04,20.44272804260254,20.559543334340006,20.24803539457775,20.543967566005136,36549200
2011-11-07,20.87105369567871,20.886629465820768,20.349277279017382,20.411578874198412,42589700
2011-11-08,21.151405334472656,21.182556865504402,20.785383757170184,21.034590063877122,47822500
2011-11-09,20.403789520263672,20.832112739443225,20.294760630442692,20.707509567122376,62950900
2011-11-10,20.466093063354492,20.637422070331084,20.34148987911931,20.614058416266815,32514400
2011-11-11,20.956714630126953,21.089105678294672,20.691932533791515,20.699720417258664,37903000
2011-11-14,20.83990478515625,21.02680958096278,20.75423953005803,20.933356440365877,34199200
2011-11-15,20.981136322021484,21.13806389523236,20.714360345506346,20.839901805446146,43874200
2011-11-16,20.45543670654297,20.800676567709807,20.43189861147722,20.769290445525243,53262800
2011-11-17,20.03957748413086,20.431894961926005,19.961113689257346,20.408355374492228,70977500
2011-11-18,19.851261138916016,20.008188707802173,19.733566210537504,19.992495651599114,47626200
2011-11-21,19.61587905883789,19.812037849426268,19.537415243287978,19.804191318214,61882500
2011-11-22,19.451091766357422,19.584478206944315,19.341241908562807,19.529554026332846,49204500
2011-11-23,19.20001792907715,19.451102386431387,19.20001792907715,19.309867846848533,49099700
2011-11-25,19.06662940979004,19.35694501079694,19.06662940979004,19.12940014830877,26164600
2011-11-28,19.513866424560547,19.592328700427483,19.37263193348489,19.568790616296194,46766700
2011-11-29,19.49032974243164,19.647257310647525,19.419712486391713,19.47463668629561,40917100
2011-11-30,20.070955276489258,20.078801802964655,19.725715594431342,19.906182710221646,81350900
2011-12-01,19.835569381713867,20.110190379670975,19.77279865409907,20.055266180079553,48545400
2011-12-02,19.788494110107422,20.102349306554526,19.741416429269353,20.078809717849246,52293800
2011-12-05,20.165117263793945,20.24357955550563,20.008189687226004,20.227887995106663,56818400
2011-12-06,20.133729934692383,20.29850402980111,20.09449879120431,20.25142486172879,46175300
2011-12-07,20.086652755737305,20.21219421386417,19.882647512138092,20.141576956596282,62667000
2011-12-08,19.92972755432129,20.18081050042732,19.906189463481606,19.9924982908478,60522200
2011-12-09,20.165117263793945,20.29850525490501,20.008189687226004,20.023882744197255,53788500
2011-12-12,20.016040802001953,20.063118487130367,19.843421625482684,19.937576995739512,38945900
2011-12-13,20.212196350097656,20.47897235095594,20.125886027298684,20.204349821063897,54581100
2011-12-14,20.07880973815918,20.290661547003516,20.063116679006452,20.18081162950692,47926400
2011-12-15,20.055265426635742,20.306348327662146,20.039573867750697,20.180806877148946,46213900
2011-12-16,20.4005069732666,20.533894963339314,20.110191407847548,20.141577521545724,101408100
2011-12-19,20.03172492980957,20.49465953409137,19.97679924231807,20.416195762818326,52258300
2011-12-20,20.424049377441406,20.478973587421514,20.251428721421092,20.290661368958652,60767600
2011-12-21,20.212196350097656,20.549589615687392,19.96111340730689,20.40835508622449,64132500
2011-12-22,20.251434326171875,20.290666984567395,19.992504767052996,20.259280857850978,35794100
2011-12-23,20.424049377441406,20.43189590694892,20.18865798193347,20.329892519923735,23205800
2011-12-27,20.4318904876709,20.510352768790025,20.345580182553363,20.36911826826027,21287200
2011-12-28,20.259273529052734,20.5182029945038,20.212195852581363,20.48681837571367,29822500
2011-12-29,20.41619873046875,20.439736817671733,20.290657276812254,20.361274531565556,22616900
2011-12-30,20.36912727355957,20.494670271311975,20.329896115655703,20.400513397140855,27395700
2012-01-03,21.00467872619629,21.153758294526416,20.70651659639113,20.83205807318095,64731500
2012-01-04,21.49899673461914,21.553920940144767,21.012523917187295,21.0439085360995,80516100
2012-01-05,21.718690872192383,21.757922012423276,21.41268378798963,21.483299541090823,56081400
2012-01-06,22.056087493896484,22.11885822596527,21.60099931225471,21.60099931225471,99455500
2012-01-09,21.765771865844727,22.048240907702297,21.750078808725462,22.009008264904136,59706800
2012-01-10,21.8442325592041,22.087468923793168,21.773615308747264,21.91484980966094,60014400
2012-01-11,21.75007438659668,21.954079597952788,21.47545342570576,21.52253109091963,65582400
2012-01-12,21.96977996826172,21.985473027416447,21.695157419343946,21.86777807690097,49370800
2012-01-13,22.165935516357422,22.165935516357422,21.80500418736612,21.914852592437857,60196100
2012-01-17,22.173776626586914,22.479783678268806,22.103159384418493,22.283625004816944,72395300
2012-01-18,22.15024185180664,22.283629838551118,21.94623660757554,22.213012581064497,64860600
2012-01-19,22.063934326171875,22.31501725790301,21.993317064550954,22.095318944352105,74053500
2012-01-20,23.31150245666504,23.335042042729985,22.558253661454657,22.613177865700543,165902900
2012-01-23,23.327198028564453,23.499818685170144,23.02903738913028,23.185963490095247,76078100
2012-01-24,23.021188735961914,23.201654408881836,22.895647268141765,23.123190617351156,51703300
2012-01-25,23.19380760192871,23.264424863802237,22.809336674268582,22.809336674268582,59231700
2012-01-26,23.146732330322266,23.3036599278009,23.068268531582948,23.233042658592762,49102800
2012-01-27,22.93487548828125,23.170266832828634,22.887797818000635,23.10749610693043,44187700
2012-01-30,23.2330379486084,23.240884476548867,22.62102223840134,22.730870636423564,51114800
2012-01-31,23.170265197753906,23.303653167946216,22.934873869817572,23.272267058925884,50572400
2012-02-01,23.452739715576172,23.57828119608847,23.350737823874617,23.37427741268536,67409900
2012-02-02,23.49981689453125,23.672436041411224,23.311503193206445,23.460584249850093,52223300
2012-02-03,23.72736358642578,23.852905073927566,23.60966862896443,23.64889978259402,41838500
2012-02-06,23.695974349975586,23.71166591042922,23.515507187322044,23.570432886912776,28039700
2012-02-07,23.813669204711914,23.92351761038063,23.578277839828864,23.656741628123214,39242400
2012-02-08,24.05691146850586,24.064757998906135,23.71167161375704,23.74305773535814,49659100
2012-02-09,24.14321517944336,24.166753267610737,23.915670350010455,24.07259792179675,50481600
2012-02-10,23.931365966796875,24.166755853087228,23.821517552737696,24.041214380856054,44605300
2012-02-13,23.994138717651367,24.143219789658573,23.876443764623584,24.03336986980312,33319800
2012-02-14,23.89146614074707,24.05732352971455,23.575546228600697,23.954650123176343,59644000
2012-02-15,23.733503341674805,24.002035619960612,23.717708477276982,23.95464801391748,43311300
2012-02-16,24.712852478027344,24.91819923343112,23.930948843732196,23.93884702762073,94705100
2012-02-17,24.681264877319336,24.736550669616555,24.444325337067013,24.64177545608557,70036500
2012-02-21,24.83132553100586,24.965591662145965,24.602282687003726,24.625977241825417,50829900
2012-02-22,24.697053909301758,25.020871887751078,24.62597176706416,24.839218193776954,49253200
2012-02-23,24.77604103088379,24.949796589335037,24.483814198589826,24.64177489276356,35034700
2012-02-24,24.862911224365234,24.878707590726602,24.673359347302057,24.862911224365234,35575400
2012-02-27,24.760244369506836,24.87871413553394,24.562794257320057,24.673365838088714,34568400
2012-02-28,25.170942306518555,25.218329914171154,24.78393874034351,24.807633297382253,45230600
2012-02-29,25.06826400756836,25.27361228818079,24.965590620474483,25.18673376388427,59323600
2012-03-01,25.502653121948242,25.58163194901319,25.155140558449137,25.218324523955832,77344100
2012-03-02,25.336801528930664,25.6211271786167,25.273616042656112,25.518455282695275,47314200
2012-03-05,25.115650177001953,25.313100261747014,24.97348738138217,25.281507525103997,45240000
2012-03-06,24.92609977722168,25.25781599982305,24.870813991192236,24.910304914373757,51932900
2012-03-07,25.147249221801758,25.21043320451282,24.90241147709952,25.012983070237635,34340400
2012-03-08,25.281505584716797,25.439466242959007,25.194628578465615,25.305201641804953,36747400
2012-03-09,25.265716552734375,25.399982691287583,25.21043076152273,25.352593579027747,34628400
2012-03-12,25.30520248413086,25.431570412361204,25.13144545299574,25.249915197408622,34073600
2012-03-13,25.80277442932129,25.818570796908777,25.392080923442837,25.463163071162004,48951700
2012-03-14,25.881763458251953,25.968641997696952,25.660620276282785,25.6922100073856,41986900
2012-03-15,25.944942474365234,26.01602463235731,25.731699013238497,25.89755637760351,49068300
2012-03-16,25.74749183654785,26.023923784275627,25.668513001682445,25.992331045189694,65626400
2012-03-19,25.431577682495117,25.75539577945843,25.39208825854348,25.70010998335615,44789200
2012-03-20,25.265716552734375,25.392086012335774,25.068266437592882,25.352593579027747,41566800
2012-03-21,25.202529907226562,25.39208332334275,25.131447752789157,25.242019323503044,37928600
2012-03-22,25.27361297607422,25.344695133083405,25.1077556140026,25.123550477229855,31749500
2012-03-23,25.281505584716797,25.360487420262384,25.052464287332523,25.352587730283343,35912200
2012-03-26,25.73959732055664,25.755393691426644,25.392086199965625,25.423675928855953,36758300
2012-03-27,25.684310913085938,25.826475234657508,25.589535702988094,25.78698581485421,36274900
2012-03-28,25.423669815063477,25.826469643260488,25.30520158130179,25.6843053524673,41344800
2012-03-29,25.368383407592773,25.42366918454691,25.12354574975684,25.320997320402874,37038500
2012-03-30,25.478961944580078,25.59743322072229,25.305207889181133,25.589536541642673,31749400
2012-04-02,25.502653121948242,25.636917730528477,25.234120891938648,25.447367340432955,35853600
2012-04-03,25.226224899291992,25.42367349053083,25.005080247595945,25.399980442923013,42752100
2012-04-04,24.649669647216797,25.028774982350914,24.52330170431366,25.00508042814731,49455900
2012-04-05,24.894508361816406,24.98138537932676,24.523301218766512,24.602281558123384,50368600
2012-04-09,24.562793731689453,24.799733258673285,24.460118831951625,24.657568939913077,31056400
2012-04-10,24.065216064453125,24.633873279200635,23.930949945018256,24.531198390349175,54131300
2012-04-11,23.970447540283203,24.112611883552383,23.875670809295404,24.033631525466724,43014000
2012-04-12,24.468021392822266,24.515410511833768,24.025733493690225,24.073121106276684,38304000
2012-04-13,24.333751678466797,24.61018213993005,24.26266951676411,24.396935654821984,39749200
2012-04-16,24.546995162963867,24.633873684741577,24.302157472819445,24.475913009950222,38124800
2012-04-17,24.83132553100586,24.965591662145965,24.641773611706547,24.697059399865754,34361500
2012-04-18,24.59438705444336,24.72865319951747,24.515408209690865,24.70496014866168,40552900
2012-04-19,24.49171257019043,25.02087894134426,24.436426778736642,24.586487782275537,54781200
2012-04-20,25.605329513549805,25.976536694536073,25.313104186416815,25.392086040270097,106045000
2012-04-23,25.368383407592773,25.668508348807286,25.297301263959046,25.51844738462447,61398200
2012-04-24,25.210426330566406,25.684306824902247,25.139344181094803,25.439467640533582,40871100
2012-04-25,25.431577682495117,25.526352902549036,25.170943567709408,25.210432991661044,62495500
2012-04-26,25.360492706298828,25.455267915859125,25.21043020033277,25.368389385074856,40308100
2012-04-27,25.257816314697266,25.44736973548226,25.178835973774305,25.36838788813459,41419100
2012-04-30,25.289409637451172,25.360491795280325,25.21042929470492,25.257816897782774,35697200
2012-05-01,25.281505584716797,25.542141122743786,25.234119496238407,25.313098318935033,43832300
2012-05-02,25.115650177001953,25.21832506466716,24.98928224327908,25.155141097805725,37385300
2012-05-03,25.084056854248047,25.194628410425427,24.965587114568784,25.178832043421664,31501300
2012-05-04,24.468021392822266,24.934003851460055,24.420633780235807,24.83922862628714,57927200
2012-05-07,24.20737648010254,24.373235309906228,24.14419252265932,24.246867395019787,48641400
2012-05-08,24.088912963867188,24.310057625192652,23.828278883859387,24.07311659382435,46328300
2012-05-09,24.29425811767578,24.349543899261093,23.772990024979176,23.84407217456731,50309300
2012-05-10,24.278461456298828,24.499606086392394,24.049420148723843,24.37323815674594,43839200
2012-05-11,24.610177993774414,24.910302960717154,24.238972383528996,24.238972383528996,43459300
2012-05-14,24.2310791015625,24.5154077579924,24.19948635910368,24.341650687318626,40528900
2012-05-15,24.016429901123047,24.485469879133568,23.968731357211116,24.358272751162175,61822800
2012-05-16,23.76997947692871,24.10387223014562,23.642782382018364,24.0959222221751,60083700
2012-05-17,23.62688636779785,24.016427726476607,23.618936358480827,23.84153207042979,48484000
2012-05-18,23.269153594970703,23.69844364163722,23.189654988903634,23.68254513347164,56205300
2012-05-21,23.65073013305664,23.682530161904115,23.102191765908348,23.133991794755822,38787900
2012-05-22,23.65869140625,23.7540885056017,23.45199566924191,23.60304284557658,39504900
2012-05-23,23.141948699951172,23.372492912578977,22.768305831164753,23.332744380980515,65171000
2012-05-24,23.110145568847656,23.292991215825637,22.863701370037806,23.18169412919714,52575000
2012-05-25,23.102197647094727,23.34069337523877,23.062449117225327,23.213496260085634,29507200
2012-05-29,23.499691009521484,23.62688813549191,23.229396737756996,23.35659386372742,37758800
2012-05-30,23.324798583984375,23.43609570560837,23.14990289053102,23.332748595001743,41585500
2012-05-31,23.205549240112305,23.388394927159865,23.00680353254511,23.29299632035147,39134000
2012-06-01,22.617259979248047,23.022699849819947,22.609309969743403,22.863704208654898,56634300
2012-06-04,22.696762084960938,22.879609311578356,22.513916374653125,22.75241216385904,47926300
2012-06-05,22.66495704650879,22.85575271328871,22.569558454964245,22.66495704650879,45715400
2012-06-06,23.332744598388672,23.34864461769992,22.903453174840667,22.95910172612075,46860500
2012-06-07,23.23735237121582,23.610995345947956,23.189653816510976,23.563295274933395,37792800
2012-06-08,23.571243286132812,23.595093319615795,23.094253230640312,23.221450376597033,42551100
2012-06-11,22.97500228881836,23.698436505188113,22.91140372637847,23.634837942748224,46361900
2012-06-12,23.285045623779297,23.292994116977823,22.92730277747485,23.13399847574972,35337900
2012-06-13,23.15784454345703,23.40429026325645,23.094245990417303,23.229393105165364,32984600
2012-06-14,23.324798583984375,23.42019568357364,22.959105658733378,23.31684857296701,39458900
2012-06-15,23.86538314819336,23.913081689884475,23.44404173371215,23.52354031407021,62314400
2012-06-18,23.7222900390625,23.87333721578648,23.618941412137307,23.84153717171425,58679900
2012-06-19,24.405977249145508,24.731920138377376,23.889237116954334,24.00053576139887,75725800
2012-06-20,24.588821411132812,24.684218510276953,24.358275641633625,24.588821411132812,36257100
2012-06-21,23.960783004760742,24.755765867732865,23.89718443637535,24.612668709788366,48456600
2012-06-22,24.405977249145508,24.429825767283184,23.873338610299097,24.087982855086434,45098100
2012-06-25,23.746135711669922,24.103877043933977,23.547390021642354,24.087977024817544,42217200
2012-06-26,23.86538314819336,24.064128840933858,23.801784587168772,23.849483128859887,38421300
2012-06-27,23.98463249206543,24.246976770238586,23.87333537899483,24.000532512878213,33781700
2012-06-28,23.77794075012207,23.889237881820378,23.3883992728683,23.833589315971224,45328400
2012-06-29,24.318527221679688,24.398025815560672,23.960784307370027,24.207230100032042,55227200
2012-07-02,24.29467010498047,24.342370157186803,24.016425865679984,24.342370157186803,30589100
2012-07-03,24.45367431640625,24.45367431640625,23.984634281599373,24.03233283128715,20938100
2012-07-05,24.405977249145508,24.469575824695394,24.15158143063632,24.318528639148298,28801900
2012-07-06,24.000534057617188,24.405975516581808,23.809738344511988,24.334426934628667,38294800
2012-07-09,23.8494815826416,24.032327244194313,23.674585930240212,23.944880176148217,30680800
2012-07-10,23.642784118652344,24.024375431412423,23.459938470826774,23.913078344268005,37534100
2012-07-11,23.29299545288086,23.64278830973888,23.141949812497764,23.618938279847644,39184900
2012-07-12,22.760353088378906,23.197594465001785,22.688806043355342,23.173744439121194,63523600
2012-07-13,23.364545822143555,23.436094401007438,22.831907244106592,22.863707286405862,39085000
2012-07-16,23.404298782348633,23.47584737010043,23.086305901401573,23.436097312288506,27900600
2012-07-17,23.57918930053711,23.73818646418722,23.21349794697492,23.563289280910233,33771300
2012-07-18,24.20722770690918,24.20722770690918,23.42019337323402,23.531492000188262,41090400
2012-07-19,24.38212013244629,24.485467219079602,24.151574415350826,24.254923018293347,46663200
2012-07-20,23.944887161254883,24.68422003229227,23.88923708096164,24.644471491249597,64021700
2012-07-23,23.27709197998047,23.51558616274076,23.062446305710786,23.507636154474213,55151900
2012-07-24,23.173749923706055,23.34069711176376,22.97500420992417,23.245298501972293,47723300
2012-07-25,22.919363021850586,23.316854577218308,22.87961447283779,23.24530597594732,45579500
2012-07-26,23.18169593811035,23.451990183564646,23.12604739045374,23.237344485766968,45301400
2012-07-27,23.65869140625,23.730239988918555,23.197601382557966,23.436095647246773,44242600
2012-07-30,23.563297271728516,23.706394464279068,23.420200079177963,23.650745893022705,28905000
2012-07-31,23.428144454956055,23.618940160348718,23.316847339221038,23.436094465552767,37620900
2012-08-01,23.38043975830078,23.571235413511506,23.221442620803977,23.523536878786093,31721800
2012-08-02,23.205549240112305,23.475843523708445,23.03065204701515,23.221447744322525,39520500
2012-08-03,23.65073013305664,23.80177723746448,23.436084487262676,23.47583452332202,35859400
2012-08-06,23.809738159179688,23.936935300259734,23.698439523502504,23.84948669715113,27471800
2012-08-07,24.056175231933594,24.127723791919678,23.746132482866614,23.905128103484188,28002900
2012-08-08,24.111831665039062,24.223128787521837,23.93693597023619,24.01643304840413,26257600
2012-08-09,24.246980667114258,24.36622780975616,24.087983466051927,24.159532054899007,24920800
2012-08-10,24.18338394165039,24.342381154886986,24.048236765292224,24.24698252368307,27810300
2012-08-13,24.159526824951172,24.215175378383528,23.976681144727902,24.127728301408123,23049100
2012-08-14,24.11150550842285,24.319570464463034,24.015476468006817,24.247547920973968,34551400
2012-08-15,24.16752815246582,24.231548031920056,24.023483042105212,24.095505597285516,24351000
2012-08-16,24.631675720214844,24.759715495030342,24.21554568888722,24.295570929735536,35787200
2012-08-17,24.727705001831055,24.74371035540993,24.479628126776614,24.74371035540993,32589900
2012-08-20,24.599660873413086,24.687688776167313,24.471621120145628,24.663680750046815,23737700
2012-08-21,24.647680282592773,24.775720061227965,24.495633999435086,24.615671101111257,28822700
2012-08-22,24.439617156982422,24.615671473681843,24.383598417421414,24.47962901602856,33437400
2012-08-23,24.215539932250977,24.327574326992547,24.071494838238017,24.319571652174698,28355600
2012-08-24,24.45561981201172,24.511637022531822,24.151525729322085,24.207542939842188,22943300
2012-08-27,24.559650421142578,24.775716563111192,24.479625189205812,24.751710061978205,34691100
2012-08-28,24.511632919311523,24.647675347667498,24.423606543095953,24.567651646808663,23947900
2012-08-29,24.52764320373535,24.607668447045434,24.359591566503276,24.52764320373535,23346800
2012-08-30,24.263561248779297,24.495634304416594,24.183536004547314,24.431614414301922,23982100
2012-08-31,24.663679122924805,24.77571351805409,24.311569061491706,24.487624855385334,36590100
2012-09-04,24.3195743560791,24.535642021121426,24.127514718159585,24.36759041032472,48556700
2012-09-05,24.3195743560791,24.431610289631223,24.175529246050882,24.183531921758487,33650000
2012-09-06,25.087814331054688,25.095817006729416,24.375591459546907,24.407602162245826,48371700
2012-09-07,24.767717361450195,24.863746426242873,24.59166153207284,24.839739923221934,42649100
2012-09-10,24.58365821838379,24.727703338193493,24.41560659617542,24.671686130790704,40524000
2012-09-11,24.639677047729492,24.735706110405552,24.49563192736097,24.559651811263155,25191800
2012-09-12,24.631675720214844,24.95177515725359,24.59166233661343,24.759715495030342,32775800
2012-09-13,24.75971031188965,24.951769933907574,24.327575017583666,24.71969693666454,45047300
2012-09-14,24.975780487060547,25.007791192436997,24.65568106506824,24.815731539241614,51422800
2012-09-17,24.975780487060547,25.01579386878111,24.839739568273956,24.959776660726764,36488500
2012-09-18,24.9517765045166,24.97578300961916,24.831739399940023,24.887756613652122,34542700
2012-09-19,24.84774398803711,24.959779945243326,24.83974283699455,24.879754697625927,48871900
2012-09-20,25.167844772338867,25.191851277979183,24.73570935455763,24.767720063884227,45543000
2012-09-21,24.95977783203125,25.295882622484402,24.879752591189167,25.151837494239548,102348900
2012-09-24,24.631675720214844,24.86374723968499,24.519639772485398,24.807730028997526,46825900
2012-09-25,24.3195743560791,24.80772688976265,24.295567855310612,24.767715037578956,54266400
2012-09-26,24.143526077270508,24.487633586551,24.03949431989382,24.23155400560404,54672000
2012-09-27,24.135517120361328,24.327576756104406,23.919449457767502,24.143519795978246,47129900
2012-09-28,23.815418243408203,24.21554287479674,23.79941289182762,24.151522994828746,54229300
2012-10-01,23.599355697631836,23.99147773832785,23.543338481297358,23.85543527307783,54042700
2012-10-02,23.73539924621582,23.91945625867405,23.60735945264882,23.75140460200038,43338900
2012-10-03,23.895448684692383,23.999480439938715,23.743400864235742,23.807420758161484,46655900
2012-10-04,24.031492233276367,24.031492233276367,23.66337668184487,23.983476165901777,43634900
2012-10-05,23.887447357177734,24.207546844897156,23.799419425671857,24.191541488922496,41133900
2012-10-08,23.8314266204834,23.943461043062015,23.64736810664841,23.719390671550247,29752000
2012-10-09,23.431297302246094,23.79941120437301,23.351272076371565,23.751396679389984,45121100
2012-10-10,23.19122314453125,23.455305338776682,23.167216643643513,23.327265579527644,47227100
2012-10-11,23.167226791381836,23.40730106354284,23.103206883715234,23.38329302578474,41488500
2012-10-12,23.367279052734375,23.46330810938222,23.04717812696334,23.183220562509728,46464700
2012-10-15,23.6153621673584,23.783413824294065,23.407297120898953,23.50332772940129,42440200
2012-10-16,23.599355697631836,23.799418056743352,23.463313232381818,23.56734651387842,47739400
2012-10-17,23.67937469482422,23.719386545540903,23.279250082240306,23.4473016868755,44206100
2012-10-18,23.607357025146484,23.79141401867846,23.41529735454513,23.727394128478007,59238500
2012-10-19,22.919139862060547,23.2712499875619,22.807105446546018,23.24724195865689,90470800
2012-10-22,22.406991958618164,23.07119915919442,22.27094944638663,22.991173882642606,83374000
2012-10-23,22.44699478149414,22.567033411091366,22.214923252072303,22.222925929135755,64414800
2012-10-24,22.326953887939453,22.567029580023124,22.30294738717911,22.535018877203573,53320400
2012-10-25,22.31094741821289,22.5670284488705,22.294943593959616,22.559025773566738,54084300
2012-10-26,22.575035095214844,22.679068373143313,22.278943668643755,22.294949023148845,57790000
2012-10-31,22.8391170501709,23.111200423358436,22.807106343705016,22.847118200432874,69464100
2012-11-01,23.623353958129883,23.65536312864232,23.063178973798856,23.079184322232095,72047900
2012-11-02,23.607357025146484,23.823424726955974,23.471314567676203,23.679379592416314,57131600
2012-11-05,23.711389541625977,23.7994174658831,23.47131532719427,23.703388390652268,38070800
2012-11-06,23.895448684692383,24.16753361546546,23.695386325380102,23.863437974552177,43401500
2012-11-07,23.271255493164062,23.87144262059404,23.247247458579135,23.631368380163966,57871800
2012-11-08,23.055179595947266,23.5033202580276,23.04717692058645,23.303257953069892,49841800
2012-11-09,23.071191787719727,23.35928208071649,23.055186432252196,23.111203650033854,43291200
2012-11-12,22.58303451538086,23.21523218996031,22.575031839282516,23.159214983626313,61112300
2012-11-13,21.856897354125977,22.026329927323687,21.58257663084644,21.800419829726742,131689200
2012-11-14,21.65518569946289,22.018257608216746,21.622911956952883,21.977915430079236,76086100
2012-11-15,21.509958267211914,21.76007363155712,21.485752958831345,21.687459245312247,50955600
2012-11-16,21.397005081176758,21.542233866168427,21.25177629618509,21.51802855570416,64083300
2012-11-19,21.56644058227539,21.62291810883945,21.356665812968043,21.62291810883945,57179300
2012-11-20,21.550289154052734,21.622903507428187,21.34858295887562,21.590631316425842,47070400
2012-11-21,21.743940353393555,21.921441348270925,21.51802873717937,21.550300945840263,66360300
2012-11-23,22.349058151245117,22.405535667747174,21.94564556034825,21.969849330908044,57845700
2012-11-26,22.09894561767578,22.25224286349666,21.921444596497068,22.21997065005381,85198700
2012-11-27,21.84882164001465,22.090868532228203,21.816549439204593,22.07473320127148,45018600
2012-11-28,22.074735641479492,22.09893941003844,21.598708700460982,21.79234654341646,53018400
2012-11-29,21.743940353393555,22.07473857137687,21.671325960285316,21.873032265831093,69551400
2012-11-30,21.477680206298828,21.889159564312056,21.372792104141404,21.824613631790722,83690200
2012-12-03,21.32438850402832,21.639049813342364,21.30018319604385,21.606777608259883,53173800
2012-12-04,21.27597999572754,21.485753181613564,21.25177468709599,21.380866588670553,49777500
2012-12-05,21.518024444580078,21.727799145167676,21.1872262925872,21.284044438152755,68283800
2012-12-06,21.56644058227539,21.768146913659702,21.46962240499334,21.630986546762482,39182300
2012-12-07,21.348588943481445,21.639046438406606,21.27597610864673,21.639046438406606,46162100
2012-12-10,21.73586654663086,21.760070312422712,21.396999975475488,21.429272176163494,47031100
2012-12-11,22.04245948791504,22.179619804039113,21.824616361324455,21.824616361324455,52282800
2012-12-12,21.97791290283203,22.284507265834733,21.84882102542981,22.211892892433912,43966300
2012-12-13,21.873031616210938,22.20382982436968,21.743939707607375,22.04246416916676,45080100
2012-12-14,21.630983352661133,21.88916717248524,21.542233626407192,21.87303183791895,42077500
2012-12-17,21.86496353149414,21.961781695056704,21.526096881231243,21.614848146911065,42046100
2012-12-18,22.236101150512695,22.29257866592556,21.89723451913862,21.98598577987134,50486900
2012-12-19,22.034391403198242,22.373257981426296,21.985982331707557,22.34098578006472,53519900
2012-12-20,22.33292007446289,22.33292007446289,21.90530219715921,22.07473627642928,52607300
2012-12-21,22.147354125976562,22.17962633632993,21.784282141394495,22.147354125976562,98776500
2012-12-24,21.832685470581055,21.985982661312462,21.784276398364643,21.945642024281565,20842400
2012-12-26,21.67131996154785,21.94564058426845,21.542228084843636,21.808480272908152,31631100
2012-12-27,21.752004623413086,21.85689275140712,21.43734331722458,21.69552711090713,39394000
2012-12-28,21.421205520629883,21.703594609865576,21.421205520629883,21.55029741189819,28239900
2012-12-31,21.550289154052734,21.598699748900465,21.27597014439631,21.45347104214956,42749500
2013-01-02,22.284515380859375,22.373265117081736,21.905306506364923,21.985989343846537,52899300
2013-01-03,21.985984802246094,22.308714546609792,21.91337041740216,22.292577674667406,48294400
2013-01-04,21.574506759643555,22.05860221202231,21.566438322565922,22.00212469137591,52521100
2013-01-07,21.534164428710938,21.687460104503813,21.49382224647842,21.59871038138607,37110400
2013-01-08,21.421205520629883,21.614844896429073,21.34859113942937,21.58257115416363,44703100
2013-01-09,21.54222869873047,21.582569334263912,21.42927214922295,21.558364029605883,49047900
2013-01-10,21.348588943481445,21.76813831639633,21.21143016965187,21.501886125680457,71431300
2013-01-11,21.647111892700195,21.727794690059252,21.203358815569928,21.37279130501722,55512100
2013-01-14,21.69552993774414,21.84882716230344,21.590643334980616,21.703598374710104,48324400
2013-01-15,21.95371437072754,22.018261868235985,21.647121452047628,21.647121452047628,48244500
2013-01-16,21.81654930114746,21.969844947094224,21.792343996520636,21.905299006985956,41077400
2013-01-17,21.985984802246094,22.163485776921927,21.832687596587032,21.93757572531574,51685900
2013-01-18,21.985984802246094,22.018258546130866,21.816552263541453,21.864961340471808,52167700
2013-01-22,21.905302047729492,22.147350510907454,21.784278585588915,22.026325509870066,58650600
2013-01-23,22.276437759399414,22.300641523437516,21.945639647109086,21.945639647109086,50387700
2013-01-24,22.292573928833008,22.647577357430045,22.163482052778914,22.349052971141155,101739300
2013-01-25,22.49428367614746,22.77667277602301,22.098939551880413,22.25223675562373,81847700
2013-01-28,22.518489837646484,22.77667363970112,22.39746637279548,22.59917266051277,56056500
2013-01-29,22.599172592163086,22.69599074819233,22.268374404418957,22.445875383070465,49242600
2013-01-30,22.470075607299805,22.744396218807825,22.39746123725965,22.59916747872752,43580500
2013-01-31,22.147354125976562,22.56690209395276,22.107011939413518,22.421674839016998,50530000
2013-02-01,22.534626007080078,22.63144416038211,22.228031597531114,22.324851289729946,55565900
2013-02-04,22.139286041259766,22.607244640564442,22.123149166377548,22.486221156741994,50540000
2013-02-05,22.187692642211914,22.316784549018482,22.074737608480394,22.2845123417653,35410400
2013-02-06,22.058605194091797,22.219970879665173,21.9859907894735,22.090877407868135,41889600
2013-02-07,22.01018714904785,22.098936854997536,21.864958398898143,22.06666465435127,38028300
2013-02-08,22.228025436401367,22.35711729762046,22.03438764457273,22.066661379325687,33318500
2013-02-11,22.4781494140625,22.52655849269388,22.187691864480488,22.308715330507372,32247700
2013-02-12,22.49428367614746,22.591103367695027,22.389397087626325,22.49428367614746,35990900
2013-02-13,22.615306854248047,22.679852797116713,22.49428186483472,22.534624040938052,41715600
2013-02-14,22.623376846313477,22.63951217896851,22.48621651591669,22.52655715589943,32663200
2013-02-15,22.599172592163086,22.720196056648064,22.494284461085087,22.62337790061882,49650900
2013-02-19,22.81882095336914,22.851361907173636,22.615444647005287,22.680525002976196,38781400
2013-02-20,22.672391891479492,22.940848560626396,22.639850936849264,22.8839018900235,44110200
2013-02-21,22.363262176513672,22.566638516662,22.15175059656281,22.566638516662,49078500
2013-02-22,22.582901000976562,22.582901000976562,22.35511902206497,22.51782065723579,31425900
2013-02-25,22.2656307220459,22.818812773684677,22.2656307220459,22.75373244104261,48011800
2013-02-26,22.2656307220459,22.45273648443714,22.241225015441053,22.273764405943325,49923300
2013-02-27,22.623573303222656,22.77813968554741,22.233091281006303,22.30630685412657,36394700
2013-02-28,22.615440368652344,22.753736292882685,22.566630498817457,22.68052071231146,35840200
2013-03-01,22.73746681213379,22.761870970632835,22.387659391695156,22.550359471027203,34849700
2013-03-04,22.900169372558594,22.900169372558594,22.53409299067105,22.65611845130023,38157500
2013-03-05,23.0628719329834,23.21743835009828,22.90830551586852,23.014062057129536,41432200
2013-03-06,22.851360321044922,22.965250548179295,22.599174153116824,22.948980072406393,51448500
2013-03-07,22.89203453063965,23.005926307281626,22.78627954336989,22.86763036907475,29196700
2013-03-08,22.77814483642578,23.046601481360995,22.74560388473037,22.981521129608154,37667800
2013-03-11,22.672391891479492,22.753741174778824,22.509690221604593,22.729337010444272,36627500
2013-03-12,22.704931259155273,22.737472213734886,22.48528447065724,22.64798614027907,39255200
2013-03-13,22.713062286376953,22.794413106103914,22.574766358332468,22.672387652332386,29093400
2013-03-14,22.89203453063965,22.908305006108208,22.721199193133593,22.77814430563561,55914800
2013-03-15,22.81068229675293,22.908302033621673,22.761870876680817,22.802547060074247,92710300
2013-03-18,22.859498977661133,23.005930178240686,22.62358169858559,22.680526820669147,44809400
2013-03-19,22.92457389831543,22.957113295367307,22.80254844400467,22.87576402691869,51901600
2013-03-20,23.038461685180664,23.17675759924777,22.924571480056347,23.054732157809187,35447800
2013-03-21,22.867626190185547,23.07100244146322,22.818814772699792,22.867626190185547,34233200
2013-03-22,22.981517791748047,23.05473337079083,22.859492343889325,22.93270792293211,28720900
2013-03-25,22.90830421447754,23.0628706228117,22.74560256869022,23.022194435545927,44154000
2013-03-26,22.90830421447754,23.054735385358548,22.86762957884965,22.973384562464886,27824300
2013-03-27,23.07914161682129,23.144221966272447,22.84322438028714,22.89203425446603,36047400
2013-03-28,23.274385452270508,23.31506009368403,22.989658307461543,23.03846818748539,55453800
2013-04-01,23.274385452270508,23.31506009368403,23.07100914192669,23.298789616463377,29201100
2013-04-02,23.42894744873047,23.469623636778124,23.201167002215264,23.258112113844067,28456500
2013-04-03,23.23370933532715,23.550977435616716,23.217440409691314,23.388275766153445,35062800
2013-04-04,23.266250610351562,23.274385849100593,22.997793938186042,23.095413699898156,45263200
2013-04-05,23.34760093688965,23.41268129382408,22.86763272263392,22.95711724364495,50927300
2013-04-08,23.258113861083984,23.372004092897463,23.160492554073834,23.372004092897463,34759500
2013-04-09,24.087888717651367,24.258724059539798,23.331328656972936,23.372003295049804,77733800
2013-04-10,24.6329402923584,24.66547969651549,24.01467609699193,24.05535074009784,71116700
2013-04-11,23.54283905029297,23.754350571669786,23.372002165026426,23.672999747811332,130923200
2013-04-12,23.420812606811523,23.607918407682277,23.315056074745208,23.469622478421755,62886300
2013-04-15,23.33946418762207,23.575379884374957,23.19303300608814,23.306923235442085,56332900
2013-04-16,23.567245483398438,23.70554143179941,23.347600254934118,23.51030036669887,52797300
2013-04-17,23.453357696533203,23.62419461609079,23.26625185024869,23.46962817489835,52840700
2013-04-18,23.420812606811523,23.575377458850227,23.184895382692698,23.550973298864033,56906600
2013-04-19,24.218048095703125,24.60039494826416,24.087887399016903,24.09602263651453,99790700
2013-04-22,25.08036231994629,25.365089416965525,24.624799895698217,24.649204055794993,137904000
2013-04-23,24.893259048461914,25.13730998406293,24.71428691415903,24.97460987754159,59126900
2013-04-24,25.83692169189453,25.967082381394228,24.893255917202836,24.90952639129975,90946600
2013-04-25,25.983352661132812,26.71550692200146,25.657950939817614,25.796245313693497,110700200
2013-04-26,25.861328125,26.015892978322178,25.58473626418219,25.950812631755507,47799300
2013-04-29,26.52840232849121,26.585347438347448,25.845057906940603,25.869462067371636,59116400
2013-04-30,26.92702293395996,26.935159724415616,26.259948867305997,26.487732450919854,75165200
2013-05-01,26.61788558959961,26.91074789708818,26.520262751586476,26.78872090120947,54330900
2013-05-02,26.975833892822266,26.98396757985869,26.349434479625316,26.544677104538177,46059500
2013-05-03,27.24428939819336,27.268693560146033,26.910752403977778,27.032776317017078,46784600
2013-05-06,27.455799102783203,27.585959804028324,27.049046523482712,27.187340910872447,40978300
2013-05-07,27.097858428955078,27.48834053958965,27.04091331510895,27.374450311897395,43078300
2013-05-08,26.837535858154297,27.04091214257922,26.56094398720537,26.902614655466845,51595700
2013-05-09,26.5690860748291,26.845678033242063,26.512140945444976,26.72365098268933,46417800
2013-05-10,26.593490600585938,26.61789787299018,26.292494469332965,26.577220120075392,36394900
2013-05-13,26.870080947875977,26.902621906941423,26.47959874892059,26.528410187518762,36027600
2013-05-14,27.468097686767578,27.468097686767578,26.870075036381323,26.919228738823907,56870100
2013-05-15,27.73023796081543,27.771200932352084,27.38617150016657,27.402556063774032,46303900
2013-05-16,27.918663024902344,27.976007443524487,27.484479837430708,27.558208822092954,59382900
2013-05-17,28.565832138061523,28.56583213806152,27.93504049778433,27.959618905871384,60666700
2013-05-20,28.737876892089844,28.754258335553413,28.410191772154075,28.45115163088682,54020800
2013-05-21,28.549449920654297,28.893519536826112,28.442954935323524,28.754252296340585,48702400
2013-05-22,28.35283851623535,28.541256307764783,28.148036161307374,28.500296461786373,66047500
2013-05-23,27.97601318359375,28.30369519651972,27.771210753626114,28.041548336164112,51102700
2013-05-24,28.07431411743164,28.082504838634463,27.771207432339843,27.78758887474549,33174400
2013-05-28,28.68871307373047,28.819786450493634,28.188994848247216,28.197185567091747,48212100
2013-05-29,28.574024200439453,28.68871301423992,28.320068166284273,28.459335386638983,38412200
2013-05-30,28.696916580200195,28.877143725448946,28.516692559988645,28.549458575003438,51131000
2013-05-31,28.59041404724121,28.901711420795138,28.500300498304306,28.524875784364777,56165700
2013-06-03,29.155662536621094,29.188431662478663,28.533064770506464,28.606790616132233,51252600
2013-06-04,28.664134979248047,29.278541958475664,28.483907931996587,29.180234591773687,65529500
2013-06-05,28.492101669311523,28.582215202486477,28.20537963196924,28.344643728668114,46025100
2013-06-06,28.639577865600586,28.762460602810837,28.25455133074826,28.54127355085508,37618500
2013-06-07,29.221208572387695,29.311322139619985,28.72149327916346,28.87714199754114,40757300
2013-06-10,29.057374954223633,29.204832980143138,28.787034198358658,29.090140973843138,35994500
2013-06-11,28.541269302368164,28.81980075688472,28.410195860539044,28.713302608824385,39435900
2013-06-12,28.672332763671875,28.893519705710265,28.549450087527344,28.78702159472076,37372700
2013-06-13,28.442955017089844,28.688717243612647,28.336456906416668,28.664141958471244,45654900
2013-06-14,28.180814743041992,28.41838317943766,28.057932038842488,28.303694322204514,53192600
2013-06-17,28.672332763671875,28.80340615987578,28.36922612089464,28.418376691323438,49670100
2013-06-18,28.65595245361328,28.811601158143723,28.590417308298207,28.647761732337674,28616500
2013-06-19,28.336456298828125,28.746061042595493,28.33645629882812,28.639562934205845,30816200
2013-06-20,27.435338973999023,28.1234753660398,27.337031542966383,28.06612780208532,54493700
2013-06-21,27.25510597229004,27.63194166877206,27.074878845695647,27.5745972421351,85338500
2013-06-24,27.623750686645508,28.01697094774975,26.681658329287096,26.984765027943876,56109000
2013-06-25,27.582786560058594,28.16442776854816,27.41075328890269,27.918665506177334,44073400
2013-06-26,28.139854431152344,28.24635257657186,27.76301868586764,27.951436558509993,48665900
2013-06-27,28.361038208007812,28.492111631628024,28.262733921551884,28.279118490134024,28993100
2013-06-28,28.295495986938477,28.50029835547445,28.13165346710247,28.1644225960769,65545500
2013-07-01,28.148038864135742,28.664141723121492,28.123463579196116,28.467530068495794,31055400
2013-07-02,27.803979873657227,28.213584779353614,27.550026832149424,28.189009485023806,37630000
2013-07-03,27.86132049560547,28.156236487332173,27.525444643924946,27.57459835089173,15994400
2013-07-05,28.025161743164062,28.04974015801067,27.50906190693807,27.926857458888186,26085900
2013-07-08,28.12346839904785,28.3364615301123,27.836743150455717,28.139849841790927,32396900
2013-07-09,28.139854431152344,28.34465687424672,27.967821128962015,28.328275428831976,25318500
2013-07-10,28.426570892333984,28.51668443929674,28.11527040056347,28.131654965923634,29658800
2013-07-11,29.237590789794922,29.303129060705945,28.590417552250756,28.67233726585277,53638300
2013-07-12,29.221208572387695,29.27036227952449,28.901717288591033,29.14748269923801,35501200
2013-07-15,29.63080596923828,29.67176894406579,29.14747536665042,29.213010501309228,34142600
2013-07-16,29.712732315063477,29.84380572495061,29.458776216203642,29.49973607084901,36378500
2013-07-17,29.278554916381836,29.811039325687847,29.073752499332553,29.770079467285367,37285100
2013-07-18,29.03278350830078,29.40142840771523,28.852559543615232,29.26216429295657,49547100
2013-07-19,25.723182678222656,26.76357774542913,25.411883698964004,26.54239389012725,248428500
2013-07-22,26.222904205322266,26.222904205322266,25.88702987634951,25.96895116848567,79040700
2013-07-23,26.067245483398438,26.24747256956175,25.97713194031678,26.140974461825593,65810400
2013-07-24,26.18193817138672,26.3703560051408,26.12459374915881,26.24747643966812,52803100
2013-07-25,25.714984893798828,25.92797954458195,25.60029606742256,25.90340426036879,63213000
2013-07-26,25.903406143188477,25.903406143188477,25.567528796853626,25.608490211049673,38633600
2013-07-29,25.837871551513672,25.887023690041847,25.72318114492352,25.78052556695944,28870700
2013-07-30,26.091827392578125,26.313012808254733,25.84606356263311,26.034482967679807,45799500
2013-07-31,26.08363914489746,26.255672446213207,25.977141000019362,26.190135727256926,43898400
2013-08-01,25.94437599182129,26.288444191054428,25.8870315523689,26.263868895585563,42557900
2013-08-02,26.12459373474121,26.132786018271865,25.86244691183354,25.960752751683074,29199900
2013-08-05,25.968942642211914,26.21470487541163,25.919788945557436,26.132783610172336,30984000
2013-08-06,25.870641708374023,25.944370704793446,25.70679914688231,25.846064855394726,36331500
2013-08-07,26.26386260986328,26.29662862096736,25.600301665675712,25.83787321514202,38078600
2013-08-08,26.94380760192871,27.091265603781732,26.25567130162698,26.411323150825794,59034400
2013-08-09,26.78815269470215,26.951995228392576,26.599734874720895,26.845497112738336,26800700
2013-08-12,26.927419662475586,27.00934250049576,26.591543839184713,26.591543839184713,25493700
2013-08-13,26.589181900024414,26.853176011550335,26.57268187467179,26.82017596084508,39464100
2013-08-14,26.688175201416016,27.52140905727188,26.151938613633416,26.51492967984276,48519600
2013-08-15,26.226192474365234,26.547935121840563,25.442458528403797,26.39943803115068,33338000
2013-08-16,26.234437942504883,26.39118502864846,26.11894091773011,26.226189503760068,32866300
2013-08-19,25.896190643310547,26.374680254315468,25.887940632522522,26.20143474835289,27902500
2013-08-20,26.08592987060547,26.3169238088324,25.879684383743886,25.93743286830062,22979600
2013-08-21,26.07769012451172,26.4076811451159,26.019941617229545,26.07769012451172,37409100
2013-08-22,26.721172332763672,26.803672439078593,26.481926745036308,26.5561752671911,31169900
2013-08-23,28.668136596679688,29.03937928273892,28.049399835600273,29.014627672296367,225493800
2013-08-26,28.17315101623535,28.602139106966288,28.07415085955142,28.379396622072925,72786800
2013-08-27,27.438907623291016,28.131892823337985,27.348162221392958,27.653404765741783,58522300
2013-08-28,27.240907669067383,27.719395621605248,27.224407650420314,27.5461501463962,44257400
2013-08-29,27.678157806396484,27.719406295369104,27.059421030633263,27.16666961960846,45284700
2013-08-30,27.554405212402344,27.62040214827652,27.29865961162914,27.529653607774506,42790200
2013-09-03,26.300432205200195,26.45717926594303,25.81369414815537,26.193185210078482,154507000
2013-09-04,25.73944664001465,25.962190649993786,25.665198112178686,25.89619213342057,142320600
2013-09-05,25.764196395874023,25.93744349404624,25.533202363016184,25.656949391122716,71644900
2013-09-06,25.69819450378418,25.896190037478807,25.68169448259414,25.830191526247265,75434900
2013-09-09,26.118940353393555,26.226188937106254,25.739449238173634,25.755947688835736,49628500
2013-09-10,26.721172332763672,26.7294239169238,26.22618428310323,26.316931252992372,56881200
2013-09-11,27.009923934936523,27.166669450882154,26.836675247034766,26.869675296831097,39087500
2013-09-12,26.968673706054688,27.042922248440824,26.886176724318148,26.99342531822215,32860200
2013-09-13,27.249168395996094,27.28216844817538,26.820177158839922,27.034674350947103,40899000
2013-09-16,27.05941390991211,27.63690204473593,27.00166541113544,27.537905067841237,52839700
2013-09-17,27.166664123535156,27.612155267251516,27.14191566457003,27.57090363956651,84716500
2013-09-18,27.48841094970703,27.554411046612852,27.08417137086131,27.216168417615112,64099900
2013-09-19,27.752399444580078,27.78539948637572,27.48840540432935,27.620402424454713,42026600
2013-09-20,27.051172256469727,27.62040895017758,26.96867213248877,27.56266043691988,102904900
2013-09-23,27.009923934936523,27.199669500678485,26.811926783216496,26.844926833012828,39826100
2013-09-24,26.770673751831055,27.117164774723186,26.523179714471325,27.117164774723186,40685000
2013-09-25,26.82016944885254,27.05941503778922,26.729424052033337,26.803672574563436,28907500
2013-09-26,27.034666061401367,27.22441158266398,26.886169019185896,26.927417498233034,28504000
2013-09-27,27.447158813476562,27.843149901089614,27.11716466693698,27.125416251482047,55348000
2013-09-30,27.455413818359375,27.480165430857802,26.97692565318472,27.22441974876183,39839500
2013-10-01,27.702896118164062,27.72764457025511,27.47189902610725,27.513147495277813,36718700
2013-10-02,27.98340606689453,28.0741546492424,27.46366933590722,27.521417861572477,46946800
2013-10-03,27.93390655517578,28.049403595864714,27.570912259229612,27.950406581996816,38703800
2013-10-04,27.950393676757812,28.041142208843997,27.735896574180128,27.793645067860997,33008100
2013-10-07,27.47191047668457,27.810153100156597,27.389413503957844,27.71940454192253,35069300
2013-10-08,27.232664108276367,27.496661337339646,27.059418582033523,27.480161313832085,41017600
2013-10-09,27.28215789794922,27.513151879760652,27.19140936307845,27.28215789794922,35878600
2013-10-10,27.851396560668945,27.958645123506653,27.438905477354755,27.480157103331944,42875100
2013-10-11,28.156644821166992,28.16489325888771,27.785402182584797,27.785402182584797,30033300
2013-10-14,28.420644760131836,28.46189325137437,27.867904906895774,27.966905062347646,27757900
2013-10-15,28.453636169433594,28.866127250685093,28.43713614853667,28.60213006339151,47097800
2013-10-16,28.577388763427734,28.791885941756213,28.51139181036681,28.544388713368278,35111600
2013-10-17,28.808380126953125,28.86613178268801,28.354640495750477,28.420640589700234,31359200
2013-10-18,28.841388702392578,28.866140318471693,28.321651970610528,28.72589165088546,41811700
2013-10-21,28.86612319946289,29.03936867398062,28.80012312513799,28.857871616643898,27433500
2013-10-22,28.527891159057617,28.956879211428152,28.47839108514198,28.89088225993188,40438500
2013-10-23,27.851396560668945,28.45363631171801,27.777148039790102,28.33813616486198,58600500
2013-10-24,27.818408966064453,28.131900028308902,27.694660340875462,27.900905951484937,53209700
2013-10-25,29.47661018371582,29.93860129466817,29.262116221486817,29.600358758077494,113494000
2013-10-28,29.344627380371094,29.476624454970672,29.097133258879204,29.377627435785612,38383600
2013-10-29,29.303377151489258,29.468374271744626,29.088879951039786,29.394125724982626,31702200
2013-10-30,29.319873809814453,29.526119399674613,29.229125246746708,29.311622223867595,36997700
2013-10-31,29.212623596191406,29.443617636921132,29.154875086008975,29.41886917457374,41682300
2013-11-01,29.311616897583008,29.443613925225694,29.19611989177783,29.427113903388186,40264600
2013-11-04,29.649852752685547,29.68285278887578,29.32811026747243,29.361110303662663,28060700
2013-11-05,30.227352142333984,30.285100653812,29.509618394637336,29.526118418925034,51681900
2013-11-06,31.497827529907227,31.530827580411362,30.57384814519768,30.722345225408255,88948800
2013-11-07,30.936838150024414,31.357577764159263,30.879089637242338,31.316329276037482,60437400
2013-11-08,31.1678409576416,31.1678409576416,30.804849754307803,31.077092370043452,36737800
2013-11-11,31.011085510253906,31.167831017989627,30.813088368904445,31.0935824833658,26872500
2013-11-12,30.821334838867188,31.019328800296726,30.689337815561736,30.837834860162527,31651600
2013-11-13,31.48131561279297,31.48131561279297,30.441839591032288,30.507836520052614,44957600
2013-11-14,31.365827560424805,31.45657611734977,31.118333498757092,31.24207895606208,46183700
2013-11-15,31.217323303222656,31.36582033542911,31.11832633077069,31.308071839244047,50601300
2013-11-18,30.689348220825195,31.002842437612745,30.582099619571338,30.813093701910404,53277500
2013-11-19,30.53970718383789,30.94701231711441,30.48151756530338,30.631140765138227,44275000
2013-11-20,30.82233238220215,31.096639503112733,30.639458854312437,30.689331146701278,32229900
2013-11-21,31.088327407836914,31.196386151459716,30.97195133090457,30.980265493290243,23064700
2013-11-22,31.229642868041992,31.321079647505666,31.030147322779904,31.19639255352347,27982000
2013-11-25,31.287824630737305,31.545509773141543,31.229638174536998,31.52888461838088,30646800
2013-11-26,31.046770095825195,31.29614429010861,31.046770095825195,31.229643659386472,34465300
2013-11-27,31.254579544067383,31.38757763345354,31.16314593399062,31.22964339322141,26002100
2013-11-29,31.695138931274414,31.828137023345022,31.43745374060809,31.43745374060809,22090400
2013-12-02,31.961135864257812,32.235443048300866,31.636953205422973,31.66188935735651,42950400
2013-12-03,31.844751358032227,31.994374557124278,31.653566863842062,31.703439149590373,52109800
2013-12-04,32.368438720703125,32.40168903474219,31.68682313752466,31.761634758650317,51983600
2013-12-05,31.587074279785156,32.31856530886006,30.90545872005322,32.2936259887264,116305000
2013-12-06,31.886329650878906,32.04426392481169,31.578772098093907,31.93620196321281,36457300
2013-12-09,32.1772575378418,32.310255636988224,31.894636180790037,32.052573603537226,30286000
2013-12-10,31.678512573242188,32.335192015241674,31.603700951103963,32.094131991582444,37828600
2013-12-11,31.262887954711914,31.836441515085188,31.08001442636508,31.636946003183176,39853400
2013-12-12,30.938705444335938,31.287824176468906,30.90545513529737,31.287824176468906,36012800
2013-12-13,30.498146057128906,31.129889230256573,30.43995960314661,31.104949913604216,40066100
2013-12-16,30.66440200805664,30.75583879289699,30.373469666223443,30.531403913086507,31734200
2013-12-17,30.356840133666992,30.84727113274827,30.198905909561724,30.705958893559977,45687700
2013-12-18,30.406713485717773,30.423335469478314,29.533910304859962,30.223839955111522,63192100
2013-12-19,30.13240623474121,30.3817772383611,29.991097162028872,30.348526925631955,34160100
2013-12-20,30.589590072631836,30.697652014618086,30.082533849763283,30.09084801426013,62649100
2013-12-23,30.439960479736328,30.66439531052713,30.381774024078418,30.597897863028383,25128700
2013-12-24,30.82233238220215,30.897140820785413,30.456585326422726,30.523085944173157,14243000
2013-12-26,31.12158203125,31.163146511329426,30.897147156704552,30.922086478937132,17612800
2013-12-27,30.99689483642578,31.271201984672615,30.89714389985939,31.237954843408115,14563000
2013-12-30,30.99689483642578,31.071706453388426,30.672712219895754,30.938708375557535,16290500
2013-12-31,31.096641540527344,31.237953777043632,30.938707319408376,31.088330548226004,17503500
2014-01-02,30.888830184936523,31.08832886956251,30.83895472104902,31.046764397527582,30632200
2014-01-03,30.6810302734375,30.938715495818116,30.423345051056884,30.92209033589759,31134800
2014-01-06,30.032672882080078,30.664413272524726,30.016047717736026,30.63116294383662,43603700
2014-01-07,30.265411376953125,30.331912017928865,30.099162945438856,30.19891390690247,35802800
2014-01-08,29.7251033782959,30.04097506632074,29.575483284941964,29.924602120976047,59971700
2014-01-09,29.533910751342773,29.849782353276794,29.425852000645513,29.824846206334975,36516300
2014-01-10,29.95785140991211,30.049288198374896,29.716791362314726,29.8414784685685,40548800
2014-01-13,29.076732635498047,29.94122174233605,28.952048718944557,29.916285593210226,45901900
2014-01-14,29.741737365722656,29.824863187731566,28.78581419456433,28.868936845647355,41623300
2014-01-15,30.556337356567383,30.58127667717448,29.799910163923553,29.841474641293907,44812600
2014-01-16,30.66440200805664,30.75583879289699,30.18228510288667,30.4981535966128,38018700
2014-01-17,30.24046516418457,30.614523217950097,30.049280641354198,30.614523217950097,46267500
2014-01-21,30.06591033935547,30.606216907971735,29.974476721352197,30.606216907971735,31567300
2014-01-22,29.866413116455078,30.19059577126924,29.71678986486013,30.140720297096035,21904300
2014-01-23,29.9744873046875,30.0326737961998,29.52561736651321,29.999423466499636,43954000
2014-01-24,30.597902297973633,31.21301725292059,30.365153270682686,31.12989463876813,76395500
2014-01-27,29.949539184570312,30.664405208747876,29.90797787010244,30.64778004877572,44420800
2014-01-28,30.14903450012207,30.248782277671303,29.716789902842493,30.024347399992024,36205500
2014-01-29,30.47321891784668,30.656092496367798,29.841478728930337,29.90797619416765,52745900
2014-01-30,30.63945960998535,30.656084764832993,30.115778330518868,30.58127315348064,35036300
2014-01-31,31.45407485961914,31.495636163506155,30.39009025967533,30.714272869287946,93162300
2014-02-03,30.32358169555664,31.578753672339037,30.282020402553727,31.370944036401074,64063100
2014-02-04,30.215530395507812,30.91377114401349,30.132407780345627,30.730900756471787,54697900
2014-02-05,29.774988174438477,30.315294927964437,29.758363009768733,30.165671616862664,55814400
2014-02-06,30.074214935302734,30.13240138775691,29.66690659719967,29.75834335703447,35351800
2014-02-07,30.39008903503418,30.41502518217668,29.93290519792767,30.190590345121876,33260500
2014-02-10,30.589590072631836,30.589590072631836,30.165659640108352,30.44828098543223,26767000
2014-02-11,30.897140502929688,30.971952111667306,30.639458539107626,30.656083693374203,32141400
2014-02-12,31.146522521972656,31.25458129564412,31.005210260435337,31.046771571149343,27051800
2014-02-13,31.262887954711914,31.470697629315506,31.030142133851573,31.030142133851573,37635500
2014-02-14,31.271209716796875,31.4042078275129,31.030152821135072,31.080025130825405,31407500
2014-02-18,31.33820343017578,31.639693887530946,31.329830115116994,31.51407499343458,32834000
2014-02-19,31.4135799407959,31.61457466886321,31.162338926738872,31.17071543753904,29750400
2014-02-20,31.614572525024414,31.715068284891867,31.321458560951587,31.46382728787193,27526100
2014-02-21,31.80717658996582,32.11704024205644,31.706680874771788,31.773676953334082,38021300
2014-02-24,31.564311981201172,31.807179577541497,31.438693124084836,31.564311981201172,32085100
2014-02-25,31.438701629638672,31.69831592140376,31.27957989499313,31.497324417759973,30736500
2014-02-26,31.380081176757812,31.606199031211055,31.145586812119678,31.47220362057609,41041800
2014-02-27,31.706687927246094,31.73181106295741,31.179079714395193,31.3633245621499,33903400
2014-02-28,32.08354949951172,32.20916836714415,31.673186864628242,31.80718224025722,41215000
2014-03-03,31.63969612121582,31.932813284205547,31.396831630936234,31.75694170853065,29717500
2014-03-04,32.16730880737305,32.225931608955385,31.882568116243224,31.991440402626033,26802400
2014-03-05,31.91606330871582,32.05005872140554,31.765318070102047,32.0333088954815,20520100
2014-03-06,31.949565887451172,32.02493851366292,31.731821325193724,31.941189376370463,23582200
2014-03-07,31.740192413330078,32.125428794947325,31.564320852415783,32.05842949656047,26591600
2014-03-10,31.673185348510742,31.83230385110924,31.5894394407645,31.815557225321275,19006600
2014-03-11,31.840679168701172,32.01654748521639,31.589438260150644,31.715057117075165,25216400
2014-03-12,32.0500602722168,32.18405569139018,31.648074014696647,31.656447330712513,30494100
2014-03-13,31.7318058013916,32.200791156684005,31.522437852641644,32.17566483043708,32169700
2014-03-14,31.57269287109375,31.941179375699928,31.413571157410004,31.530819912909266,27195600
2014-03-17,31.865814208984375,32.16730468978866,31.64807285879388,31.74019530511771,20479600
2014-03-18,33.12202072143555,33.41513787153472,32.00818449622573,32.04168095205498,64063900
2014-03-19,32.88752746582031,33.12201861522649,32.58603701961105,33.055022513125714,35597200
2014-03-20,33.77525329589844,34.04324412794883,32.86240852588219,32.87078184170132,59269800
2014-03-21,33.63287353515625,34.28610063678331,33.50725146421168,34.101858979353764,80721800
2014-03-24,33.91762924194336,34.03487485656544,33.3816474638405,33.78363379741765,46098400
2014-03-25,33.78361129760742,34.32796922547262,33.46537113079232,34.05160200817763,43193100
2014-03-26,33.323020935058594,34.09349385636021,33.163899166096236,33.900875626034804,41977500
2014-03-27,32.9629020690918,33.47376055662487,32.946152243878956,33.28114235873088,35369200
2014-03-28,33.7501220703125,34.034862687459054,33.2308903077637,33.3230127419438,43472700
2014-03-31,34.327980041503906,34.75508937270428,33.83387141420026,33.85899455288785,46886300
2014-04-01,34.68809127807617,34.83046318987575,34.394977334227605,34.4619766326515,32605000
2014-04-02,34.62946319580078,34.889080645454314,34.47871799209252,34.70483579765491,28666700
2014-04-03,34.344730377197266,34.57922474416229,34.09348937910146,34.57922474416229,30139600
2014-04-04,33.3900146484375,34.662972734969394,33.19739643198043,34.54572714188273,51409600
2014-04-07,33.33139419555664,33.72500716691221,33.28114790624523,33.465389624892126,37559600
2014-04-08,33.348140716552734,33.440263164092265,32.82890887870586,33.2895179217008,35918600
2014-04-09,33.89250183105469,33.95949794753831,33.39839309251385,33.44026606465399,27398700
2014-04-10,32.9629020690918,34.076738290774834,32.73678422077212,33.86737026766801,45960800
2014-04-11,32.837276458740234,33.32301175375738,32.661408104903884,32.661408104903884,34330200
2014-04-14,32.81215286254883,33.004771037112185,32.577661727376416,32.75353007875572,32006600
2014-04-15,33.28950500488281,33.465373321199124,32.70327408912697,32.94614168482177,33968700
2014-04-16,33.833858489990234,33.850605112916725,33.423495944867966,33.54911797972404,30615800
2014-04-17,33.50726318359375,33.66638495507101,33.0885270602588,33.50726318359375,36688400
2014-04-21,33.44863510131836,33.624506673328284,33.32301620097137,33.607756847674835,22221200
2014-04-22,33.490509033203125,33.61612792518716,33.35651363159874,33.46538269904442,27056700
2014-04-23,33.239261627197266,33.49050577613571,33.05501996459835,33.49050577613571,24602800
2014-04-24,33.38163375854492,33.47375618784109,32.91264829790175,33.28113801508641,42381600
2014-04-25,33.42351150512695,34.068365407843416,33.28951609642629,33.741751798804465,56876800
2014-04-28,34.22748947143555,34.579229472629756,33.57426214812166,33.616135121079694,50610200
2014-04-29,33.92598342895508,34.4954645457394,33.82548770090537,34.42009195102673,29636200
2014-04-30,33.833858489990234,33.91760438342692,33.64123718462397,33.833858489990234,35458700
2014-05-01,33.4988899230957,33.80038044355606,33.457016949632454,33.69988466830364,28787400
2014-05-02,33.239261627197266,33.78361969029448,33.21413849018425,33.75849655328146,43416600
2014-05-05,33.02152633666992,33.197394717215694,32.91265406526903,33.09689895614706,22460900
2014-05-06,32.71165466308594,32.95451909427196,32.619532239838676,32.904272823193,27112400
2014-05-07,33.013153076171875,33.08852570306874,32.25105349074938,32.84566118947037,41744500
2014-05-08,33.19739532470703,33.41513987149341,32.636290520878106,32.94615432008658,32120400
2014-05-09,33.11365509033203,33.37326945544165,32.971283139885216,33.11365509033203,29647600
2014-05-12,33.473758697509766,33.515631660865026,33.20576789839329,33.2811405103137,22782600
2014-05-13,34.08942413330078,34.15689608960481,33.608697704974425,33.66773405812047,27004800
2014-05-14,33.93761444091797,34.11472347830632,33.777370173266036,33.988215184606325,18818700
2014-05-15,33.397850036621094,34.07255667755461,33.32194570037806,33.81110769333089,37793200
2014-05-16,33.591835021972656,33.600267408415036,33.11954095019576,33.456891100973415,29867100
2014-05-19,33.524356842041016,33.58339318790569,33.27977585646473,33.40628415031165,24537400
2014-05-20,33.4653205871582,33.68459798421752,33.279775946942166,33.4653205871582,21320900
2014-05-21,34.0304069519043,34.0304069519043,33.515947472834256,33.56654825132934,22398700
2014-05-22,33.819549560546875,34.03039464064315,33.6087044804506,33.97979388045403,20201800
2014-05-23,33.83640670776367,34.04725172027982,33.735202002583,34.04725172027982,18020000
2014-05-27,33.89543914794922,33.95447548727152,33.574957082267915,33.95447548727152,26160600
2014-05-28,33.74363327026367,33.895441931628156,33.58339222426315,33.85327357396901,25711500
2014-05-29,34.02194595336914,34.03037833694724,33.65929233196889,33.86170492747284,19888200
2014-05-30,34.52798080444336,34.55328439565641,33.94604968238032,34.11472634909477,34567600
2014-06-02,34.4014892578125,34.65450274885073,34.30871689374222,34.536430000848966,18504300
2014-06-03,33.97977828979492,34.30869594907207,33.946042320320565,34.241224010123354,18068900
2014-06-04,34.005088806152344,34.0472571719597,33.61713469314054,33.91231647103211,23209000
2014-06-05,34.75569534301758,34.7894313212849,34.07255947792411,34.23280054883394,31865200
2014-06-06,34.98340606689453,35.135214741861304,34.78099664509867,34.98340606689453,24060500
2014-06-09,34.806297302246094,34.983406352071164,34.59545227610012,34.90750201396902,15019200
2014-06-10,34.67136001586914,34.71352838178759,34.460514969036794,34.603888056607545,15117700
2014-06-11,34.460514068603516,34.63762313117731,34.384609725037606,34.51955042279478,18040000
2014-06-12,34.22437286376953,34.47738630104713,33.979791813597004,34.41834993959037,29818900
2014-06-13,34.77256774902344,35.05931716623916,34.46051795351351,34.66292741434792,26310000
2014-06-16,35.00027084350586,35.09304316049997,34.61231680629363,34.61231680629363,24205300
2014-06-17,35.15208053588867,35.346057560185976,34.02195114680555,34.82316283306977,22518600
2014-06-18,35.12678909301758,35.202693445057754,34.73039934155884,35.09305311050186,27097000
2014-06-19,35.00870895385742,35.22798959665985,34.8569034852311,35.05931292155952,19828200
2014-06-20,35.15208053588867,35.27858882954496,34.89906716581564,34.95810351159136,47764900
2014-06-23,35.41353225708008,35.421964642599946,35.160515650126804,35.19425162668588,18743900
2014-06-24,35.211116790771484,35.371357840714865,35.050875740828104,35.278588738477886,26509100
2014-06-25,35.447265625,35.464133613569146,34.966539211118786,35.1689518567087,20049100
2014-06-26,35.185813903808594,35.37135531225902,34.94123293671563,35.362922928018264,23604400
2014-06-27,35.6328125,35.6665484792382,35.00870975305343,35.09304970114894,74640000
2014-06-30,35.1689567565918,35.599079264691994,35.1689567565918,35.56534328285346,30793100
2014-07-01,35.31233215332031,35.5484808243293,35.16052344240043,35.30389976593166,26917000
2014-07-02,35.33763122558594,35.33763122558594,35.02557823907008,35.1942549204116,20208100
2014-07-03,35.253292083740234,35.413536382442985,35.05088263528648,35.346064421464945,15969300
2014-07-07,35.41353225708008,35.523169355037375,35.17738363840635,35.21111961496542,21952400
2014-07-08,35.23641586303711,35.42196049514735,35.09304280530787,35.312320192787716,31218200
2014-07-09,35.143653869628906,35.41353851253419,35.02558114805556,35.405102908284455,18445900
2014-07-10,35.16051483154297,35.421963817929225,34.62075208812335,34.89063345983316,21854700
2014-07-11,35.49786376953125,35.49786376953125,34.9834014628767,35.16894608947062,24083000
2014-07-14,35.540035247802734,35.801484224860296,35.45569852861751,35.6075071969426,21881100
2014-07-15,35.801483154296875,35.81835114107744,35.447261866384,35.700278450852984,28748700
2014-07-16,37.17620086669922,37.37017792718569,35.82679061249219,35.85209098904777,63318000
2014-07-17,37.55571365356445,38.55090239794196,37.31956826243747,38.331624994358286,82180300
2014-07-18,37.69066619873047,37.817174536500325,37.31958000770792,37.65693343026709,43407500
2014-07-21,37.81716537475586,38.08704676052433,37.294270591984436,37.58101996651842,37604400
2014-07-22,37.8087272644043,38.07860860931025,37.60631464710512,37.952100321343345,43095800
2014-07-23,37.842472076416016,38.331634180682535,37.63162700745433,38.331634180682535,52362900
2014-07-24,37.44609069824219,37.95211764663429,37.37861872259477,37.893081276563244,30725300
2014-07-25,37.53041458129883,37.665355269081324,37.36173791726077,37.36173791726077,26737700
2014-07-28,37.08341979980469,37.53884255679407,37.04968382751232,37.41233748655679,29684200
2014-07-29,37.015968322753906,37.18464506024412,36.80512320520143,37.03283631822704,27763100
2014-07-30,36.7545051574707,37.1930599646399,36.509924163951204,37.167759591944666,31921400
2014-07-31,36.40028762817383,36.84727808408654,36.3328188882436,36.58583229315193,31537500
2014-08-01,36.147274017333984,36.47619176356496,35.927993375020016,36.44245578517205,31170300
2014-08-04,36.577388763427734,36.661728691613725,36.10509803454337,36.240038702401655,34277400
2014-08-05,36.33281707763672,36.653299206504386,36.12197204784702,36.526794118974465,26266400
2014-08-06,36.04606246948242,36.40871290815229,35.59906888357141,36.04606246948242,24634000
2014-08-07,36.45931625366211,36.64486087930964,35.97015753682679,36.13039857527918,30314900
2014-08-08,36.43402862548828,36.535233357944406,36.18944757291559,36.45932900429221,28942700
2014-08-11,36.43402862548828,36.644873694828796,36.282219918183884,36.48462938309613,20351600
2014-08-12,36.70390701293945,36.76294337007956,36.2653489190128,36.2990848994472,21431100
2014-08-13,37.17620086669922,37.26053760004459,36.70390679514073,36.838847498837424,22889500
2014-08-14,37.33643341064453,37.46293848173947,37.117152806496904,37.176192367028506,19313200
2014-08-15,37.77499771118164,37.86777004249049,37.44607996726115,37.59788865172291,41611300
2014-08-18,38.044883728027344,38.044883728027344,37.682229961853935,37.90150741205071,26891100
2014-08-19,38.469200134277344,38.477685186484074,38.04487630259461,38.16368645749235,28139500
2014-08-20,38.14671325683594,38.52860535422967,38.10428152097751,38.47768532879919,24770500
2014-08-21,38.3758430480957,38.401301438517066,38.044871023284045,38.05335607431335,22285500
2014-08-22,38.316444396972656,38.58801139806683,38.248551028032104,38.48617134465601,18294500
2014-08-25,38.33340835571289,38.562543583147985,38.22308650487389,38.52860014145402,16910000
2014-08-26,38.197635650634766,38.52861100850431,38.138230564248175,38.45223257781664,14873100
2014-08-27,38.07881546020508,38.189140550470945,37.985463709775004,38.104277088625544,21287900
2014-08-28,38.08730697631836,38.172170445355114,37.858171725118524,37.97698187670351,17657600
2014-08-29,38.554080963134766,38.56256601916156,38.070351836223196,38.26554049819318,21607600
2014-09-02,38.26552963256836,38.5795284137647,38.06185273507094,38.55407001557794,22976800
2014-09-03,38.15520477294922,38.28250323942408,37.79028595554473,37.79028595554473,33684500
2014-09-04,38.409793853759766,38.41828214374998,37.95152655164537,37.968499894291696,26475500
2014-09-05,38.961421966552734,38.978395311729045,38.282504346173056,38.282504346173056,36939400
2014-09-08,39.43666076660156,39.71671283208206,39.029310247599106,39.05476864336984,45736700
2014-09-09,39.682762145996094,39.860980610428584,39.39422181945518,39.436656791241,40302400
2014-09-10,39.75065612792969,39.83551959815078,39.275412277623474,39.7336827864187,27302400
2014-09-11,39.88643264770508,39.88643264770508,39.436650506986126,39.66578572131464,29216400
2014-09-12,39.63184356689453,39.903410539903916,39.54697686449555,39.81005878593187,38244700
2014-09-15,39.241485595703125,39.640347960934946,39.12267215436965,39.49607935246148,37667600
2014-09-16,39.682762145996094,39.75914056294321,39.28389995734676,39.36876342625075,27910600
2014-09-17,39.479087829589844,39.62335637164961,39.23297924184036,39.25843763459591,38311900
2014-09-18,39.61487579345703,39.7421742462778,39.42817225927568,39.5384973692314,35556600
2014-09-19,40.32773971557617,40.37017145376497,39.54698213609913,39.72520061622664,202522400
2014-09-22,39.93735122680664,40.2089181590575,39.86945787507733,40.141024807328186,38686100
2014-09-23,39.51302719116211,39.869457573041224,39.436648789711846,39.75913249598347,33430300
2014-09-24,39.954341888427734,39.97980028769806,39.3263410619713,39.57244971269981,26582700
2014-09-25,39.071746826171875,39.96282639920175,39.063258534974075,39.784611132062686,33077400
2014-09-26,39.385746002197266,39.563961271081716,38.83412361298205,38.978395428746545,27078800
2014-09-29,39.411197662353516,39.51303771630325,38.83411697264113,39.02082050088162,26091000
2014-09-30,39.34332275390625,39.44515960992674,39.04629400428816,39.35180780968492,33033100
2014-10-01,38.95293426513672,39.487580033847,38.91049928641281,39.266933036220685,38088400
2014-10-02,38.83412170410156,39.122662084112854,38.73228487507829,38.8935300281441,25119400
2014-10-03,39.11417770385742,39.29239296704938,38.70682714341817,39.020825926756544,32453200
2014-10-06,39.11417770385742,39.29239296704938,38.969905892701206,39.13963610221785,20604000
2014-10-07,38.63892364501953,38.97838397514707,38.545571892367775,38.91897890297479,25723700
2014-10-08,39.69973373413086,39.79308548820319,38.477682354275736,38.596492500428276,33031000
2014-10-09,38.910499572753906,39.71671561442587,38.817151035943674,39.46212192688061,34422800
2014-10-10,37.365966796875,39.13964107514419,37.298076646843185,38.69834376926524,51978100
2014-10-13,37.043479919433594,37.81574933285647,36.90769639302962,37.18774849990392,37100200
2014-10-14,37.11137008666992,37.66299248402426,36.96710150611135,37.23018026767925,38115700
2014-10-15,36.678565979003906,36.82283457872305,35.728077930024014,36.491862391287306,60218700
2014-10-16,36.271209716796875,36.5597501087939,35.82991245625233,36.092991211935065,49040400
2014-10-17,37.02650451660156,37.28958326339067,36.31364023325707,36.66158570266721,40683300
2014-10-20,37.408390045166016,37.4593068323802,36.330607138902785,36.542769051852225,34527900
2014-10-21,38.08730697631836,38.172170445355114,37.501738033029724,37.646009815192805,36433800
2014-10-22,37.662986755371094,38.248552517279904,37.535688302318064,38.18914743581093,33570900
2014-10-23,38.20613098144531,38.57104985782382,37.790292062780836,37.866670507542274,45451900
2014-10-24,39.14811706542969,39.80157614548598,38.34190114913509,39.74217106887485,61076700
2014-10-27,38.961421966552734,39.12266388972585,38.79169175212417,38.79169175212417,30371300
2014-10-28,39.45363998413086,39.46212503820646,38.84261249597929,38.91899093199824,29049800
2014-10-29,39.56394958496094,39.63184294581615,39.32632929663494,39.41119276037033,30276100
2014-10-30,39.08022689819336,39.30936217130599,38.84260657229914,39.30936217130599,30073900
2014-10-31,39.84401321411133,39.8609865578914,39.4451477286154,39.83552492355414,35849700
2014-11-03,40.25984573364258,40.27681907612734,39.65730664343688,39.7930901459809,23130400
2014-11-04,40.370182037353516,40.50596557755561,40.09861495694933,40.14104670626218,21530800
2014-11-05,40.61628341674805,40.65023010503197,40.107092804492325,40.56536338432216,22449600
2014-11-06,41.32913589477539,41.464919371844054,40.556866761947354,40.61627183083155,33037800
2014-11-07,41.31218338012695,41.515857079731084,40.981211190268915,41.515857079731084,28000600
2014-11-10,41.49039077758789,41.711041020375454,41.20185039363571,41.28671711675957,36370100
2014-11-11,41.473411560058594,41.54130492894354,41.28671127029302,41.45643821783736,23445200
2014-11-12,41.397037506103516,41.51584767685259,41.17639050861728,41.21033719664112,22722100
2014-11-13,42.101409912109375,42.13535659464832,41.33762574165231,41.42249244799967,26210400
2014-11-14,42.07596206665039,42.47482435580304,41.914716902835714,42.21174559351112,29081700
2014-11-17,41.974117279052734,42.18627921827642,41.70255025583317,41.931685538674856,30318600
2014-11-18,41.62398147583008,42.12784184875463,41.58982067752092,41.95704111496184,23995500
2014-11-19,41.17989730834961,41.63251644465161,40.93223642866435,41.555656283982145,26177500
2014-11-20,41.58981704711914,41.58981704711914,40.88099520396616,40.992016159903336,21510600
2014-11-21,40.97492599487305,41.88870587666242,40.62478607061499,41.86308691515026,42884800
2014-11-24,40.64187240600586,40.99201238145402,40.47107170286598,40.983473812285624,35434200
2014-11-25,40.539390563964844,40.966390664254334,40.522310169023,40.701649429284046,28008000
2014-11-26,40.77851104736328,40.983472536300326,40.37712989614408,40.556472420621134,27163600
2014-11-28,40.82976150512695,41.1628211497432,40.658960768521595,40.94932104342478,21534400
2014-12-01,41.521488189697266,41.65812808933985,40.744348149651536,40.889529875507385,31191600
2014-12-02,41.38486099243164,41.88872138784355,41.16282230901852,41.709382075346056,25773500
2014-12-03,41.06033706665039,41.41901563835402,40.82975658866119,41.36777444621663,23534800
2014-12-04,41.70938491821289,41.8972660723512,41.16282511463243,41.32508403827244,30320400
2014-12-05,41.35069274902344,41.820395517803156,41.316535213091576,41.692294170362764,27313400
2014-12-08,40.73581314086914,41.29091135640754,40.522313075411496,41.21405120253269,26663100
2014-12-09,40.64187240600586,40.92369079709708,40.180711484853916,40.23195267312161,24330500
2014-12-10,40.05263137817383,40.70167043211936,39.88183059837114,40.63335207485063,30431800
2014-12-11,40.283199310302734,40.769982559676336,39.864740917806,40.206342397918284,29060400
2014-12-12,40.09531021118164,40.76142932751908,39.85618793889847,39.950128482536265,34248400
2014-12-15,39.85618209838867,40.71018217685684,39.75370300114298,40.308804355248,29247800
2014-12-16,38.566650390625,39.574370926150046,38.541031426116646,39.198611996433996,47801400
2014-12-17,39.06197738647461,39.24131667785712,38.344616963191754,38.472715060856636,34970900
2014-12-18,40.58209991455078,40.58209991455078,39.57437916912683,39.77934070114231,40105600
2014-12-19,40.701656341552734,41.077415320830966,40.28319473879168,40.67603737366527,64551200
2014-12-22,40.97492599487305,41.094485492265754,40.744345568007695,40.804125316704045,26566000
2014-12-23,41.37630844116211,41.675207194332984,41.10302865033386,41.30798686457901,23648100
2014-12-24,41.1115837097168,41.53858396138856,41.060345764478356,41.53858396138856,11437800
2014-12-26,40.889530181884766,41.342149242013676,40.83828899747779,41.342149242013676,13197800
2014-12-29,40.52231216430664,40.80413055034304,40.360050033245564,40.735812224963944,14439500
2014-12-30,40.15509796142578,40.66749688253341,40.001377633542916,40.51377655465055,16384700
2014-12-31,39.668312072753906,40.513770491835416,39.668312072753906,39.907431099120004,21552500
2015-01-02,39.933048248291016,40.49668825463455,39.74517041801134,39.84764953068682,27913900
2015-01-05,39.56583786010742,39.90743604615408,39.49751626824641,39.599995398285124,39673900
2015-01-06,38.985111236572266,39.9245101728321,38.89117069139582,39.60853100449049,36447900
2015-01-07,39.48041915893555,39.6768387657659,38.84846099048161,39.266919161369756,29114100
2015-01-08,40.64187240600586,40.77851231696727,39.898893093762695,39.924512059020316,29645200
2015-01-09,40.30027770996094,40.83829887422191,40.05262006981172,40.65895957205259,23944200
2015-01-12,39.79641342163086,40.599175803615054,39.591455170136825,40.49669342011537,23651900
2015-01-13,39.591468811035156,40.91516910532524,39.33526927951995,40.1124097045099,35270600
2015-01-14,39.249855041503906,39.488977353175756,38.9594947941367,39.249855041503906,29719600
2015-01-15,38.83993148803711,39.608533026210004,38.78015173037394,39.47189311472954,32750800
2015-01-16,39.48898696899414,39.523144515191035,38.57520338096394,38.69476619479056,35695300
2015-01-20,39.6170768737793,39.83911879561402,38.91679682692127,39.54021670972157,36161900
2015-01-21,39.215694427490234,39.40357554658407,38.839935447055346,39.232774825385384,39081100
2015-01-22,40.2490348815918,40.25757345114467,39.352335221920335,39.60853465929038,35898000
2015-01-23,40.291748046875,40.47108738869181,39.967226910906234,40.44546841350475,26211600
2015-01-26,40.146549224853516,40.249031597641995,39.48897191709859,40.138010655997306,42525500
2015-01-27,36.43165588378906,36.89281686835987,35.96195632887563,36.6793167745126,169164000
2015-01-28,35.17627716064453,36.542679827447365,35.15065818977271,36.49998045674328,84507100
2015-01-29,35.876548767089844,35.970489315039465,34.83467068613174,34.95423019888493,63585300
2015-01-30,34.501609802246094,35.509330311108634,34.45890718552553,35.48370808952585,78004900
2015-02-02,35.25313949584961,35.32999967093808,34.35643962498634,34.66388032534023,50352500
2015-02-03,35.52642822265625,35.80825002059701,35.0567284838425,35.552050459221704,52082400
2015-02-04,35.73137664794922,36.04735588184738,35.321456849384674,35.816775384326135,41614800
2015-02-05,36.252323150634766,36.414582078546125,35.74846270761651,36.05590341966202,36548200
2015-02-06,36.21815872192383,36.54267980301358,35.996120039759155,36.4487392328755,34616600
2015-02-09,36.17545700073242,36.499978060736275,36.0473556392761,36.072977866219134,31381100
2015-02-10,36.38041305541992,36.52559480675061,36.021734477578356,36.49997583911986,29670700
2015-02-11,36.19253158569336,36.42311204462391,36.04734984884712,36.42311204462391,38262500
2015-02-12,36.798866271972656,36.798866271972656,36.30354462558368,36.431645950064144,33268800
2015-02-13,37.46499252319336,37.46499252319336,36.850114517962254,37.046534197470365,40264900
2015-02-17,37.48220443725586,37.843435657316604,37.14677122885122,37.817634364722984,33695700
2015-02-18,37.43919372558594,37.58540868946862,37.31878333235146,37.52520349285138,27111700
2015-02-19,37.413387298583984,37.43918858475223,37.02635160137681,37.13816264300037,27603400
2015-02-20,37.723018646240234,37.74022059860351,37.232774487166274,37.421989401288386,29721100
2015-02-23,37.972434997558594,38.00683561497354,37.54239611097667,37.5853993434476,32518800
2015-02-24,37.92082977294922,38.101445320855845,37.77461484302263,37.97243562132385,25271700
2015-02-25,37.8348388671875,37.92084536891465,37.6714219205931,37.80043495412155,29759800
2015-02-26,37.89503860473633,38.04125029275553,37.74882363577987,37.83483340602992,28957300
2015-02-27,37.71440887451172,38.0154380623531,37.55099527946844,37.95523288097208,33807700
2015-03-02,37.7402229309082,38.00684500667352,37.45639562077941,37.55960406040027,31924000
2015-03-03,37.22417449951172,37.69722002056867,37.060760861924784,37.46499856866903,31748600
2015-03-04,37.03495788574219,37.16396761029866,36.8801435915248,36.99195136328634,25748700
2015-03-05,37.07795333862305,37.18976436783445,36.82852999689619,37.0435494402601,23193500
2015-03-06,36.43290710449219,37.077965648747536,36.25229149952567,36.98335653730677,36248800
2015-03-09,36.85433578491211,37.095159821952365,36.286684516284716,36.286684516284716,32108000
2015-03-10,36.14906311035156,36.73391618341341,36.14906311035156,36.42428769991762,39159700
2015-03-11,36.106056213378906,36.44148594275903,35.985645877799946,36.38988338804552,32215300
2015-03-12,35.280391693115234,35.822241624908195,35.14277937657345,35.54701699182463,59992500
2015-03-13,35.59001922607422,35.66742635701363,34.92775894602288,35.00516607696228,58007700
2015-03-16,35.744834899902344,35.81363941849058,35.50401088250236,35.66742776590529,35273500
2015-03-17,35.865238189697266,35.97704920138942,35.39219614460312,35.581410994079285,31673400
2015-03-18,36.553306579589844,36.83713382905733,35.54701712624827,35.633023594060965,44194800
2015-03-19,36.37268829345703,36.630710958428686,36.31248311432818,36.346883730304526,33879100
2015-03-20,36.8801383972168,36.96614486814104,36.544708567301065,36.60491375313534,71904500
2015-03-23,36.86293029785156,37.095151667734754,36.79412250784054,36.88013224535432,26246100
2015-03-24,36.8973503112793,37.12956850166983,36.768337289117945,36.79413858117523,25513300
2015-03-25,35.65882110595703,36.92313639086071,35.641619158026955,36.914533776427625,43469900
2015-03-26,35.44379806518555,35.787830426845076,35.19437476702918,35.452400678741704,37495600
2015-03-27,35.237396240234375,35.63303132753618,35.11698584678923,35.36640596995254,34401400
2015-03-30,35.228782653808594,35.72762930668321,35.185779423959154,35.349193009761464,35049700
2015-03-31,34.97077178955078,35.28899973489946,34.867563346912306,35.07398023218926,34887200
2015-04-01,35.02238464355469,35.056785277344105,34.669752719944505,34.91917289937276,36865300
2015-04-02,34.65254211425781,35.03957785600181,34.506327153626934,34.97077004371973,37487500
2015-04-06,35.73622512817383,35.93404259078892,34.55791968523358,34.69553197578911,39223700
2015-04-07,35.719032287597656,36.045862791336944,35.529817390432086,35.787840090884515,28809400
2015-04-08,35.62443161010742,35.856653079627215,35.29760431013505,35.65883551987422,24753400
2015-04-09,35.676021575927734,35.79643192551389,35.478204104331056,35.478204104331056,25723900
2015-04-10,35.88245391845703,36.08027145762493,35.61582856691574,35.805046770005504,28022000
2015-04-13,35.916847229003906,36.17487319191838,35.59861936392885,35.607221979192076,30276700
2015-04-14,35.822235107421875,36.149062249160515,35.59861308314193,35.951244785181075,24244400
2015-04-15,36.346893310546875,36.51890955951308,35.84804979757564,35.91685432859989,27343600
2015-04-16,36.26087951660156,36.415693781368006,35.96845293659121,36.08026396801951,22509700
2015-04-17,35.79644012451172,35.899651831456524,35.4008050907001,35.83944336193703,42387600
2015-04-20,36.905948638916016,37.12956748615047,35.84805304131438,35.89105628721285,46057700
2015-04-21,36.6737174987793,37.11235902165959,36.579108414199766,36.98334603706268,26013800
2015-04-22,36.974754333496094,37.0951647274711,36.59631791707503,36.69952635749115,25064300
2015-04-23,37.27577590942383,37.50799733359564,36.811333061080205,36.88874020247081,46309500
2015-04-24,41.171932220458984,41.40415367010549,39.26256132492742,39.27116066116449,130933700
2015-04-27,41.309539794921875,41.39554955204279,40.612878807394615,40.621478142638324,59248200
2015-04-28,42.281429290771484,42.324432529439704,41.025716348413305,41.094520874095096,60730800
2015-04-29,42.19541931152344,42.41043876795631,41.71377454797666,41.902992719537274,47804600
2015-04-30,41.83418655395508,42.60825793974698,41.79978265215618,41.88579240665342,64725500
2015-05-01,41.85139465332031,42.04061286007599,41.627775820648544,41.78259012055098,38937300
2015-05-04,41.49015426635742,42.03200091482802,41.438548417530335,41.6019620174115,34039500
2015-05-05,40.939693450927734,41.42133809986816,40.69027343432635,41.12891157746429,50369200
2015-05-06,39.80439758300781,41.085914885803696,39.58077880958096,40.91389867804813,52433000
2015-05-07,40.165645599365234,40.501075513983544,39.701202664845695,39.795811775314945,32971700
2015-05-08,41.0687255859375,41.26654313745572,40.87090803441928,40.89670932520161,35364900
2015-05-11,40.74188995361328,41.20633281557959,40.74188995361328,40.896704240935385,24609400
2015-05-12,40.724693298339844,41.00852062232462,39.92482047012115,40.29465428449914,29928300
2015-05-13,40.96551513671875,41.5589677622255,40.91390927674277,41.44715670607943,34184600
2015-05-14,41.90300369262695,41.98901018534791,41.30954773766525,41.30954773766525,32980900
2015-05-15,41.5417594909668,42.06640750431757,41.32674002850741,42.03200360289927,28642700
2015-05-18,41.29233932495117,41.47295818091682,40.94831012693497,41.2665380373576,24136500
2015-05-19,41.1884651184082,41.387568265908875,40.84219676485761,41.171151370504695,28574800
2015-05-20,41.1884651184082,41.49144745107015,40.92010697929351,41.02398616445478,25047900
2015-05-21,41.04995346069336,41.205773883209005,40.69502989879874,40.92876053257221,22410700
2015-05-22,40.599796295166016,40.98934392496722,40.53054132846269,40.94606122190693,25720600
2015-05-26,40.33144760131836,40.582491960421585,39.98517929205465,40.53920924732845,29581900
2015-05-27,41.21444320678711,41.352949918396504,40.357430658399906,40.53056487347677,27335600
2015-05-28,41.075927734375,41.569357995634384,41.023986490251986,41.11921045334762,19283700
2015-05-29,40.565181732177734,41.17980489726901,40.33145109849663,41.05861196919575,36519600
2015-06-01,40.8854866027832,41.352947970796556,40.35742875768593,40.73832467336807,28837300
2015-06-02,40.61710739135742,40.98934458776041,40.357407866537784,40.62576591346463,21498300
2015-06-03,40.55651092529297,41.32695758177537,40.53054196350162,41.00665830914185,28002200
2015-06-04,40.132347106933594,40.82488046854505,39.9938404346113,40.50458440797342,27745500
2015-06-05,39.9419059753418,40.27086061630335,39.682206333429036,40.08907119719043,25438100
2015-06-08,39.58696746826172,40.192935272933326,39.5350262385154,40.08039759294573,22121600
2015-06-09,39.5177116394043,39.768752634449385,39.353232746977135,39.61293226386498,24406100
2015-06-10,40.34877014160156,40.539218083433404,39.55235417760847,39.638922924922966,28417400
2015-06-11,40.20161819458008,40.61713841209059,39.93326324495977,40.392066199286994,27347800
2015-06-12,39.79473876953125,40.22757254930946,39.73414230454308,40.01115565942035,23931000
2015-06-15,39.370548248291016,39.51771340586956,38.97234208444571,39.34457928611896,33254500
2015-06-16,39.67353439331055,40.02845785823902,39.21472847357955,39.258011178617906,27070300
2015-06-17,39.79473876953125,39.881304204583024,39.26668102984029,39.58697710224346,28704100
2015-06-18,40.44397735595703,40.51322902285655,39.96785769864112,40.011143705494334,32658300
2015-06-19,39.90726852416992,40.53920867499332,39.812047877613104,40.504581184103955,63837000
2015-06-22,40.01980972290039,40.44398826779152,39.959213259667315,40.10637845770449,20318100
2015-06-23,39.742794036865234,40.063090081139464,39.49174967409869,39.933241939965285,25896500
2015-06-24,39.50906753540039,40.0371252837202,39.431157321676814,39.535036505888336,34890900
2015-06-25,39.5177116394043,39.87263508301134,39.38786022983112,39.84666281974159,20616000
2015-06-26,39.18010711669922,40.063088307073,38.98100400057462,39.517720194224474,49835300
2015-06-29,38.409664154052734,39.154138695658965,38.401008932474205,38.98966306759266,34081700
2015-06-30,38.21922302246094,38.712653253634365,38.037430330244746,38.7039947290119,35945400
2015-07-01,38.47892761230469,39.15414732099082,38.17594195416244,38.48758283578989,28343900
2015-07-02,38.43563461303711,38.73861688790478,38.14130755934032,38.50488628918152,21752000
2015-07-06,38.42697525024414,38.50488544811676,38.04608278412191,38.05473800510373,23034000
2015-07-07,38.34908676147461,38.513565773570946,37.500732627870335,38.38371426952236,36435800
2015-07-08,38.29713821411133,38.86847872990378,38.11534549824918,38.47026910196479,39785900
2015-07-09,38.53951644897461,39.145484342959556,38.52220270317397,38.738619572292926,32424700
2015-07-10,38.61741256713867,39.07621510558647,38.582785088168755,38.96367745006334,25465800
2015-07-13,39.422508239746094,39.49175993925448,38.9117641596133,38.93773313414641,28178300
2015-07-14,39.491756439208984,39.78608356611977,39.2234015867897,39.34459452688356,22880300
2015-07-15,39.612945556640625,39.725483262550696,39.32727698288077,39.543693869952634,26629600
2015-07-16,40.392051696777344,40.41802066909115,39.794742217740115,39.829366413405204,26271700
2015-07-17,40.357418060302734,40.495924728675455,40.045777230899255,40.29682159928089,29467100
2015-07-20,40.61710739135742,40.79890003076393,40.201587491194275,40.383380130600784,30631900
2015-07-21,40.92876052856445,40.972046547683156,40.23622715204028,40.49592675545439,42781900
2015-07-22,39.422508239746094,40.62578582626397,39.128181086749905,39.335939487535306,59152400
2015-07-23,39.915931701660156,40.01981088417982,39.041605617195614,39.188770819503176,33934000
2015-07-24,39.76876449584961,40.09771907655915,39.64757157197228,39.7427955270929,32333200
2015-07-27,39.25802993774414,39.829370503133504,39.17146448630284,39.76877402667253,39701400
2015-07-28,39.24937057495117,39.50907020415199,38.77325403770635,39.457132259667794,34328900
2015-07-29,40.071746826171875,40.495922025005186,39.18010711218369,39.301303328395306,40945900
2015-07-30,40.58251190185547,41.03265960418812,39.76012673994506,40.04579542853906,39777900
2015-07-31,40.42668151855469,41.00667728196936,40.25354732123712,40.937425584398426,31201500
2015-08-03,40.52190017700195,40.686375826636564,40.210259323159775,40.66906207894981,24125900
2015-08-04,41.15384292602539,41.30100484878005,40.40936818153428,40.469964655875636,33403900
2015-08-05,41.1884651184082,41.90696749397501,41.153837622601195,41.53473016969904,26959700
2015-08-06,40.357418060302734,41.35293700953504,40.10637699418056,41.30099577054798,27368000
2015-08-07,40.46131134033203,40.495935539974326,40.04578792202111,40.1583256520745,19163000
2015-08-10,40.972049713134766,41.11055639914046,40.54787112972114,40.64309509552378,23079900
2015-08-11,40.175636291503906,40.634439098269254,39.73414723434895,40.53055990286693,29237400
2015-08-12,40.46131134033203,40.59981804568223,39.56967132877109,39.98519144482167,30181400
2015-08-13,40.452659606933594,40.77295579766938,40.244901165149635,40.73833159221265,22627200
2015-08-14,40.68636703491211,40.772932452380665,40.27084708699685,40.27950230784011,21473400
2015-08-17,40.96338653564453,41.075924237199786,40.314135899552625,40.521897556096214,21099700
2015-08-18,41.189945220947266,41.329365252393075,40.693261151169345,40.815253263179955,23574100
2015-08-19,40.61484146118164,41.024389301032556,40.34471366748736,40.76297380595727,31485500
2015-08-20,39.787025451660156,40.49284116262617,39.787025451660156,40.14428945557335,36238200
2015-08-21,37.5301513671875,39.63016668432586,37.5301513671875,39.473318791424695,70053100
2015-08-24,36.318939208984375,37.199027197764586,34.611043645706566,35.24714750374265,88753700
2015-08-25,35.26459503173828,37.678307446720716,35.1948833418731,37.094483678226986,70616600
2015-08-26,37.216461181640625,37.32974097112302,35.77869304574029,36.606497431242744,63408000
2015-08-27,38.2534065246582,38.29697465847871,37.408170767591145,37.66958289454971,50943200
2015-08-28,38.27954864501953,38.47125243221201,37.80900479865747,37.8177204202766,28246700
2015-08-31,37.92228317260742,38.27954719261536,37.556303531311045,37.957139009690046,34441700
2015-09-01,36.44095230102539,37.11191237175458,36.30153224243468,36.74593264043121,49688900
2015-09-02,37.78285598754883,37.80028390278713,36.49322017622913,36.91148016984349,37671500
2015-09-03,37.90485382080078,38.32311387787019,37.71315004813067,37.82642985234805,28285200
2015-09-04,37.129337310791016,37.50402931139934,36.772073231610534,37.30361320103333,37138800
2015-09-08,38.244686126708984,38.34053800356351,37.64343797739665,37.73057423415434,32469800
2015-09-09,37.5301513671875,38.68908265095339,37.39073138727919,38.523519139538536,33469500
2015-09-10,37.72187423706055,38.15756231097244,37.25133031946701,37.573738563431675,31366600
2015-09-11,37.88743591308594,37.983287824745844,37.416891978048035,37.591167878880924,27132500
2015-09-14,37.504032135009766,37.85258061769984,37.3471841543865,37.84386831834806,23656000
2015-09-15,38.323123931884766,38.593251743875236,37.53888736564962,37.63473595309495,28882200
2015-09-16,38.601959228515625,38.671670909639,38.20112703416396,38.314406853971484,23372200
2015-09-17,38.55838394165039,39.2119158728648,38.41025163277873,38.5932397757503,32768200
2015-09-18,37.88743591308594,38.33183962641162,37.75673148048852,37.90486383557286,63143700
2015-09-21,38.43639373779297,38.750089612058524,37.991990141238276,38.00941805914586,26177200
2015-09-22,38.2534065246582,38.38411092611972,37.73929456789095,37.800290620046766,28085900
2015-09-23,38.227272033691406,38.488684222527326,37.91357607747378,38.27955580107312,17145200
2015-09-24,38.26213073730469,38.453834574657485,37.70445047304555,37.861298462873,27905600
2015-09-25,38.288246154785156,38.976633739254275,38.131398266576134,38.75878981941223,29384600
2015-09-28,37.72187423706055,38.41897449051233,37.652162549697266,38.192418154654085,27613800
2015-09-29,37.852561950683594,37.96584173061115,37.512725934935666,37.79156591319216,32763600
2015-09-30,38.56710433959961,38.60196018102137,38.04428001441723,38.2359838182009,34958900
2015-10-01,38.872074127197266,38.9940662047072,38.12269042359643,38.9940662047072,28657900
2015-10-02,39.70861053466797,39.70861053466797,38.27083857040405,38.57582221459989,41839000
2015-10-05,40.632266998291016,40.85882331348845,39.82188698879465,39.865455127405404,34369300
2015-10-06,40.73682403564453,41.11151594510377,40.27499586427933,40.37084774679709,27017200
2015-10-07,40.780399322509766,41.25965549516037,40.03973099423482,41.0418114781341,27711500
2015-10-08,41.34679412841797,41.407790185834465,40.518986218290884,40.57126997780609,33772700
2015-10-09,41.05052947998047,41.42522147690947,40.88496589005978,41.34679749327233,28600600
2015-10-12,40.95466995239258,41.015666003420115,40.51898197417564,40.93724203437964,19769100
2015-10-13,40.85881423950195,41.067945912039534,40.57126192930234,40.57126192930234,19987800
2015-10-14,40.67582321166992,41.041799457547334,40.545115510122315,40.64968300097437,24697800
2015-10-15,40.96339416503906,40.98082208812153,40.54513398316923,40.96339416503906,27189400
2015-10-16,41.39906311035156,41.42520664489416,40.86752666049741,40.972090826563075,26450300
2015-10-19,41.49492645263672,41.72148608645452,40.972102153733196,41.3206505783236,29387600
2015-10-20,41.625633239746094,41.66048907862069,40.97210121900826,41.33807755508429,30802200
2015-10-21,41.12895584106445,41.81734381233408,41.05053185289404,41.7563444223915,25144300
2015-10-22,41.8521842956543,42.65385186905373,41.03309212903854,41.41649633646894,56637100
2015-10-23,46.06964111328125,47.115292817483265,45.529389006990336,45.572957135491436,135227100
2015-10-26,47.272151947021484,47.33314800619154,45.74724381969821,45.7733840381894,64633300
2015-10-27,46.784183502197266,47.37671954005568,46.68833491951572,47.045599001985984,50999900
2015-10-28,47.03687286376953,47.03687286376953,46.06093274125432,46.65346864664741,47000800
2015-10-29,46.49662399291992,46.906171777501605,46.37463188450044,46.65347193918373,30202100
2015-10-30,45.869232177734375,47.04559177394021,45.85180425882366,46.46176812455606,46619800
2015-11-02,46.392066955566406,46.49663116118412,45.85181135779654,46.052227470245555,30285000
2015-11-03,47.185001373291016,47.394129705930865,46.095781612356646,46.121921822927895,36596900
2015-11-04,47.40285873413086,47.82111884175699,47.10659074239119,47.211154938288765,37087800
2015-11-05,47.385433197021484,47.66427328279432,47.05430934865273,47.48128509976265,31468500
2015-11-06,47.85597610473633,47.908259869889285,47.01945580650605,47.13273563565271,32851200
2015-11-09,47.19373321533203,47.81240949801547,46.670908843156,47.53356938965008,32513100
2015-11-10,46.6273193359375,47.16757474540937,46.418190997590656,47.11529099880515,55283700
2015-11-11,46.74931716918945,47.228573237127364,46.5837536250405,46.79288529826832,36516300
2015-11-12,46.46177291870117,47.036881005954505,46.34849309611061,46.60119296033725,35361100
2015-11-13,46.04351043701172,46.43563032280341,45.77338266590281,46.243926528852846,36848200
2015-11-16,46.8538932800293,46.95845748126383,46.052225539801846,46.25264496788573,32165200
2015-11-17,46.467891693115234,46.95914910866109,46.36261937854955,46.64333885784438,31551300
2015-11-18,47.2398796081543,47.35392296898459,46.47667355493203,46.49421894478599,29710000
2015-11-19,47.31882858276367,47.95044918360221,47.17846882107074,47.36269372727577,28149200
2015-11-20,47.53813934326172,47.6346373036835,46.7310715768988,47.59077550706648,37147600
2015-11-23,47.53813934326172,47.77499706072229,47.15215084801518,47.59077550706648,28235900
2015-11-24,47.590789794921875,47.75746601068282,47.00303418162678,47.301295826743754,24600000
2015-11-25,47.09952163696289,47.573237141813124,47.09952163696289,47.4504227545796,21005100
2015-11-27,47.310062408447266,47.44165116258292,47.18724802268921,47.19601904462577,9009100
2015-11-30,47.678497314453125,48.21361991388264,47.37146140319379,47.845176820371435,56241400
2015-12-01,48.44170379638672,48.45047481629736,47.63463276055717,47.731130711775506,39952800
2015-12-02,48.43293762207031,49.090874659181566,48.301352222512556,48.52943558961049,47274900
2015-12-03,47.54692459106445,48.92420606794672,47.31006681940146,48.6785772735294,38627800
2015-12-04,49.04701232910156,49.32773186085235,47.459189758653025,47.476735147692544,43963700
2015-12-07,48.95929718017578,49.09965697027572,48.503127025740646,48.94175178810812,30709800
2015-12-08,48.94175720214844,49.21370244317695,48.23995817401427,48.66103759089477,32878000
2015-12-09,48.231178283691406,49.01192982228562,47.818869937783354,48.573305061597516,36373200
2015-12-10,48.48556137084961,48.82768800708591,48.25747471573211,48.59083033282079,31775800
2015-12-11,47.42409896850586,48.33643570886511,47.38023382579313,47.99430901292532,39549500
2015-12-14,48.37152862548828,48.43293581227546,47.09074537758324,47.66095879368214,46768900
2015-12-15,48.424171447753906,49.0382467464792,48.32767347055464,48.827705401095244,39843000
2015-12-16,49.23999786376953,49.345266829335564,48.03816406666708,48.72242070894646,37503300
2015-12-17,48.86278533935547,49.81898718399178,48.713651222296015,49.44176972762073,41280900
2015-12-18,47.48551559448242,49.12597119561828,47.39778863805409,48.92420421549493,84684200
2015-12-21,48.099571228027344,48.555737829089566,47.57321974409118,48.14343301507873,37246300
2015-12-22,48.555755615234375,48.66979898049434,47.81009492290314,48.23994862491928,28322200
2015-12-23,48.96805191040039,49.02068806909034,48.6346962649112,48.862782939460736,27279800
2015-12-24,48.83647155761719,49.09087468189705,48.625933579651026,49.003151082151284,9558500
2015-12-28,49.08210372924805,49.08210372924805,48.23117075547079,48.55575209071374,22458300
2015-12-29,49.60844039916992,49.871614483560734,49.178590175500936,49.3803570850819,27731400
2015-12-30,49.397911071777344,49.810215982088636,49.38036568357081,49.538270830988964,21704500
2015-12-31,48.6698112487793,49.29265771080538,48.61717506390482,49.16107226828205,27334100
2016-01-04,48.0732536315918,48.0732536315918,46.83633244128442,47.652174433448856,53778000
2016-01-05,48.29258346557617,48.590848424244975,47.84518770079358,48.18731446441107,34079700
2016-01-06,47.415340423583984,47.72237979282743,47.05566821982689,47.652198218220356,39518900
2016-01-07,45.76609802246094,46.924070269481504,45.678374424045195,46.23104246409853,56564900
2016-01-08,45.90645980834961,46.73984400855146,45.74855465860931,45.941547238838034,48754000
2016-01-11,45.88013458251953,46.362620995229456,45.14324508706501,46.064356119773095,36943800
2016-01-12,46.30121994018555,46.58193946639857,45.669602679426596,46.28367455149214,36095500
2016-01-13,45.301143646240234,47.432859257903125,45.00287881405251,47.196001595891715,66883600
2016-01-14,46.59071350097656,46.86265865767891,45.239748699206416,45.61696618731679,52381900
2016-01-15,44.73094940185547,45.590653431952155,44.16073594023292,45.01166894856292,71820700
2016-01-19,44.35372543334961,45.336243703942536,43.91510078710128,45.1607931761551,43564500
2016-01-20,44.55550003051758,45.07307733594737,43.072946329546276,43.844926776691274,63273000
2016-01-21,44.28355407714844,45.2485305288839,44.12564890043611,44.739724215823905,40191200
2016-01-22,45.871376037597656,45.90646681988636,44.96780679909003,45.09939555945208,37555800
2016-01-25,45.432743072509766,46.187178022917145,45.30992870317658,45.564328462606504,34707700
2016-01-26,45.76609802246094,46.00295575391236,45.22220435011364,45.432745671328504,28900800
2016-01-27,44.93272018432617,45.79242428746223,44.75726961611771,45.62574474176564,36775200
2016-01-28,45.669593811035156,45.80117918102258,44.959020765918794,45.494143304611846,62513800
2016-01-29,48.327659606933594,48.327659606933594,47.37145782439831,48.011849352673835,83611700
2016-02-01,47.994319915771484,48.327675666761316,47.81009832171446,48.143454072704294,44208500
2016-02-02,46.49422836303711,47.59956137621462,46.18719234449936,47.52060877909897,56313800
2016-02-03,45.75733184814453,46.83634828587111,44.96780599300746,46.71353389650337,57559800
2016-02-04,45.61697006225586,46.32754330063667,45.06430198795967,45.70469366610688,46987100
2016-02-05,44.0028190612793,45.61695769830779,43.47647088795178,45.564321542399014,62009000
2016-02-08,43.34489059448242,43.48525035774146,42.27464530810682,43.467704969028986,59290500
2016-02-09,43.2308464050293,44.07300831473765,42.69572377219025,43.002763049059546,46740500
2016-02-10,43.60807418823242,44.20460414804465,43.44139797898309,43.76597937444398,38237000
2016-02-11,43.59052658081055,43.9589731120633,42.55537189999553,42.704506055591565,48878600
2016-02-12,44.30109786987305,44.4590030408869,43.643160772795724,44.08178550418061,34243300
2016-02-16,45.140464782714844,45.140464782714844,44.29225956183697,44.97259188602066,37291200
2016-02-17,46.315582275390625,46.62482608253645,45.45854304925431,45.49388577643691,40789000
2016-02-18,46.11237716674805,46.78387565449582,46.03285769768499,46.236076740099605,27176000
2016-02-19,45.78545379638672,46.19188503823419,45.52922408590849,45.91798733503902,33559100
2016-02-22,46.518798828125,46.82803924856045,46.19188367455862,46.19188367455862,25008300
2016-02-23,45.21997833251953,46.27139903972235,45.04326809194349,46.244893683299566,28895300
2016-02-24,45.37901306152344,45.50270920747288,44.35409780448448,44.787034315307544,33014500
2016-02-25,46.0328483581543,46.0328483581543,44.716363756893784,45.705936549652215,26939500
2016-02-26,45.326011657714844,46.54530883961153,45.14930138388707,46.47462338189317,35975900
2016-02-29,44.95492172241211,45.635254064753184,44.76054009018093,45.37018697699503,31654000
2016-03-01,46.45695877075195,46.465792768375934,44.99026575051008,45.034445850035155,33024500
2016-03-02,46.783870697021484,46.79270469466184,46.085866917039894,46.30675393320103,29289900
2016-03-03,46.25373077392578,46.80153289341727,45.75010874538546,46.80153289341727,24427800
2016-03-04,45.97099304199219,46.34208488747842,45.688258002796736,46.297908169566796,33034200
2016-03-07,45.087459564208984,45.767792022259655,44.689865605885814,45.555742360549786,38407800
2016-03-08,45.63526153564453,46.059364226831654,44.70753331754982,44.88424361482827,33835100
2016-03-09,46.68667984008789,46.695513837722466,45.820803141759015,45.847308505131124,28251600
2016-03-10,45.98866271972656,46.77501972935668,45.202305710096454,46.766185734284754,38387800
2016-03-11,46.88990020751953,46.88990020751953,46.28025319535146,46.82805210645039,32275700
2016-03-14,46.97824478149414,47.34933668812878,46.501131430775445,46.57181351698751,24083600
2016-03-15,47.34933090209961,47.34933090209961,46.59831655422046,46.607150549991935,21104800
2016-03-16,48.02082061767578,48.24170756324093,47.181452920902075,47.22562963592164,31691700
2016-03-17,48.29472351074219,48.59512990314396,47.71158208672316,47.89712631925934,28223900
2016-03-18,47.260986328125,48.56863702800187,47.22564359747387,48.52445692945381,67625500
2016-03-21,47.587886810302734,47.64973488895668,46.766187056223146,47.048922093060476,23925700
2016-03-22,47.77342987060547,47.932468746221105,47.23446516662663,47.36699868646213,23124100
2016-03-23,47.685089111328125,47.92364748815509,47.48187346524627,47.80878529846767,20129000
2016-03-24,47.89714431762695,48.00317252217635,47.47304161083548,47.57023244643807,19950000
2016-03-28,47.30515670776367,47.967817651434544,47.11961245244811,47.89713219961841,17025100
2016-03-29,48.33891296386719,48.47144651943739,47.22564390485712,47.41118818628075,23924300
2016-03-30,48.63931655883789,49.160610011866055,48.506786381573995,48.53329174293315,23008300
2016-03-31,48.79835510253906,49.11643291833973,48.47144328984087,48.55096274379103,26360500
2016-04-01,49.0987548828125,49.13409760653665,48.21520701251468,48.63930958580152,24399200
2016-04-04,48.975067138671875,49.17828277931542,48.59514121950014,48.975067138671875,18928800
2016-04-05,48.20638656616211,48.86021028649051,48.11802973201733,48.76301945416555,19272300
2016-04-06,48.7011604309082,48.77184588236794,47.897131958126735,48.029665494379834,21188700
2016-04-07,48.1180305480957,48.51562788231895,47.914814881819076,48.48028514806163,19225100
2016-04-08,48.08267593383789,48.84252768028713,47.99432249049312,48.30356291266766,22167200
2016-04-11,47.98548889160156,48.72766928143254,47.97665152491324,48.144527787313045,21414200
2016-04-12,48.285888671875,48.4007474592662,47.49952829780806,48.03849299568211,24944300
2016-04-13,48.904380798339844,48.98390025372203,48.4979495243723,48.70116516135607,20818000
2016-04-14,48.91322326660156,49.1076049267991,48.65699350915363,48.78952707210077,20877100
2016-04-15,49.16944122314453,49.407996186445416,48.692324555607364,48.86019744064405,28793800
2016-04-18,49.8851203918457,49.99998257815737,48.7806853670326,49.02808110450913,23786000
2016-04-19,49.82326889038086,50.159018058677766,49.19595064813064,50.0353218836389,29596800
2016-04-20,49.11643981933594,49.92046846870339,49.02808635607434,49.734924173572885,36195700
2016-04-21,49.284297943115234,49.681895149294604,48.96622017817174,49.301969304552934,38909100
2016-04-22,45.75010299682617,46.324410402351724,44.85772122150561,45.864965152024745,126834100
2016-04-25,46.041683197021484,46.05935456008739,45.61758059484323,45.750110762135755,33226900
2016-04-26,45.44970703125,46.25373556094533,45.14046658539336,46.17421610765818,33532600
2016-04-27,45.00791931152344,45.502707244442796,44.66333624253928,45.48503588571707,43369300
2016-04-28,44.089046478271484,44.85773229332143,43.78864002392913,44.72519874534434,43134800
2016-04-29,44.062538146972656,44.39828733322364,43.60309277906819,43.60309277906819,48411700
2016-05-02,44.71635437011719,44.840050521937414,43.98300808365822,44.17738967678563,33114500
2016-05-03,43.98301315307617,44.5396492708916,43.82397426227177,44.47780118785297,26460200
2016-05-04,44.062538146972656,44.230414425332235,43.70028359907254,44.03603278532353,24257600
2016-05-05,44.1243896484375,44.44246749468582,43.938845361615456,44.062541552830155,25390700
2016-05-06,44.52198028564453,44.52198028564453,43.876990692041716,44.10671167409793,24787300
2016-05-09,44.2392463684082,44.69869171498108,44.17739828045301,44.61033826660738,17951600
2016-05-10,45.07862091064453,45.14930300042548,44.345274427666176,44.46897398310229,22891000
2016-05-11,45.105106353759766,45.750095726587446,45.06092964584738,45.175791782792984,24039100
2016-05-12,45.51155471801758,45.77662180694311,44.99026127784836,45.23765700281432,24102800
2016-05-13,45.13163375854492,45.85614285373501,45.09629102939707,45.44970820947107,22592300
2016-05-16,45.79429244995117,45.90915125817807,44.840059033965304,44.884235757934725,20032000
2016-05-17,44.94015121459961,46.02562025364769,44.80669407648141,46.0167244687234,27803500
2016-05-18,45.20707321166992,45.50068163682178,44.753310108195606,44.913461392475675,24907500
2016-05-19,44.77109909057617,45.03801673069922,44.326235225690446,44.90455960765866,23842400
2016-05-20,45.038021087646484,45.57185981357771,44.84228327610974,44.91345973647521,23905800
2016-05-23,44.51307678222656,45.091401158320394,44.468591074998244,45.02022131152157,26118700
2016-05-24,45.90105056762695,46.00781693754772,44.842275863645185,45.10919348546796,34757900
2016-05-25,46.37261962890625,46.701821412876406,46.079011171415,46.194673360768306,24040200
2016-05-26,46.167972564697266,46.24804819823688,45.69641794165399,46.203562489390876,24335200
2016-05-27,46.550559997558594,46.550559997558594,46.061210367728016,46.19466750638599,17721400
2016-05-31,47.15557098388672,47.15557098388672,46.33702307896697,46.497170952242634,37653100
2016-06-01,47.022125244140625,47.11110008397567,46.65733688592466,46.65733688592466,25324800
2016-06-02,46.692901611328125,46.9242326759554,46.1234765200014,46.83525788415981,22840800
2016-06-03,46.07900619506836,46.63953229721058,45.909955731274835,46.6039457626604,23368300
2016-06-06,46.38151550292969,46.5772533292906,46.167979317576616,46.25695414232478,18243300
2016-06-07,46.35481262207031,46.915342033192886,46.35481262207031,46.47937735324124,20866800
2016-06-08,46.30144500732422,46.657334163771296,46.15018948545096,46.28365004039543,21149400
2016-06-09,45.92774963378906,46.265847159517385,45.81208745960074,46.265847159517385,20305700
2016-06-10,45.803192138671875,46.31033677296034,45.41171308235664,45.42060886802722,25833200
2016-06-13,44.610965728759766,45.12700964824055,43.65006115992572,44.11272017234333,83217800
2016-06-14,44.33513641357422,44.57535992474608,44.10380529268282,44.397417085958345,42577100
2016-06-15,44.21056365966797,44.59314680297746,44.21056365966797,44.29063928022208,33757600
2016-06-16,44.8333854675293,44.904565324112504,44.050424015325895,44.05932319441998,31188600
2016-06-17,44.60205078125,44.86896841381756,44.326233970973135,44.85117345244081,45710500
2016-06-20,44.54867935180664,45.224874512181664,44.51308941830419,45.05582402506648,35607900
2016-06-21,45.54515838623047,45.75869452125642,44.62873996858622,44.6643298900975,34097800
2016-06-22,45.367225646972656,45.785395438497964,45.331635717553596,45.447301291144306,28816800
2016-06-23,46.185768127441406,46.319228649756376,45.509576519682675,45.62523868537744,29028800
2016-06-24,44.33513641357422,45.32273138739768,44.059319582985886,44.31734145088703,133503000
2016-06-27,43.089508056640625,43.73011301647505,42.74251483474413,43.68562392112098,50216300
2016-06-28,43.98814392089844,44.01483806449215,43.30305306539489,43.525485029102185,38140700
2016-06-29,44.96684265136719,45.126993922705026,44.30844260319582,44.40631320168474,31304000
2016-06-30,45.52737045288086,45.64303601862529,44.931254448740816,45.12699565322489,28527800
2016-07-01,45.518470764160156,46.01671951736702,45.43839513228837,45.49178001821688,21400400
2016-07-05,45.52737045288086,45.62524105512289,45.14479061672728,45.22486625546692,24806400
2016-07-06,45.71421813964844,45.856574460684925,44.833386069831015,45.1803793902298,28167500
2016-07-07,45.71421813964844,45.91885513901073,45.43840128274669,45.749804674375746,19585200
2016-07-08,46.53274917602539,46.58613404972132,45.86545352801153,46.02560475505815,28391000
2016-07-11,46.79078674316406,47.00432291586911,46.6840203538327,46.71071110265496,22269200
2016-07-12,47.34242630004883,47.5114767930741,46.96874216733755,47.10219933157315,27317600
2016-07-13,47.60932540893555,47.920732125155155,47.31571704717371,47.653814506996675,25356800
2016-07-14,47.8139762878418,48.036408250971974,47.67161996720018,47.902947715476905,24545500
2016-07-15,47.77838897705078,48.0453066686235,47.34242081204934,48.00082095236848,32024400
2016-07-18,48.00971221923828,48.34780974023074,47.64492394981351,47.77838448005961,31433900
2016-07-19,47.235652923583984,47.9563337227257,47.09329659963478,47.78728325463182,53336500
2016-07-20,49.74467468261719,50.57212170035931,49.406577212325125,49.95821082018106,89893300
2016-07-21,49.64680480957031,50.02938799077113,49.6112148871233,49.806956066540046,32776700
2016-07-22,50.33189010620117,50.38527498410458,49.62900448699268,49.89592548246832,32157200
2016-07-25,50.47425842285156,50.48315760164498,50.05608526465925,50.242930684856354,25610600
2016-07-26,50.500953674316406,50.97251176519132,50.27852170123811,50.287420880825074,28079000
2016-07-27,49.993804931640625,50.53653944431957,49.92262847101708,50.36749238055165,32327500
2016-07-28,50.011600494384766,50.153956811379395,49.575635758482235,49.824758464712254,37550400
2016-07-29,50.42976760864258,50.50094406157722,49.86923819284886,50.05608020009946,30558700
2016-08-01,50.340797424316406,50.4920495117754,49.94931504446114,50.35858899245347,26003400
2016-08-02,50.340797424316406,50.625510031097335,50.10057052596213,50.58102092862869,35122000
2016-08-03,50.687801361083984,50.812362728489994,50.26073236110221,50.42977944628998,22075600
2016-08-04,51.061466217041016,51.17713175491071,50.42086126150599,50.536526799375686,26587700
2016-08-05,51.56862258911133,51.7910545396103,51.114862903472,51.29280914267962,29335200
2016-08-08,51.657588958740234,51.68427970234216,51.40846290696952,51.657588958740234,19473500
2016-08-09,51.78215026855469,52.04906788660072,51.621999018918736,51.755456130920926,16920700
2016-08-10,51.622013092041016,51.88893078285378,51.444066833484975,51.74657445481746,15756900
2016-08-11,51.871131896972656,52.004592429312865,51.63090497518568,51.63090497518568,18162300
2016-08-12,51.55082702636719,51.773258974279784,51.266114404562444,51.63090266337741,21655200
2016-08-15,51.710975646972656,52.049073140783,51.56861934337493,51.61310505186634,19283900
2016-08-16,51.42448806762695,51.58563750646724,51.27229327272002,51.5766862777299,20523500
2016-08-17,51.53191375732422,51.63934555825058,51.23647203578249,51.51400788797059,18856400
2016-08-18,51.5677375793457,51.65726695302157,51.27229918420634,51.40658812192554,14214300
2016-08-19,51.58564376831055,51.68412437235569,51.209630642170644,51.415543080084845,17271000
2016-08-22,51.63041687011719,51.70204038353617,51.26335490183762,51.56774800347412,15221900
2016-08-23,51.82734298706055,52.086972924425595,51.79153125462507,51.836297627766804,18732400
2016-08-24,51.881072998046875,51.96164770770648,51.67516061007135,51.74678067688234,18151500
2016-08-25,52.078041076660156,52.18547632098766,51.72888507058645,51.81841444085937,18552600
2016-08-26,51.95269775390625,52.55253251666553,51.64830475829615,52.17651603258439,20971200
2016-08-29,52.015380859375,52.46301753945635,52.015380859375,52.0870043674825,16417200
2016-08-30,51.82734298706055,52.095924149937076,51.576667690401756,51.90791767744298,16930200
2016-08-31,51.442386627197266,51.746779588934345,51.29914308139132,51.61249068578875,20860300
2016-09-01,51.55878829956055,51.764700744008174,51.039528158190976,51.039528158190976,26075400
2016-09-02,51.63041687011719,52.0959594617493,51.4065985134785,51.63041687011719,18900500
2016-09-06,51.576683044433594,51.746783701347766,51.21857244386125,51.72887782979957,16278400
2016-09-07,51.621456146240234,51.78260560660324,51.39763783075789,51.45135545594438,17493400
2016-09-08,51.41553497314453,51.737833839129664,51.19171669567662,51.59459027815804,20146100
2016-09-09,50.32330322265625,51.49611228517108,50.32330322265625,50.84256329184781,35113900
2016-09-12,51.07533264160156,51.21857620932225,49.78614053211539,50.13529651498481,29303000
2016-09-13,50.609798431396484,50.71723368607324,50.180067658279256,50.5829413253256,30130200
2016-09-14,50.36806106567383,50.69931455821398,50.16214867082752,50.48444752022025,24062500
2016-09-15,51.20067596435547,51.343919547821265,50.11739615094561,50.269594379426,26847000
2016-09-16,51.25437927246094,51.594583968864754,50.806742772264776,51.594583968864754,44607000
2016-09-19,50.96790313720703,51.7020268820569,50.89627964249182,51.27229615935426,20937100
2016-09-20,50.8604736328125,51.343918583431275,50.806756009323145,51.343918583431275,17384000
2016-09-21,51.71097183227539,51.79154654644809,51.102189277098766,51.487153561261884,33707300
2016-09-22,51.76469802856445,51.925847483625894,51.59459734386464,51.85422398573354,19822200
2016-09-23,51.41553497314453,51.84526565605942,51.370772000690124,51.80945391201754,19955300
2016-09-26,50.9410400390625,51.155903667528534,50.87837119616026,51.102189468009925,21688700
2016-09-27,51.881072998046875,51.979553578208126,50.744075835159386,50.96789409363656,28065100
2016-09-28,51.95269775390625,51.979558269680844,51.63039888617839,51.81840883581691,20536400
2016-09-29,51.3886833190918,52.078040681381474,51.218579224462495,51.75574519643404,25463500
2016-09-30,51.5677375793457,51.719935806996475,51.334968038181245,51.54088047484114,29910800
2016-10-03,51.406578063964844,51.522964519373666,51.08428262737968,51.39762683594682,19189500
2016-10-04,51.245445251464844,51.56774077105678,51.00372105037343,51.27230235763169,20085900
2016-10-05,51.603546142578125,51.89003329025908,51.26334137400842,51.29020189205089,16726400
2016-10-06,51.69307327270508,51.80050509463519,51.28124502744689,51.69307327270508,16212600
2016-10-07,51.74678039550781,51.907929813950766,51.40657568821762,51.791543363920724,20089000
2016-10-10,51.96166229248047,52.27500657622079,51.80946405809477,51.845275809149825,18196500
2016-10-11,51.20067596435547,51.94375440153182,50.93209467225665,51.82736792271698,26497400
2016-10-12,51.12904739379883,51.272290953489,50.493404311123456,51.12904739379883,22177500
2016-10-13,50.958953857421875,51.299158662741426,50.42179125129337,50.76199605661292,25313700
2016-10-14,51.406578063964844,51.693068588477885,51.13799682587934,51.13799682587934,27402500
2016-10-17,51.22752380371094,51.44238741812563,50.914176194495774,51.35286148131877,23830000
2016-10-18,51.621456146240234,51.881086211846906,51.39763783075789,51.50506966593441,19149500
2016-10-19,51.505069732666016,51.782605673694434,51.388686667405864,51.4513555226064,22878400
2016-10-20,51.25437927246094,51.496103392390324,50.72616806562164,51.47819752255902,49455600
2016-10-21,53.4119987487793,54.11926539342565,53.25980394471921,53.96706717416935,80032200
2016-10-24,54.61166763305664,54.61166763305664,53.65372553959415,53.6626767693066,54067000
2016-10-25,54.60270690917969,54.9429082222418,54.43260283745285,54.47736580862462,35137200
2016-10-26,54.2804069519043,54.7907123263469,54.137163397941386,54.441556377012034,29911600
2016-10-27,53.80591583251953,54.45946824812465,53.79696460355879,54.26250705902743,28479900
2016-10-28,53.60000228881836,54.181931199732205,53.34037567205614,53.72533998281309,33574700
2016-10-31,53.64476776123047,54.09240435502657,53.64476776123047,53.859634828938916,26434700
2016-11-01,53.5373420715332,53.734303288242366,53.04494244495689,53.689540306771164,24533000
2016-11-02,53.20608139038086,53.65371794697825,53.08969492941069,53.555237358095475,22147000
2016-11-03,53.009132385253906,53.39410018554459,52.91960641945469,53.295619574047436,21600400
2016-11-04,52.56148910522461,53.07179455943485,52.39138842555328,52.50777489858958,28697000
2016-11-07,54.09239196777344,54.18192131514799,53.51941780535791,53.51941780535791,31664800
2016-11-08,54.137176513671875,54.4147090456648,53.850689336339244,54.20879660040676,22935400
2016-11-09,53.86858367919922,54.24460017728442,53.00017104791878,53.716388883323894,49632500
2016-11-10,52.55253601074219,54.15507581227322,51.59459398752445,54.14612116802101,57822400
2016-11-11,52.83902359008789,52.92854954217321,51.93479576412384,52.13175695694693,38767800
2016-11-14,52.03326416015625,52.892728808556654,51.28123472730299,52.839011200783084,41328400
2016-11-15,53.06078338623047,53.61960506165331,52.56505736432195,52.57407250265308,35904100
2016-11-16,53.76382064819336,53.77283234898034,53.006710566166,53.123879867737415,27332500
2016-11-17,54.65612030029297,54.93553112684951,54.05223671039468,54.4488168244353,32132700
2016-11-18,54.39473342895508,55.106778007169396,54.34966805629023,54.78230182275439,27686300
2016-11-21,54.85441207885742,54.95355796693886,54.45782852653165,54.52993587723369,19652600
2016-11-22,55.08876419067383,55.21494863926611,54.809356751153295,54.96257974208154,23206700
2016-11-23,54.43980407714844,55.07072619228413,54.30460451632355,54.989607143442726,21848900
2016-11-25,54.556976318359375,54.556976318359375,54.196449867071905,54.349672835258815,8409600
2016-11-28,54.62907028198242,54.99861178098139,54.26854048079303,54.38571318191963,20732600
2016-11-29,55.06171417236328,55.35013669139495,54.54796134544639,54.66513406826164,22366700
2016-11-30,54.31361389160156,55.14283118185852,54.277563656756264,54.8544086734911,34655400
2016-12-01,53.358211517333984,54.21446727742319,53.123866098395595,54.17841360708386,34542100
2016-12-02,53.40328598022461,53.601577762590985,52.997690715506046,53.250063012590836,25515700
2016-12-05,54.277565002441406,54.611052891334126,53.68269313440172,53.80887755515747,23552700
2016-12-06,54.03421401977539,54.49388638182292,53.899014445972476,54.46684784236953,19907000
2016-12-07,55.3140983581543,55.323113498399906,53.89902390722972,54.08830059316441,30809000
2016-12-08,54.9896125793457,55.50336889830615,54.83638960431406,55.25099658903638,21220800
2016-12-09,55.854881286621094,55.87290812496324,55.097771267590375,55.14283664431181,27349400
2016-12-12,56.03513717651367,56.15230989485821,55.629545388409696,55.719676132817796,20198100
2016-12-13,56.76521682739258,57.16179697395388,56.098240970072766,56.33258300252535,35718900
2016-12-14,56.49482345581055,57.18884131972973,56.35962387569933,56.78324601766422,30352700
2016-12-15,56.404693603515625,56.918446514988105,56.1523212791257,56.51285120638662,27669900
2016-12-16,56.15231704711914,56.73817727519682,55.99007893590587,56.73817727519682,42453100
2016-12-19,57.3420524597168,57.47725201190785,56.260466356990726,56.38665421022717,34338200
2016-12-20,57.26995849609375,57.50430053053999,56.810282689452386,57.40515463348918,26028400
2016-12-21,57.26995849609375,57.41416977227637,56.89140174719686,57.17081259904295,17096300
2016-12-22,57.27897262573242,57.77469869374145,57.15278818350483,57.54035664935709,22176600
2016-12-23,56.99954605102539,57.26994168471064,56.602962579237804,57.18882265077836,12403800
2016-12-27,57.03560256958008,57.74764711946656,56.972510362705826,56.972510362705826,11763200
2016-12-28,56.77421951293945,57.14376103884807,56.63000826961578,57.14376103884807,14653300
2016-12-29,56.6931037902832,56.96349945755011,56.53987740126257,56.65705011777629,10250600
2016-12-30,56.00810623168945,56.77423141606222,55.908960336442675,56.74718943846075,25579900
2017-01-03,56.404693603515625,56.63903564944748,55.99909829491414,56.593970268106915,20694100
2017-01-04,56.15231704711914,56.5579123251523,55.99007893590587,56.3145551583324,21340000
2017-01-05,56.15231704711914,56.476793269545674,55.908959880299236,56.05317115268126,24876000
2017-01-06,56.63901901245117,56.91842979591841,55.917962807998684,56.152304785095545,19922900
2017-01-09,56.45876693725586,56.85535051856547,56.36863618055893,56.56692453294576,20382700
2017-01-10,56.44074249267578,56.84633779155467,56.13429309333041,56.5398883922093,18593000
2017-01-11,56.95448303222656,56.99053670391809,56.26948046142435,56.43171854576887,21517300
2017-01-12,56.431739807128906,57.14378461910518,55.8368677531627,56.837335170803286,20968200
2017-01-13,56.51283645629883,56.666059400518556,56.19737199271602,56.440729114359684,19422300
2017-01-17,56.359622955322266,56.51284937283061,55.90896228000188,56.49482253322562,20664000
2017-01-18,56.33258056640625,56.51284551187232,55.990077513847496,56.4858035351783,19670100
2017-01-19,56.15231704711914,56.76521581430971,56.06218629123085,56.098239968893346,18451700
2017-01-20,56.54891586303711,56.62101979952391,56.21542441219545,56.48582019099147,30213500
2017-01-23,56.74718475341797,56.8913960150705,56.395670018031666,56.512842742583,23097600
2017-01-24,57.251922607421875,57.45021437018105,56.72915466497222,56.96350010064534,24672900
2017-01-25,57.39612579345703,57.77467899104311,57.188822360740794,57.63948289401966,23672700
2017-01-26,57.927913665771484,58.171274253937845,57.27896470430944,57.792720979607296,43554600
2017-01-27,59.288909912109375,59.40608607398597,58.48673456072725,58.93739517955026,44818000
2017-01-30,58.70304489135742,59.29792015988407,58.40561413362885,59.20778941885921,31651400
2017-01-31,58.27043533325195,58.7210960753861,57.918920504510304,58.45971201976383,25270500
2017-02-01,57.306007385253906,58.24338232123214,57.206861496489395,58.009036868103706,39671500
2017-02-02,56.93646240234375,57.15278101780386,56.55790912312324,57.00856975358637,45827000
2017-02-03,57.39612579345703,57.414152627380226,56.846319392734095,57.233887726415276,30301800
2017-02-06,57.360076904296875,57.36909204114303,56.90941633347334,57.23389249458905,19796400
2017-02-07,57.170799255371094,57.48626027393316,56.99053434264967,57.45021004200267,20277200
2017-02-08,57.08967208862305,57.51329405746666,56.98151453169562,57.296975505345074,18096400
2017-02-09,57.73863220214844,58.08113864922819,57.071656458862094,57.25192138130371,22644400
2017-02-10,57.68456268310547,57.95496182129682,57.666535844674854,57.90989300608635,18170700
2017-02-13,58.333518981933594,58.45970342104797,57.80173580863484,57.90088170744416,22920100
2017-02-14,58.551143646240234,58.6871628646141,58.05240881827765,58.40606155333965,23108400
2017-02-15,58.514854431152344,58.551126673419084,58.1793482970749,58.48765197900799,17005200
2017-02-16,58.50579833984375,59.158685017069345,58.433260756548805,58.70529225990984,20546300
2017-02-17,58.59647750854492,58.659952212491596,58.306306445042445,58.46045830916667,21248800
2017-02-21,58.47859191894531,58.89571239708193,58.44231967064335,58.5874086638512,20655900
2017-02-22,58.36071014404297,58.38791259970824,58.079608877870186,58.33350768837769,19292700
2017-02-23,58.59647750854492,58.69622446020739,58.206559493379984,58.415116269965964,20273100
2017-02-24,58.59647750854492,58.75969916415406,58.16121745417928,58.514863221628424,21796800
2017-02-27,58.24283218383789,58.52393345799229,58.079610526988006,58.52393345799229,15871500
2017-02-28,58.01612854003906,58.21561897262159,57.816634648344795,58.106809154041784,23239800
2017-03-01,58.88666534423828,58.93200047812754,58.052417245610954,58.1521642256835,26937500
2017-03-02,58.04334259033203,58.71436193245727,57.925459505159466,58.65995701554087,24539600
2017-03-03,58.26096725463867,58.288169712199675,57.68969143207293,58.02520455118175,18135900
2017-03-06,58.27910232543945,58.542070956422144,57.86198527554538,58.007070820378544,18750300
2017-03-07,58.39697265625,58.74154856760898,58.206548580112994,58.206548580112994,18521000
2017-03-08,58.93198013305664,59.01359441504298,58.26096088640912,58.27003067734615,21510900
2017-03-09,58.69621658325195,59.122399870715576,58.4695202541185,59.11333699867075,19846800
2017-03-10,58.87757873535156,59.176819590109176,58.71435707986777,59.040800390835365,19538200
2017-03-13,58.67808532714844,59.113345384851414,58.551135918281716,58.950123727990785,20100000
2017-03-14,58.406063079833984,58.53301250877425,58.17029688970564,58.51487292279706,14280200
2017-03-15,58.714359283447266,58.86851115323851,58.26096654766775,58.5330049564251,24833800
2017-03-16,58.6146125793457,58.723429326959874,58.306308838441794,58.71435953510265,20674300
2017-03-17,58.823177337646484,59.15868354191484,58.650885880390234,58.859449587501715,49219700
2017-03-20,58.87757873535156,59.104275094733296,58.687154623657776,58.859446070619526,14598100
2017-03-21,58.224693298339844,59.39444736674194,58.15214880148762,59.11334608921958,26640500
2017-03-22,58.968265533447266,59.06801250133614,58.14309424790518,58.14309424790518,20680000
2017-03-23,58.823177337646484,59.15868354191484,58.73249325389629,58.886652045337065,19269200
2017-03-24,58.922935485839844,59.34911893657492,58.72344153286034,59.26751154756998,22617100
2017-03-27,59.03173828125,59.14055503847432,58.351649114603745,58.60554796323572,18614700
2017-03-28,59.20403289794922,59.36725458335026,58.62369066501777,58.90479198834312,20080400
2017-03-29,59.367252349853516,59.3944548100261,58.89571997944586,59.049878784131934,13618400
2017-03-30,59.584877014160156,59.829712984210936,59.26750345874678,59.32190837732489,15122800
2017-03-31,59.72089385986328,60.02013473662209,59.34910848239487,59.53046973416886,21040300
2017-04-03,59.4398078918457,59.79345377619961,59.113364472715,59.67556720259754,20400900
2017-04-04,59.60301971435547,59.675557303509294,59.19496204901835,59.29470901710798,12997400
2017-04-05,59.4488639831543,60.16522546458629,59.34005413468005,60.119890333797144,21448600
2017-04-06,59.60301971435547,59.902253700399356,59.376323317465406,59.485133160308635,18103500
2017-04-07,59.557674407958984,59.81157325166339,59.34004781595873,59.71182628903314,14108500
2017-04-10,59.421653747558594,59.684622377345676,59.267501870235826,59.49419824920147,17952700
2017-04-11,59.37632369995117,59.49420333653236,58.805044348444184,59.48513354349533,18791500
2017-04-12,59.14961242675781,59.403511222144196,59.040795692353655,59.321896941785255,17108500
2017-04-13,58.89572525024414,59.72090351319339,58.89572525024414,59.20403596898331,17896500
2017-04-17,59.37632369995117,59.38538657476315,58.95013336413645,58.977335825022486,16689300
2017-04-18,59.294700622558594,59.58487169276839,59.08614384115182,59.24029570883927,15155600
2017-04-19,58.97734069824219,59.62115769256801,58.84132146434786,59.53048050938033,26992800
2017-04-20,59.394439697265625,59.62113603198801,59.067996421807536,59.358167453523265,22299500
2017-04-21,60.210567474365234,60.482599013598936,59.349116971228455,59.548610917601714,32522600
2017-04-24,61.235225677490234,61.3531122239452,60.84530762322098,61.1898905519668,29770000
2017-04-25,61.58887481689453,61.69769157684998,61.298703708571615,61.57074214934776,30242700
2017-04-26,61.50724411010742,61.94249714841764,61.316820041068915,61.73394041870883,26190800
2017-04-27,61.906246185302734,62.005993148826995,61.280568862916084,61.79743634743967,34971000
2017-04-28,62.078529357910156,62.69514372356557,61.380307624761876,62.486586950045755,39548800
2017-05-01,62.93999099731445,63.06694042620365,62.11481279130963,62.27803447391361,31954400
2017-05-02,62.840240478515625,63.212018951191816,62.686081679381964,63.212018951191816,23906100
2017-05-03,62.6407356262207,62.91276708891946,62.305222545513146,62.91276708891946,28928000
2017-05-04,62.395904541015625,62.64074048648697,62.24175267503675,62.59539844674074,21749400
2017-05-05,62.56818771362305,62.59539016658285,62.1057252586373,62.47751056434936,19128800
2017-05-08,62.513790130615234,62.61353708196763,62.042257829999556,62.540992586761554,18566100
2017-05-09,62.60446548461914,62.82209204573587,62.27802218383223,62.44124383422569,22858400
2017-05-10,62.849308013916016,63.076004414968345,62.49566218173239,62.55913689729804,17977800
2017-05-11,62.078529357910156,62.323365296836265,61.770225634194325,61.98785219906572,28789400
2017-05-12,62.005985260009766,62.214548953086904,61.697681534322655,62.214548953086904,18714100
2017-05-15,62.051326751708984,62.0966687901332,61.271490734733874,61.788358148940745,31530300
2017-05-16,63.300750732421875,63.32810911234349,62.16077184982859,62.22461038893866,34956000
2017-05-17,61.540626525878906,63.018034787897605,61.49502458485491,62.8265191597796,30548800
2017-05-18,61.7503776550293,62.13340890443809,61.23054754286617,61.46766510778174,25201300
2017-05-19,61.732139587402344,62.106049048311924,61.495022028118825,61.55886056817065,26961100
2017-05-22,62.42525100708008,62.4708529529715,61.55886969818359,61.91454261092047,16237600
2017-05-23,62.63500213623047,62.69884067751423,62.36140441194056,62.67148229666107,15425800
2017-05-24,62.717063903808594,62.817382584129085,62.425229640479266,62.80826776437462,14593900
2017-05-25,63.492271423339844,63.729382040193634,62.84476420123084,62.89948096544641,21854100
2017-05-26,63.80234909057617,64.03946669030687,63.40107422301349,63.65643538465897,19827900
2017-05-30,64.2127456665039,64.2127456665039,63.6290699698543,63.64731353174845,17072800
2017-05-31,63.69289779663086,64.51368399666559,63.665539416276204,64.32216837630399,30436400
2017-06-01,63.93000793457031,64.39512122024176,63.33721758347976,64.05768499998942,21603600
2017-06-02,65.44391632080078,65.53511324914207,64.0576979616465,64.24009877620871,34770300
2017-06-05,65.91815185546875,66.47446222547667,65.48951859091703,65.63543925879864,33316800
2017-06-06,66.13702392578125,66.2282278194258,65.90902810743029,65.93639345025177,31511100
2017-06-07,66.01846313476562,66.36501424510689,65.61718830119602,66.24645893422479,22301800
2017-06-08,65.61717224121094,66.13700225843282,65.20678268578027,66.12788743835866,24588300
2017-06-09,64.13066101074219,65.7357534576508,62.55292694770976,65.69927329318925,49187400
2017-06-12,63.63820266723633,63.78412335589987,62.133428615330146,63.154852562330774,47761700
2017-06-13,64.43160247802734,64.58663792327732,63.802331960640714,63.85704871593404,25258600
2017-06-14,64.0850830078125,64.8420310479548,63.319020141559456,64.66875889937806,25510700
2017-06-15,63.74761199951172,64.03032449814756,62.74443210827287,63.17305826631244,26068700
2017-06-16,63.83881378173828,63.866172160098465,63.127468112859475,63.59258141861813,48345100
2017-06-19,64.63225555419922,64.69609410350438,64.15802036689225,64.29481924622618,23798300
2017-06-20,63.75672912597656,64.63223189215768,63.72024897431766,64.58662996311467,21512200
2017-06-21,64.0850830078125,64.40428282663379,63.784133714860246,64.030366219618,19891100
2017-06-22,64.07593536376953,64.3768845025839,63.57434186928063,64.33128952173517,22965700
2017-06-23,64.94232940673828,64.97880957337424,63.765870124779966,63.920905614572526,27617300
2017-06-26,64.32217407226562,65.39831452807863,64.24009892393362,65.11560196220663,19607000
2017-06-27,63.11833953857422,64.00296411899713,63.09098116315953,63.939125590403606,25215100
2017-06-28,63.65643310546875,63.69290631223198,62.73532808239789,63.118359374331526,25806200
2017-06-29,62.461727142333984,63.37371033828288,62.096932472378505,63.27339163009814,28918700
2017-06-30,62.863006591796875,63.27339627696148,62.689727545319315,62.72620771078197,24161100
2017-07-03,62.169891357421875,63.47402757572616,62.03309248962335,63.22779517999238,16165500
2017-07-05,62.99979019165039,63.32810464329852,62.21548421914413,62.25196437575819,21176300
2017-07-06,62.534690856933594,62.726206503516394,62.1243011796676,62.2610931001696,21117600
2017-07-07,63.346351623535156,63.69290273134208,62.65324245004172,62.65324245004172,16878300
2017-07-10,63.82057189941406,64.06680424215247,63.10921933153852,63.3463368541637,15014500
2017-07-11,63.82972717285156,64.45899805337493,63.61085306749306,63.838848956623856,17460000
2017-07-12,64.88758850097656,65.00614378003688,64.340400120723,64.46807717751958,17750900
2017-07-13,65.4530258178711,65.69926515802618,65.03351441532884,65.20679343559507,20269800
2017-07-14,66.3741226196289,66.82099234810775,65.62629682675731,65.88165095731665,25868100
2017-07-17,66.89399719238281,66.9851941628839,66.31945001613141,66.39241037568543,21803900
2017-07-18,66.84835815429688,66.93043328632162,66.26468957808221,66.65683559714925,26435300
2017-07-19,67.35906982421875,67.52322705444516,66.9851534273058,67.03075536376593,22416200
2017-07-20,67.68740844726562,67.76036878849528,66.83014183251996,67.6509282766508,42361000
2017-07-21,67.29522705078125,67.75121855515742,66.72979508051866,66.9851492097088,46717100
2017-07-24,67.12196350097656,67.25876237534983,66.69333027495085,67.05812495398634,21394800
2017-07-25,67.66002655029297,67.76946006623366,67.03075600211925,67.30435370772834,22018700
2017-07-26,67.53238677978516,67.83333607273825,67.31350571124152,67.79685589464763,16252200
2017-07-27,66.72068786621094,67.86978157856241,65.95461843343098,67.26787634226578,36844200
2017-07-28,66.61125946044922,66.85749188404334,66.1552678214466,66.27382314275039,18306700
2017-07-31,66.30117797851562,66.97605057778519,66.03670896498657,66.84837348232983,23600100
2017-08-01,66.1917495727539,66.95781220484241,66.1096674576699,66.66597782720673,22132300
2017-08-02,65.89990997314453,66.17350076669065,65.15208400484404,66.16438594408835,26499200
2017-08-03,65.7995834350586,66.06405937454475,65.52598571617524,65.8360635947683,18214400
2017-08-04,66.2829360961914,66.61125058917887,65.8816612807891,66.02758192561878,22579000
2017-08-07,66.02760314941406,66.48359487426102,65.89992602308745,66.39239792086794,18705700
2017-08-08,66.38325500488281,66.69332593928371,65.43479168420113,65.74486261860203,22044600
2017-08-09,66.09141540527344,66.12789556368627,65.70838417875693,65.89077801294228,22213400
2017-08-10,65.12472534179688,65.83607114299586,65.07000161701862,65.57159517318703,24734500
2017-08-11,66.11878204345703,66.30117590042505,65.00616142546501,65.30711755155393,21443700
2017-08-14,67.11283111572266,67.2313933684554,66.52916250464644,66.62948119947629,20096600
2017-08-15,67.13117218017578,67.4703992425036,66.9661403408179,67.4703992425036,19181400
2017-08-16,67.52540588378906,67.937981931949,67.08531870346316,67.24118014432817,18150400
2017-08-17,66.37937927246094,67.72713847831061,66.37937927246094,67.46125339052826,22977500
2017-08-18,66.46189880371094,66.78279222147879,65.94846933528237,66.26019237112774,18761500
2017-08-21,66.15015411376953,66.45271366360217,65.73757100173879,66.4435432846816,17734800
2017-08-22,67.07617950439453,67.14952156510094,66.33353255702797,66.33353255702797,14343700
2017-08-23,66.67276763916016,67.06701007522314,66.49856537824014,66.89280781430313,13766500
2017-08-24,66.645263671875,66.8011251715665,66.07681897335469,66.69110158622193,17098300
2017-08-25,66.76443481445312,67.250359960023,66.45271188897411,66.80110933420643,12794300
2017-08-28,66.77361297607422,67.01198688983081,66.51689830282852,66.98448274554737,14569700
2017-08-29,66.97530364990234,67.07615681858395,66.05846174912311,66.24182733129953,11478400
2017-08-30,67.85546875,68.03883432600098,66.77359506371823,66.93862688009844,16897800
2017-08-31,68.55227661132812,68.72647883822252,67.66294570363752,67.87381545676787,27652800
2017-09-01,67.79129028320312,68.52475958414938,67.51623492350555,68.4972554471693,21736200
2017-09-05,67.48875427246094,67.74546896687568,66.91114621002775,67.24120296359614,21556000
2017-09-06,67.29621124267578,67.8829896244961,67.2503663398976,67.60793419772718,16535800
2017-09-07,68.15803527832031,68.39641617214076,67.4795741135465,67.552923157022,17471200
2017-09-08,67.8279800415039,68.24972655819688,67.69961571516697,68.1488733699714,14703800
2017-09-11,68.54310607910156,68.70813790975149,68.13052300500227,68.13052300500227,17910400
2017-09-12,68.46975708007812,68.98318633350159,68.18553831406855,68.54310611483832,14394900
2017-09-13,68.9556884765625,68.974029234398,68.3505763720332,68.69897382646222,13380800
2017-09-14,68.55227661132812,69.2124040027704,68.3230661001301,68.76315335940818,15733900
2017-09-15,69.04737091064453,69.12071995169404,67.91048875417536,68.60729065424658,38578400
2017-09-18,68.90985107421875,69.6524908881297,68.79982751125246,68.97402973721168,23307000
2017-09-19,69.16657257080078,69.41411686828447,68.77233017484504,68.95569580298478,16093300
2017-09-20,68.70816802978516,69.26744242355205,68.13055287182314,69.08406975636093,21587900
2017-09-21,68.03884887695312,68.98319508572015,67.94716606934513,68.86400813532475,19186100
2017-09-22,68.22223663330078,68.3139194612635,67.70880020579706,67.83715756393514,14111400
2017-09-25,67.16785430908203,68.07552603090811,66.85612435722301,67.92882793710383,24149200
2017-09-26,67.16785430908203,67.67211326789646,66.92030302452484,67.54375593329279,18019600
2017-09-27,67.70880126953125,68.00219052059205,67.0853482366581,67.43375278132197,19565100
2017-09-28,67.72711944580078,67.81880224462822,67.21368318145862,67.42455991421598,10883800
2017-09-29,68.29557037353516,68.34141527940376,67.73629609770077,67.79131138373322,17079100
2017-10-02,68.40560150146484,68.77233980404374,68.12138263956808,68.49728432837173,15304800
2017-10-03,68.0846939086914,68.65313151392007,68.02051524374785,68.46059551908941,12190400
2017-10-04,68.47892761230469,68.50643175166444,67.58041942184214,67.92881684531388,13317700
2017-10-05,69.65251159667969,69.79003934253883,68.72649890250992,68.96487986233566,21195300
2017-10-06,69.68001556396484,69.70751971407414,69.25826894073505,69.37745592285921,13959800
2017-10-09,69.94586944580078,70.18425029857522,69.55162714869054,69.65248031736633,11386500
2017-10-10,69.94586944580078,70.25759233447239,69.80834176170212,69.98254396122367,13944500
2017-10-11,70.06507873535156,70.1017532624788,69.63416178529519,70.01007044213613,15388900
2017-10-12,70.70686340332031,70.86272487741711,70.01923184647573,70.12924841880292,16876500
2017-10-13,71.04608154296875,71.39448596463987,70.86271594889377,71.13776434000624,15335700
2017-10-16,71.19278717041016,71.33947826224976,70.91773175515496,70.98191041938786,12380100
2017-10-17,71.13777160644531,71.16528274382084,70.82604866568678,71.02775503674218,16824000
2017-10-18,71.15611267089844,71.37615280620133,70.93607253559554,71.21112095598671,13300700
2017-10-19,71.43116760253906,71.44950136579442,70.91773129704269,71.11943766760022,15092800
2017-10-20,72.25634002685547,72.40303815365495,71.71540642292369,71.80708925469753,22866400
2017-10-23,72.2746810913086,72.74226563378879,72.21050240930434,72.42137222376756,20627200
2017-10-24,72.30216979980469,72.61389276154979,71.9354315545544,72.33884432382474,17517200
2017-10-25,72.09129333496094,72.5222102502992,71.52285569766387,72.04545542595808,20410800
2017-10-26,72.21047973632812,72.81559183452204,72.20130935750639,72.6138854701409,32120700
2017-10-27,76.84053039550781,79.03178234748565,76.65716478247735,77.35396670290265,71066700
2017-10-30,76.91387939453125,77.3172921369063,76.19874371119347,76.73967716578753,31756700
2017-10-31,76.26290893554688,77.34478264902819,76.19873028283817,77.34478264902819,27086600
2017-11-01,76.26290893554688,76.7946789122467,75.98785356968186,76.72132988202289,22307400
2017-11-02,77.06058502197266,77.43648666373986,76.20792154802457,76.41879132402923,23992900
2017-11-03,77.14309692382812,77.50983517798068,76.46463570036369,77.08808863393789,17633500
2017-11-06,77.4456787109375,77.65654854593772,77.08811073423938,77.1981273455604,19860900
2017-11-07,77.26228332519531,77.83989834466999,76.95056035813624,77.72070439083535,17939700
2017-11-08,77.52816009521484,77.57400499485834,76.85886932809703,77.14308812002791,18034200
2017-11-09,77.09722137451172,77.26225317353635,76.00618442063272,77.11556212715202,21178400
2017-11-10,76.89556121826172,77.10643101637484,76.30878274401913,76.8222121602436,19397800
2017-11-13,76.95054626464844,76.95971664286779,76.51962942267714,76.70300201231868,14196900
2017-11-14,77.06058502197266,77.10642293221477,76.07956420742597,76.55631904465642,18801300
2017-11-15,76.46163940429688,77.11586562480947,76.19441905562338,76.91314625477582,19383100
2017-11-16,76.66436767578125,76.86708708794177,76.42479657966506,76.57222440573034,20962800
2017-11-17,75.92719268798828,76.59063529002202,75.77975787416796,76.59063529002202,22079000
2017-11-20,76.0469741821289,76.10225871934998,75.78897030165922,75.9271886747904,16315000
2017-11-21,77.14352416992188,77.2540932822971,76.24050324839905,76.24050324839905,21237500
2017-11-22,76.58142852783203,77.30937219532184,76.51692754615976,77.24487121364956,20553100
2017-11-24,76.71964263916016,76.87628686731495,76.27734519663441,76.48928099890452,7425600
2017-11-27,77.28173065185547,77.38309034259514,76.75650635896798,76.76571576352264,18265200
2017-11-28,78.21240997314453,78.37827069556735,77.4199650804668,77.46604023728277,21926000
2017-11-29,76.7933349609375,78.24922187217693,76.64590720148719,78.0557189834797,27381100
2017-11-30,77.55815887451172,77.88066377949264,76.7933565069286,76.95000777227335,33054600
2017-12-01,77.6410903930664,78.14788179136758,76.68278511126995,77.03293227900964,29532100
2017-12-04,74.71089935302734,77.79774436018909,74.36074511138561,77.78852792486158,39094900
2017-12-05,75.18080139160156,76.18518152959241,74.61872560768215,74.95043981308079,26152300
2017-12-06,76.27732849121094,76.60904974293545,75.0333773122829,75.14395340621701,26162100
2017-12-07,76.01014709472656,76.29580039269406,75.55864011611403,76.05622224829334,23184500
2017-12-08,77.54893493652344,77.93594074997092,76.7841327122736,77.06056242327395,24489100
2017-12-11,78.53489685058594,78.6638988122442,77.51209056166708,77.66873479652645,22857900
2017-12-12,78.8573989868164,79.2904799986449,78.39667570275707,78.60860447657988,23924100
2017-12-13,78.64547729492188,79.24441907768798,78.47961660169558,79.0048409585654,22062700
2017-12-14,78.03730010986328,79.12460717433576,77.88986530718577,78.71916849705094,19306000
2017-12-15,80.02764129638672,80.2487865271419,78.2123902449909,78.56254447627343,53936700
2017-12-18,79.59452819824219,80.62655057644857,79.4563168784587,80.27640351620153,22283800
2017-12-19,79.08776092529297,79.56691004927576,78.57174606475832,79.56691004927576,23524800
2017-12-20,78.80210876464844,79.52084300538237,78.05573928128878,79.42869272292552,23674900
2017-12-21,78.78368377685547,79.33655032716835,78.69154052348325,79.29048221552206,17990700
2017-12-22,78.79291534423828,78.90348445748907,78.2492580937917,78.69155563703775,14145800
2017-12-26,78.69155883789062,78.81134439214503,78.35062098797715,78.60862496949817,9891200
2017-12-27,78.97718048095703,79.22597497850172,78.52567365403397,78.92189593931556,14678000
2017-12-28,78.98640441894531,79.17990736315384,78.82976018269264,79.15226508970687,10594300
2017-12-29,78.82051849365234,79.2904580819188,78.7836597975062,78.90344528742305,18717400
2018-01-02,79.19833374023438,79.53005508401151,78.78368557555284,79.36419441212294,22483800
2018-01-03,79.56690979003906,79.71434461544845,79.2167626248109,79.29968944154412,26061400
2018-01-04,80.2672119140625,80.77401034362858,79.76962991869203,79.78805575700378,21912000
2018-01-05,81.26235961914062,81.4650789503404,80.56205839229001,80.77399415583834,23407100
2018-01-08,81.3453140258789,81.62175084952422,80.71872998501925,81.27159660222942,22113000
2018-01-09,81.29003143310547,81.75997123260069,80.95831004876538,81.68625380717387,19484300
2018-01-10,80.92144775390625,81.26238555885257,80.54365826795846,80.95830646498804,18652200
2018-01-11,81.16101837158203,81.20708648362299,80.3869995704494,81.20708648362299,17808900
2018-01-12,82.56161499023438,82.7274756615193,81.50194998091834,81.70466936027546,24271500
2018-01-16,81.40982818603516,83.65816076055776,81.09653962995596,83.02236018135027,36599700
2018-01-17,83.05921936035156,83.18822135828657,81.77840878793855,82.08248793882034,25621200
2018-01-18,83.0223159790039,83.5475401252088,82.61688435935241,82.74588628788851,24159700
2018-01-19,82.93019104003906,83.49227400838346,82.61690258165925,83.05919299702833,36875000
2018-01-22,84.41373443603516,84.42295087164182,82.69062654177765,82.93020465698706,23601600
2018-01-23,84.68091583251953,85.0494957561694,84.34919460424238,84.68091583251953,23412800
2018-01-24,84.60723114013672,86.0907608093647,84.38608591251119,85.27989028801774,33277500
2018-01-25,85.07715606689453,85.91566871673936,84.70857606506084,85.2061580130245,26383200
2018-01-26,86.67125701904297,86.67125701904297,85.3075201126209,85.80510207471944,29172200
2018-01-29,86.54225158691406,87.95206357442497,86.357965103217,87.66641741567089,31569900
2018-01-30,85.45496368408203,86.30269997799228,84.8652383674977,85.97097860865355,38635100
2018-01-31,87.54663848876953,87.90600208006212,86.16446866685057,86.38561386993541,48756300
2018-02-01,86.8555679321289,88.52338420991998,86.2289838947691,87.34393355843808,47227900
2018-02-02,84.5703353881836,86.58830491786337,84.31233156394777,86.28422596926673,47867800
2018-02-05,81.08728790283203,85.91566535044231,81.08728790283203,83.44618857401656,51031500
2018-02-06,84.15572357177734,84.29394197420946,78.55332629649165,80.06449822823477,67998600
2018-02-07,82.57083892822266,84.56116013442846,82.19304240871115,83.38170948925756,41107600
2018-02-08,78.33216857910156,82.819608514553,78.10180695514356,82.66296429748049,55628700
2018-02-09,81.2531509399414,81.94423580038656,77.24486015537526,79.5208340872539,63499100
2018-02-12,82.1285400390625,82.72748178694357,81.02280683534379,81.7691763963499,35720300
2018-02-13,82.77356719970703,82.9302114674817,80.90303133253126,81.94426367901599,26407700
2018-02-14,84.06964111328125,84.23628092677365,81.84778635085468,81.94036245543845,34960900
2018-02-15,85.78230285644531,85.83784708846049,83.89372127380987,84.43992505689717,27823900
2018-02-16,85.17131042480469,86.55997309477434,84.98615822738351,85.58790640055415,30596900
2018-02-20,85.83785247802734,86.15261256334547,84.2547781982812,84.68989354465805,30911700
2018-02-21,84.69917297363281,86.43037517925274,84.69917297363281,86.07858313806503,26922500
2018-02-22,84.92133331298828,85.84710819803378,84.57879406280479,85.21758099367877,24392800
2018-02-23,87.0783920288086,87.08765175624225,85.50457739401025,86.65253638719378,26329200
2018-02-26,88.33744812011719,88.36522023980548,87.2542930736578,87.39316073520193,30199800
2018-02-27,87.2079849243164,88.72625505894212,87.2079849243164,88.63367898987495,25869100
2018-02-28,86.80992889404297,88.60593486633495,86.68032094378515,87.80050797850117,31167300
2018-03-01,85.95821380615234,87.55054805607966,85.02317900811767,87.01359682052681,37135600
2018-03-02,86.14336395263672,86.23594003719774,84.11591450416884,84.78247361397212,32830400
2018-03-05,86.6895751953125,87.27281093462258,85.41200816787479,85.48606480398338,23901600
2018-03-06,86.39331817626953,87.47647317418956,86.04152623747822,87.33760551886851,22175800
2018-03-07,86.89324188232422,86.96730557731313,85.569383352584,86.24520220892805,26716100
2018-03-08,87.42095184326172,88.0412195280351,86.80993682499238,87.27282442194641,25887800
2018-03-09,89.37432098388672,89.37432098388672,87.948626610212,88.21710221269973,36937300
2018-03-12,89.58724975585938,89.99459304385022,88.91143791507805,89.33729359656704,26073700
2018-03-13,87.40243530273438,90.02237360930374,86.99509197653674,89.80018955097043,35387800
2018-03-14,86.88400268554688,88.32821682669058,86.5599827722822,88.05974116624145,32132000
2018-03-15,87.18949127197266,87.55980269091918,85.9396964132431,86.5877360990724,27611000
2018-03-16,87.57832336425781,88.30042681477399,86.9487960114559,87.65238706767063,49081300
2018-03-19,85.99523162841797,86.93026627392379,85.27312832196674,86.78213889665066,33344100
2018-03-20,86.21742248535156,86.80991791534215,86.09707427907627,86.14336585392974,23075200
2018-03-21,85.61569213867188,87.06915889527534,85.36572888361097,86.0322881463012,24457100
2018-03-22,83.12533569335938,84.9398537933062,83.00498748955715,84.49547869839355,38604700
2018-03-23,80.70907592773438,83.74561721695746,80.61649982757098,82.85687394180219,44068900
2018-03-26,86.81918334960938,87.02285499138785,83.69006621284895,83.88447812642754,56396800
2018-03-27,82.82909393310547,88.07823671312629,81.94035074255456,87.89308453042514,56569000
2018-03-28,82.75502014160156,84.45844967972664,82.27362028743053,83.15310364264964,52501100
2018-03-29,84.49547576904297,85.43977016433142,81.83850620838933,83.48638447350189,45867500
2018-04-02,81.9496078491211,84.13443762630507,81.01458009376866,83.75487351226475,48515400
2018-04-03,83.05125427246094,83.3660213689811,81.36634446337357,82.93090609434792,37213800
2018-04-04,85.47681427001953,85.87489783432852,81.2182503426161,81.3293388311002,35560000
2018-04-05,85.5230941772461,86.16188120402026,84.61583860903356,85.57864548159792,29771900
2018-04-06,83.53268432617188,85.59715869419725,82.8383530514982,84.6991557821895,38026000
2018-04-09,84.0325927734375,86.25445416308663,83.89373217535532,84.2825559761907,31533900
2018-04-10,85.98597717285156,86.35628857563387,84.83801818101871,85.53234941257207,26812000
2018-04-11,85.04169464111328,86.36555321373943,84.68990267317385,85.18056230794038,24872100
2018-04-12,86.63402557373047,87.17097676502365,85.56938291874647,85.56938291874647,26758900
2018-04-13,86.171142578125,87.18949371139264,85.57864711647463,87.06914549868658,23346100
2018-04-16,87.18022155761719,87.6338563488365,86.48589037529192,87.0876454792609,20288100
2018-04-17,88.93920135498047,89.37431672229586,87.83752687714814,87.9486224166018,26771000
2018-04-18,89.28175354003906,89.54096943978858,88.43003507401465,89.078081886492,21043300
2018-04-19,88.97622680664062,89.8649698690874,88.26337617347573,89.28173422085415,23552500
2018-04-20,87.9486083984375,88.97621901950946,87.06912513969368,88.79106687970067,31154400
2018-04-23,88.27266693115234,89.1428979091554,87.60610763422272,88.6337187064718,22331800
2018-04-24,86.20816040039062,89.3095048728992,85.55086107529372,89.0965735401852,34524800
2018-04-25,85.4582748413086,86.37479703572764,83.57895301055503,86.37479703572764,33729300
2018-04-26,87.26356506347656,88.0875043578211,86.18966253060738,86.60626557378056,42529000
2018-04-27,88.70777893066406,90.63339303202314,86.93955198046437,90.35565764819287,48272800
2018-04-30,86.5784683227539,89.2447046408285,86.23593611913063,89.17990067826987,41523600
2018-05-01,87.9486083984375,88.21708394533121,85.90264688221444,86.29147061367372,31408900
2018-05-02,86.5692138671875,88.10599654595823,86.27296617832192,87.93935677952747,27471000
2018-05-03,87.08763122558594,87.88379808272472,85.58787357451267,86.06002067888588,31142500
2018-05-04,88.09675598144531,88.29116789179794,86.02301481147784,86.39332623919367,22531300
2018-05-07,89.07807159423828,89.5316993663869,88.04120105193869,88.10600501938849,24242000
2018-05-08,88.69850158691406,89.02252849140412,88.00417032832593,88.73553343494444,23484600
2018-05-09,89.74464416503906,89.77241628909086,87.9949297187385,88.88367300391468,27327400
2018-05-10,90.64263153076172,90.67965631436965,89.84646448424272,90.2260285525957,22388100
2018-05-11,90.44822692871094,90.60561406799187,89.83721901874483,90.54081009173632,16778300
2018-05-14,90.75372314453125,91.36473804171904,90.08716400690923,90.65188732833329,19454100
2018-05-15,90.09642791748047,90.58708756570294,89.1891652573517,90.02236421806116,24594000
2018-05-16,90.32889556884766,90.56134254298586,89.83610911866967,90.5241501758775,17384700
2018-05-17,89.42699432373047,90.69150634781325,89.10156999997055,89.96627297094305,17246700
2018-05-18,89.59434509277344,90.12432380839593,89.26892081014863,89.26892081014863,17865800
2018-05-21,90.74726104736328,91.12847733770657,90.00343528337882,90.18938995094597,19422500
2018-05-22,90.654296875,91.27725290487975,90.37535773943632,90.82165893759483,15441200
2018-05-23,91.73285675048828,91.79794160493324,89.55714987071059,89.91976650172069,21251200
2018-05-24,91.40743255615234,91.99320338583229,90.01275091400798,91.79794880717819,26649300
2018-05-25,91.45392608642578,92.03039706047463,90.98903219907865,91.39814108993382,18363900
2018-05-29,91.12849426269531,91.93740501993615,90.40326099328608,90.97042496281811,28671000
2018-05-30,92.0024642944336,92.28140336374965,91.0354915998924,91.40740090069353,22158500
2018-05-31,91.90020751953125,92.96946473110334,91.6863603334469,92.31861621643343,34140900
2018-06-01,93.71328735351562,93.77837219780706,92.2070289794219,92.30930617669645,28655600
2018-06-04,94.53153228759766,94.70819425521834,93.76910650788743,94.15032294460184,27281600
2018-06-05,95.01500701904297,95.14517672911549,94.40134373408637,94.83834508663719,23514400
2018-06-06,95.29395294189453,95.39623017094038,94.74538152584698,95.28466017104905,21122900
2018-06-07,93.7969741821289,95.4798946273067,93.33208036404868,95.44270227061428,28232200
2018-06-08,94.49433898925781,94.79187082490058,93.48087361256538,93.99225268653842,22165100
2018-06-11,93.95504760742188,94.45712671057944,93.60172375014882,93.91785524909223,23490900
2018-06-12,94.19678497314453,94.32695467722984,93.6761061568033,94.00153041701657,18325200
2018-06-13,93.76909637451172,94.8476536063696,93.49945706654724,94.57801429840514,29492900
2018-06-14,94.29908752441406,94.86625871337097,93.9085783072132,94.51294186357764,25691800
2018-06-15,93.09964752197266,94.40135182802267,93.0438625253635,94.38275919372553,65738600
2018-06-18,93.77837371826172,94.01082060788785,92.43947736402608,92.98805571227611,23586000
2018-06-19,93.77837371826172,93.90854340895507,92.5138620711983,92.65333162371721,28653100
2018-06-20,94.71748352050781,95.32183990137338,94.0201426868465,94.25258963140027,26180800
2018-06-21,94.03871154785156,95.26603082107604,93.7969648003891,94.91271410841244,23198200
2018-06-22,93.35999298095703,93.69471005046775,92.63475256481699,93.35999298095703,38923100
2018-06-25,91.48181915283203,93.08105527023329,90.46835387710554,92.97877804688429,35433300
2018-06-26,92.12336730957031,93.05315501250813,91.8165356651087,91.88162052056566,26897200
2018-06-27,90.69146728515625,92.99733615208623,90.561297611719,92.58823450430424,31298400
2018-06-28,91.70494842529297,92.15124959448455,90.43114395339607,90.54271392540664,26650700
2018-06-29,91.68637084960938,92.89509776545303,91.42603141388123,91.98390264668691,28053200
2018-07-02,92.98807525634766,93.03456038781337,91.11919988471612,91.21217724136517,19564500
2018-07-03,92.09547424316406,93.56453341348339,91.9931970289769,93.42507093388012,14670300
2018-07-05,92.755615234375,92.90437756528652,92.0768671485132,92.51386846621259,18977400
2018-07-06,94.05729675292969,94.30833622959891,92.671908419986,92.87646278290197,19234600
2018-07-09,94.69888305664062,95.07079958378037,94.14101181278986,94.51292833992962,18212000
2018-07-10,94.9499282836914,95.31254494136714,94.70818148066837,94.83835119913056,19293100
2018-07-11,94.81977844238281,95.15449557879715,94.00156050484807,94.04805273992403,19644600
2018-07-12,96.87458038330078,97.07913480733407,95.51709122547268,95.55427649009962,24335900
2018-07-13,98.02751922607422,98.18558143537373,96.78159999733631,97.0419465166569,24635200
2018-07-16,97.5440444946289,98.39014772984528,97.18142071528683,97.9996385443608,21786900
2018-07-17,98.51099395751953,99.02237997799105,96.99544271441121,97.26508197123106,25901700
2018-07-18,97.73928833007812,98.60399119917686,97.3673718208615,98.50171398179936,29493900
2018-07-19,97.06983947753906,97.91594261479744,96.59564575365465,97.56262583460521,40171600
2018-07-20,98.80853271484375,100.60302320432908,98.63187788101173,100.491453223744,56004000
2018-07-23,100.38917541503906,100.5472376157387,98.6783624211726,98.83643171558916,29707000
2018-07-24,100.1009292602539,101.17947911036718,99.7290128281157,100.9470322269953,26316600
2018-07-25,103.04837799072266,103.34590978684614,100.04516043827711,100.37988459563071,30702100
2018-07-26,101.92333221435547,103.20643671162664,101.81175513444249,102.96468991867387,31372100
2018-07-27,100.11953735351562,102.44400654625724,98.68766347954075,102.44400654625724,37005300
2018-07-30,97.97171783447266,99.98005527705266,97.40454685489176,99.66393091136686,34668300
2018-07-31,98.63188934326172,99.22695295459246,97.98103364143772,99.01309864409026,27655200
2018-08-01,98.81784057617188,98.97590279060569,98.01822254657809,98.58539363951596,23628700
2018-08-02,100.01725006103516,100.50073648316047,97.47892683715742,97.99961270758043,26104300
2018-08-03,100.45425415039062,100.46355401272336,99.3199121321587,100.23110711042064,18659600
2018-08-06,100.53792572021484,100.80756496228152,100.00794709786756,100.52863295214489,20265900
2018-08-07,101.23528289794922,101.43983732830925,100.57513447778918,100.93775111571206,16080200
2018-08-08,101.80245971679688,102.04420652030689,101.12371862540793,101.6536973641337,15487500
2018-08-09,101.96981811523438,102.42541920803674,101.90473325822224,102.00701047548665,13677200
2018-08-10,101.34684753417969,101.98840324268804,100.77037667336664,101.73735662035156,18183700
2018-08-13,100.6123275756836,101.88613929627233,100.51005035975295,101.57000778510928,18472500
2018-08-14,101.86754608154297,102.04420802830145,100.45427178862826,100.93775830907553,16788300
2018-08-15,100.48614501953125,101.72751586921657,99.70211420397867,101.26083306408262,29982800
2018-08-16,100.46751403808594,101.60622167894887,100.15017302132996,101.08353900616615,21384300
2018-08-17,100.4114990234375,100.71017580813213,99.5808039934738,100.20615739876939,18061500
2018-08-20,99.74879455566406,100.71016008376549,99.3847825036842,100.34614803178563,17914200
2018-08-21,98.9180908203125,100.1967971529489,98.79674873314706,99.79544965443179,22881900
2018-08-22,99.92613983154297,100.1874811150356,98.731432752139,98.79676807301216,18000600
2018-08-23,100.39281463623047,100.9715039466096,99.74879713126059,100.01013839368493,18167700
2018-08-24,101.17684936523438,101.32618418325244,100.39281842733887,100.4954892301706,17234000
2018-08-27,102.29688262939453,102.33421811313302,101.27951740132843,101.98887022931353,19662300
2018-08-28,102.91290283203125,103.13690860343957,102.47421981897095,102.6142260964818,19151500
2018-08-29,104.55561828613281,104.5649539366336,102.92222837822429,103.09023448216405,20818000
2018-08-30,104.49031829833984,105.10634326137546,104.0143067771039,104.22897696408859,22798700
2018-08-31,104.844970703125,105.26498241937074,104.08893964446145,104.24761722530143,23222700
2018-09-04,104.26627349853516,104.49961490564522,102.87556070604333,103.4635784883954,22634600
2018-09-05,101.26085662841797,103.99561878774793,100.89684452538566,103.61294250141331,32872400
2018-09-06,101.49417877197266,101.72752018443784,100.34614301041222,101.03683159742504,23477600
2018-09-07,100.99951171875,101.47553026759581,100.08481722835785,101.01818302239974,22498600
2018-09-10,102.091552734375,102.33422984599098,101.13952271344496,101.5875343276416,20727900
2018-09-11,103.82760620117188,104.15428279628077,101.63419806713713,101.64353371871616,24301800
2018-09-12,104.26627349853516,104.39694411683561,103.14623759281274,104.00493226193423,18891100
2018-09-13,105.38632202148438,106.15168159188056,104.64896228203934,104.64896228203934,26055600
2018-09-14,105.81568145751953,106.15169370931973,104.94765099387165,105.80634580579847,19122300
2018-09-17,104.6676254272461,106.12367359042614,104.40628417959992,106.11434506087801,20736500
2018-09-18,105.66634368896484,106.1236909471456,104.27563061024273,104.71431368525974,22170900
2018-09-19,104.25696563720703,105.7690209218714,103.6409478611696,105.51701526826893,21728400
2018-09-20,106.0023422241211,106.21701946828668,104.47162304638047,104.79829961705406,23714500
2018-09-21,106.64636993408203,107.60773549328778,105.9463456390081,106.40369285123876,71229700
2018-09-24,107.02904510498047,107.24372235322873,104.74230194576158,105.49832589812904,27334500
2018-09-25,106.82369232177734,107.43038139875979,106.17033923642057,107.15037598547028,22668000
2018-09-26,106.3850326538086,107.39306226449162,106.16101974386513,106.84237988316579,19352000
2018-09-27,106.786376953125,107.25305981972336,106.59036388266011,107.13171771695792,19091300
2018-09-28,106.74905395507812,106.93572427514502,106.1050292451197,106.58104781861141,21647800
2018-10-01,107.90641784667969,107.97175316610678,107.08505852802273,107.10372271028086,18883100
2018-10-02,107.47706604003906,108.12108355628027,106.81437722128915,107.61707232479253,20787200
2018-10-03,107.49573516845703,108.43843660009674,107.27172937515208,107.72907661344597,16648000
2018-10-04,105.2743148803711,107.11304639149448,104.1916072839881,106.9730401166498,34821700
2018-10-05,104.6583023071289,105.62900357247327,103.26758928935423,105.1249851969474,29068900
2018-10-08,103.4636001586914,104.56497211577215,102.05421577066913,104.21963131836752,29640600
2018-10-09,104.77965545654297,105.54501519165046,103.41694212920605,103.7342831096332,26198600
2018-10-10,99.08610534667969,104.07027472718592,98.74075747684466,103.82759765322035,61376300
2018-10-11,98.85274505615234,101.67150577662132,97.25668375990769,98.33005552575689,63904300
2018-10-12,102.26888275146484,103.82760181152429,99.98213956136641,101.74620022138872,47742100
2018-10-15,100.43016052246094,102.18489281652579,99.82347131698141,101.65287458547797,32068100
2018-10-16,103.60359191894531,103.98627527114759,101.69018939996415,102.24087886174046,31610200
2018-10-17,103.33292388916016,104.35962481540459,102.25022329525272,104.2382898284628,26548200
2018-10-18,101.27017974853516,103.16491100446788,100.64482643056022,102.763563463481,32506200
2018-10-19,101.41952514648438,103.47292693458171,100.99950628913572,101.67153076408117,32785500
2018-10-22,102.32488250732422,103.1742487404669,101.02750471115179,102.03554140949186,26545600
2018-10-23,100.8968505859375,101.70888146817897,98.10608858805229,100.58883813532695,43770400
2018-10-24,95.5019760131836,101.26084054494149,94.82061593410472,101.18617670257512,63897800
2018-10-25,101.08351135253906,101.98887012849471,99.07677360992521,99.45012132592565,61646800
2018-10-26,99.8327865600586,101.50351188608462,97.77938503007927,98.64741534760086,55523100
2018-10-29,96.93004608154297,101.45686921586511,94.85797267003052,100.90618675982319,55162000
2018-10-30,96.81803131103516,97.42471334501968,93.4392447698007,96.75269599409765,65350900
2018-10-31,99.69281005859375,100.93418842158997,98.36743218221511,98.41410332588318,51062400
2018-11-01,98.86211395263672,100.16882763067646,98.49810182303504,99.91682197211249,33384200
2018-11-02,99.08610534667969,100.16880584719162,97.9847335445469,99.38478208347765,37680200
2018-11-05,100.3461685180664,100.56083868433453,98.84344887012323,99.28213197643188,27922100
2018-11-06,100.5421371459961,101.58750199374053,99.19808848916587,100.22478915934943,24340200
2018-11-07,104.49960327148438,104.76094447898963,102.11018980742053,102.14752528292325,37901700
2018-11-08,104.30362701416016,104.73297442296276,103.51960316878562,104.35029815205829,25644100
2018-11-09,102.26888275146484,104.02360776030282,101.51285878888825,103.46358974650478,32039200
2018-11-12,99.74879455566406,102.63289113996835,99.03009898153911,102.12887280930043,33621800
2018-11-13,99.81415557861328,101.49420999255442,99.5341429491146,100.38350936984814,35374600
2018-11-14,98.3986587524414,101.48269870307013,97.9299598022263,101.33271160614767,39495100
2018-11-15,100.56404876708984,101.05149969559366,97.40502232072583,98.41740664958253,38505200
2018-11-16,101.51082611083984,102.06388747528074,100.11410515067828,100.37657543561829,33502100
2018-11-19,98.07059478759766,101.76393855102688,97.06757907607887,101.49209223552252,44773900
2018-11-20,95.34273529052734,96.52385859424842,93.13047577323685,95.42710481668217,64052500
2018-11-21,96.65510559082031,97.8924706293991,95.83956677947879,97.11442859519983,28130600
2018-11-23,96.61760711669922,97.31127960220007,95.61459158904219,95.77394752526367,13823100
2018-11-26,99.80476379394531,99.95474375139806,98.03308218887473,98.22993490590713,32336200
2018-11-27,100.43283081054688,100.61093873625205,98.7642633542979,99.617291897443,29124500
2018-11-28,104.16368103027344,104.36053377605266,101.10776117531496,101.1358819744577,46788500
2018-11-29,103.2918930053711,104.1636734744591,102.2045078388615,103.42312815970438,28123200
2018-11-30,103.94807434082031,104.02306790496178,102.51385639756941,103.76996641392932,33665600
2018-12-03,105.07293701171875,106.31967805182565,103.79808232804372,105.92597261340634,34732800
2018-12-04,101.72640991210938,105.58849156712755,101.4358188718149,104.93231594330845,45197000
2018-12-06,102.3544921875,102.40135779747597,98.42679219148012,99.19545828252336,49107400
2018-12-07,98.25804138183594,102.59819080989011,97.7705976514258,101.5951754063537,45044900
2018-12-10,100.85465240478516,101.22024422261062,97.38628249294129,98.23931814823483,40801500
2018-12-11,101.79204559326172,104.00430544988359,100.71404361250224,102.92630346912411,42381900
2018-12-12,102.25137329101562,104.30427000232322,102.21387651363288,103.94806134485563,36183000
2018-12-13,102.59822082519531,103.92933158383721,101.82955465697282,102.72008715728354,31333400
2018-12-14,99.3923110961914,102.4201098530539,98.89549128897698,101.47333584864225,47043100
2018-12-17,96.4488754272461,99.17670692072994,95.34274554957928,98.8111222888703,56957300
2018-12-18,97.46127319335938,97.96746898190376,96.1020417745515,97.25504448486582,49319200
2018-12-19,97.19879913330078,100.18909383547529,95.00528413443864,97.16130235577214,68198200
2018-12-20,95.1552734375,97.77998355898302,92.59617373848037,96.5988672226163,70334200
2018-12-21,92.08059692382812,96.55198166584248,91.3587965510391,95.26774399525857,111242100
2018-12-24,88.23725128173828,91.8368625095173,88.09664733484568,91.56501629256236,43935200
2018-12-26,94.26473999023438,94.38660630659581,88.0779146600482,89.18404457906475,51634800
2018-12-27,94.845947265625,94.85532324983727,90.36518515074535,93.0836412780841,49498500
2018-12-28,94.10538482666016,95.99893279525428,93.28984599047011,95.69895856897631,38196300
2018-12-31,95.21150207519531,95.98954402948614,94.15224504888805,94.94903181393533,33173800
2019-01-02,94.7896728515625,95.38023092045941,92.74614525928399,93.31795851802555,35329300
2019-01-03,91.30256652832031,93.91790780361103,91.11508263746234,93.83353826478015,42579100
2019-01-04,95.54896545410156,96.0926579367155,92.7367718358921,93.4773170135673,44060600
2019-01-07,95.67082214355469,96.80507268219485,94.65843790237558,95.27711676355293,35656100
2019-01-08,96.364501953125,97.46125572247769,95.34273457650848,96.5894754348896,31514400
2019-01-09,97.74250793457031,98.31432141320194,96.77698892527515,97.35817838847899,32280800
2019-01-10,97.11442565917969,97.25503678126739,95.97079902214188,96.75821701476576,30067600
2019-01-11,96.364501953125,96.9644360056826,95.27711701300305,96.73008654290922,28314200
2019-01-14,95.66146850585938,96.4301345777404,94.92092322961877,95.52085737587815,28437100
2019-01-15,98.43614959716797,98.4736463691399,95.50208976842244,96.09265498725773,31587600
2019-01-16,98.78301239013672,99.60792732188796,98.38930689186282,98.67052919164713,29853900
2019-01-17,99.4766845703125,99.95475243099906,98.20182263825575,98.42679616986,28393000
2019-01-18,100.96714782714844,101.14525575354382,99.2798355493402,100.73279830369341,37427600
2019-01-22,99.06422424316406,100.39532773130809,98.29555814349702,100.06723985067815,32371300
2019-01-23,100.02973175048828,100.33907478226395,98.74549401818777,99.47667040741536,25874300
2019-01-24,99.5516586303711,100.30157984506438,98.74549582769838,100.17034470525986,23164800
2019-01-25,100.4609375,101.12648919234792,99.55166033593434,100.52655507102645,31225600
2019-01-28,98.50180053710938,99.81415939370218,98.10809502566565,99.60793065386584,29476700
2019-01-29,96.4957504272461,98.39866718388932,95.77394997707032,98.31429764669649,31490500
2019-01-30,99.72039031982422,99.72039031982422,97.79872883317334,98.07057509408838,49471900
2019-01-31,97.89247131347656,98.63301657570854,96.72072383876377,97.30191316086177,55636400
2019-02-01,96.34577178955078,97.58313694687969,95.94269033631137,97.28316985273267,35535700
2019-02-04,99.1204605102539,99.17670925232467,96.33638736234836,96.4301328818733,31315100
2019-02-05,100.5078125,100.55467810790466,99.32668904340562,99.42042741099397,27325400
2019-02-06,99.3923110961914,100.30158832152168,98.92361208534318,100.30158832152168,20609800
2019-02-07,98.67986297607422,98.97982998514242,97.76121713970558,98.60487658764039,29760700
2019-02-08,99.05484008789062,99.15795443497828,97.73311269160706,97.854971850993,21461100
2019-02-11,98.6611328125,99.90787378441976,98.39866253457556,99.5516579914263,18914100
2019-02-12,100.198486328125,100.43283586245998,98.87675867340138,99.49543772512003,25056600
2019-02-13,100.12347412109375,101.03275128932158,100.02973575516673,100.77028100401435,18394900
2019-02-14,100.20783233642578,100.57341692848715,99.0454609963275,99.65476388191108,21784700
2019-02-15,101.4452133178711,101.5202068747517,100.63905046085273,101.15462222468281,26606900
2019-02-19,101.39834594726562,101.8576761437431,101.03276127776206,101.04213726081538,18038500
2019-02-20,100.87115478515625,101.61486270392214,100.061549060035,101.53954887313826,21607700
2019-02-21,102.99873352050781,103.06463133306966,100.6075730353277,100.63581392895094,29063200
2019-02-22,104.46729278564453,104.68381104052392,103.38467996428398,103.60120540148456,27763200
2019-02-25,105.05097198486328,105.60640250975152,104.74031500151865,105.21101567107854,23750600
2019-02-26,105.77584838867188,106.60427892938345,104.65557856720001,104.74030841720196,21536700
2019-02-27,105.59698486328125,105.7758534133096,104.38257629259203,105.14511624954515,21487100
2019-02-28,105.46519470214844,106.2653844329929,105.18277859955055,105.47461072693179,29083900
2019-03-01,105.93592071533203,106.39720548748224,105.12631476614845,106.27482586533094,23501200
2019-03-04,105.68172454833984,106.61370993540025,104.30727934835824,106.3971844503646,26608000
2019-03-05,105.15453338623047,105.80410264982726,104.71208076188998,105.67230702856453,19538300
2019-03-06,105.20161437988281,106.0582931659724,104.90036619646824,105.31458514203449,17687000
2019-03-07,103.92129516601562,105.01332418703429,103.43176962087364,104.87211254709948,25339000
2019-03-08,104.03426361083984,104.22254100503572,102.42446818880175,102.7633732442121,22818400
2019-03-11,106.21831512451172,106.33127868884729,104.47672407855664,104.4861329207031,26491600
2019-03-12,106.96202087402344,107.31033476674675,106.04886044180547,106.20889694291196,26132700
2019-03-13,107.79045104980469,108.26115170941083,107.11264095080033,107.4421299760602,35513800
2019-03-14,107.87516784667969,108.44942319471387,107.63040868828475,107.82810209267528,30763400
2019-03-15,109.1178207397461,110.3792949487894,107.87516421288466,108.58121514006241,54681100
2019-03-18,110.68053436279297,110.71819127116295,109.24960775633787,109.36257129912696,31207600
2019-03-19,110.755859375,111.49956723026102,110.1345310975712,111.1700710442976,37588700
2019-03-20,110.63349151611328,111.79141842082046,109.87095866564931,110.51111191737303,28113300
2019-03-21,113.1752700805664,113.74010944728643,110.22867929393453,110.27575223379547,29854400
2019-03-22,110.19102478027344,112.58217775623899,110.18160875624531,112.49745508695162,33624500
2019-03-25,110.76528930664062,111.09477835165406,109.50380772846025,109.72974204756625,27067100
2019-03-26,111.00064086914062,111.75375766853598,110.00275051601595,111.66903499131207,26097700
2019-03-27,109.92742919921875,111.28304940111235,108.75067754683116,110.97238524112471,22733400
2019-03-28,110.07806396484375,110.6899763000546,109.3249399857654,110.55818068106427,18334800
2019-03-29,111.02886962890625,111.38659953085403,110.10629321123211,111.15124921007532,25399800
2019-04-01,112.04557037353516,112.13030021839131,111.17948297234642,111.9796725752343,22789100
2019-04-02,112.20562744140625,112.47863469049432,111.57488308825415,112.08324067114341,18142300
2019-04-03,112.9399185180664,113.37296226725461,112.16796971606618,112.83636379735594,22860700
2019-04-04,112.36566162109375,113.1846833514219,111.44308517144864,113.06229658368981,20112800
2019-04-05,112.86461639404297,113.18469661370644,112.37509081272123,112.39391568102008,15826200
2019-04-08,112.90225219726562,112.98697486224938,111.68784372291422,112.7892814616324,15116200
2019-04-09,112.29035949707031,112.53512587572652,111.63138138029144,111.67844714159119,17612000
2019-04-10,113.14703369140625,113.29765417677402,112.53512136047888,112.74223081239177,16477200
2019-04-11,113.2788314819336,113.76835704667009,112.89285346281686,113.47652491282656,14209100
2019-04-12,113.86249542236328,113.89074349725765,113.31648807389028,113.57066328935852,19745100
2019-04-15,113.95662689208984,114.45556841726909,113.50475112113556,113.85307217754452,15792600
2019-04-16,113.6930160522461,114.52145367788712,113.06227899259372,114.51203765514458,14071800
2019-04-17,114.63443756103516,114.70975139169649,113.47651793948653,114.13549600196768,19300900
2019-04-18,116.14068603515625,116.28189049046104,114.19198554640548,115.02983216538436,27991000
2019-04-22,116.50782012939453,116.73375441721653,115.38755034914449,115.4346232843381,15648700
2019-04-23,118.08938598632812,118.22118159889412,116.573729259497,116.82790446021079,24025500
2019-04-24,117.68458557128906,118.47535926312798,117.223293735394,118.41887748008874,31257000
2019-04-25,121.5820083618164,123.67192101945933,121.28076732570787,122.43868724748903,38033900
2019-04-26,122.27864074707031,122.87172829111775,121.45962603549773,122.09977216301493,23654900
2019-04-29,122.1656723022461,122.55163598629275,121.77028541016286,122.28804472490393,16324200
2019-04-30,122.94700622558594,123.04113772967908,121.80790441830949,122.20329121064337,24166500
2019-05-01,120.38639831542969,122.99407681376249,120.21694579039679,122.88111325195528,26821700
2019-05-02,118.81427001953125,120.49937939006796,118.1647007541634,120.48055452226025,27350200
2019-05-03,121.34661102294922,121.84555251836639,119.79330476206823,119.89685947043647,24911100
2019-05-06,120.64057159423828,121.02654957713668,118.72011925082056,118.98371046727704,24239800
2019-05-07,118.16470336914062,119.72743317770357,116.94088582952087,119.04962300446292,36017700
2019-05-08,118.15528106689453,118.96488677245014,117.43981405638263,118.08938326213173,28419000
2019-05-09,118.14586639404297,118.41887364041781,116.32896154786161,117.0067716516444,27235800
2019-05-10,119.68035125732422,120.43347521162157,116.5643150815055,117.59044628967759,30915100
2019-05-13,116.12185668945312,118.19294399744422,115.83002456526664,116.83732373638259,33944900
2019-05-14,117.42098236083984,118.50358806435888,116.4513330295526,116.61137670237267,25266300
2019-05-15,119.07453918457031,119.72651287870862,116.8824037939308,117.41154489436695,24722700
2019-05-16,121.82414245605469,122.24935268122083,119.49028014141234,119.76429794062553,30112200
2019-05-17,121.01155853271484,123.26983552571461,120.86981698016024,121.23832194829606,25770500
2019-05-20,119.2635269165039,120.5580162839099,118.82888016747843,119.5469884264376,23706900
2019-05-21,119.9060287475586,120.50130430209681,119.60366553128253,120.40681714868074,15293300
2019-05-22,120.63360595703125,121.17219795145921,119.54698550655328,119.64147988313216,15396500
2019-05-23,119.22574615478516,119.32968421798795,117.8651076611559,119.24464070768116,23603800
2019-05-24,119.28242492675781,120.3973908662184,119.02730883952688,119.91550412268118,14123400
2019-05-28,119.20683288574219,120.94541983560276,119.10289483885826,119.98163919320767,23128400
2019-05-29,118.05406188964844,118.47925771596395,117.20366302810916,118.46980683725012,22763100
2019-05-30,118.8005142211914,118.82885964639878,117.90286823914742,118.3564166691886,16829600
2019-05-31,116.86349487304688,117.75168997509147,116.52333535349395,117.38318503039376,26646800
2019-06-03,113.23513793945312,117.51547769437511,112.45088801633945,117.02413292367602,37983600
2019-06-04,116.37217712402344,116.48555884386872,114.00051096217065,114.59578661808524,29382600
2019-06-05,118.89501953125,118.9328158402676,117.36430145612704,118.06351515068052,24926100
2019-06-06,120.77531433105469,120.91704865652345,118.67766649905738,119.47137439633808,21459000
2019-06-07,124.15803527832031,124.96119427899896,121.19109332167913,122.06984494506553,33885600
2019-06-10,125.29183959960938,126.69026628714792,124.72490245767757,125.10285094042514,26477100
2019-06-11,124.81944274902344,126.84149815369808,124.04462933093096,126.50133862684554,23913700
2019-06-12,124.24311828613281,124.6966597224557,123.50610804542475,124.15806755234165,17092500
2019-06-13,125.02731323242188,125.66982874454952,124.30919069790849,124.70604105854295,17200800
2019-06-14,125.150146484375,126.41629025062265,124.38479113937181,124.97061583943528,17821700
2019-06-17,125.52812194824219,126.35961189752777,125.22575148099838,125.32024585646643,14517800
2019-06-18,127.71080780029297,127.78640041787708,126.20844237257994,126.79426713658482,25934500
2019-06-19,128.21160888671875,128.4383723439573,126.4352182433155,127.55963511151994,23744400
2019-06-20,129.4021453857422,130.07302084437706,128.23993954780408,129.8745884243304,33042600
2019-06-21,129.42105102539062,130.13915927516527,128.93916430199394,129.05254602095368,36727900
2019-06-24,130.1864013671875,130.77222611596807,129.44939138716768,129.44939138716768,20628800
2019-06-25,126.07614135742188,130.00687086758464,125.41472399220633,129.6856130641681,33327400
2019-06-26,126.54859924316406,128.25885534096332,126.23679949125666,126.94546412668403,23657700
2019-06-27,126.7564468383789,127.28559509141701,126.15172039557963,126.74700316911267,16557500
2019-06-28,126.57691955566406,127.18164594562488,125.82100796375943,127.15330052248721,30043000
2019-07-01,128.2021484375,129.16593636647931,127.5312873317599,129.09980183194182,22613500
2019-07-02,129.05255126953125,129.06199494055605,127.88088726063043,128.61789729947856,15237800
2019-07-03,129.88406372070312,130.14863070393932,128.7785341762571,129.26043536686672,13629300
2019-07-05,129.5060577392578,129.7611809664724,128.2399141072979,128.44779015646318,18141100
2019-07-08,129.41162109375,129.54390458585283,127.90924106894421,128.8824727075193,16779700
2019-07-09,128.9391632080078,129.42104992731592,128.31553492338486,128.50450925932034,19953100
2019-07-10,130.25253295898438,130.94229566011765,129.46827589646176,129.57221392686392,24204400
2019-07-11,130.77223205566406,131.54704558759445,130.27144357002823,130.58325771694038,22327900
2019-07-12,131.24465942382812,131.4619935843096,130.40371146188022,131.19742665815627,18936800
2019-07-15,131.24465942382812,131.84938588615228,130.82892169545588,131.75490593699246,16651500
2019-07-16,129.52496337890625,131.3863897909255,128.99582957163852,131.30135351857496,22726100
2019-07-17,128.7596435546875,130.32814365313237,128.71239636220844,130.11082386911139,20211000
2019-07-18,128.9013671875,129.0903415344269,127.24781642070725,128.0793208485678,30381800
2019-07-19,129.09031677246094,132.91710783940832,128.9296878874938,132.49191203592878,48992400
2019-07-22,130.800537109375,131.5186595597962,129.76117135832268,129.8367639540414,25074900
2019-07-23,131.61312866210938,132.27456021577308,130.42257781757675,132.0572261142837,18034600
2019-07-24,132.96437072753906,132.9832724861843,131.19743836637144,131.2446711362584,20738300
2019-07-25,132.46360778808594,132.8604582892202,131.64156135129497,132.6903712642654,18356900
2019-07-26,133.5501708984375,133.8714286471754,132.56749589705836,132.6336304134151,19037600
2019-07-29,133.2572479248047,133.71078908782786,131.68873398115807,133.7013454199072,16605900
2019-07-30,132.61476135253906,133.4368075928406,132.09507114747962,132.4163289404921,16846500
2019-07-31,128.7596435546875,132.74706438056245,127.63522669565286,132.59587913175704,38598800
2019-08-01,130.45095825195312,133.17223453311303,129.38323246317267,129.44938140341958,40557500
2019-08-02,129.35487365722656,130.69662431994053,127.80526136136108,130.4792901825939,30791600
2019-08-05,124.92340850830078,126.54859947749688,123.57221377031804,125.95333098675248,42749600
2019-08-06,127.26669311523438,128.20212099452402,125.86826592201703,126.42574518189086,32696700
2019-08-07,127.82417297363281,128.17377616912023,124.56431925800649,126.41628768675763,33414500
2019-08-08,131.2352294921875,131.3297238690553,128.4383603000221,129.07144667296456,27496500
2019-08-09,130.1202850341797,131.69824325911267,128.93917728337783,130.97067684762933,23466700
2019-08-12,128.30606079101562,130.26198168880524,127.7863850366302,129.51552810896402,20484300
2019-08-13,130.9612274169922,131.15020176524646,127.55963147714098,128.55176482774914,25154600
2019-08-14,127.01738739013672,129.8046051908258,126.72349963640092,129.27370931751886,32527300
2019-08-15,126.73299407958984,127.58623211965678,125.37731437250623,127.40610360678166,28074400
2019-08-16,129.05567932128906,129.3685318075627,127.71894991607321,127.87063860017483,24449100
2019-08-19,131.21717834472656,131.34990231260173,129.77616493220503,130.68628247322587,24355700
2019-08-20,130.12692260742188,131.50158116632758,130.10797237473082,131.0275649641743,21170800
2019-08-21,131.5774383544922,132.24107274799027,130.82849896451538,131.34991978833696,14970300
2019-08-22,130.6199188232422,131.96612325930042,129.207345167504,131.45419206591475,18697000
2019-08-23,126.45803833007812,131.16028529019272,125.89870269882414,130.06056425985105,38508600
2019-08-26,128.41098022460938,128.51526436280648,126.9415271739503,127.97489344002202,20312600
2019-08-27,128.68594360351562,129.61501145250824,127.6620667131482,129.3021589749658,23102100
2019-08-28,128.51522827148438,128.704831797007,126.60968897137634,127.87057339154318,17393300
2019-08-29,130.9422149658203,131.2455922415213,129.79510399840956,130.11743150447336,20168700
2019-08-30,130.6957550048828,131.94715032497564,129.18838687115593,131.91871050855266,23940100
2019-09-03,128.97032165527344,130.07004271383653,128.64799411026144,129.51070706822867,18869300
2019-09-04,130.47769165039062,130.53457127454408,129.38744581275765,130.1648392517216,17995900
2019-09-05,132.77195739746094,133.08480986514482,131.54898734507594,131.8808045136029,26101800
2019-09-06,131.87132263183594,132.89518497159244,131.01808472760217,132.75298588713392,20824500
2019-09-09,130.37344360351562,132.48755219272408,129.36853138978861,132.33586350911233,25773900
2019-09-10,129.00827026367188,129.77617430942365,127.51985222668347,129.69085485230204,28903400
2019-09-11,129.0461883544922,129.18840191899935,128.06971596802455,128.8471096163427,24726100
2019-09-12,130.37344360351562,131.22666713363088,129.75721375102876,130.68629608877896,27010000
2019-09-13,130.18382263183594,130.8853573848433,129.47279829622437,130.6199094568145,23363100
2019-09-16,129.2452850341797,129.5960524642382,128.61010493328726,128.77126873806628,16731400
2019-09-17,130.2501678466797,130.3734166848953,129.3400503987531,129.842520867699,17814200
2019-09-18,131.3214111328125,131.46361016212305,129.4348220376351,130.22169042007124,23982100
2019-09-19,133.7389678955078,134.97139872191886,132.79093528083487,133.00897873177735,35772100
2019-09-20,132.19363403320312,134.28877743906952,131.0654732150478,133.68203730987156,39167300
2019-09-23,131.9092254638672,132.3737665401921,131.24560568756462,131.99454490671476,17139300
2019-09-24,130.24069213867188,133.37867698134454,129.76667595178293,133.06582456209873,29773200
2019-09-25,132.11782836914062,132.68665373551212,128.96087796402182,130.354487092385,21382000
2019-09-26,132.28846740722656,132.89520771446266,131.24564018913668,132.19367282330748,17456600
2019-09-27,130.57252502441406,133.06585537385152,129.54864808775338,132.86676216429416,22477700
2019-09-30,131.80496215820312,131.98509065435073,130.61992148968312,130.87589432451543,17280900
2019-10-01,129.9468231201172,132.96155955903473,129.88045390080396,132.4022238498008,21466600
2019-10-02,127.6525650024414,129.2831819915434,126.6381777920761,129.16942272536377,30521700
2019-10-03,129.19786071777344,129.6434371251223,126.29688374453339,127.93697582738487,24132900
2019-10-04,130.9422149658203,131.06546379230193,129.33056296967666,129.64341536055906,22897700
2019-10-07,129.99420166015625,130.99911371746305,129.899407097026,130.01316635911303,15303700
2019-10-08,128.6195526123047,130.60093683555868,128.57214809964057,129.9562817539708,25550500
2019-10-09,131.05599975585938,131.49208654426303,129.8519945981063,130.3165356661089,19749900
2019-10-10,131.87132263183594,132.4116936186059,131.0654892443642,131.29302224532535,17654600
2019-10-11,132.42115783691406,133.70100735501498,132.25051894960797,132.83829440476404,25446000
2019-10-14,132.29794311523438,132.999477932807,132.26950329645865,132.43066709146393,13304300
2019-10-15,134.2129669189453,134.42152075875256,132.5444204738648,132.7814285970112,19695700
2019-10-16,133.11328125,133.6631419782177,132.27900780500326,133.47352385647721,20751600
2019-10-17,132.4306640625,134.07075625964478,131.7954840146558,133.62517982124498,21460600
2019-10-18,130.2691650390625,132.7245660389846,129.46333153035107,132.4970330037905,32273500
2019-10-21,131.23611450195312,131.30248371168548,129.88991026766746,131.2550791998518,20078200
2019-10-22,129.28317260742188,132.73400993405252,129.17888846571768,131.7480626117979,27431000
2019-10-23,130.10801696777344,130.30709574004698,128.56271899005597,129.76672460661595,29844600
2019-10-24,132.66766357421875,133.12271510049607,131.46365831041138,132.14624283274097,37029300
2019-10-25,133.41659545898438,133.8052922143673,131.96610704580064,132.09883100302577,25959700
2019-10-28,136.6968231201172,138.09990731985667,136.052153428888,136.89590186556083,35280100
2019-10-29,135.40748596191406,136.99069852733405,135.2368325868466,136.59252660661417,20589500
2019-10-30,137.09500122070312,137.46473337321166,135.36957486510985,136.06164911059338,18496600
2019-10-31,135.91941833496094,137.39834675784823,135.5591758126091,137.3699069393949,24605100
2019-11-01,136.25119018554688,136.91480983844255,135.5401660290536,136.76312121325967,33128400
2019-11-04,137.03810119628906,137.46471292945625,136.6683690987671,137.30354913985212,16912000
2019-11-05,136.9527587890625,137.48365458720863,136.43133810665984,137.4362500768401,18250200
2019-11-06,136.5735321044922,137.00963333154564,135.7582237402118,136.8674198057168,16575800
2019-11-07,136.76316833496094,137.35095834361152,136.2986416507932,136.36499640603353,17786700
2019-11-08,138.37481689453125,138.40325670955812,136.28913402038296,136.4977023077978,16732700
2019-11-11,138.5170135498047,138.810901277166,137.20872421811745,137.78702455660553,14362600
2019-11-12,139.4271240234375,139.9011401962798,138.46960209616762,138.6781703694843,18641600
2019-11-13,139.65469360351562,139.79690718687476,138.67822108760586,139.11432249107733,16919200
2019-11-14,140.36570739746094,140.69752460078055,139.36079513483097,139.37975983766262,19729800
2019-11-15,142.17642211914062,142.19538681782998,140.5647699103843,141.19046030886685,23485700
2019-11-18,142.5272216796875,142.72631489633426,141.23789672825916,142.2712632857801,21534000
2019-11-19,142.57460021972656,143.46575304127705,142.39447173888203,143.03914133001894,23935700
2019-11-20,142.3273162841797,143.48785301237635,141.2238672683176,142.98368708300217,25696800
2019-11-21,142.19407653808594,142.49848613972688,141.26184753439583,142.1179741376757,18576100
2019-11-22,142.2987060546875,142.97410574147693,141.5662477151984,142.7553204267625,15901800
2019-11-25,143.85882568359375,143.97298657922016,142.61267931216094,142.68878173756073,22420900
2019-11-26,144.6197967529297,144.99078690564687,143.9444114950585,143.98245544005914,24620100
2019-11-27,144.8957061767578,145.06692574483765,144.1346964501677,144.9052135366334,15184400
2019-11-29,144.00152587890625,144.87668201486014,143.90639421660646,144.6864332053143,11977300
2019-12-02,142.2606658935547,144.42953341585763,141.0906223785079,144.41050418775376,27418400
2019-12-03,142.0323944091797,142.14654077640378,139.50204349199936,140.3011116077233,24066000
2019-12-04,142.54603576660156,142.85993817445453,141.92770927662986,142.8218942360941,17574700
2019-12-05,142.62217712402344,142.99318186615466,142.19411371047912,142.73633801200708,17869100
2019-12-06,144.35345458984375,144.46760094700966,142.94559629627884,143.63050346937538,16403500
2019-12-09,143.98248291015625,144.7910584174201,143.55441950074405,143.70662433988468,16687400
2019-12-10,143.76368713378906,144.48663829486975,143.41171165433747,143.9158774468762,16476100
2019-12-11,144.30589294433594,144.46760512668308,143.00267361215245,144.15368812034419,18856600
2019-12-12,145.77084350585938,145.96109228423833,143.65904868123462,144.25833160737582,24612100
2019-12-13,146.99795532226562,147.34040891738942,145.3808189900341,145.5425311717522,23845400
2019-12-16,147.94923400878906,148.30119501055412,147.27384859918294,147.54970717879962,24144200
2019-12-17,147.15016174316406,148.120449359057,146.921854505586,147.8731128895847,25425600
2019-12-18,146.8457489013672,147.90164626525782,146.6650074899277,146.77916836376093,24129200
2019-12-19,148.12045288085938,148.17752606284813,146.25598001726866,146.49379461892275,24958900
2019-12-20,149.7375946044922,150.76495546205058,148.6721752808843,149.6805214204698,53477500
2019-12-23,149.7375946044922,150.41297996882614,149.6044190034227,150.41297996882614,17718200
2019-12-24,149.70904541015625,150.02296241090605,149.46170894681057,149.8041625371694,8989200
2019-12-26,150.93614196777344,150.99321513930005,149.72803994861454,149.88024474938467,14520600
2019-12-27,151.21202087402344,151.77325976929666,150.50808452932614,151.67812813634728,18412800
2019-12-30,149.90879821777344,151.26910519089932,149.09071546531285,151.24056860192223,16348400
2019-12-31,150.01341247558594,150.08000751558322,148.82433974747406,149.1287493330937,18369400
2020-01-02,152.7911376953125,152.89577671233235,150.61276208742146,151.04082551521063,22622100
2020-01-03,150.88858032226562,152.15375554790847,150.35587801990002,150.6032144567477,21116200
2020-01-06,151.2786407470703,151.34523581046366,148.8814652208115,149.4236895425469,20813700
2020-01-07,149.8992919921875,151.88741845287856,149.65197004750095,151.55448674061407,21634100
2020-01-08,152.28692626953125,152.96232599817733,150.25123424177713,151.18346324120319,27746500
2020-01-09,154.18946838378906,154.3131366188501,153.18113681650973,153.95165378716467,21385000
2020-01-10,153.47604370117188,155.26441433524994,153.323838856771,154.88391673930064,20725900
2020-01-13,155.32142639160156,155.34996297431366,153.3998809037194,153.875509968984,21626500
2020-01-14,154.22747802734375,155.62582857405488,153.83745872872714,155.4260579895048,23477400
2020-01-15,155.226318359375,155.94928393806296,154.64606474602718,154.6936160477414,21417900
2020-01-16,158.0706024169922,158.1371974704603,156.03491007528677,156.3393197224824,23865400
2020-01-17,158.9552459716797,159.30720684967287,157.3666320549508,159.2596410381757,34371700
2020-01-21,158.384521484375,159.99215048130927,158.31792643003993,158.5557410268633,29517200
2020-01-22,157.62351989746094,159.32628062584678,157.60449066453182,159.2406563351917,24138800
2020-01-23,158.59381103515625,158.66991345348552,157.21448917618713,158.0896452143955,19680800
2020-01-24,156.9956512451172,159.36428945346628,156.43441237534347,159.34526022473113,24918100
2020-01-27,154.37022399902344,155.41661412644106,152.39160463130347,153.2952972785901,32078100
2020-01-28,157.39524841308594,157.68061437029192,155.12174102533777,155.79712647746362,24899900
2020-01-29,159.84945678710938,160.52485664465172,157.61400823323692,159.65920800817042,34754500
2020-01-30,164.35845947265625,165.56656195685642,162.4654496363941,165.56656195685642,51597500
2020-01-31,161.9326934814453,163.99692221413906,161.3143814033984,163.81619533297652,36142700
2020-02-03,165.88043212890625,165.99457848362047,162.09441352698238,162.12295011566093,30107000
2020-02-04,171.34068298339844,171.83534148669108,167.71639028102626,168.5059366082836,36433300
2020-02-05,171.13140869140625,175.22182339174296,169.7140427303393,175.0601111787714,39186300
2020-02-06,174.67962646484375,174.86036792653152,171.2836261964276,172.14927503132444,27751400
2020-02-07,174.92691040039062,176.5821052778127,173.58563254360297,173.937608029494,33529100
2020-02-10,179.50245666503906,179.6356322600572,174.3181013028354,174.63201831574622,35844300
2020-02-11,175.45010375976562,181.404976191026,174.55591853044396,181.35741036743522,53159900
2020-02-12,175.7069854736328,176.7914197160461,172.9863852493251,176.53457582532715,47062900
2020-02-13,174.7556915283203,177.15285230690492,173.95662342040714,174.15639407614833,35295800
2020-02-14,176.31576538085938,176.3728385673503,173.74735586834763,174.3181167633619,23149500
2020-02-18,178.10411071777344,178.55120333839932,176.45843770794613,176.56307671522137,27792200
2020-02-19,178.6382598876953,179.4967249914194,177.86563838340436,179.3822668588419,29997500
2020-02-20,175.91024780273438,178.609663963269,172.74345118234925,178.32350404731486,36862400
2020-02-21,170.34925842285156,175.03269814425303,169.07109398402642,174.71792369802935,48572600
2020-02-24,163.0045928955078,166.49571238213088,155.69804609358962,160.02856424708168,68311100
2020-02-25,160.314697265625,166.77229643217194,159.9140646567096,166.16182874650244,68073300
2020-02-26,162.31776428222656,165.2651774725865,160.44821363038548,161.87899842819465,56206100
2020-02-27,150.88107299804688,159.3227121355239,150.69030453462327,155.78391129170845,93174900
2020-02-28,154.53431701660156,156.15588503240923,144.98621679499112,145.37730153078934,97012700
2020-03-02,164.81687927246094,164.94088529079474,154.82046595157254,157.68203581689798,71030800
2020-03-03,156.91893005371094,166.92489013643683,154.7727528948139,165.78026522929747,71677000
2020-03-04,162.68026733398438,162.82334002083235,157.97774611203417,160.71532480954662,49814400
2020-03-05,158.5977783203125,162.9855109811713,158.04453961541506,158.3879286544997,47817300
2020-03-06,154.11459350585938,155.583526033775,148.80160609679118,155.1065978091058,72821100
2020-03-09,143.66989135742188,150.47089427934182,143.07850486149775,144.0323615605744,70419300
2020-03-10,153.49461364746094,153.59953846338823,145.53945250980186,150.86197447696378,65354400
2020-03-11,146.54098510742188,150.423173662336,144.1754104054555,149.87948300219972,56371600
2020-03-12,132.64329528808594,146.38837226502318,132.18544819947115,138.59536565886447,93226400
2020-03-13,151.50108337402344,154.4389641825567,134.2362687788825,140.69388364950112,92727400
2020-03-16,129.17124938964844,142.45847840490325,128.77063139409694,133.53991403832273,87905900
2020-03-17,139.80677795410156,140.69385766362416,128.77064938704584,133.53993269767716,81059800
2020-03-18,133.92144775390625,139.26305001470453,128.78970964370785,131.63219795910427,81593200
2020-03-19,136.12489318847656,143.22157466077158,132.5860785020876,136.18212226051716,85922700
2020-03-20,131.01220703125,140.3123086824431,129.59095548794107,139.26306062299406,84866200
2020-03-23,129.70547485351562,134.08368968243337,126.40513768061832,130.68794642995934,78975200
2020-03-24,141.49508666992188,142.69695531892708,134.75132797536872,137.1168883034806,82516700
2020-03-25,140.140625,147.2087066594224,137.77506445285783,142.0388050778731,75638200
2020-03-26,148.9065704345703,149.4311945319734,141.52371431628413,141.55232885298807,64568100
2020-03-27,142.7923583984375,147.74287746196345,142.3154300039506,144.7477677267737,57042300
2020-03-30,152.83642578125,153.18936259005073,143.08801100435429,145.40588991119353,63420300
2020-03-31,150.4327392578125,157.17649823097136,149.33579537324835,152.04474477660588,77927200
2020-04-01,145.09112548828125,150.4708760366592,143.86065689971826,145.94005726534934,57969900
2020-04-02,148.09579467773438,148.3056443284032,143.42190239581785,144.85268752963302,49630700
2020-04-03,146.7317657470703,150.11795966237685,145.16744147090267,147.94316773099004,41243300
2020-04-06,157.64385986328125,158.81709922367324,150.30870142023556,152.92227333784066,67111700
2020-04-07,155.94601440429688,162.15561537698372,155.72661691587626,161.76453069382984,62769000
2020-04-08,157.51034545898438,158.97927822305374,155.95555453910382,158.0254216203681,48318200
2020-04-09,157.5198974609375,159.64699386180075,155.79341913413606,158.6836038185592,51385100
2020-04-13,157.87277221679688,157.93001582844096,154.81090123241665,156.7663098214764,41905300
2020-04-14,165.68490600585938,165.73260175183552,160.24792572263806,161.20178242336806,52874300
2020-04-15,163.94883728027344,165.5608568718384,161.4306570495445,163.30020738123326,40940800
2020-04-16,168.8708038330078,169.09973470790595,164.92183720788958,166.25724547941212,50479600
2020-04-17,170.35879516601562,171.69418858871583,167.75475615970515,171.21726028708053,52765600
2020-04-20,166.9821319580078,170.50186509629964,166.9153695652934,168.4796937873457,36669600
2020-04-21,160.07620239257812,165.65625410027482,158.44510139820838,165.49410024429338,56203700
2020-04-22,165.51324462890625,165.97109184142855,162.9378340457552,163.4815248816191,34620200
2020-04-23,163.51011657714844,166.98215444262306,163.02365489148056,166.07599347299146,32790800
2020-04-24,166.4956512451172,166.50518457021275,162.83284586053986,164.1205433737908,34277600
2020-04-27,166.01876831054688,168.73725128349537,165.30337575639746,168.44155802319875,33194400
2020-04-28,161.97442626953125,167.5640278857334,161.57380814676318,167.4877175926299,34392700
2020-04-29,169.24278259277344,169.48124676114833,163.94888969860907,165.22705414797102,51286600
2020-04-30,170.94065856933594,172.07573576963108,168.09815524104735,171.6941989272274,53875900
2020-05-01,166.51475524902344,170.3969440799021,165.98058332194304,167.68799480298716,39370500
2020-05-04,170.5877227783203,170.7403433381187,165.78029158225254,166.43845501102263,30372900
2020-05-05,172.4191131591797,175.17575814112513,171.59879590392794,172.28557381784552,36839200
2020-05-06,174.11700439453125,175.70041008950886,173.2490058153293,173.67823844103557,32139300
2020-05-07,175.12806701660156,176.03422782099457,174.15512926798272,175.67175767735907,28316000
2020-05-08,176.1582489013672,176.4634900325435,174.89916562201049,176.44440882317042,30877800
2020-05-11,178.12319946289062,178.85765861803685,174.41269760570697,174.6988429624145,30892700
2020-05-12,174.08834838867188,178.409317263946,173.8880466699136,178.18040101393655,32038200
2020-05-13,171.45570373535156,175.55728954510565,168.39381800449593,174.12650481296086,44711500
2020-05-14,172.19970703125,172.35232755928115,167.57349733883103,169.34767095178304,41873900
2020-05-15,174.70835876464844,178.4283932657609,168.83259927418283,170.79754132116506,46610400
2020-05-18,176.37762451171875,177.6080931015087,175.4714636674925,177.17886054947482,35264500
2020-05-19,175.15673828125,177.98969429430286,175.02319890424113,176.49213205133867,26799100
2020-05-20,177.58627319335938,177.76801306625296,175.94106905327652,176.773231002594,31261300
2020-05-21,175.45321655273438,178.5523247036514,175.3193052829855,177.33754880256504,29119500
2020-05-22,175.5297393798828,176.4384386338719,174.6019203696662,175.22366273267104,20826900
2020-05-26,173.67410278320312,178.38970569203147,173.22454042697726,178.2366600824157,36073600
2020-05-27,173.90367126464844,174.07585123879124,168.92024541644372,172.36368435172727,39517100
2020-05-28,173.51148986816406,176.14190118675396,172.53585690583685,172.88020224407975,33810200
2020-05-29,175.28102111816406,176.25666854202132,172.5645274860914,174.78363023214627,42130400
2020-06-01,174.87930297851562,175.04190846445908,173.56888461840913,174.6019059884931,22622400
2020-06-02,176.86883544921875,176.9549181227473,173.46365125193154,176.237533319547,30794600
2020-06-03,177.29930114746094,177.85408059810635,175.5967086864473,176.78279040112724,27311000
2020-06-04,174.96536254882812,177.75837885861162,174.37232913781187,176.28535520713461,28761800
2020-06-05,179.05926513671875,179.56621595665115,174.09495937621747,174.6784330023025,39893600
2020-06-08,180.1688232421875,180.35056308169897,176.4192933264842,177.8540630970701,33211600
2020-06-09,181.54623413085938,182.4070902953503,179.11668208356556,179.82450720664235,29783900
2020-06-10,188.28005981445312,189.88700962289897,182.7035859580672,182.81837746989203,43872300
2020-06-11,178.1697235107422,187.2470247261597,177.97842378371163,184.73140485500232,52854700
2020-06-12,179.57579040527344,183.38270879064902,177.1271043944174,182.25401564409069,43373600
2020-06-15,180.72364807128906,182.52189797296924,176.00802931695856,176.55324897255855,32770200
2020-06-16,185.15228271484375,187.0748691543929,183.13403910914946,184.50184609457222,42556700
2020-06-17,185.79312133789062,187.78267046088928,185.26703618116915,186.54876031192143,25687800
2020-06-18,187.78268432617188,187.94528982384978,185.56356662677868,185.56356662677868,23061600
2020-06-19,186.6635284423828,190.6234921523023,185.9174493807481,189.9539358912496,44441100
2020-06-22,191.8478240966797,192.02954931112038,186.74003345967785,187.27567841751045,32818900
2020-06-23,193.1295928955078,195.08087349436173,192.6704560291143,193.30175827397997,30917400
2020-06-24,189.236572265625,194.4113122975322,188.0122365095495,192.83307131992606,36740600
2020-06-25,191.62783813476562,191.88610076811207,186.9696238336156,189.19830119159062,27803900
2020-06-26,187.79225158691406,191.19743648447002,186.40531026788494,191.04439085879164,54675800
2020-06-29,189.81048583984375,189.8965685268457,185.13313677470367,187.26615717007454,26701600
2020-06-30,194.66001892089844,195.51131518498798,189.14094761780814,189.2748588977132,34310300
2020-07-01,195.7982635498047,197.37651920325007,192.99568667298786,194.3061051830812,32061200
2020-07-02,197.2904052734375,198.97387782843097,196.08520390857598,196.73562587192674,29315800
2020-07-06,201.53733825683594,201.94864654263486,199.040838097948,199.74866315512804,31897600
2020-07-07,199.19387817382812,205.3346912981551,198.9451899907763,201.29820433993112,33600700
2020-07-08,203.57470703125,203.98600070340453,199.614742949089,200.93473584155373,33600000
2020-07-09,204.99990844726562,206.9703232311475,202.27384009000298,206.9224946538699,33121700
2020-07-10,204.378173828125,204.77034774324105,201.90080814133785,204.33034524904664,26177600
2020-07-13,198.0652313232422,206.41558899005096,197.5200116944499,205.1529843308914,38135600
2020-07-14,199.28948974609375,199.7677462469529,193.2443205695238,197.16602971466077,37591800
2020-07-15,198.99298095703125,202.13991726185833,196.11388175058315,200.4468849707101,32179400
2020-07-16,195.0521697998047,196.75476212650338,193.5121829655173,196.46780524774036,29940700
2020-07-17,194.05743408203125,196.12349183591095,192.63222392916987,195.57828681322627,31635300
2020-07-20,202.39817810058594,203.0677343525403,194.18171946693002,196.08518579305823,36884800
2020-07-21,199.67213439941406,204.63644033959972,198.98344371434592,204.36861780598804,37990400
2020-07-22,202.5417022705078,203.06778753311468,199.32781682422421,200.10259030404728,49605700
2020-07-23,193.73216247558594,201.74774715672945,193.35912293956693,198.1799572768316,67457000
2020-07-24,192.54611206054688,194.03827033266543,188.92091882190928,191.7043757654099,39827000
2020-07-27,194.98524475097656,195.10002167809546,192.12526468997373,192.70873839488618,30160900
2020-07-28,193.2347869873047,195.79823517500836,192.96696447799928,194.75563936412433,23251400
2020-07-29,195.1860809326172,195.75042021682404,193.22522595682696,193.6939226783325,19632600
2020-07-30,195.03305053710938,195.568710230015,190.89136090860248,192.25916788335368,25079600
2020-07-31,196.09475708007812,196.18085435659265,190.35567813755742,195.5112834704459,51044000
2020-08-03,207.12335205078125,208.17552235881027,201.2886305655481,202.32166652382227,78983000
2020-08-04,204.0146942138672,205.43034425987676,201.1642889616296,204.85643050119904,49280100
2020-08-05,203.67991638183594,205.6503311731883,202.36949801181146,205.5546740182705,28806400
2020-08-06,206.94161987304688,206.9607396269282,202.35035396639807,203.10599291120556,32656800
2020-08-07,203.23992919921875,206.31990300040553,201.75733075780226,205.50687550334305,27820400
2020-08-10,199.19387817382812,202.66602583479983,197.3765088929286,202.46515163658734,36716500
2020-08-11,194.53564453125,198.6199450768943,194.30607612637849,198.15126298539235,36446500
2020-08-12,200.09298706054688,201.13558288533866,195.8460663631491,196.3625770393475,28013100
2020-08-13,199.6243133544922,202.15908223681168,199.09822814531387,200.332138417317,22588900
2020-08-14,199.8155975341797,200.47559396384904,198.4860447973214,199.6816862727419,17958900
2020-08-17,201.13558959960938,202.00602009313567,199.83473109567723,200.4851676452597,20184800
2020-08-18,202.29296875,203.12513050933927,200.11211996362437,201.37470971588974,21336200
2020-08-19,201.065673828125,203.36686345626708,200.63420534488392,202.7819794050471,27627600
2020-08-20,205.7447509765625,206.14745587889678,200.3082128492784,200.91226288752276,26981500
2020-08-21,204.24899291992188,207.345994897453,204.08599435589545,205.0544027529399,36249300
2020-08-24,204.89141845703125,206.6460708350552,203.68328899285845,205.94611770309248,25460100
2020-08-25,207.5569610595703,207.69119604687464,204.32572374555616,204.32572374555616,23043700
2020-08-26,212.04421997070312,212.9455181391844,208.41027833727762,208.90887161504648,39600800
2020-08-27,217.2506866455078,221.63251163516162,210.3663118494096,213.71261815914224,57602200
2020-08-28,219.48471069335938,221.14347442445492,217.25064590972104,218.78475766564586,26292900
2020-08-31,216.24391174316406,219.28338679296542,215.07414347409025,217.6533863849085,28774200
2020-09-01,217.91226196289062,218.08484351953646,215.18918659263025,216.22471982405065,25725500
2020-09-02,222.11192321777344,223.27210852062112,217.9889852351546,218.58345236872887,34080800
2020-09-03,208.35276794433594,219.86825604076049,206.10911995937482,219.82990946115655,58400300
2020-09-04,205.42835998535156,209.3691333105479,196.7414034395723,206.24336749911004,59664100
2020-09-08,194.31556701660156,201.38210582163182,193.8745008771497,197.9974531917492,52924300
2020-09-09,202.5902099609375,205.9940430172604,198.18920493769474,199.0521565659183,45679000
2020-09-10,196.91395568847656,205.8981590864597,195.705841025255,204.61332200974817,35461500
2020-09-11,195.629150390625,200.03975320004756,192.95403389095713,198.66862523374073,33620100
2020-09-14,196.9523468017578,200.5862889601672,195.62916294789403,195.83052273759688,30375800
2020-09-15,200.18359375,201.14241928367392,198.4097606604966,199.83841597265672,21823900
2020-09-16,196.60716247558594,201.97657624532405,196.2140405277088,201.94781265211503,26328100
2020-09-17,194.5552520751953,195.91678229410712,191.7267202653884,191.81301103414373,34011300
2020-09-18,192.1390380859375,195.26480389569204,188.16950116879477,194.4498110128883,55225300
2020-09-21,194.20046997070312,194.36348314667723,188.2941172374487,189.070763390151,39839700
2020-09-22,198.87953186035156,199.53154063907363,193.75940852995475,196.6167036821613,33517100
2020-09-23,192.33078002929688,199.53156801783254,191.79384015579785,199.33979123685637,30803800
2020-09-24,194.82373046875,197.10573954514186,190.9980119519485,191.62125722458802,31202500
2020-09-25,199.2631072998047,200.43286086089412,194.20049558420504,195.16891862918936,29437300
2020-09-28,200.81643676757812,203.81756558874196,199.49325275278707,202.19714797770484,32004900
2020-09-29,198.7261505126953,201.4204622220947,198.29468200146903,200.73010675192674,24221900
2020-09-30,201.6697235107422,203.25177937534346,198.03576749541497,199.1767719229634,33829100
2020-10-01,203.7120361328125,205.17903771787337,202.61897584138453,204.69962505267665,27158400
2020-10-02,197.70022583007812,202.3025910082213,197.07698049680502,199.4356975884024,33154800
2020-10-05,201.71768188476562,201.7464454748345,198.45766691532606,198.6877902663909,21331600
2020-10-06,197.43173217773438,201.52590590584774,196.38661605306922,200.2219174695407,28554300
2020-10-07,201.19032287597656,201.458792800773,198.20837548293932,198.5343725872616,25681100
2020-10-08,201.9094696044922,202.49435372750264,199.74252930524,201.84234479881962,19925800
2020-10-09,206.92408752441406,206.97203171595046,202.5326658550179,202.5326658550179,26458000
2020-10-12,212.28396606445312,214.64268330095436,207.8829604018951,209.78143085094663,40461400
2020-10-13,213.68382263183594,215.93706810447387,211.35386937390456,213.54958766520096,28950800
2020-10-14,211.7661590576172,214.98781269213254,210.10739536389897,213.81804464069754,23421700
2020-10-15,210.61558532714844,211.286760163365,207.1158639310317,208.16099470869122,22733100
2020-10-16,210.61558532714844,213.13728611397025,210.28958821105957,211.08540039724295,26057900
2020-10-19,205.3995819091797,213.14689303076904,204.92016920089208,211.34429656584294,27625800
2020-10-20,205.81185913085938,208.41986529898946,204.31609389953766,206.91451708098484,22753500
2020-10-21,205.95567321777344,207.9883781310668,204.34483913835186,204.34483913835186,22724900
2020-10-22,206.0419921875,207.16381616381312,202.98333678251518,205.12151335460695,22351500
2020-10-23,207.32679748535156,207.37474167806434,204.38321132336048,206.17621001281267,18879600
2020-10-26,201.4300079345703,207.4322486628257,199.53153805817843,205.04478318160153,37111600
2020-10-27,204.46949768066406,205.83102786735438,201.6697295267006,202.8778441522253,36700300
2020-10-28,194.33470153808594,200.2410687988372,193.77859574821827,199.119244972221,51195600
2020-10-29,196.290771484375,198.82207039909954,194.99635111515073,195.66754071727715,31432600
2020-10-30,194.1334228515625,195.87847785770836,191.40076400488118,195.1210120615802,36953700
2020-11-02,193.9991455078125,196.82767752002246,191.88013493015848,195.87843510424747,30842200
2020-11-03,197.9302978515625,199.55071493466912,194.75658847838346,195.49488804919505,27512000
2020-11-04,207.4802703857422,209.33081139614356,203.67373159454786,205.20785840222203,42311800
2020-11-05,214.0961151123047,214.89194194247165,212.04422936084907,212.89758337359194,36080100
2020-11-06,214.50843811035156,215.12208583391666,209.05271877417096,213.1085464685072,25231900
2020-11-09,209.39785766601562,218.72722378232297,208.90886202770187,215.1987536843843,44395000
2020-11-10,202.32174682617188,207.585703654654,201.08486847045984,205.66805281257865,44045100
2020-11-11,207.63365173339844,209.06229227392265,203.4627552217062,203.64493439599147,29440800
2020-11-12,206.56932067871094,210.0882077008986,205.62967600078795,208.26644552097468,21593900
2020-11-13,207.59527587890625,208.4678104781367,205.34204503459753,207.4514579254129,18621100
2020-11-16,208.28562927246094,208.774639570567,205.6872207347565,206.0228008331187,24953300
2020-11-17,205.62966918945312,208.71707302893205,205.26531091333237,207.20214201145694,24154100
2020-11-18,202.91871643066406,206.8505754409513,202.77450729205842,205.38934124888527,28372800
2020-11-19,204.20692443847656,204.79333979305358,201.81319330215703,203.20714178040058,24792700
2020-11-20,202.2554168701172,205.04328452616463,201.880496534734,203.99543213609604,22843100
2020-11-23,201.98622131347656,204.08192585772954,200.11161984755833,202.79373968820798,25683500
2020-11-24,205.5912628173828,205.9661831708243,200.7845840969435,201.48635508285824,33979700
2020-11-25,205.60086059570312,206.9659555236733,204.24538841273622,206.79292213943785,21012900
2020-11-27,206.9082489013672,207.90804610038143,205.76425723557998,206.54295136260353,14512200
2020-11-30,205.79312133789062,206.45643058783554,202.68799675205642,205.82196023272226,33064800
2020-12-01,207.85037231445312,208.91745539556217,205.1009519674669,206.21609009254752,30904500
2020-12-02,207.04286193847656,207.13900137457546,204.5722368539739,206.5718168405199,23724500
2020-12-03,205.95657348632812,208.0138313758631,205.38937425344153,206.3122630148417,25120900
2020-12-04,206.0718994140625,207.05246583148178,204.93751578041724,205.93731301706904,24666000
2020-12-07,206.00460815429688,207.20627770612253,204.7548835554524,206.08151676587187,24620000
2020-12-08,207.65809631347656,208.56175411856142,204.6587339551668,205.69697815661644,23284100
2020-12-09,203.61090087890625,206.90827523519087,203.0437163456567,206.840989365072,32440600
2020-12-10,202.38040161132812,204.84141872855034,202.22658437429695,203.58207127159827,26733300
2020-12-11,205.01443481445312,205.07212727508463,201.02489774661876,201.9285556018802,30979400
2020-12-14,205.9180908203125,207.85038484162237,204.6491354053555,204.86063041931797,28798400
2020-12-15,205.85079956054688,207.09091604736759,204.03387583824556,206.8505821440536,27000600
2020-12-16,210.80169677734375,211.5996071900063,206.41800821476036,206.44684711302847,35023300
2020-12-17,210.93624877929688,212.34941323916237,209.49424542586814,211.36884685156218,32515800
2020-12-18,210.1383514404297,211.19582649894002,207.66772650382657,210.1383514404297,63354900
2020-12-21,213.98373413085938,215.33922114159793,208.87904333384435,209.13860810945437,37181900
2020-12-22,215.28152465820312,216.9061843808769,213.27233651295927,214.07985500164784,22612200
2020-12-23,212.4744110107422,214.91619712516564,212.26291599270337,214.4835990132928,18699600
2020-12-24,214.1374969482422,214.96424612029446,212.64742388981097,212.85891888746272,10550600
2020-12-28,216.26206970214844,217.2906911980974,214.39707623360107,215.7717791429796,17933500
2020-12-29,215.48338317871094,218.3962290665934,214.93542947811645,217.55987173308796,17403200
2020-12-30,213.10890197753906,216.90618992435643,212.90702968461719,216.52164682313952,20272300
2020-12-31,213.8202667236328,214.37784314318708,211.18620184549383,213.12810390410456,20942100
2021-01-04,209.27316284179688,214.37785286571398,206.50451143811924,213.9260239305633,37130100
2021-01-05,209.4750518798828,210.07109001348394,207.36011618563242,208.85979759303143,23823000
2021-01-06,204.04348754882812,208.1195559024271,203.74547585042015,203.96657893813935,35930700
2021-01-07,209.84994506835938,210.8593503984707,205.44704085761094,205.76426870218953,27694500
2021-01-08,211.12857055664062,212.05145940888474,208.63871427431988,210.22491252829053,22956200
2021-01-11,209.08091735839844,210.4460123619004,208.3502928010175,210.0230222852734,23031300
2021-01-12,206.61988830566406,208.70599981796764,205.0721518107608,208.12919249318384,23249300
2021-01-13,207.97537231445312,208.37913156857348,205.65854964000155,205.74508100567118,20087100
2021-01-14,204.78372192382812,209.0520545079318,204.51454911841776,207.5619813337417,29480800
2021-01-15,204.42803955078125,206.21612461662198,203.83201608510745,205.26441162063566,31746500
2021-01-19,208.07150268554688,208.5906175128357,204.40881599037613,205.48550728775663,30480900
2021-01-20,215.666015625,217.05994925074904,208.8885970053319,209.28274810474443,37777300
2021-01-21,216.27166748046875,217.55024556729595,213.8202588077946,216.01210276555065,30709400
2021-01-22,217.2137908935547,221.17450381399632,217.06959641111914,218.30010489062968,30172700
2021-01-25,220.65533447265625,220.8956683458386,215.55064535327404,220.26118340012152,33152100
2021-01-26,223.34713745117188,225.12559979449426,221.1841320050196,222.89530847335894,49169600
2021-01-27,223.8950653076172,231.14354426779957,221.2417842146544,228.79788295270222,69870600
2021-01-28,229.69192504882812,233.25848684590053,226.0003995892036,226.5002982458668,49111200
2021-01-29,222.9914093017578,228.8171006142389,222.40499400670646,226.86559054537324,42503100
2021-02-01,230.3840789794922,233.1238914058092,223.44323452371898,225.97155193690466,33314200
2021-02-02,230.24951171875,232.94125465334326,229.46122406057862,231.9703108623903,25916300
2021-02-03,233.6045379638672,235.61372573695,230.00913773665354,230.30716407808396,27158100
2021-02-04,232.6528778076172,233.83533143432533,231.0762876408269,233.27775489537478,25296100
2021-02-05,232.83546447753906,233.87370861931726,231.1242883926128,232.86430337018712,18054800
2021-02-08,233.09507751464844,234.25828554283157,231.4992566694059,233.74877877531017,22211900
2021-02-09,234.34481811523438,235.29653111250357,232.04722627683623,232.51827140273494,23565000
2021-02-10,233.43148803710938,236.41161922053251,231.57610293497228,235.52719234016604,22186700
2021-02-11,235.0369415283203,235.67141186361138,232.7874051200119,235.31572239258884,15751100
2021-02-12,235.51760864257812,235.81562032488358,233.34498084726292,234.49858060762654,16561100
2021-02-16,234.27748107910156,236.6135341978641,233.5276404900709,235.5560591780429,26728500
2021-02-17,235.298828125,235.40481917754798,232.15766147168912,232.52381505369146,21653500
2021-02-18,234.90382385253906,235.0387202505501,232.08062970037736,232.9863689595679,16925600
2021-02-19,232.18661499023438,234.97127354610058,231.42540235409896,234.8652824715477,25262600
2021-02-22,225.96202087402344,229.25735887983205,223.9289305447046,228.76595385617136,36446900
2021-02-23,224.76724243164062,226.27037760985954,220.39271856415579,221.9344039637966,30228700
2021-02-24,226.00057983398438,226.62688124341818,220.6528761824911,221.62605606398395,26339700
2021-02-25,220.6432647705078,226.03913460336088,219.57372394911798,223.6206299994084,39542200
2021-02-26,223.9097137451172,226.79071832129497,221.1732210595006,223.09069051024048,37819200
2021-03-01,228.30349731445312,228.8141775442121,224.65163525341808,227.30139726551226,25324000
2021-03-02,225.3453826904297,228.65036608626744,224.94069354651947,228.37092841617996,22812500
2021-03-03,219.26539611816406,225.0659701891596,218.97632822975632,223.69773120014005,34029500
2021-03-04,218.4656524658203,224.01570898842058,216.08568317000322,218.47529737394672,44727800
2021-03-05,223.1581573486328,224.76728387858142,218.20551156996922,221.1539718405699,41872800
2021-03-08,219.10157775878906,224.86360116532182,218.85106011593194,222.93650165921431,35267400
2021-03-09,225.25865173339844,226.8003371621138,223.2255612417985,224.39146286887222,33080500
2021-03-10,223.94822692871094,228.36128646522027,223.58207332574838,228.36128646522027,29746800
2021-03-11,228.4865264892578,230.45216124830165,225.76930949892613,226.3956255745659,29907600
2021-03-12,227.15687561035156,227.22433115664796,224.72872588794664,225.48029358968563,22653700
2021-03-15,226.2510986328125,226.61725221705547,223.3604495848346,226.3956399067722,26034900
2021-03-16,229.04542541503906,231.30975858381365,227.33993818218457,227.66754157982132,28092200
2021-03-17,228.39987182617188,229.85484164853725,224.7287488988673,227.54231296573224,29562100
2021-03-18,222.31019592285156,225.6537146778169,221.93441211449593,224.08312390572942,34833000
2021-03-19,221.9536895751953,223.99641032914968,220.99013983048442,222.59926613983933,46430700
2021-03-22,227.38812255859375,228.26494170247523,221.75135034845343,221.8766165272664,30127000
2021-03-23,228.92018127441406,232.26370051990457,228.42877613065596,228.83346531421046,31638400
2021-03-24,226.87744140625,229.3248514186312,226.7425450229314,229.18032483029094,25620100
2021-03-25,223.8711395263672,228.3034741413882,223.12921682416135,226.72325318085586,34061900
2021-03-26,227.86026000976562,228.08188705685933,223.10996639827545,223.10996639827545,25479900
2021-03-29,226.6654510498047,228.16858632441054,223.4279232650373,227.96623440547395,25227500
2021-03-30,223.39903259277344,225.32613224092293,222.67637022471735,225.01778923996932,24792000
2021-03-31,227.1761474609375,230.38477015809215,223.91934433177798,224.4203943599418,43623500
2021-04-01,233.5162811279297,233.98841108228743,229.37301438067678,229.77770349981284,30338000
2021-04-05,239.99134826660156,240.8489069737812,233.85352623404805,233.9113368678305,36910600
2021-04-06,238.82546997070312,240.30933029268618,237.8811952203503,238.58458250461078,22931900
2021-04-07,240.7910919189453,241.78354704819517,238.17988016425605,238.7772763423201,22719800
2021-04-08,244.01898193359375,244.87654065021187,242.81454470786034,243.55648215564094,23625200
2021-04-09,246.5242156982422,246.6591120785743,243.2385074384209,243.6528267842257,24326800
2021-04-12,246.58204650878906,248.277903660416,245.33905896446214,245.42578962524593,27148700
2021-04-13,249.0679931640625,249.74248982614807,247.4684968725748,247.88284565910578,23837500
2021-04-14,246.27369689941406,249.39558893106727,245.85937753080964,248.0948201880165,23070900
2021-04-15,250.04116821289062,250.45548756154315,248.33569568609872,248.52838799920875,25627500
2021-04-16,251.2359619140625,251.48649426821015,248.2104308752593,250.01226427112198,24878600
2021-04-19,249.3088836669922,251.94903030329314,248.4224342545299,250.7060427389664,23209300
2021-04-20,248.8463592529297,250.7156480558065,247.47810571688026,248.42239502515122,19722900
2021-04-21,251.08180236816406,251.17816323243773,247.87319436482315,249.50159593386385,24030400
2021-04-22,247.79608154296875,252.23803140664782,246.32183702164951,250.72525136767766,25606200
2021-04-23,251.63104248046875,251.97793572411658,247.8924642828433,248.4802449938102,21462600
2021-04-26,252.0164031982422,252.87397651486,250.68672936049217,252.12240895213077,19763300
2021-04-27,252.42112731933594,253.59665918186172,250.638554413961,252.0453288051133,31014200
2021-04-28,245.28123474121094,247.18907393112897,243.72991897507123,246.74581985137027,46903100
2021-04-29,243.30596923828125,246.76512440088285,239.92391453120058,246.1484530801518,40589000
2021-04-30,242.98797607421875,243.85517969639238,240.50203058408832,240.63692696496827,30945100
2021-05-03,242.67965698242188,245.0789013145946,241.9666248264187,244.16351722830558,19626600
2021-05-04,238.7580108642578,242.0533642895755,236.80200584495051,241.82210703263627,32756100
2021-05-05,237.48611450195312,240.40566914745548,236.85981302850186,239.98170489353652,21901300
2021-05-06,240.6272430419922,240.7525091977138,235.77095941511286,237.46680145729601,26491100
2021-05-07,243.25778198242188,245.03071003481767,242.0147945427054,242.9590692028245,27032900
2021-05-10,238.17022705078125,242.55438148087032,238.11241641652208,241.72572808374886,29299900
2021-05-11,237.25489807128906,237.61142154755464,233.72831645800457,235.6361412261887,33641600
2021-05-12,230.28842163085938,235.4723246970904,229.39232729849988,233.34287299026997,36684400
2021-05-13,234.17147827148438,236.64780801391828,232.6201626938285,232.98631627818247,29624300
2021-05-14,239.10488891601562,240.09734408331312,236.54185749414458,236.6285734518454,23901100
2021-05-17,236.2431182861328,237.60172694867597,234.64363689109996,237.56319142820627,24970200
2021-05-18,234.21966552734375,237.42828782946611,234.04621893400108,237.29339145802263,20168000
2021-05-19,234.7991180419922,234.9053538383617,230.4338274230199,231.11951914240865,25739800
2021-05-20,238.04412841796875,239.46381831338093,235.51380358455043,235.6103869428777,21800700
2021-05-21,236.77896118164062,239.83081250942357,236.36368516969955,239.09682910535156,21863100
2021-05-24,242.19699096679688,242.56399008801017,239.0389034036192,239.30931915507537,21411500
2021-05-25,243.10484313964844,244.0995900427976,242.2356516810021,243.15313482880757,17704300
2021-05-26,242.88267517089844,244.28304548417626,242.16799661550857,242.8247163124464,17771600
2021-05-27,240.77732849121094,242.87305817339777,240.7193843573388,242.57367032402178,24426200
2021-05-28,241.13462829589844,243.45249649735703,241.01874004361903,242.4094580171836,18270200
2021-06-01,238.9326629638672,242.6895260844274,238.5077344602041,242.63158195831664,23213300
2021-06-02,238.83604431152344,240.73862131530592,237.42600701307938,239.637638940129,19406700
2021-06-03,237.3004913330078,237.90891933036468,234.68323559598235,236.82725645812903,25307700
2021-06-04,242.20663452148438,243.03720136663765,239.0388946321911,239.2803383111711,25281100
2021-06-07,245.12327575683594,245.39369149557498,241.2601769330751,241.42435686469864,23079200
2021-06-08,243.9257354736328,247.24800296865635,243.8677766099774,246.42708853723312,22455000
2021-06-09,244.9108123779297,246.7844177283036,244.54382799818796,245.12328399930527,17937600
2021-06-10,248.43585205078125,248.64832364459446,244.9880443449052,245.58681988935092,24563600
2021-06-11,249.0636749267578,249.64311622270577,247.82745490044852,249.16022882734407,18999700
2021-06-14,250.9951934814453,251.05313760387736,248.01092381067556,249.0732818437695,19150500
2021-06-15,249.5175323486328,251.09174979380785,248.86081263932797,250.87927818513813,18038900
2021-06-16,248.5711212158203,251.66158287300934,245.71242134126194,250.52197568954165,27220000
2021-06-17,251.9706573486328,252.79157188164794,247.2480335667178,247.30597770099087,27565500
2021-06-18,250.55096435546875,253.32273348243115,249.89424452552768,250.74413111632654,37202200
2021-06-21,253.64146423339844,254.50098856001293,249.09267275115377,250.92763914866748,26696100
2021-06-22,256.4228515625,256.69326730119366,253.41927690151593,253.72833188091008,24694100
2021-06-23,256.1910400390625,257.69764618957555,255.37979284056348,256.88639899107653,19518700
2021-06-24,257.5624694824219,258.68277172504975,256.3842231128569,257.0506100457399,21446900
2021-06-25,255.9496307373047,258.103319184033,255.6985493272397,257.11823948352804,25611100
2021-06-28,259.52301025390625,259.69684264758814,256.80918537336294,257.07960114345985,19590000
2021-06-29,262.111328125,262.3527718740969,258.80839414229786,259.66791856306367,19937800
2021-06-30,261.6283264160156,262.0725744679508,260.3728312580289,261.425522007778,21656500
2021-07-01,262.3043518066406,262.53612824792566,260.3728028676714,260.38244057065975,16725300
2021-07-02,268.1473388671875,268.48536590593466,263.17360506966617,263.4826600464124,26458000
2021-07-06,268.1570129394531,269.80847946217114,264.911994546403,268.51434487101903,31565600
2021-07-07,270.34930419921875,271.0833024012596,267.66445171709097,269.83744478808626,23260000
2021-07-08,267.9251708984375,269.1903331173637,265.4624282750565,267.4229493028893,24618600
2021-07-09,268.4273986816406,268.53361974213453,265.89707390763294,266.28337785876886,23916700
2021-07-12,267.8286437988281,270.1947741027663,267.1139504873323,269.6056656896285,18931700
2021-07-13,271.3633728027344,273.16936668942884,267.8962453327776,268.02177128034975,26120100
2021-07-14,272.8410339355469,273.95166900294385,270.94809420573137,272.68650643884115,23113700
2021-07-15,271.4117126464844,272.8410700755124,270.25277100423347,272.34851545658927,22604200
2021-07-16,271.1412658691406,274.3766172336164,269.89540816708495,272.4160956352856,26186800
2021-07-19,267.529296875,270.77428617836256,265.05691565154973,269.3835680560332,32935600
2021-07-20,269.76019287109375,271.3537152113503,266.80492468426036,268.5143352713567,26259700
2021-07-21,271.7690124511719,271.8849007070508,267.79969232178405,269.3545755433379,24364300
2021-07-22,276.3468322753906,276.6172480569608,273.71992348023304,274.1255324160335,23384100
2021-07-23,279.7559509277344,280.0649764107566,276.69443237275715,277.5346515878261,22768100
2021-07-26,279.1571350097656,279.7752448979074,276.82964417119246,279.10885806923653,23176100
2021-07-27,276.73309326171875,279.66902715530136,273.2659655945296,279.52416684362873,33604100
2021-07-28,276.4239501953125,280.2194365171801,274.11573523015244,279.0991346754019,33566900
2021-07-29,276.6944274902344,278.74186496050413,276.2887891833402,276.443316658676,18168300
2021-07-30,275.1588439941406,276.8489495390509,274.193069397049,275.409954820777,20944800
2021-08-02,275.07196044921875,276.9552034530972,274.0289072556845,276.55923228454304,16267400
2021-08-03,277.2931823730469,277.3994328989048,274.27997051129483,275.65138333201537,17879000
2021-08-04,276.70416259765625,277.7471864708533,274.9078060448436,276.424079637782,16191300
2021-08-05,279.61102294921875,279.71727347035153,276.30809066037955,277.06139359231645,13900200
2021-08-06,279.55316162109375,279.5918008650478,277.7761395496052,278.6356932572146,16589300
2021-08-09,278.4618835449219,281.5716801206908,277.9596911719012,279.83329696760063,16117600
2021-08-10,276.6365051269531,279.3503296535524,275.4389539402985,278.91571925292214,18616600
2021-08-11,277.12908935546875,278.78055600328867,276.0763688920484,277.3801707605832,13955900
2021-08-12,279.89117431640625,280.0457018111786,276.5399347983644,276.82001772470846,14561300
2021-08-13,282.8271484375,282.8754253869532,279.3986303062148,279.57249216508205,18249000
2021-08-16,284.51727294921875,284.72974459233865,280.09400768966105,283.1555268919196,22507600
2021-08-17,283.0491638183594,283.3871907716498,281.1176149116682,282.3828065608005,20075300
2021-08-18,281.3172607421875,285.2748382977949,280.8721325602367,282.584845480042,21813000
2021-08-19,287.1616516113281,287.8389999584008,279.29489637088864,279.34326574016694,29850500
2021-08-20,294.505859375,295.9379527131224,288.4098434454515,290.01610191766974,40817600
2021-08-23,294.7865295410156,295.5122472550652,292.0771952203758,293.4318623806957,22830200
2021-08-24,292.8222351074219,295.75413329406643,292.2223132288288,295.1445257304872,18175800
2021-08-25,292.23199462890625,294.7284503679531,290.6934767445652,294.447831273216,20006100
2021-08-26,289.4065856933594,292.63844549546803,289.2711337228512,291.2450649242012,17666100
2021-08-27,290.01611328125,291.12887438760663,287.2196672240897,289.30973750370686,22605700
2021-08-30,293.7608337402344,294.37044130921845,291.31274730875384,291.3708023601306,16348100
2021-08-31,292.1062316894531,294.6414009234125,291.7385299783542,294.5640040245376,26285300
2021-09-01,292.05780029296875,295.3090307450356,291.72881183267793,293.0641370435522,18983800
2021-09-02,291.39990234375,293.53834267993557,290.4613060737352,292.41592505453804,16285600
2021-09-03,291.3902282714844,292.80295066862675,290.5387146525383,291.24506108634296,14747900
2021-09-07,290.46124267578125,291.34178368779095,288.54536686307154,291.26438679344585,17180400
2021-09-08,290.4903259277344,290.8773695327646,287.8390462272668,290.0742547905653,15046800
2021-09-09,287.6261291503906,292.3578229597053,287.38422323857367,291.08055265822435,19927000
2021-09-10,286.1358947753906,290.2096103716831,285.816592060408,288.7581753354466,19633400
2021-09-13,287.37457275390625,288.87440730860834,284.55878405189975,287.9164397003886,23652900
2021-09-14,290.0838623046875,291.6320658371256,288.44857619930013,289.86129826524393,21853400
2021-09-15,294.9510192871094,295.4348310648799,292.04814862048624,293.44152890282754,28356300
2021-09-16,295.3380432128906,295.4251257835696,291.0224507097095,293.92532118377784,19550800
2021-09-17,290.1612854003906,294.641387411537,289.83229691858133,294.32208461521674,41372500
2021-09-20,284.7716064453125,289.0485156418267,280.14636693580707,286.73588112231,38278700
2021-09-21,285.25537109375,287.90667933244595,284.5490248992898,286.1165701077649,22364100
2021-09-22,288.9130554199219,290.4999723745813,284.9748496205517,287.1229752972674,26626300
2021-09-23,289.8612976074219,291.1579095731574,287.8970230543972,289.17429318047436,18604600
2021-09-24,289.6581115722656,290.09352444599716,287.31644962082186,288.5743779360535,14999000
2021-09-27,284.64581298828125,286.8713351873804,283.45562547355723,286.55203243098015,23571700
2021-09-28,274.3406066894531,281.36556281548087,273.595547218021,280.4172811458642,43186200
2021-09-29,274.8050842285156,277.48539079265004,273.8471463773085,275.8694760240385,26353700
2021-09-30,272.79248046875,278.5111104233901,272.5021756474461,276.4597529494466,32343600
2021-10-01,279.739990234375,280.59150373187396,272.1828522383653,272.9859668378756,30086300
2021-10-04,273.94384765625,278.43363442373504,271.1764588957489,278.0949603265245,31350700
2021-10-05,279.4109802246094,280.99786745988877,274.85345213293385,274.85345213293385,24993000
2021-10-06,283.6201477050781,284.1233308910271,276.26623174874106,276.52747949792473,28002600
2021-10-07,285.3038024902344,287.03585686969717,284.4039196983198,285.62310526075913,20430500
2021-10-08,285.3038024902344,287.03585686969717,284.2490963906474,286.62944199586633,17685700
2021-10-11,284.7038879394531,288.322790569449,283.2717944538559,283.43630345045904,19298600
2021-10-12,283.3975830078125,285.8746968719073,282.8847437202349,285.777928613406,17974100
2021-10-13,286.7165832519531,287.65517944527,283.98787726360524,285.36191594446814,23416300
2021-10-14,292.9480285644531,293.4511821777656,288.1873077249307,289.5226329431941,27262900
2021-10-15,294.36077880859375,294.5930285619211,290.7902452200599,292.5513273292696,25384800
2021-10-18,297.3410949707031,298.231292237954,292.8900200458531,293.7415336263761,22729300
2021-10-19,298.25067138671875,299.2860063300216,297.27336197502046,298.36678150899326,17682100
2021-10-20,297.4571533203125,299.6730194754048,296.1992250118226,299.19886386495796,16537100
2021-10-21,300.6986999511719,300.9502619908337,296.44113276271713,297.2249349952262,16918100
2021-10-22,299.1505126953125,301.01801913734624,297.83452925726135,300.35035649773357,17449300
2021-10-25,298.1538391113281,299.3827103476736,296.53789484444036,299.3439971387141,17554500
2021-10-26,300.0697021484375,302.28556817807555,298.6086107788768,300.9309012167668,28107300
2021-10-27,312.70697021484375,315.5421006239964,305.7690951576707,305.7690951576707,52588700
2021-10-28,313.8487548828125,314.35190857919804,310.95553992238246,313.82938350979595,26297900
2021-10-29,320.8832702636719,321.25097188392533,313.4132163627804,313.63578037754513,34766000
2021-11-01,318.7061767578125,320.7575340415981,315.8033059910529,320.63173825031396,27073200
2021-11-02,322.3444519042969,322.6540985408013,319.31578533683205,319.615746287968,26487100
2021-11-03,323.1863098144531,324.0571652224182,319.94476457358155,323.089541540339,21500100
2021-11-04,325.54730224609375,325.64407051672566,318.8416774576779,322.1122501101373,23992200
2021-11-05,325.17962646484375,327.8212498631309,323.59273891215867,327.55031640147575,22570100
2021-11-08,326.0794372558594,326.7180723161404,323.61200911663707,326.37939818166205,20897000
2021-11-09,325.0730895996094,327.7533957585994,323.6990513931691,326.1955067457441,21307400
2021-11-10,320.08984375,323.79585831193276,319.238359870115,323.73780326397525,25500900
2021-11-11,321.6671142578125,322.9637263705038,319.80929343616174,320.52532546851364,16849800
2021-11-12,325.8182067871094,326.3117042528894,322.9830768391955,323.1088726269063,23831000
2021-11-15,325.18927001953125,326.9406663714479,323.21530960920296,326.6116778913146,16723000
2021-11-16,328.51788330078125,329.6403301704933,324.64738907261324,324.811868540775,20886800
2021-11-17,328.7408752441406,331.7169218037687,327.65515874144324,328.56639143125483,19053400
2021-11-18,330.8250427246094,331.96895000015803,326.80206399132175,327.8296191496973,22463500
2021-11-19,332.6086730957031,334.5377867618701,331.72655082273826,332.1530864365154,21963400
2021-11-22,329.42913818359375,338.96800083487767,329.1577090566747,334.0725435603883,31031100
2021-11-23,327.344970703125,329.0608170788897,323.35107201150885,326.73424772758557,30427600
2021-11-24,327.5678405761719,327.81018900994576,323.69026563578956,325.98772405459823,21661300
2021-11-26,319.5897521972656,327.58725133037314,318.07750018241677,324.11683442028453,24217200
2021-11-29,326.32708740234375,328.65362694624383,324.4949186520059,324.6888092738123,28563500
2021-11-30,320.4718933105469,327.4418371105094,318.92085731132687,325.0571366420449,42885600
2021-12-01,319.9775085449219,328.89594378590317,319.30865400622315,324.8729652307251,33337600
2021-12-02,319.40557861328125,323.28315411578535,317.76730059678897,320.1907852858541,30766000
2021-12-03,313.1239013671875,322.5173296727446,308.29630958443755,321.82903877335156,41779300
2021-12-06,316.20660400390625,317.4280498054881,309.45963062816094,314.03517109758695,30032600
2021-12-07,324.6694641113281,325.52250601428386,319.99697774973174,321.4898528511312,31021900
2021-12-08,324.7178649902344,325.2316425566837,320.6754795458663,325.04745535516855,24761000
2021-12-09,322.9051513671875,326.19138168495977,321.95513458519,324.1750551564324,22214200
2021-12-10,332.0561828613281,332.502095755915,324.5433804062018,324.72756760726975,38095700
2021-12-13,329.0123596191406,333.26801402167297,328.7021463995472,330.2531829139535,28899400
2021-12-14,318.290771484375,324.3979704573752,314.19022487037,323.0214181808544,44438700
2021-12-15,324.4076232910156,324.93110421678887,314.56828231856264,318.5524765632328,35381100
2021-12-16,314.9560546875,326.453081085924,313.1335895234271,325.4351997973671,35034800
2021-12-17,313.88970947265625,314.97545540950694,307.54019173672924,311.0590960634918,47750300
2021-12-20,310.1187744140625,312.92030711538064,307.8503964698501,310.2544741627499,28326500
2021-12-21,317.27294921875,317.6994849167661,310.0121685299449,313.3953734793708,24740600
2021-12-22,323.0020446777344,323.3994701251989,315.78004861655177,318.2519911161229,24831500
2021-12-23,324.4464111328125,326.09439241528247,322.5464075808319,322.5657848066247,19617800
2021-12-27,331.9689636230469,331.99804425764506,325.1637992915189,325.1928799261171,19947000
2021-12-28,330.8056640625,333.287310047464,329.9041348473056,332.6475065317783,15661500
2021-12-29,331.4842529296875,333.7623049071674,329.28370986318623,330.85412323356366,15042000
2021-12-30,328.9346618652344,332.6280493213001,328.4499650381019,331.445387879755,15994500
2021-12-31,326.02655029296875,328.97348632899786,325.5709339951503,328.14952521434043,18000800
2022-01-03,324.50457763671875,327.6551075166869,319.68668922154853,325.0862198389616,28865100
2022-01-04,318.94024658203125,324.94079625044975,316.1386844494537,324.5820957134117,32674300
2022-01-05,306.69683837890625,316.09026737820085,306.3090867462832,315.8866733646423,40054300
2022-01-06,304.2733459472656,308.9458313978056,301.9564804488897,303.56567778767305,39646100
2022-01-07,304.428466796875,306.8131674930467,300.5993490816287,304.5350859251237,32720000
2022-01-10,304.65142822265625,305.08766733673764,295.3646471311674,300.01772629144193,44289500
2022-01-11,305.33966064453125,306.9197476411043,300.4054499000885,303.78862469419647,29386800
2022-01-12,308.5290222167969,313.51172164936673,307.37544097333597,309.8861975033797,34372200
2022-01-13,295.4712219238281,311.0590909801725,294.69571870801707,310.6616359674152,45366000
2022-01-14,300.70599365234375,301.30701312506073,294.4533912878713,294.9380882282628,39846400
2022-01-18,293.38702392578125,300.31818359101004,292.50487202896295,294.7635761210545,42333200
2022-01-19,294.0462341308594,304.3024380013182,293.4355408334725,296.91566133072115,45933900
2022-01-20,292.3692321777344,302.11162990639156,291.923319227443,299.61060643856285,35380700
2022-01-21,286.9697265625,294.8024176641895,286.56256803462605,293.42589464580857,57984400
2022-01-24,287.29925537109375,288.0165973652918,267.60116491131276,283.2568995161282,85731500
2022-01-25,279.660400390625,285.96145992153714,276.4420355444881,282.59766234246206,72848600
2022-01-26,287.62884521484375,299.0580071592012,284.06148289400227,298.5636068216338,90428900
2022-01-27,290.6630554199219,297.8947254313369,288.81150957189453,293.3967532426776,53481300
2022-01-28,298.8253479003906,299.0386157237619,285.4380216361503,291.0411167226666,49743700
2022-01-31,301.4620666503906,302.8192119279714,296.9931462628892,299.49419860201147,46444500
2022-02-01,299.3100891113281,301.1228510865205,295.7911842966343,300.90958323158276,40950400
2022-02-02,303.86614990234375,305.47534704194504,299.4263396418428,300.15338493833775,36636000
2022-02-03,292.02984619140625,301.7044057709115,290.7793200604216,300.0176406503713,43730000
2022-02-04,296.5763244628906,299.34877637115835,290.7890426267594,291.0216876586282,35096500
2022-02-07,291.73907470703125,298.4181825772787,290.7211934712144,296.799311504928,28533300
2022-02-08,295.2386169433594,296.20801088645777,290.7697250657824,292.02992535838814,32421200
2022-02-09,301.6850891113281,302.3830539530496,297.98202662954105,300.38610474159356,31284700
2022-02-10,293.1253967285156,299.65910358576355,291.4968217181401,294.73459450670595,45386200
2022-02-11,286.0099792480469,294.9768726571542,285.2150691647002,293.9105334701713,39175600
2022-02-14,285.97119140625,287.6773340827328,282.4329097004765,284.77882629708716,36359500
2022-02-15,291.27374267578125,291.5936295980899,287.9293223884428,290.82782983198604,27058300
2022-02-16,290.9338073730469,292.2646183764721,285.2802618312306,289.83612248855013,29982100
2022-02-17,282.4147033691406,288.31106987595297,281.7055717749834,287.8836521540953,32461600
2022-02-18,279.6947021484375,285.4550868856492,278.1210416639117,284.6682566433863,34264000
2022-02-22,279.49066162109375,283.2014094659207,276.3627585633404,276.84845761178207,41736100
2022-02-23,272.2537536621094,283.35685724372496,272.08863257472035,281.88031305688963,37811200
2022-02-24,286.1642150878906,286.7179192209472,263.75404970523874,264.7157541586324,56989700
2022-02-25,288.80645751953125,289.1173121239739,283.30833898794964,286.69853958099424,32546700
2022-02-28,290.2441101074219,290.58410544575923,284.61970557723305,285.892234995096,34627500
2022-03-01,286.5139465332031,291.3903554307586,283.7940134485525,287.92245631130913,31217800
2022-03-02,291.60406494140625,292.8474536090081,285.2996993116975,286.9121944404564,31873000
2022-03-03,287.4561767578125,294.4599496832263,285.6396371693534,294.2268235947487,27314500
2022-03-04,281.5694885253906,287.2036162824794,278.9564544502619,285.8728053947299,32356500
2022-03-07,270.9326477050781,281.4043180402544,270.56351168381883,280.27749268656925,43157200
2022-03-08,267.960205078125,275.83823041762696,262.27751955874135,269.8544138214388,48159500
2022-03-09,280.2484130859375,281.3169571583642,272.74921692953006,275.3331399974986,35204500
2022-03-10,277.421630859375,278.40275260718323,272.5549159967274,274.9251301683572,30628000
2022-03-11,272.0595397949219,281.2295424824958,271.43783062877634,279.72385727089465,27209300
2022-03-14,268.53338623046875,277.2371079233456,267.93112394283185,272.3218342049007,30660700
2022-03-15,278.93701171875,279.5878616136347,270.75785475687104,272.3315152360356,34245100
2022-03-16,285.9699401855469,286.1447847528413,275.0999915812556,280.8409290538057,37826300
2022-03-17,286.7762451171875,287.155075088872,281.09355838410045,284.90145326576936,30816600
2022-03-18,291.8371887207031,292.3908928751007,284.35743948050003,286.9219156173707,43390600
2022-03-21,290.603515625,291.5554966200923,286.4653494285398,290.3412487591332,28351200
2022-03-22,295.36334228515625,296.27645898935685,290.2246373680648,291.2251763552564,27599700
2022-03-23,290.9241027832031,294.55715302572054,289.20473825507435,291.914948142402,25715400
2022-03-24,295.4022521972656,295.49939796385246,289.7875707673661,290.584124550762,24484500
2022-03-25,294.9942321777344,296.7621842197346,290.7298090046941,296.49991734768025,22566500
2022-03-28,301.8135070800781,301.9106232082683,295.62567411746613,295.62567411746613,29578200
2022-03-29,306.3887634277344,306.7870403167867,300.21065437950557,304.93166587278824,30393400
2022-03-30,304.8830261230469,306.91327445706116,302.66823940338827,304.785910018409,28163600
2022-03-31,299.4917907714844,306.1264573909098,299.0838201093192,304.9219034077855,33422100
2022-04-01,300.570068359375,301.2597528365468,296.8010382958622,300.52148065861917,27110500
2022-04-04,305.9613342285156,306.09731457992234,300.85176950899194,301.2209056188057,24289600
2022-04-05,301.98828125,305.8641506341934,301.00715956839883,304.30990756419493,23156700
2022-04-06,290.9338073730469,298.21929503681264,288.2235976616029,296.46106638553516,40110400
2022-04-07,292.7503356933594,294.9651228945871,287.87392632036267,288.17505745754556,31411200
2022-04-08,288.4761962890625,292.507493891378,287.80592899300956,291.84695006605057,24361900
2022-04-11,277.10113525390625,284.2408902466413,276.8485621670197,283.44436603636495,34569300
2022-04-12,273.9925842285156,282.4243138069995,272.46748188240565,280.96721645218093,30966700
2022-04-13,279.3935546875,280.3260886895071,273.2543107477834,274.6434327492474,21907200
2022-04-14,271.8263244628906,280.0637912406808,271.3309315772067,279.8500824672444,28221600
2022-04-18,272.4966735839844,274.38118888675035,270.37903214717795,270.9327363602511,20778000
2022-04-19,277.1399230957031,277.98506451815985,270.44700422483857,271.38926176150375,22297700
2022-04-20,278.1695861816406,281.4140823953161,277.20791140895244,281.1226451360591,22906700
2022-04-21,272.7783508300781,284.91110595859055,272.049802114216,280.3261048543094,29454600
2022-04-22,266.1922607421875,275.0999957209801,265.5608578098642,273.6234514112398,29405800
2022-04-25,272.69091796875,273.06974787105423,263.0254935218385,265.4734360848462,35678900
2022-04-26,262.4912414550781,270.39840795008814,262.27753265009284,269.56301966815096,46518400
2022-04-27,275.1194763183594,282.64781447342403,271.1756008951554,274.03151477330016,63477700
2022-04-28,281.34613037109375,282.65752417283454,273.4097922009412,277.03311899565534,33646600
2022-04-29,269.58245849609375,281.58895747620693,268.5916428545901,280.3552626033105,37073900
2022-05-02,276.3337097167969,276.7902681599754,268.31967275198224,269.76704691143607,35151100
2022-05-03,273.7206115722656,276.0034035044094,272.13722760135903,275.83825274986134,25978600
2022-05-04,281.6861267089844,282.5603793648833,268.8150975432188,274.5074780995146,33599300
2022-05-05,269.4173889160156,278.159975708457,266.4934698468964,277.37314526871575,43260400
2022-05-06,266.87225341796875,271.262962860932,263.5111941095832,266.9499522347346,37780300
2022-05-09,257.0126037597656,264.5700829531843,255.7886618002125,262.3358782465289,47726000
2022-05-10,261.7918395996094,265.92028233912083,257.4885522823345,263.9192042299002,39336400
2022-05-11,253.0978546142578,263.59866950064895,251.88360655020028,258.0811334123064,48975900
2022-05-12,248.04656982421875,252.4470030791801,242.86901493975182,250.31963836207385,51033800
2022-05-13,253.6515350341797,255.51663292916277,248.04657716876847,249.9893738888767,34925100
2022-05-16,254.02066040039062,258.21710825290523,248.46426083031778,252.52469868871455,32550900
2022-05-17,259.1885681152344,260.65535976669184,254.95325502377983,258.498853800822,28828800
2022-05-18,247.3877410888672,256.6569961862694,246.11224780125326,256.0727937558595,31356000
2022-05-19,246.47250366210938,250.88320092166384,245.2456963560766,247.21248054968524,32692300
2022-05-20,245.9077606201172,251.7302626962446,239.94896148794473,250.4644858725116,39199300
2022-05-23,253.7847137451172,254.61233147277377,246.75488068951682,248.76063467153455,33175400
2022-05-24,252.7817840576172,254.44673552078478,246.82298537784575,251.09737007756888,29043900
2022-05-25,255.60546875,257.6112079836733,250.35745153995958,251.34085863423311,28547900
2022-05-26,258.8963623046875,260.07448337776066,254.54409798689258,255.3619693717028,25002100
2022-05-27,266.0430603027344,266.1404323228601,260.5126742393116,261.40845522519186,26910800
2022-05-31,264.70916748046875,267.5327779701292,261.84660223740195,265.35178719970526,37827700
2022-06-01,265.2447509765625,270.375933909829,262.9274329699981,267.95152745253296,25292200
2022-06-02,267.3477783203125,267.41594170989407,254.70967973096734,257.48461904641414,44008200
2022-06-03,262.9078674316406,266.2475464172639,261.34028787235826,263.19023737158795,28059000
2022-06-06,261.6713562011719,266.9583275412058,260.18165627348907,264.89417127160834,22400300
2022-06-07,265.3225402832031,265.9359512773266,258.93532847954185,259.6169028538493,22860700
2022-06-08,263.28765869140625,265.8094369636133,262.508712110135,264.55340602953294,17372300
2022-06-09,257.8156433105469,265.5270199603348,257.6598540218745,260.72687950108036,26439700
2022-06-10,246.32644653320312,253.71651344444265,245.87855603655115,253.71651344444265,31422800
2022-06-13,235.87904357910156,242.46099963563907,235.1682754046893,238.65398260797576,46135800
2022-06-14,238.05030822753906,239.26738409403188,235.14878866486436,237.4368972366241,28651500
2022-06-15,245.12881469726562,248.5755819262478,239.92947007796263,241.7696882233062,33111700
2022-06-16,238.5177001953125,240.90316631225872,236.61906450455473,239.50109230773435,33169200
2022-06-17,241.1270751953125,243.90201423414308,237.60242808712968,238.2547789970656,43084800
2022-06-21,247.05667114257812,248.04006310020895,242.93807568835476,243.66832121269294,29928300
2022-06-22,246.46275329589844,250.39635109194543,243.77544008593574,245.25540860324242,25939900
2022-06-23,252.0418243408203,252.5384008649408,246.9495972945259,248.83850165297127,25861400
2022-06-24,260.6489562988281,260.92158008015326,254.82645517381317,254.91408106276444,33923200
2022-06-27,257.91302490234375,261.2331820993187,256.34541555511356,261.14555619251996,24615100
2022-06-28,249.72451782226562,259.87979223071875,249.5687285378828,257.0269733877671,27295500
2022-06-29,253.4049530029297,255.06990454388946,249.02346482811242,250.80526576023144,20069800
2022-06-30,250.06524658203125,252.69414216909612,246.2387674366208,250.27945310922738,31730900
2022-07-01,252.74285888671875,252.9278568169159,247.90377835039504,249.63690825299287,22837700
2022-07-05,255.92678833007812,256.05336900861283,248.03039737947321,249.41299415472167,22941000
2022-07-06,259.19818115234375,260.9312958394572,255.48853662704045,256.8029843856057,23824400
2022-07-07,261.3305358886719,261.9731555407947,258.03955784314934,258.1369298596105,20859900
2022-07-08,260.6101379394531,261.0385512077027,256.35524361567263,257.8157352900383,19658800
2022-07-11,257.5429992675781,259.50978316936533,255.27435321446737,258.65295700580936,19455200
2022-07-12,246.98854064941406,258.93536317826056,245.40146874432753,258.8769459056364,35868500
2022-07-13,246.0635528564453,246.8716930845245,241.57497607829453,243.60019227814038,29497400
2022-07-14,247.3877410888672,248.4198191732911,239.46214266727682,243.97019698455844,25102800
2022-07-15,249.95816040039062,253.51201578952933,248.05952512596198,248.98449976151622,29774100
2022-07-18,247.55328369140625,253.96970545329086,246.62830880828267,252.9084186385163,20975000
2022-07-19,252.69419860839844,252.87919654655826,246.99827670674873,250.79554806992488,25012600
2022-07-20,255.36204528808594,257.89356968724485,252.09055877626747,253.0544736031829,22788300
2022-07-21,257.8643493652344,257.91305023853096,250.26006010817883,252.94737370240864,22404700
2022-07-22,253.5023193359375,258.3414148476746,252.24631825964894,258.2537889386617,21881300
2022-07-25,252.0126190185547,254.61230650318151,250.0458348430974,254.1254760892175,21056000
2022-07-26,245.26515197753906,253.03497593453565,242.99653536539577,253.0154837015324,39348000
2022-07-27,261.66156005859375,262.93705316460915,252.03207144255825,254.2812252227085,45994000
2022-07-28,269.12957763671875,270.5219054098013,260.81450632143316,262.6449933275576,33459300
2022-07-29,273.3454895019531,274.5723114658439,269.3437583740479,270.3855824318356,32152800
2022-08-01,270.6874694824219,273.87132984806976,268.5746123087126,270.50247153899136,21539600
2022-08-02,267.5815124511719,270.5706587329471,265.20577732907145,268.73042525392265,22754200
2022-08-03,275.0299987792969,276.03286832929683,269.3243303884183,269.4704032961188,23518900
2022-08-04,276.1788330078125,276.3248761602212,272.7905130168729,274.3775548914,18098700
2022-08-05,275.4583435058594,276.1788428927064,271.33974817793603,271.79736988103866,16774600
2022-08-08,272.93658447265625,278.38909053353035,271.96292373727755,276.56831999880745,18739200
2022-08-09,274.86444091796875,275.62389517818417,270.2979692399521,272.2745292536275,23405200
2022-08-10,281.5437927246094,282.1766663743065,279.3822643126082,280.5798779306673,24687800
2022-08-11,279.4601135253906,283.53975467502244,278.9635667202551,283.18925104786797,20065900
2022-08-12,284.2213134765625,284.2213134765625,279.38221835406904,280.8816642309204,22619700
2022-08-15,285.7402038574219,286.4314946274058,282.4686884881546,283.3352607647853,18085700
2022-08-16,285.000244140625,286.29522964293864,282.77058230494487,284.29920717683063,18102900
2022-08-17,284.24896240234375,286.2296881753284,282.44386044524725,282.7072961690795,18253400
2022-08-18,283.1268615722656,284.8246178924502,282.0632923944146,283.146365402589,17186200
2022-08-19,279.20440673828125,282.22916781980774,278.6287311100717,281.88765725342205,20570000
2022-08-22,271.00836181640625,275.60403082958356,270.4912273395676,275.2332495486718,25061100
2022-08-23,269.7301330566406,272.0913771117212,268.71536804172104,269.7301330566406,17527400
2022-08-24,269.09588623046875,270.5009361638899,268.4323689230805,268.7251050290327,18137000
2022-08-25,272.0816345214844,272.2474915307141,267.8567175355643,270.5985095814994,16583400
2022-08-26,261.5827941894531,273.5354566259213,261.47547845229536,272.306030389581,27549300
2022-08-29,258.792236328125,260.90954849813465,257.4457275056932,259.39718266241346,20338500
2022-08-30,256.5870361328125,260.5679908317506,254.33310821600745,260.1972394314792,22767100
2022-08-31,255.1234893798828,260.62657740066675,254.98687322695167,258.9483545630035,24791800
2022-09-01,254.07943725585938,254.5575639832718,249.21056651707494,252.58657535894073,23263400
2022-09-02,249.84478759765625,258.314095365784,248.29338440657236,255.3479051299607,22855400
2022-09-06,247.1029815673828,251.5718002743736,245.82478096491684,249.98138951217098,21328200
2022-09-07,251.8255157470703,252.54754459384247,247.0737274194597,248.51780000142463,24126700
2022-09-08,252.2450714111328,254.1087145745975,248.60561187747734,251.25960684988422,20319900
2022-09-09,258.0408630371094,258.79219220151697,253.97209640414405,254.17699082314724,22084700
2022-09-12,260.1777038574219,260.9583036393322,258.7238795678171,259.32882578827446,18747700
2022-09-13,245.87353515625,254.07939068333965,245.4832352913428,252.55725843124534,33353300
2022-09-14,246.09799194335938,248.0591988641248,243.79527444125134,247.37619258985976,23913000
2022-09-15,239.4240264892578,245.29789551034108,238.09703645062885,243.7074697578199,31530900
2022-09-16,238.79953002929688,239.34593499296545,236.1845728466304,238.33117015607925,39791800
2022-09-19,238.58489990234375,239.1898462068976,235.00398165238354,236.58465548733815,26826900
2022-09-20,236.5651092529297,237.5993779327107,233.8233175935505,236.1943429586275,26660300
2022-09-21,233.1500701904297,241.6486627940409,233.10128084045706,238.3409473483979,28625600
2022-09-22,235.1308135986328,237.94091362050094,231.8035940706636,232.0963004159245,31061200
2022-09-23,232.1450958251953,235.27718779697258,229.4911157105166,233.72576968451835,34176000
2022-09-26,231.6864776611328,235.58938742131502,231.1498245914239,231.29619264048225,27694200
2022-09-27,230.67172241210938,235.93089259844146,228.80807947091677,234.1550615516291,27018700
2022-09-28,235.2186279296875,236.4480391799153,229.03250446546224,231.06201938613802,29029700
2022-09-29,231.7352752685547,234.12580460416743,228.7202809445972,233.0915358630107,27484200
2022-09-30,227.24691772460938,234.70147486593402,227.0810458443,232.50608809787929,35694800
2022-10-03,234.89662170410156,235.74549978528202,228.9641972732562,229.69599282969966,28880400
2022-10-04,242.83905029296875,244.28312273696628,239.03370433981988,239.1410349538722,34888400
2022-10-05,243.1512908935547,244.49779961267382,238.17508955877648,240.01921394484737,20347100
2022-10-06,240.79977416992188,244.26360964308347,240.1070160083413,241.912102882792,20239900
2022-10-07,228.55441284179688,235.46256526438881,227.51037728003038,235.05274661637694,37769600
2022-10-10,223.68551635742188,228.86662669875534,221.2266790317585,227.39328361932908,29743600
2022-10-11,219.938720703125,223.50011982084274,218.6702720829725,222.09506995780728,30474000
2022-10-12,220.2704620361328,222.3292474595599,218.5239165292533,219.92895148846125,21903900
2022-10-13,228.55441284179688,230.36926657051526,213.81116985788702,214.51369484245026,42551800
2022-10-14,223.01223754882812,231.4815585678479,222.79757634382045,229.82281018580363,30198600
2022-10-17,231.76454162597656,233.15983963119882,229.43255359972767,230.09605601233935,28142300
2022-10-18,232.71099853515625,238.00919148115057,229.65696682991847,237.33595204197528,26329600
2022-10-19,230.74005126953125,233.79408332375263,228.6032055120039,231.2864563258372,19985700
2022-10-20,230.4180450439453,235.45280255812088,229.16911502485962,230.04727871505503,21811000
2022-10-21,236.24313354492188,237.10177849471148,228.80809488481415,229.04227484068946,26299700
2022-10-24,241.2486114501953,241.8242870711329,235.4430361139109,237.84331729780146,24911200
2022-10-25,244.57586669921875,244.94663303718434,239.86310093391776,241.25838415797844,34775500
2022-10-26,225.70530700683594,232.51588122743283,224.475880748936,225.55893893934157,82543200
2022-10-27,221.2462158203125,228.01776721146956,220.29975893201416,225.4320803427003,40424600
2022-10-28,230.14483642578125,230.85712820733676,220.5632002940726,220.7485908978084,40647700
2022-10-31,226.49563598632812,229.21790924031464,225.53941228860307,228.08606173387716,28357300
2022-11-01,222.63174438476562,230.01800878902966,221.81213684879617,228.90568002209392,30592300
2022-11-02,214.75762939453125,225.68577445191593,214.69907323807044,223.8904394193755,38407000
2022-11-03,209.04959106445312,215.06007529558264,208.7861405032227,214.74783538769205,36633900
2022-11-04,216.0163116455078,216.21145416874165,208.2495141580714,212.2695216011054,36789100
2022-11-07,222.33901977539062,222.86592096080787,215.90897914921476,216.60175222236109,33498000
2022-11-08,223.31475830078125,226.02727968287536,220.35830503261087,223.1488864048599,28192500
2022-11-09,219.06057739257812,223.08058484840367,218.88495358763487,221.85115866012015,27852900
2022-11-10,237.08226013183594,237.42377070694712,229.29595897044808,229.71551464254821,46268000
2022-11-11,241.1120147705078,241.97065970506623,236.05773875356564,237.0920223740199,34620200
2022-11-14,235.68701171875,237.98972951829813,233.40381264053644,236.1163342575776,31123300
2022-11-15,236.0968017578125,241.00471025327306,234.20388788622643,239.69723888018083,31390100
2022-11-16,236.52728271484375,238.55273762838763,235.2454800077999,237.56446612877613,24093300
2022-11-17,236.4783935546875,238.01461012681563,232.51557231907879,232.6623379461831,23123500
2022-11-18,236.02828979492188,238.49405671182296,233.88542217086078,238.26899618839067,27613500
2022-11-21,236.84042358398438,239.4040292254599,235.99893254382687,236.23375753060137,26394700
2022-11-22,239.7563018798828,240.03027434117138,235.52928752687384,238.34729211875336,19665700
2022-11-23,242.2513885498047,242.93631960820255,239.0126313855125,239.83454865558997,19508500
2022-11-25,242.163330078125,243.3472791412151,241.4196778430826,241.98719641652858,9200800
2022-11-28,236.55665588378906,241.34140906534282,235.61732607964368,240.78368479357738,24778200
2022-11-29,235.15744018554688,237.56448586876186,233.08307318531638,236.20440308326351,17956300
2022-11-30,249.648681640625,249.83459470450774,234.69755065431445,235.3922760619219,47594200
2022-12-01,249.2083740234375,250.60758932902792,245.519510598115,248.4060155091771,26041500
2022-12-02,249.53128051757812,250.54889032100806,244.31599481535082,244.44320163967146,21528500
2022-12-05,244.8150177001953,248.35711568212665,242.72107687347514,246.5860592259716,23435300
2022-12-06,239.8443145751953,246.4392559506149,238.5331587756001,245.42164628251712,22463700
2022-12-07,239.1104736328125,240.86195621878957,236.99697418329282,239.56057972367816,20481500
2022-12-08,242.0752716064453,243.38644250064408,237.82868382073406,239.570372173959,22611800
2022-12-09,240.13790893554688,242.96570787382834,238.90503285210087,239.43340405061218,20609700
2022-12-12,247.07530212402344,247.1046552491249,241.85023683065825,242.12420928519117,30665100
2022-12-13,251.390380859375,258.23972140913565,247.62323758485567,256.05770645555435,42196900
2022-12-14,251.68392944335938,256.93834770699095,248.83655694939137,251.5958700706499,35410900
2022-12-15,243.650634765625,248.72893450129712,242.01657941484757,248.25926956302303,35560400
2022-12-16,239.423583984375,244.46273549809166,238.26897314614723,243.20050650303634,86102000
2022-12-19,235.27487182617188,239.9324334885237,233.57233082152595,239.5899604496875,29696400
2022-12-20,236.59579467773438,237.68190498867048,233.2885368978721,234.24744039254352,25150800
2022-12-21,239.16920471191406,240.33359511425672,234.94219044357476,236.48818640438125,23690600
2022-12-22,233.06349182128906,236.78170824975606,228.83646305704173,236.0674091280564,28651700
2022-12-23,233.59188842773438,233.72887465649478,228.90498859407907,231.0282826050553,21207000
2022-12-27,231.8599853515625,233.78757187810967,230.75430123545564,233.56252628177612,16688600
2022-12-28,229.4822540283203,234.5605530300066,229.1300016429323,231.7914607924466,17457100
2022-12-29,235.82278442382812,236.71320225846455,230.57814603846577,230.57814603846577,19770700
2022-12-30,234.6584014892578,234.79538769550024,231.56641005649837,233.08305265228162,21938500
2023-01-03,234.42356872558594,240.46077124140547,232.29048067163205,237.84823891620616,25740000
2023-01-04,224.16912841796875,227.85797664505387,221.09671066302377,227.28067869083657,50623400
2023-01-05,217.52528381347656,222.6525101847704,216.9871183182412,222.31003716133554,39585600
2023-01-06,220.0888671875,220.90100504687248,214.6289776058487,218.20041337731763,43613600
2023-01-09,222.23175048828125,226.26308695168126,221.53703999477176,221.57617251580095,27369800
2023-01-10,223.92453002929688,226.33157576127422,222.43724039296023,222.85797845401495,27033900
2023-01-11,230.69558715820312,230.87170589795403,226.1358795554185,226.31199829516942,28669300
2023-01-12,233.37661743164062,234.73670029298546,228.53315774154953,230.19656617961186,27269500
2023-01-13,234.0811004638672,234.21808667704465,229.8638660470709,231.8991004502628,21333300
2023-01-17,235.17703247070312,235.72497738718545,231.98718681629944,232.84825164527405,29831300
2023-01-18,230.7346954345703,237.16329750679515,230.4509436291054,236.37073340043898,30028700
2023-01-19,226.938232421875,230.4509772666671,225.71513580011168,228.74842139423623,28623000
2023-01-20,235.0498046875,235.5586170347546,229.46269305633442,229.80516606379726,35389800
2023-01-23,237.35902404785156,239.8932766589855,234.49207780928063,235.9108818315434,31934000
2023-01-24,236.83062744140625,238.6995225755174,235.26507279685154,237.28073354657224,40234400
2023-01-25,235.43142700195312,238.0635333641679,225.93040571836002,229.43335629238763,66526600
2023-01-26,242.66238403320312,242.9657096243839,236.79151990336757,238.4060015669205,33454500
2023-01-27,242.8189239501953,244.45297920647357,241.51754738385625,243.6310618794315,26498900
2023-01-30,237.48623657226562,240.3140354258699,236.98720358432553,239.24748380148316,25867400
2023-01-31,242.47645568847656,242.61344191233738,237.72105544533972,238.21029409203948,26541100
2023-02-01,247.31011962890625,249.68781212878685,240.18680659624076,242.66235279117208,31259900
2023-02-02,258.9050598144531,258.99311917464655,251.7132467911275,253.24946308292516,39940400
2023-02-03,252.78961181640625,258.5137098891533,251.56651521371487,253.95400217102897,29077300
2023-02-06,251.24356079101562,252.74062959875695,249.29640086650787,251.89915360390006,22518000
2023-02-07,261.80133056640625,262.98527949675434,254.48231110631974,254.9226377457536,50841400
2023-02-08,260.9892578125,270.8033838180028,260.4804305117884,267.3200070611244,54686000
2023-02-09,257.9461975097656,268.08323851228033,257.1438389059793,267.9070898928633,42375100
2023-02-10,257.4374084472656,258.4060915123102,255.04992121599022,255.90119177142458,25818500
2023-02-13,265.48040771484375,268.6898113331747,261.400145164768,261.8796192378384,44630900
2023-02-14,266.3121337890625,269.05185781059515,263.48432054830886,266.8013723543899,37047900
2023-02-15,264.18353271484375,265.5666447691535,261.1034044657681,263.2026047275784,28922400
2023-02-16,257.1502685546875,261.6527244708974,256.9050365553152,258.98459912030484,29603600
2023-02-17,253.13824462890625,255.12952701459778,251.11753560443276,254.44289546450523,30000100
2023-02-21,247.85108947753906,250.61731377289414,246.791685383644,249.62656685950031,28397400
2023-02-22,246.7132110595703,249.4892392663738,245.56552702514333,249.2440072512969,22491100
2023-02-23,249.9110565185547,251.94156990467263,245.70286658270774,250.68598313263473,29219100
2023-02-24,244.4668731689453,246.21292378160817,243.36823861745583,245.19276526490697,24990900
2023-02-27,245.3889617919922,247.9982339676097,244.63364301109786,247.6450992749113,21190000
2023-02-28,244.6630859375,246.6936142975938,243.98624315080207,244.31977008171737,22491000
2023-03-01,241.57313537597656,246.144248340917,241.1022791735545,245.9774923821407,27565300
2023-03-02,246.3208465576172,246.60530911013456,240.92574220982544,241.84781698411012,24808200
2023-03-03,250.42112731933594,250.7448353875074,246.59551372780942,247.38025919903342,30760100
2023-03-06,251.97096252441406,255.15897842261484,251.0979372310023,251.53935182335243,24109800
2023-03-07,249.30284118652344,252.77533463239405,248.5573413069621,251.41183036535284,21473200
2023-03-08,248.86141967773438,249.68539556928397,246.02653848093868,249.19493159082262,17340200
2023-03-09,247.50779724121094,254.6097074462763,246.78190502401517,250.94104575578916,26653400
2023-03-10,243.848876953125,247.96877137415123,242.8777678562055,246.2913929515961,28333900
2023-03-13,249.07725524902344,252.99116366046172,241.0434519121512,242.68160000285428,33339700
2023-03-14,255.81619262695312,256.0908512385294,250.98021034956767,251.85323557231487,33620300
2023-03-15,260.3775634765625,261.39773710687786,254.26637049083152,255.02170430462056,46028000
2023-03-16,270.9323425292969,271.28546226233277,258.25873880453594,260.15192277848104,54768800
2023-03-17,274.1007385253906,277.926352222168,271.05006642858564,272.95306938413273,69527400
2023-03-20,267.03802490234375,272.187896607002,264.70341160654476,271.6974326351298,43466600
2023-03-21,268.5584411621094,269.7551744059868,264.3796786992098,269.6374678468421,34558700
2023-03-22,267.0968933105469,275.680013304396,266.98897566413984,268.1857090207041,34873300
2023-03-23,272.364501953125,275.6996515319118,269.9514271903419,272.63916062583564,36610900
2023-03-24,275.2190246582031,275.2778779537336,270.02990624154876,271.9525170784999,28172000
2023-03-27,271.10888671875,276.09198781080295,270.26527306825443,275.1503053082786,26840200
2023-03-28,269.9808654785156,270.87351368720647,266.86149121075977,270.53018284762516,21878600
2023-03-29,275.16015625,275.7781457546804,273.1002012129155,273.6396997041648,25087000
2023-03-30,278.6325378417969,279.03472184393536,276.111576072382,278.8091276020213,25053400
2023-03-31,282.8014831542969,283.7529843526712,277.60257759753506,278.3186656946347,32766000
2023-04-03,281.7519836425781,282.77212729380244,278.5345407324913,281.0555031510767,24883300
2023-04-04,281.7029113769531,284.9105652724409,280.22173037151373,281.7519757409846,25824300
2023-04-05,278.9170837402344,281.67348922118816,277.52418264519775,280.3982947048252,22064800
2023-04-06,286.03863525390625,286.5094615754292,276.65114630640034,277.8086342608768,29770300
2023-04-10,283.8707275390625,284.07671400753975,279.279962407057,283.69413777339656,23103000
2023-04-11,277.43585205078125,280.52579918788547,276.26857527576567,280.30017497191614,27276600
2023-04-12,278.0832824707031,281.53616835496916,276.58246375618245,279.35850689315987,27403400
2023-04-13,284.3121643066406,284.3710175910473,277.7693913938778,278.18136438472453,24222700
2023-04-14,280.6827697753906,282.9781378461247,278.27948405144895,281.52635353888274,20987900
2023-04-17,283.2919616699219,286.03857771367035,280.70232761583475,284.4004149714436,23836200
2023-04-18,282.8702392578125,286.19559997816526,281.5361913738526,286.00922123914864,20161800
2023-04-19,282.9486389160156,283.5371716538891,279.113207584654,280.5355349485698,17150300
2023-04-20,280.6533203125,283.51764349522205,279.642965581356,279.8097365276155,23244400
2023-04-21,280.3100280761719,280.81028105928004,277.6615101881032,279.57433198899173,21676400
2023-04-24,276.39605712890625,279.5154307545352,273.4042388617488,276.70996125679454,26611000
2023-04-25,270.16717529296875,276.2293025282691,270.11811093666,274.17916681026793,45772200
2023-04-26,289.7367248535156,293.85663480146826,287.14709026508365,291.0413759757721,64599200
2023-04-27,299.01629638671875,299.3792649257392,289.6190184598168,290.325287881764,46462600
2023-04-28,301.39996337890625,303.038096464785,297.525285592319,298.2119472041732,36469600
2023-05-01,299.7323913574219,302.7144211983591,299.33020723943775,301.11550358691363,21294100
2023-05-02,299.5852355957031,303.2833235211519,298.11384353910654,301.8904224714807,26404400
2023-05-03,298.5945129394531,302.7242119316147,298.29042761791334,300.7721745574302,22360800
2023-05-04,299.5852355957031,301.8904224714807,297.61356066048836,300.39939269537876,22519900
2023-05-05,304.72528076171875,306.0201129213296,298.46695525914686,299.8893128499304,28197100
2023-05-08,302.7633972167969,304.2838534576183,300.2522241306685,304.2151813185298,21318600
2023-05-09,301.1449279785156,304.1269577971299,300.4680851917981,302.1258560826802,21340800
2023-05-10,306.3536071777344,307.03044986140986,301.80211703381246,302.73398062957256,30078000
2023-05-11,304.195556640625,305.1863034639446,300.419007926499,304.1857677171531,31680200
2023-05-12,303.07733154296875,304.7252834320708,300.7525369252092,304.62718464295926,19774700
2023-05-15,303.55804443359375,303.989655253562,301.72371341650586,303.2049246366493,16336500
2023-05-16,305.7945556640625,307.72698546714827,303.92097915970595,303.92097915970595,26730300
2023-05-17,308.68475341796875,309.10746737687026,305.4799275878983,307.0037079063203,24315000
2023-05-18,313.1282043457031,313.6394211850269,308.4094689120249,309.20575514144576,27276000
2023-05-19,312.9512634277344,313.35432671083794,311.0146096045722,311.37834159149793,27546700
2023-05-22,315.7431945800781,317.1293303008465,312.6268717902356,313.2068809214525,24115700
2023-05-23,309.9234313964844,317.2571435018196,309.91359107162907,314.612676200923,30797200
2023-05-24,308.5373229980469,311.1424592315405,307.31829264651185,309.4024316342998,23384900
2023-05-25,320.4029541015625,321.36634580570205,314.5831525784272,317.76829739796784,43301700
2023-05-26,327.25494384765625,327.75629030696444,318.3974530543971,318.5350675723102,36630600
2023-05-30,325.6034240722656,330.0567411570019,324.925101668545,329.5553945984625,29503100
2023-05-31,322.8311767578125,330.2533617664541,321.78909235828155,326.6651533185743,45950600
2023-06-01,326.9501647949219,327.8840954587821,319.22323109555856,320.4127401508555,26773900
2023-06-02,329.72247314453125,331.7869311608408,326.92071083675313,328.5919458978105,25873800
2023-06-05,330.2533874511719,332.82903267433227,328.99505581539154,329.5455740309834,21307100
2023-06-06,328.0316162109375,329.6930110935296,326.5471971745733,329.65367979425776,20396200
2023-06-07,317.906005859375,328.8279274839087,317.0408972156509,326.03600504343115,40717100
2023-06-08,319.754150390625,321.11079515355357,317.8764784362374,318.4564875738247,23277700
2023-06-09,321.25830078125,324.4041150754576,318.91858321183014,319.4887521148258,22529000
2023-06-12,326.2325439453125,326.47831201668896,319.65578795519957,323.0178783710778,24260300
2023-06-13,328.6312561035156,331.27572305928487,324.79728003412475,328.80820192187525,22951300
2023-06-14,331.6296081542969,333.30084307513505,327.17629180750674,328.6803912358667,26003800
2023-06-15,342.20751953125,343.9180559623726,331.4920360241556,331.7672951050373,38899100
2023-06-16,336.5351867675781,345.52048357890783,336.1616444283532,345.37302870803074,46552000
2023-06-20,332.32763671875,336.28941757561955,330.17470560784415,333.5663176321454,26375400
2023-06-21,327.9136657714844,332.01309136032313,326.4488973241474,330.67609713912924,25117800
2023-06-22,333.95953369140625,334.3625969961484,327.69736698314864,328.4641622943436,23556800
2023-06-23,329.3489074707031,332.23914275155624,327.8055065902251,328.7000760810229,23146900
2023-06-26,323.03759765625,330.420451002799,322.9294440913957,328.07092355992313,21520600
2023-06-27,328.90655517578125,330.45979643869066,323.72574418918015,326.242407248698,24354100
2023-06-28,330.1648254394531,332.25877415923435,328.15934962319983,328.9949670467207,20259500
2023-06-29,329.37835693359375,330.4204111551237,326.98949848240625,329.0441159569695,16997000
2023-06-30,334.7754821777344,336.928413125334,331.49202397478524,332.0327017922602,26832800
2023-07-03,332.26861572265625,335.1293598763114,330.87266977887174,333.4483145492519,12508700
2023-07-05,332.42596435546875,335.8667181518456,329.06387316070754,329.41776486500146,18172400
2023-07-06,335.4931335449219,337.18401940600376,329.8208161509684,331.5903346098022,28161200
2023-07-07,331.5116271972656,336.0042746051032,331.2953501010179,333.57608493399704,21214800
2023-07-10,326.2129211425781,329.5553915067683,322.04470351324625,328.9360510569214,32791400
2023-07-11,326.84210205078125,327.2254847097536,321.4646944933152,325.45596628174627,26698200
2023-07-12,331.49200439453125,335.86665829831014,329.9879049173375,330.9021549914973,29995300
2023-07-13,336.8595886230469,337.92129360338816,333.2811907244009,333.81205821506575,20567200
2023-07-14,339.3959045410156,345.4811250749577,338.48165441257885,341.70613067280914,28352700
2023-07-17,339.87762451171875,341.116275309023,336.40738021266617,339.82845289215857,20363900
2023-07-18,353.4046936035156,360.57129992405726,336.3779021410324,339.97592078654986,64738600
2023-07-19,349.0693359375,356.3244150776322,346.4740403920073,355.6264420712178,39732900
2023-07-20,340.99835205078125,351.9104627618091,339.52374330607455,347.58494977753446,33778400
2023-07-21,337.9508361816406,344.37029866601915,334.0775279750363,343.23977124553153,69405400
2023-07-24,339.2680358886719,341.047424189131,336.5154457019085,339.9955297245174,26678100
2023-07-25,345.03875732421875,345.93335679685634,339.22879591466364,341.23424198421435,41637700
2023-07-26,332.0523376464844,338.8355608783581,327.47121688450346,335.66022637997355,58383700
2023-07-27,325.1217346191406,335.55211932236773,323.4799903627964,334.7165317078784,39635300
2023-07-28,332.6421813964844,334.25443442734047,327.5302232519615,328.02175941976105,28484900
2023-07-31,330.2336730957031,331.9835406579094,327.71698030864405,331.2167454340434,25446000
2023-08-01,330.6466064453125,332.8093779810009,328.05131060347867,329.5160790520631,18311900
2023-08-02,321.9562072753906,327.9824458178332,320.8354903518812,327.9824458178332,27761300
2023-08-03,321.13043212890625,324.2959264406298,320.4324591287807,320.4816007481319,18253700
2023-08-04,322.2314758300781,329.46690442388586,321.70060832431494,326.2620787423008,23741500
2023-08-07,324.5220642089844,325.50513675634573,321.9759099114376,322.8115275768934,17741500
2023-08-08,320.53070068359375,323.18500780512477,317.53234226936974,321.42530004676183,22327600
2023-08-09,316.77545166015625,321.5728200955336,315.6154033490083,320.9436693175295,22373300
2023-08-10,317.4635925292969,322.70338571036314,315.74321566890393,320.50128292838593,20113700
2023-08-11,315.5760498046875,316.9523450296426,313.8065016574717,314.83874557692735,24355500
2023-08-14,318.5548095703125,318.57446021923187,314.6618210129477,315.9496735414383,18836100
2023-08-15,316.41168212890625,319.5870169204076,315.4679409838277,317.53239911449145,16966300
2023-08-16,315.64324951171875,319.6035867530306,315.0521512600074,316.03730499135764,20698900
2023-08-17,312.175537109375,317.0914448901851,311.51547084312125,315.78120358070635,21257200
2023-08-18,311.7814636230469,313.6532496991234,306.9246328799907,309.8209872544114,24755000
2023-08-21,317.1012878417969,317.97805902911256,312.3331473900361,313.20991857735174,24040000
2023-08-22,317.67266845703125,321.23892020655586,316.6875147112175,320.66754426236673,16084600
2023-08-23,322.1452941894531,324.31264458594995,318.6578413021839,319.012512305478,21166400
2023-08-24,315.21966552734375,328.0365262054767,315.20980436860924,327.9084513999614,23281400
2023-08-25,318.1849670410156,320.52960769740787,314.0670015423209,316.697375267024,21684100
2023-08-28,318.89434814453125,321.30795730227356,316.94373248499187,320.8252414836277,14808500
2023-08-29,323.53436279296875,324.09590767397725,317.1013096869728,317.1013096869728,19284600
2023-08-30,323.9087219238281,324.913567962967,321.6034656708571,323.79050827975385,15222100
2023-08-31,322.8940124511719,325.9972408442875,321.92855092385497,324.3126362990831,26411000
2023-09-01,323.7806091308594,327.0611576270318,321.9285154189886,326.3912603462074,14942000
2023-09-05,328.5980224609375,329.8787403792181,323.78063623976607,324.1155849082222,18553900
2023-09-06,327.9380187988281,329.4945486553449,325.2780913747757,328.4305957244297,17535800
2023-09-07,325.0120849609375,328.1350055862109,324.14514483010225,326.37160197842854,18381000
2023-09-08,329.307373046875,331.1693282906992,324.5687853410023,325.1894370889437,19530100
2023-09-11,332.9228820800781,333.395766733697,330.45013638799065,332.2332623849475,16583300
2023-09-12,326.8444519042969,331.7899430173362,326.5587789605408,330.8343426682216,17565500
2023-09-13,331.07080078125,331.84908074164815,326.2534140831234,326.3913199887265,16544400
2023-09-14,333.6716003417969,335.7995060691533,331.57321796102076,334.1149015081179,20267000
2023-09-15,325.3174743652344,332.39087111470906,324.7559295090808,331.91801655332216,37679800
2023-09-18,324.1746826171875,325.494785002062,321.5147555316382,322.93337930199704,16834200
2023-09-19,323.77081298828125,324.4998472951053,319.6922916047418,321.32765063479235,16505900
2023-09-20,316.00775146484375,324.6968145876131,315.7516319386517,324.61801551751694,21436500
2023-09-21,314.78619384765625,320.5197962034768,310.3234483172927,314.5202131437501,35560400
2023-09-22,312.3036193847656,316.6777047127133,311.45637147338414,316.54962990690495,21447900
2023-09-25,312.8257751464844,312.9538499627099,310.3234758438393,311.88986692369065,17836000
2023-09-26,307.50592041015625,311.190385987701,305.41736910779923,310.4515206404709,26297600
2023-09-27,308.1462707519531,309.6338325713444,305.0922879071992,307.6635249378913,19410100
2023-09-28,308.98370361328125,310.7963832987914,304.85590610011775,306.3730215578029,19683600
2023-09-29,311.0622863769531,314.7270594095326,310.303728837514,313.03259381243663,24147300
2023-10-02,317.0224609375,317.1111512307064,310.50074800072014,311.5844231256774,20570000
2023-10-03,308.73736572265625,316.6185961714055,306.5897075763458,316.0668823806455,21033500
2023-10-04,314.2246398925781,315.2886228065035,309.3382855829603,309.36783899365224,20720100
2023-10-05,314.6187438964844,315.2295645858041,310.22496579732444,314.352763159249,16965600
2023-10-06,322.4014587402344,324.3027984562463,311.6041508921413,311.8504393547701,25673600
2023-10-09,324.9234619140625,325.396316538082,318.3820256796938,319.9287244962823,19891200
2023-10-10,323.51470947265625,326.18446817162754,322.80539744931383,326.0465321921805,20557100
2023-10-11,327.4848327636719,327.87888826275554,324.25352956797366,326.2927750434713,20063200
2023-10-12,326.2435607910156,328.67689206438564,323.83978293130957,325.66232361261683,19313100
2023-10-13,322.8644714355469,328.87388567074674,321.51478545137195,327.4454306740634,21072400
2023-10-16,327.7015686035156,331.14960684186315,325.69184646938805,326.1351476327568,22158000
2023-10-17,327.1302185058594,328.50942802411214,322.54925864742467,324.6968870447406,18338500
2023-10-18,325.20916748046875,330.60782214021685,323.42604117320155,327.5538387745364,23153600
2023-10-19,326.4011535644531,331.87860610828534,325.99723691191247,327.2188179633477,25052100
2023-10-20,321.8202209472656,326.9922786523629,320.6183320494055,326.7952358568411,25027700
2023-10-23,324.4308776855469,327.79025596929597,319.57407635184484,320.63802929650694,24374700
2023-10-24,325.62286376953125,326.9134127609565,322.73637053310733,326.38142132445483,31153600
2023-10-25,335.61236572265625,341.0602651549816,332.607628527267,339.8977607961559,55053800
2023-10-26,323.0220947265625,336.5580983520132,322.086186588402,335.48428431504954,37828500
2023-10-27,324.9135437011719,331.7209594661993,323.52447335800804,325.524334192952,29856500
2023-10-30,332.3022155761719,334.41045907381,326.9035620962308,328.46012188812404,22828100
2023-10-31,333.09033203125,333.9671333314319,329.7211229204908,333.81936627648764,20265300
2023-11-01,340.93218994140625,342.2621536122384,334.6074891841975,334.74542515005817,28158800
2023-11-02,343.1487731933594,343.6511811792391,339.65145922211735,342.0847902707167,24348100
2023-11-03,347.562255859375,349.12867689079525,342.17346325846154,344.43933508440006,23637700
2023-11-06,351.23687744140625,352.2318923839863,348.10409562346064,348.2026170147718,23828300
2023-11-07,355.1775207519531,357.0788604906001,352.3205805643499,354.0642920772967,25833900
2023-11-08,357.8078918457031,358.46792809184456,355.1972100806517,356.31043874613977,26767800
2023-11-09,355.33514404296875,359.3742808349746,355.01002643681795,356.9212273081889,24847300
2023-11-10,364.1817932128906,364.60540210202504,355.7094651076726,356.1232128388484,28042100
2023-11-13,361.2362060546875,362.99963986206404,360.4677872552205,362.75335139986936,19986500
2023-11-14,364.7728576660156,366.4279387672935,361.8962256351267,365.5018918638483,27683900
2023-11-15,364.92095947265625,368.33650132266115,362.39381940746347,366.51026176358704,26860100
2023-11-16,371.33746337890625,371.5151437395558,365.4243947338304,366.19437308883926,27182300
2023-11-17,365.09869384765625,369.5606164050821,362.28530061072286,368.8103701750915,40157000
2023-11-20,372.5911865234375,374.0028086735615,366.2339161351991,366.4510910910283,52465100
2023-11-21,368.27728271484375,371.3868095328424,366.3523217617588,370.84388727711456,28423100
2023-11-22,372.99591064453125,374.910990611704,370.15290409014983,373.14397762641977,23345300
2023-11-24,372.58123779296875,373.11430897435366,370.3206785780063,372.48251644448624,10176600
2023-11-27,373.7461242675781,375.75007453622237,371.36711114799243,371.93964684936924,22179200
2023-11-28,377.7835693359375,378.07970326739826,373.30188504482646,373.489446576594,20453100
2023-11-29,373.9830017089844,379.36296865802484,372.5911120600972,378.8299276120449,28963400
2023-11-30,374.04229736328125,375.2071311418971,370.6464872667331,373.62767968120687,30554400
2023-12-01,369.69879150390625,373.3018950187399,366.5398888981319,371.91988642578656,33040500
2023-12-04,364.39776611328125,364.7728590438149,358.2379093318976,364.3582715480311,32063300
2023-12-05,367.7343444824219,368.28714793242324,360.92299258913255,361.742346716279,23065000
2023-12-06,364.0621337890625,369.37302349150957,363.30203657488124,368.74126102951465,21182100
2023-12-07,366.1845397949219,366.67811645989656,361.61401505717174,363.4994815324385,23118900
2023-12-08,369.4223937988281,369.6494197796378,363.4994739427989,364.45701385787805,20154400
2023-12-11,366.5299987792969,366.8261628369694,361.39681982710596,363.7462494405494,27708800
2023-12-12,369.5704345703125,369.60992913503406,365.70078061680414,366.08578484040567,24838300
2023-12-13,369.56060791015625,372.78861875933916,366.00684969916756,371.18940497024636,30955500
2023-12-14,361.22900390625,368.9584312025777,359.45213999645404,368.51420016236455,43277500
2023-12-15,365.96734619140625,367.6158752980434,361.57450204697403,362.13718664647274,78502300
2023-12-18,367.8626708984375,368.2081805782412,363.943671095841,364.70379841651464,21802900
2023-12-19,368.46484375,368.46484375,365.0887662696819,366.7175631601881,20603700
2023-12-20,365.8587341308594,371.1992368493833,365.76989395307385,370.18247020291363,26316700
2023-12-21,368.7412414550781,369.6000599811611,365.28620500497976,367.77382040386084,17708000
2023-12-22,369.76788330078125,370.3601813274184,367.9219113827599,368.87945132359005,17107500
2023-12-26,369.84686279296875,372.097571135072,368.70176133814033,370.18249130335374,12673100
2023-12-27,369.26446533203125,370.241737520185,368.0206424558139,368.8893422344082,14905400
2023-12-28,370.4588928222656,371.62372649746874,369.3532859355964,370.5477330050664,14327000
2023-12-29,371.2091064453125,372.3147132350874,368.68199660424824,371.1696118812418,18730800
2024-01-02,366.1055603027344,371.07094047816395,362.0582255182153,369.0571391968686,25258600
2024-01-03,365.8390197753906,368.46485117398277,363.77587298911,364.2694496401492,23083500
2024-01-04,363.21319580078125,368.3069105586838,362.45309858783475,365.90813521572943,20901500
2024-01-05,363.025634765625,367.2802631804361,361.7916931110851,364.22996302547705,21004600
2024-01-08,369.8764953613281,370.3799532157685,364.2694714991835,364.5557242835835,23134000
2024-01-09,370.9624328613281,371.15984549168115,366.4215206057189,367.23099372911076,20830000
2024-01-10,377.8526306152344,379.23466923624073,371.48551036356565,371.5348559748048,25514200
2024-01-11,379.68878173828125,385.66104720244766,375.49338017859446,381.04117695037814,27850800
2024-01-12,383.4794921875,383.6867859715864,379.7085588741406,380.53776413601776,21661200
2024-01-16,385.2563171386719,388.9680232792621,382.64036685364044,388.6027813692521,27202300
2024-01-17,384.46661376953125,385.09837624388496,379.86647557529443,382.99576492837696,22234100
2024-01-18,388.8100891113281,388.92854269445195,385.1082640110595,386.68771541228006,23392100
2024-01-19,393.5484313964844,393.5484313964844,388.44483542424194,390.6758115906089,29331100
2024-01-22,391.41619873046875,395.4733846867512,388.53369758806053,394.8810866300338,27016900
2024-01-23,393.7754821777344,394.24932665124675,388.8693286128031,390.665955016982,20525900
2024-01-24,397.388427734375,400.4189955779341,395.30554874370245,396.38154221940175,24867000
2024-01-25,399.66876220703125,401.7812847845524,397.3588270396622,399.12583992803854,21021200
2024-01-26,398.7408447265625,400.9520887119918,397.2601147041947,399.1751946098328,17803300
2024-01-29,404.4564514160156,404.71312091427023,399.13568066698633,400.8434667217464,24510200
2024-01-30,403.34100341796875,407.74369913947424,401.22851081076954,406.96386964515773,33477600
2024-01-31,392.472412109375,409.98453286629814,392.1071701932433,401.7319152692152,47871100
2024-02-01,398.5927734375,402.75856172705096,396.63819898392825,396.6678123790341,30657700
2024-02-02,405.9372253417969,407.3488474840627,398.3756266270597,398.6224149788767,28256700
2024-02-05,400.4387512207031,405.8779758304878,398.8000730412909,404.6341529667765,25352300
2024-02-06,400.2807922363281,402.72894332826615,397.7339499122829,400.6657964934495,18382600
2024-02-07,408.73077392578125,408.9775622279042,402.16621111441646,402.20570567790315,22340500
2024-02-08,408.7900085449219,410.22139277488515,407.23031970083616,408.730781761319,21225300
2024-02-09,415.1473388671875,415.41388955817405,409.75748988702503,409.9154380417315,22032800
2024-02-12,409.92529296875,415.3348738248099,409.4218351407045,415.1571934592156,21202900
2024-02-13,401.1001281738281,404.8019529758041,398.2077762920108,399.7378518266166,27824900
2024-02-14,404.9769287109375,405.32307733535373,400.111169801605,403.5725956832902,20401200
2024-02-15,402.0792236328125,404.6209064246705,399.8342525934749,403.6418270582009,21825500
2024-02-16,399.6067810058594,403.7901722944783,398.99361896429224,403.4637923812322,22296500
2024-02-20,398.3507995605469,400.0320454973026,393.62348186339256,398.7958219344355,24307900
2024-02-21,397.74749755859375,397.8563009238514,392.8421710254568,395.7596706387702,18518900
2024-02-22,407.1131286621094,408.28011643608824,404.0670871504759,405.6692280234365,27009900
2024-02-23,405.8175354003906,411.2766872182918,404.46263934607134,411.0888090231092,16295900
2024-02-26,403.04840087890625,407.61747779162243,402.870361769412,406.9251806067473,16193500
2024-02-27,402.9891052246094,403.8198438215264,399.39910723637763,403.4934639055569,14835800
2024-02-28,403.2264099121094,404.7889830292892,400.85286699100425,403.6813316781892,13183100
2024-02-29,409.0811767578125,409.63500243264656,401.44625974761675,404.1362831030545,31947300
2024-03-01,410.92071533203125,411.28663268034427,406.35163783892614,406.7373238991448,17823400
2024-03-04,410.3470764160156,412.7502875361098,407.77572562860115,408.8833770001061,17596000
2024-03-05,398.2123107910156,409.6844709938999,396.22448391124544,409.39765868898735,26919200
2024-03-06,397.65850830078125,400.6946806605517,393.99930460815386,398.5288145311868,22344100
2024-03-07,404.63079833984375,405.26372907387855,397.8068205149772,401.644063065413,18718500
2024-03-08,401.74298095703125,405.89670410960423,399.87379648400184,403.4637944607813,18002200
2024-03-11,400.06170654296875,401.20892561066205,396.8376560715736,399.31010315335084,16120800
2024-03-12,410.703125,410.98993730983005,402.3067044386273,403.1275435831552,22457000
2024-03-13,410.525146484375,413.57118820964047,406.9153795439051,413.4920831775679,17115900
2024-03-14,420.5335693359375,423.10492026926096,413.3832416992079,415.60844401398504,34157300
2024-03-15,411.83056640625,417.9424481650146,408.2405685225254,414.66893074173265,45079900
2024-03-18,412.7206115722656,416.0930326692394,409.2196184111682,409.68443962233437,20106000
2024-03-19,416.76556396484375,417.0227081134529,410.970132443708,413.2250029233721,19837900
2024-03-20,420.54345703125,421.26539222387987,416.02381676802577,417.3490447100486,17860100
2024-03-21,424.6378479003906,426.07187931857345,422.45221307253894,425.092769724827,21296200
2024-03-22,424.0148010253906,425.1224525568096,421.3742442819616,424.9642424933846,17648500
2024-03-25,418.1995849609375,422.69945686878276,416.96336138975573,420.5533594694659,18060500
2024-03-26,417.0028991699219,421.2950634803322,416.7062176065533,420.9192467125738,16725600
2024-03-27,416.7853088378906,419.7720439894081,414.3919971559481,419.7621445438776,16705000
2024-03-28,416.0831604003906,417.2204799799258,414.5007882900106,416.32050565351443,21871200
2024-04-01,419.8907165527344,423.17413325734867,417.5666104461178,419.27755455465604,16316000
2024-04-02,416.79522705078125,417.72486953541625,413.2348973416725,415.4798683479255,17912000
2024-04-03,415.8161926269531,418.595220935151,414.47116562207856,415.1041266081939,16502300
2024-04-04,413.27447509765625,423.9455650411732,412.96789407723793,420.30610003731573,19370900
2024-04-05,420.8302917480469,421.8094013848157,413.7096617584277,415.38103851823735,16554800
2024-04-08,419.9105224609375,422.5708779576157,418.63473130535374,420.48414709018743,14272400
2024-04-09,421.58184814453125,423.0257486270067,416.9732036811313,421.740088361701,12496900
2024-04-10,418.5951843261719,419.3566871510799,415.0744221472326,417.5369697470064,16216600
2024-04-11,423.21368408203125,424.6378159464607,417.7050650079003,421.1269533333631,17966400
2024-04-12,417.2501525878906,420.4940018672189,415.14362290023075,419.3764509864425,19253800
2024-04-15,409.0811767578125,422.115909188258,408.873469493823,421.89833266019923,20273500
2024-04-16,410.01080322265625,413.7887093494547,409.1701954171728,410.0009339582446,16765600
2024-04-17,407.301025390625,414.26344459371984,405.8076577445542,412.6514043206412,15855500
2024-04-18,399.8144836425781,407.3505281111276,399.4980333365914,406.1044050559459,21029900
2024-04-19,394.7212219238281,401.0111429150955,393.3860944801934,399.5771115531844,30565800
2024-04-22,396.54095458984375,398.4101391191041,391.38838318863185,395.6706483655049,20286900
2024-04-23,403.0780944824219,403.70115595190015,398.61779046162303,399.78477819553336,15734500
2024-04-24,404.5516357421875,407.9240568237566,402.2967654513749,405.04612510579756,15065300
2024-04-25,394.6421203613281,395.4827584021969,383.7534537964164,389.6873267702122,40586500
2024-04-26,401.8418884277344,408.4482598176065,401.28806269332824,407.6274206623671,29694700
2024-04-29,397.8167419433594,401.84189310160997,394.79046908042733,400.7836784898605,19582100
2024-04-30,385.0390930175781,397.72770759660574,384.880882973138,397.06507853790987,28781400
2024-05-01,390.5872802734375,397.29255516859246,386.0083037107917,388.2829428234783,23562500
2024-05-02,393.455322265625,395.5222843363775,390.30047747836124,393.2773133250789,17709400
2024-05-03,402.1781005859375,402.6626905136215,397.4309844950286,397.8463688482122,17446700
2024-05-06,408.9823303222656,409.3680163872942,401.89133854511044,404.25501253124213,16996600
2024-05-07,404.82855224609375,410.09982581142424,404.58130756204883,410.08992636606695,20018200
2024-05-08,406.0153503417969,407.68672686794355,402.2275447730789,403.6714754994307,11792300
2024-05-09,407.7757568359375,408.1713423301442,404.59124380852967,406.0450438901993,14689700
2024-05-10,410.1690673828125,410.8020283165112,407.2614672287658,408.3889175739522,13402300
2024-05-13,409.1603088378906,413.73928549404195,406.29227636469005,413.4030363250276,15440200
2024-05-14,411.9690246582031,412.8887677392151,407.01423099397886,407.47905225770086,15109300
2024-05-15,419.171875,419.89514266479534,413.41554606061356,414.039731407047,22239500
2024-05-16,417.1011657714844,421.49026736821406,416.46709338675123,417.9036811134131,17530100
2024-05-17,416.328369140625,419.01335772051186,414.1685137971008,418.63686307177926,15352200
2024-05-20,421.4109802246094,422.82776355183796,416.11039402133315,416.32836301288194,16272100
2024-05-21,425.0768127441406,428.9705026738853,420.92551485184475,422.8872055338078,21453300
2024-05-22,426.5431213378906,428.41567724259045,423.1844517072994,426.1171006588035,18073700
2024-05-23,423.0556640625,429.5947037930371,421.4902723328989,428.97051846736764,17211700
2024-05-24,426.18646240234375,427.07814273445496,420.4895772016025,423.2438961414034,11855300
2024-05-28,426.344970703125,426.8403520047686,422.65933260946946,425.6613420880028,15718000
2024-05-29,425.20562744140625,426.95926647856015,421.75776247263485,421.75776247263485,15517100
2024-05-30,410.83953857421875,420.3805569661453,410.4134876792539,420.3805569661453,28394500
2024-05-31,411.2953186035156,412.90034931684085,400.7734237177811,412.90034931684085,47995300
2024-06-03,409.7001647949219,412.58328776743826,405.14268074171713,411.6916074194493,17484700
2024-06-04,412.22662353515625,412.5932008783865,405.89563568095855,408.62023297171766,14348900
2024-06-05,420.0932922363281,420.1626226445845,412.45449022904074,413.95055154632206,16988000
2024-06-06,420.5985412597656,421.3812522043053,416.69493407447,420.09327287817626,14861300
2024-06-07,419.9347229003906,422.3422686978654,419.09256866562976,422.26302099566783,13621700
2024-06-10,423.9176025390625,424.12565422580445,419.9743866143219,420.7769019274312,13982900
2024-06-11,428.6831970214844,428.8219183123646,421.3218374300627,421.5497237355039,14551100
2024-06-12,436.9858093261719,439.304190496973,429.24795478740447,431.2988409046944,22366200
2024-06-13,437.5009765625,439.2942848532079,435.31139947750404,436.7777391476236,15960600
2024-06-14,438.4818420410156,439.04658401937843,432.6858743754039,434.23146172147676,13582000
2024-06-17,444.2282409667969,446.774508213362,436.64891280244507,438.5016341053226,20790000
2024-06-18,442.2170104980469,445.9819268194956,440.7804227549636,445.55587588842855,17112500
2024-06-20,441.5829162597656,442.4052359389207,437.1938148300054,442.17734964919055,19877400
2024-06-21,445.62518310546875,446.4177810593381,442.38540041854355,443.2473590081868,34187100
2024-06-24,443.5347595214844,448.5678208280709,442.2863888206815,445.64505871404725,15913700
2024-06-25,446.784423828125,447.25008347754516,442.62320865306464,444.10935261048957,16413400
2024-06-26,447.9832458496094,449.40994649209836,444.0499168986336,444.85243223057404,16507000
2024-06-27,448.6669006347656,451.95624009852935,447.5968599727324,448.0030763133488,14806300
2024-06-28,442.82135009765625,451.1734714446709,442.28632983499693,448.88481228887935,28362300
2024-07-01,452.51104736328125,453.1451197526249,441.5432972962699,444.5155853207817,17662800
2024-07-02,455.0374755859375,455.3446095932429,448.92445663899935,449.0136518862479,13979800
2024-07-03,456.5137023925781,456.76139305889615,453.65041401249385,453.957548019874,9932800
2024-07-05,463.240966796875,464.0236777303131,454.7303195449201,455.36439189726417,16000300
2024-07-08,461.9331970214844,463.37973235023577,460.16964060410885,462.24033104325304,12962300
2024-07-09,455.29510498046875,463.0131247345819,453.76932193852826,462.68618634343386,17207200
2024-07-10,461.9430847167969,462.1511364069266,454.6213342335764,456.9595498058476,18196100
2024-07-11,450.4997863769531,460.4866605260143,447.37885985942484,458.70329986086364,23111200
2024-07-12,449.3603820800781,452.1444226722039,446.48717647887116,450.1331757277914,16324300
2024-07-15,449.7666015625,453.0361364302562,447.2599732817251,449.1126945889487,14429400
2024-07-16,445.3675842285156,450.10342815310236,442.5340177618738,450.0241804503721,17175700
2024-07-17,439.42303466796875,440.7407659095282,435.12312844393387,438.5016326704633,21778000
2024-07-18,436.3021545410156,440.5426175824252,430.38730015927666,440.23548357189634,20794800
2024-07-19,433.0722961425781,437.0650990974587,428.00951294471497,429.09935802944165,20940400
2024-07-22,438.8484191894531,440.493088848888,434.8556468413205,437.70904816681343,15808800
2024-07-23,440.74078369140625,444.2480920401895,439.00694900358457,439.7995470523178,13107100
2024-07-24,424.9380798339844,437.4018904716854,423.64018322624884,436.3814061869237,26805800
2024-07-25,414.53509521484375,425.8297836093588,413.65333216081086,424.83902093903856,29943800
2024-07-26,421.34161376953125,424.9579215661057,413.41551271082733,414.33694493801545,23583800
2024-07-29,422.78814697265625,428.15806348242296,420.77690004799786,427.59332152811265,15125800
2024-07-30,419.0133361816406,425.0866855808969,413.5046682551027,423.7689846137446,32687600
2024-07-31,414.4855651855469,417.88387385546883,408.4022679352166,416.61569885909415,42891400
2024-08-01,413.2569885253906,423.5113878535516,409.2741336141255,416.9030180044247,30296400
2024-08-02,404.71661376953125,411.16648811391514,400.60495493552725,408.6796642573762,29437900
2024-08-05,391.4998779296875,397.3354847916009,382.0182715597293,385.57513628803423,40709200
2024-08-06,395.918701171875,401.92275145323185,394.818968995954,396.3051131703428,24946500
2024-08-07,394.74957275390625,406.29195208719375,393.7984490340414,404.86528162523547,20650900
2024-08-08,398.9702453613281,402.1109462771406,396.24564785929977,398.7225546793256,20203000
2024-08-09,402.2694396972656,404.2806866644843,398.5441926988125,400.2978317019802,19276700
2024-08-12,403.0521545410156,404.98415381866863,400.50588725302117,403.29984520555183,16762900
2024-08-13,410.1856689453125,411.11698828818714,405.7866802044894,405.80648457334803,19414300
2024-08-14,413.0093078613281,413.8613794713292,408.6400711388976,410.9683392009438,18267000
2024-08-15,417.89263916015625,417.972029702109,414.5477559984779,416.671793760154,20752100
2024-08-16,415.3517150878906,418.20032404609645,414.19042017435385,417.4658479496036,22775600
2024-08-19,418.388916015625,418.60727787010427,413.3566884761521,415.8380594178836,15234000
2024-08-20,421.6345520019531,422.6866508922164,418.4981256850532,418.5576761663757,16387600
2024-08-21,420.9795227050781,423.2226616504916,418.5775420794304,420.9199419299025,16067300
2024-08-22,412.4534912109375,423.60975624910697,411.5204932561933,421.19784052472494,19361900
2024-08-23,413.6842346191406,416.13583025134443,409.0192452654988,413.87282122855413,18493800
2024-08-26,410.4088439941406,414.17061105594456,408.274870910172,413.26738834241513,13152800
2024-08-27,410.7562255859375,411.27233984867695,407.19298047026894,409.7835172509794,13492900
2024-08-28,407.5403747558594,411.9075816112939,404.2748820734033,411.7884806509906,14882700
2024-08-29,410.04156494140625,418.9050143386061,407.54035403170906,411.84801018793996,17045200
2024-08-30,414.03167724609375,414.37904497336154,409.05899979142845,412.50314414345024,24308300
2024-09-03,406.3890075683594,416.75121498794704,403.9969623587052,414.7958934848788,20313600
2024-09-04,405.8530578613281,408.1756176150405,401.356814564364,402.8853476688359,15135800
2024-09-05,405.3468322753906,410.0217264889614,403.10366332769695,404.58255066568705,14195500
2024-09-06,398.7066955566406,407.5899853655918,397.813377784307,406.01183707940055,19609500
2024-09-09,402.6967468261719,405.6049064318399,399.1533416913916,404.2054095225525,15295100
2024-09-10,411.1135559082031,413.2276585385216,404.6619913629379,405.1582655587275,19594300
2024-09-11,419.8877258300781,420.83062873076756,406.5280012140519,412.4039016604537,19266900
2024-09-12,423.81817626953125,424.18541433930886,416.62220020874884,420.1556701684846,17395700
2024-09-13,427.38140869140625,428.61215900524985,422.2896305914577,422.65686865025475,15874600
2024-09-16,428.12579345703125,430.2994767251264,425.0290475107509,427.39131738494893,13834700
2024-09-17,431.9074401855469,438.5575267353336,429.0488958810436,436.949603136594,18874200
2024-09-18,427.59979248046875,432.78089656665435,427.20277916114134,431.75857288155333,18898000
2024-09-19,435.42108154296875,438.21014026162374,433.64441133789575,437.9421630848395,21706600
2024-09-20,432.0264892578125,435.96690723520663,430.98432565496967,433.961970566144,55167100
2024-09-23,430.2796630859375,433.2076626680782,427.1829169494896,431.0439144432746,15128900
2024-09-24,425.9720153808594,430.1208604741096,422.9248844858402,429.77346247181356,17015800
2024-09-25,428.89007568359375,429.89255926301774,425.3764761475162,426.6270665374025,13396400
2024-09-26,428.0960388183594,432.05629715674354,425.93229062231114,431.847870478453,14492000
2024-09-27,424.83056640625,428.6320438404545,424.2846768880014,428.3044858973661,14896100
2024-09-30,427.09356689453125,427.21269814697155,422.20031052363777,425.01914436125503,16807300
2024-10-01,417.5552062988281,425.28716713975047,415.68921038228643,425.257391898111,19092900
2024-10-02,414.021728515625,419.66933146547984,413.6048448503053,419.4310992466512,16582300
2024-10-03,413.4361267089844,416.4236768512481,411.20289276743637,414.51800085029123,13686400
2024-10-04,412.959716796875,416.62222309915006,411.87784259208183,415.1234652064613,19169700
2024-10-07,406.48828125,414.0018496365578,405.95229663138974,412.90013544904184,20919800
2024-10-08,411.6197509765625,412.5626841012525,405.1285060524599,407.83814388099404,19229300
2024-10-09,414.3492431640625,417.247497795826,411.2127866111198,412.7611596791307,14974300
2024-10-10,412.7413024902344,414.24006019253727,410.0713450038319,412.1358625356339,13848400
2024-10-11,413.2177734375,414.02173524996044,410.1706424598083,413.03912198810315,14144900
2024-10-14,416.0167236328125,420.88020441582967,414.40876988651684,414.65690697024394,16653100
2024-10-15,415.6197204589844,419.3318721896264,412.1656713035286,419.0340894861109,18900200
2024-10-16,413.01922607421875,413.25742799200697,407.4212689749873,412.0763232895253,15508900
2024-10-17,413.6147766113281,419.35170523704693,412.49319205621896,419.2127339196968,14820000
2024-10-18,415.0440368652344,416.52292426802023,413.1582009892299,414.0316484156336,17145300
2024-10-21,415.6594543457031,415.8381058037946,410.6669366656409,413.019271734373,14206100
2024-10-22,424.3243713378906,427.37147187061,414.92493688547415,415.37156548627684,25482200
2024-10-23,421.4360656738281,427.86776005710016,419.3814831724278,427.6493981928425,19654400
2024-10-24,421.5650939941406,422.80577949754775,419.2524392532927,422.1605988036373,13581600
2024-10-25,424.9596252441406,429.29705725112956,423.3914119749303,423.5799986091625,16899100
2024-10-28,423.4112243652344,428.72136443906953,423.12337684387694,428.44345209470936,14882400
2024-10-29,428.7313232421875,429.94223358580945,422.62712592652906,424.81074467410167,17644100
2024-10-30,429.30694580078125,435.2324607886903,428.8801572707895,434.1803619383898,29749100
2024-10-31,403.3220520019531,413.05894946974416,403.2724064074055,412.2648925685448,53971000
2024-11-01,407.3121032714844,412.4038816750557,404.46349406157685,405.96225191647693,24230400
2024-11-04,405.41632080078125,407.3617375208185,402.5478716062057,406.74633205416956,19672300
2024-11-05,408.3939514160156,411.8083202953773,405.039133016745,405.3269805306338,17626000
2024-11-06,417.0489807128906,417.31698816741806,407.4609595048601,409.346825702744,26681800
2024-11-07,422.2598571777344,423.66928922885575,416.75122569160607,418.14078738908074,19901800
2024-11-08,419.39141845703125,423.3219017245024,418.6370719639162,422.15070185689933,16891400
2024-11-11,414.8951721191406,421.6444892164841,412.90014011467326,419.37154486777723,24503300
2024-11-12,419.8777160644531,421.27721283536147,414.0911726663183,415.13333628988977,19401200
2024-11-13,422.0315856933594,426.13078508233804,415.0936518803662,418.4981158636683,21502200
2024-11-14,423.7090148925781,424.9794756745813,416.87034165331505,421.83308381585454,30246900
2024-11-15,411.9075927734375,419.64945830467593,410.5577414665236,416.69168340974903,28247600
2024-11-18,412.66192626953125,415.282238255226,409.0291955453545,411.778543667536,24727000
2024-11-19,414.67681884765625,414.82569505476647,408.48329602030253,410.03166915459735,18133500
2024-11-20,412.3939208984375,414.18052617467214,407.52050466835993,413.76364252316546,19191700
2024-11-21,410.61370849609375,417.48594978990576,408.047821251109,417.2074811714516,20780200
2024-11-22,414.72113037109375,415.11893833486243,408.8135895391823,409.1218929874132,24814600
2024-11-25,416.5013732910156,418.778836873561,412.58290247238904,416.09361024787086,27691100
2024-11-26,425.6510925292969,426.69537265560376,416.5610569682543,417.29700327286355,23458900
2024-11-27,420.6784362792969,424.895286183322,419.7137359172663,422.78684605590655,18332400
2024-11-29,421.1458435058594,422.55809676444443,415.51677094971404,417.7942649272981,16271900
2024-12-02,428.6247863769531,430.63373653101576,419.00761775180223,419.2662066130162,20207200
2024-12-03,428.84356689453125,430.1066156030698,425.40245343840513,427.4909833141871,18302000
2024-12-04,435.0295715332031,437.2672755840065,430.26573974460115,430.6635477279166,26009400
2024-12-05,440.2011413574219,442.2300015529848,433.7864078777922,435.5268443828614,21697800
2024-12-06,441.1459655761719,443.66213830194334,439.35578408835863,439.8828865059849,18821000
2024-12-09,443.5825500488281,445.8799237829371,438.09272702914495,440.1812568830996,19144400
2024-12-10,440.9072570800781,447.16289170564096,439.1867306857862,441.96149226752044,18469500
2024-12-11,446.5363464355469,447.8889300799693,441.62334015579273,441.62334015579273,19200200
2024-12-12,447.10321044921875,453.66714837494953,446.65565750056305,446.65565750056305,20834800
2024-12-13,444.8257141113281,448.9629838704377,443.14494732322726,445.98933356109154,20177800
2024-12-16,449.1221008300781,449.70887289523523,442.84658679582157,444.82570192667384,23598800
2024-12-17,451.9764099121094,452.80189103583194,447.11314908926647,448.545282051395,22733500
2024-12-18,434.999755859375,450.17634202962637,434.6317523490202,448.8536235978926,24444500
2024-12-19,434.6416931152344,440.7580781855559,433.9355816606558,439.2066057877418,22963700
2024-12-20,434.2140808105469,441.3150464611244,426.28763393531244,430.7431322726768,64263700
2024-12-23,432.8714294433594,435.25830776300677,430.4646409959487,434.35327712310794,19152500
2024-12-24,436.9291076660156,437.1976515770788,431.817212852652,432.27469051669533,7164500
2024-12-26,435.7157897949219,438.5303413291557,434.24389716434194,436.6804901261448,8194200
2024-12-27,428.1772155761719,432.8415878431465,424.020065946368,432.22498090820386,18117700
2024-12-30,422.50836181640625,425.21349868579347,419.59438106008827,423.7316509986102,13158700
2024-12-31,419.1965637207031,424.3979934566231,418.36115784079396,423.77143145899026,13246500
2025-01-02,416.2925109863281,423.74159992080814,412.5829142901712,423.2045424399656,16896500
2025-01-03,421.03643798828125,421.71271456780505,417.2472617093464,418.7788239010675,16662900
2025-01-06,425.5118713378906,431.9465149926899,423.15482788109534,425.66104554069966,20573600
2025-01-07,420.0617980957031,428.29654775990844,418.50037065706186,426.655570865203,18139100
2025-01-08,422.23980712890625,424.6366402910522,419.2363221421035,421.14581248112984,15054600
2025-01-10,416.6604919433594,422.38899347611215,412.7519459369572,422.30944402253056,20201100
2025-01-13,414.9101257324219,416.21296436365594,410.03690951971083,412.97077003054903,17604800
2025-01-14,413.3984375,417.4461724776856,408.4754763868852,415.5267269300622,16935900
2025-01-15,423.9802551269531,425.8101960648602,415.984184442192,416.83950040874134,19637800
2025-01-16,422.25970458984375,427.1428756329152,422.07077084126166,426.35721474684357,15300000
2025-01-17,426.6853942871094,432.1056227420966,425.8301086663914,431.717739483304,26197500
2025-01-21,426.1583251953125,428.54520356031776,423.2741792396476,427.8490471438773,26085700
2025-01-22,443.7615966796875,444.8257262250376,433.6173259954359,435.168798403502,27803800
2025-01-23,444.2687683105469,444.3085582129765,439.08724891108926,439.58451646364995,18389300
2025-01-24,441.63330078125,444.20914332055247,438.987833493392,442.7272955771019,15549500
2025-01-27,432.1851806640625,432.82169771122886,421.185624630697,421.6928472557325,35647800
2025-01-28,444.7561340332031,445.9296782334323,429.02258057650255,432.22498499378844,23491700
2025-01-29,439.9126892089844,444.4378420399145,437.9932437860414,444.24887794638107,23581400
2025-01-30,412.7221374511719,420.5491243253889,410.9021514578089,416.4814791520961,54586300
2025-01-31,412.791748046875,418.39098567699745,412.64257384774635,416.69033910532374,34161900
2025-02-03,408.6744384765625,413.1398920389044,406.4267790982471,409.35071516268687,25679100
2025-02-04,410.116455078125,411.65800277159144,407.5008227766752,410.43471361041793,20532100
2025-02-05,411.03143310546875,411.5684602240434,408.15721200628155,410.09656765354515,16316700
2025-02-06,413.5475769042969,415.9145752087822,411.737515806655,411.737515806655,16309800
2025-02-07,407.5107727050781,416.36212936115334,405.86979579790295,414.2040051086223,22886800
2025-02-10,409.96728515625,413.1895693646485,408.6744015876666,411.44913283343,20817900
2025-02-11,409.1915588378906,410.23580864154656,407.0632389741584,407.40140764567894,18140600
2025-02-12,406.80462646484375,408.5052729067791,402.16013441426566,404.9846103219084,19121700
2025-02-13,408.29644775390625,408.7539254008991,404.13926797640636,404.775785007703,23891700
2025-02-14,406.1979675292969,406.6753553081934,403.66191514014076,405.5614808415711,22758500
2025-02-18,407.4013671875,408.3561123718122,404.27851244915104,405.7703150781147,21423100
2025-02-19,412.5033264160156,413.21939292620334,405.4222411212721,405.65099512827777,24114200
2025-02-20,414.6857604980469,417.8547165109783,411.10822380495836,413.84867949906476,23508700
2025-02-21,406.793212890625,416.59905745325864,406.4743466307379,415.8915301727366,27524800
2025-02-24,402.59783935546875,407.9491968592537,397.93408950529806,407.09219625426255,26443700
2025-02-25,396.51898193359375,400.5250489764073,395.32316508227535,399.7078876937612,29387400
2025-02-26,398.3426513671875,402.1992147309307,392.8816600835235,396.6286198264506,19619000
2025-02-27,391.16766357421875,404.33180773998396,390.8089276067015,399.8773203400045,21127400
2025-02-28,395.6121520996094,396.24994544118493,385.2283339547379,391.29719366600983,32845700
2025-03-03,387.14166259765625,397.4358274187669,384.8197626823639,397.4358274187669,23007700
2025-03-04,387.26123046875,391.21745294280987,379.67765721488945,382.06932141422595,29342900
2025-03-05,399.628173828125,400.27594221038044,387.4605594414927,387.9887187604894,23433100
2025-03-06,395.5125427246094,400.7542663515353,391.3171323240562,392.91158534383527,23304600
2025-03-07,391.9449462890625,393.42976525122566,384.20192438386283,390.9583919892802,22034100
2025-03-10,378.8406066894531,385.0589401894391,375.9108079261914,384.50088617849997,32840100
2025-03-11,379.12957763671875,384.6603029891263,375.60185546191633,377.6845980126396,30380200
2025-03-12,381.9397888183594,383.883033194115,377.634805186652,381.62092254273574,24253600
2025-03-13,377.45538330078125,383.9826683121219,376.139987768004,381.8301614244045,20473000
2025-03-14,387.21142578125,388.87564310802037,378.19284770158055,378.46189966674945,19952800
2025-03-17,387.3509521484375,391.3470139725856,384.23181056492524,385.35789354291256,22474300
2025-03-18,382.18890380859375,386.02554767204197,379.77731994813644,385.7266010485673,19486900
2025-03-19,386.4740295410156,388.32755958105986,382.66728002942375,384.1919687568245,19185500
2025-03-20,385.49737548828125,390.4302074924951,381.9497337537801,384.4011872193827,18470500
2025-03-21,389.9020690917969,390.38038369901005,381.47140919973003,381.8899648927027,39675900
2025-03-24,391.7157287597656,394.02768406346627,388.45708885622673,394.02768406346627,21004500
2025-03-25,393.7885437011719,394.98436068056907,391.2773006739415,392.552857032296,15775000
2025-03-26,388.6165466308594,393.93800963918454,387.2214116418782,393.6290879777552,16108400
2025-03-27,389.2243957519531,390.87863801869304,386.05543991632794,388.7759758195498,13766800
2025-03-28,377.48529052734375,387.77945533191945,375.6217855831935,386.7330813092454,21632000
2025-03-31,374.087158203125,375.761320171641,365.96541986866765,371.2470435423123,35184700
2025-04-01,380.8635559082031,381.52126893067276,371.93466141936483,373.34971607028785,19689500
2025-04-02,380.813720703125,383.74348886180815,375.3128595122782,376.6581801475031,16092600
2025-04-03,371.8150329589844,376.16989155085776,368.06810346654436,373.4892252977989,30198000
2025-04-04,358.59112548828125,373.2899337218873,358.2323895120423,362.86624500843976,49209900
2025-04-07,356.61798095703125,369.7123913004176,343.5933653790687,349.66222551139305,50425000
2025-04-08,353.3294372558594,372.35317854006513,349.0343982710952,366.98190125867967,35868900
2025-04-09,389.13470458984375,391.865215467322,351.8744910293168,352.3129663406882,50199700
2025-04-10,380.0264587402344,382.56759631800514,366.5234683324548,380.7339860356081,38024400
2025-04-11,387.1018371582031,388.6962597846969,377.57501903009035,379.31894538802237,23839200
2025-04-14,386.4640197753906,393.28027643878613,382.8765082652718,391.8552468593249,19251200
2025-04-15,384.3912658691406,390.5298901348079,382.82670753665025,387.16161616456134,17199900
2025-04-16,370.32025146484375,380.2855448116978,366.72279516422714,379.34883521582236,21967800
2025-04-17,366.5035400390625,373.02085009277744,365.61664478749583,372.45282110026085,21120200
2025-04-21,357.87359619140625,363.21500903617533,354.43558836453434,361.5607667541322,20807300
2025-04-22,365.5469055175781,366.4935901583944,358.611039306251,362.1188421014038,19485000
2025-04-23,373.0906066894531,379.06978228856406,371.7253360485286,374.75479353400954,20545500
2025-04-24,385.9557800292969,387.10181303671203,373.8878249819962,374.3960646492269,22232300
2025-04-25,390.4900207519531,390.79894240871675,383.2651831703409,385.65684745985266,18973200
2025-04-28,389.8023986816406,391.3769015704532,385.2980972626593,390.59960994479576,16579400
2025-04-29,392.67242431640625,393.7287429695286,389.02512333213684,389.9419132819562,14974000
2025-04-30,393.88818359375,395.2833185411371,383.10572919383554,388.94537633492024,36461100
2025-05-01,423.9235534667969,435.47332427713997,423.4252888222868,429.6137271918364,58938100
2025-05-02,433.769287109375,437.91485278651635,428.49763841940904,430.2415647531947,30757400
2025-05-05,434.65618896484375,437.97461808249534,430.6102521137275,431.367624097433,20136100
2025-05-06,431.8061218261719,436.2107948487266,429.6735648726689,430.6999888667604,15104200
2025-05-07,431.8459777832031,436.5994115910065,429.6137314736212,432.3342674079582,23295300
2025-05-08,436.6492614746094,442.1301726837614,434.147963172883,436.41007376009867,23491300
2025-05-09,437.20733642578125,439.2103397565405,434.3672216715751,438.47291776294395,15324200
2025-05-12,447.70074462890625,447.8103482497994,438.2536363054134,444.3922601902366,22821900
2025-05-13,447.5812072753906,449.1058959658508,443.8142971336702,446.22591154405814,23618800
2025-05-14,451.36798095703125,452.32464056421765,446.5846525094385,446.5846525094385,19902800
2025-05-15,452.3863220214844,455.44129747226026,449.6907411096269,450.0301794411029,21992300
2025-05-16,453.5244445800781,453.6142932166669,447.99355872232604,451.30808680840903,23849800
2025-05-19,458.11688232421875,458.83570185482216,450.0601197660991,450.14000552921704,21336500
2025-05-20,457.4180603027344,457.58776423526933,453.57437286704067,454.8422775622727,15441800
2025-05-21,451.8272399902344,457.02868069868646,451.06847756848606,453.8239575485261,19216900
2025-05-22,454.11346435546875,459.49463285512667,453.1550484484722,454.2033434579146,18025600
2025-05-23,449.441162109375,452.94541128469075,448.17325738802526,449.24150862772166,16883500
2025-05-27,459.93389892578125,460.19348195260824,455.3713920868909,455.7308170830738,20974300
2025-05-28,456.609375,461.7609101640183,456.1800880198718,460.4630558858422,17086300
2025-05-29,457.9272155761719,460.9622349154345,454.56275123248776,460.79250051058557,13974800
2025-05-30,459.60443115234375,460.9222720478794,454.79236501090486,458.96549737927586,34770500
2025-06-02,461.2118225097656,461.35157690062545,456.1401731404802,456.3897628439735,16626500
2025-06-03,462.2101745605469,463.3782677615003,460.1036216507913,460.7126363614999,15743800
2025-06-04,463.1086730957031,464.9256933509807,462.2600620562611,463.2384646092932,14162700
2025-06-05,466.91241455078125,468.8791825139859,463.26841119380083,464.1968775224098,20131700
2025-06-06,469.6080017089844,472.56313512848675,468.0106215882427,469.31846913564885,15285600
2025-06-09,471.97412109375,472.6529977632414,467.8508943889836,468.92913895110996,16469900
2025-06-10,470.1471252441406,472.02401413852874,466.19360257943936,470.4166711436691,15375900
2025-06-11,471.8443298339844,474.68965849935887,468.88919632531986,469.24859086789724,16399200
2025-06-12,478.0840759277344,479.6315503555016,472.7428502291372,474.2403884361742,18950600
2025-06-13,474.18048095703125,478.3935562569989,471.98410990605987,475.62811338522215,16814500
2025-06-16,478.3536376953125,479.90108160832807,474.2204177457221,474.4300645574067,15626100
2025-06-17,477.25543212890625,477.9542649832925,473.30190948641297,474.6197503672441,15414100
2025-06-18,479.4518127441406,480.2105751696819,473.68130019053103,477.21549881727225,17526500
2025-06-20,476.6164855957031,482.666537493529,476.0873566497709,481.4385756672578,37576200
2025-06-23,485.2023620605469,486.94948990747275,471.7345120072702,477.425138713905,24864000
2025-06-24,489.30560302734375,491.0427680081874,486.0010379300524,488.1475336634371,22305600
2025-06-25,491.4620666503906,493.7483167920849,488.58681895090325,491.2324636297239,17495100
2025-06-26,496.6335754394531,497.2226034494893,492.0011761864687,492.1709105807123,21578900
2025-06-27,495.1260681152344,498.4805390751374,492.22084033701867,496.73341116664807,34539200
2025-06-30,496.5936584472656,499.9381665482639,494.51705506439515,496.22427056302723,28369000
2025-07-01,491.242431640625,497.2325843953567,490.1742108879921,495.655190908974,19945400
2025-07-02,490.2840270996094,492.69007550131784,487.8979653734086,489.1858263089447,16319600
2025-07-03,498.02130126953125,499.3091926553608,492.6301698307581,492.99955771280014,13984800
2025-07-07,496.90313720703125,497.9314455400232,494.41723357438383,496.56369887519327,13981600
2025-07-08,495.804931640625,497.3823555722493,493.2990413573122,496.42390920841734,11846600
2025-07-09,502.68365478515625,505.94827712953634,498.919822567675,499.47890106455674,18659500
2025-07-10,500.656982421875,503.6121159415126,496.93309312638246,502.22438258392543,16492100
2025-07-11,502.49395751953125,504.20114253320645,496.9829974553982,497.6519112557523,16459500
2025-07-14,502.1944274902344,503.14288052756655,500.20770324807717,500.6968893054946,12058800
2025-07-15,504.9898376464844,507.465747883617,501.9648118083004,502.19441482497484,14927200
2025-07-16,504.7901611328125,505.88836188358,501.06630238508603,504.35088083250554,15154400
2025-07-17,510.8601989746094,512.5274410723513,504.7901605415637,504.85005963085433,17503100
2025-07-18,509.212890625,513.7953843002441,506.59719545986655,513.6356127696338,21209700
2025-07-21,509.2228698730469,511.24956741731427,504.7202620876888,505.8783619126309,14066800
2025-07-22,504.44073486328125,510.3610256433726,504.44073486328125,510.13139215337156,13868600
2025-07-23,505.0397644042969,505.95826791167354,499.87826643817476,505.9183250285286,16396600
2025-07-24,510.0415344238281,512.826933461713,506.4673929575042,507.93498157135946,16107000
2025-07-25,512.866943359375,517.4393829887753,509.52240467312413,511.6289272082179,19125700
2025-07-28,511.65887451171875,514.1547714605564,509.2827757416266,513.2362984451797,14308000
2025-07-29,511.728759765625,516.7704593446111,510.7204076628311,514.6839236482208,16469200
2025-07-30,512.3976440429688,515.1032182392812,508.6038929137552,514.3244691518986,26380400
2025-07-31,532.6243896484375,554.5383762548963,531.0270400328567,554.3187056451394,51617300
2025-08-01,523.2498168945312,534.9206337229102,520.0051507892547,534.1219588686084,28977600
2025-08-04,534.7609252929688,537.3666271513684,527.2632409127965,527.4030257699867,25349000
2025-08-05,526.8838500976562,536.4181643311854,526.374677366439,536.2983661514853,19171600
2025-08-06,524.0784912109375,530.8274067099719,523.1700114791388,530.0287318260303,21355700
2025-08-07,519.9852294921875,527.2233308658066,516.7005900083886,525.9354090023164,16079100
2025-08-08,521.1832275390625,523.7989228282858,518.5575389118288,521.7423060527517,15531000
2025-08-11,520.9136962890625,526.7241518809952,518.8670119786243,521.4427947726738,20194400
2025-08-12,528.3713989257812,530.1085334795151,521.8421543429575,522.8904188907295,18667000
2025-08-13,519.7256469726562,531.825750889051,518.5176108745642,531.236692379076,19619200
2025-08-14,521.6224975585938,525.0868343553949,519.2863720398742,521.7023833261101,20269100
2025-08-15,519.3162841796875,525.2365445998882,518.2281072023833,521.9120536418995,25213300
2025-08-18,516.2512817382812,521.9619254356152,513.176380682391,520.7339636806648,23760600
2025-08-19,508.933349609375,514.314487646487,507.7153506663982,514.1547770514178,21481000
2025-08-20,504.8900146484375,510.161347905157,503.6121166003689,509.0331975839143,27723000
2025-08-21,504.239990234375,507.6300048828125,502.7200012207031,503.69000244140625,18443300
2025-08-22,507.2300109863281,510.7300109863281,502.4100036621094,504.25,24324200
2025-08-25,504.260009765625,508.19000244140625,504.1199951171875,506.6300048828125,21638600
2025-08-26,502.0400085449219,504.9800109863281,498.510009765625,504.3599853515625,30835700
2025-08-27,506.739990234375,507.2900085449219,499.8999938964844,502.0,17277900
2025-08-28,509.6400146484375,511.0899963378906,505.5,507.0899963378906,18015600
2025-08-29,506.69000244140625,509.6000061035156,504.489990234375,508.6600036621094,20961600
2025-09-02,505.1199951171875,506.0,496.80999755859375,500.4700012207031,18128000
2025-09-03,505.3500061035156,507.7900085449219,502.32000732421875,503.7900085449219,16345100
2025-09-04,507.9700012207031,508.1499938964844,503.1499938964844,504.29998779296875,15509500
2025-09-05,495.0,511.9700012207031,492.3699951171875,509.07000732421875,31994800
2025-09-08,498.20001220703125,501.20001220703125,495.0299987792969,498.1099853515625,16771000
2025-09-09,498.4100036621094,502.25,497.70001220703125,501.42999267578125,14410500
2025-09-10,500.3699951171875,503.2300109863281,496.7200012207031,502.9800109863281,21611800
2025-09-11,501.010009765625,503.1700134277344,497.8800048828125,502.25,18881600
2025-09-12,509.8999938964844,512.5499877929688,503.8500061035156,506.6499938964844,23624900
2025-09-15,515.3599853515625,515.469970703125,507.0,508.7900085449219,17143800
2025-09-16,509.0400085449219,517.22998046875,508.6000061035156,516.8800048828125,19711900
2025-09-17,510.0199890136719,511.2900085449219,505.92999267578125,510.6199951171875,15816600
2025-09-18,508.45001220703125,513.0700073242188,507.6600036621094,511.489990234375,18913700
2025-09-19,517.9299926757812,519.2999877929688,510.30999755859375,510.55999755859375,52474100
2025-09-22,514.4500122070312,517.739990234375,512.5399780273438,515.5900268554688,20009300
2025-09-23,509.2300109863281,514.5900268554688,507.30999755859375,513.7999877929688,19799600
2025-09-24,510.1499938964844,512.47998046875,506.9200134277344,510.3800048828125,13533700
2025-09-25,507.0299987792969,510.010009765625,505.0400085449219,508.29998779296875,15748400
