Price,Close,High,Low,Open,Volume
Ticker,NVDA,NVDA,NVDA,NVDA,NVDA
Date,,,,,
2010-01-04,0.4238302707672119,0.4268101509394836,0.41511986231184633,0.4242887075647966,800204000
2010-01-05,0.430019348859787,0.4346037723997642,0.4222258124466339,0.4222258124466339,728648000
2010-01-06,0.4327699542045593,0.43368682789066076,0.42566408749866347,0.42979007373675404,649168000
2010-01-07,0.4242888391017914,0.43231160851063655,0.4210797531985115,0.43047783342648116,547792000
2010-01-08,0.4252055883407593,0.4281854683718563,0.4183289547268337,0.42085037065675196,478168000
2010-01-11,0.4192458987236023,0.4293316461139019,0.4132861376600017,0.4274978713770004,556612000
2010-01-12,0.4050341546535492,0.4146614649448697,0.3963237453699014,0.4130569223380886,627432000
2010-01-13,0.4105355143547058,0.4119108523229243,0.3919685884103521,0.407784865743588,508868000
2010-01-14,0.40411725640296936,0.4084724471173619,0.3972406222274136,0.4054925941682066,608524000
2010-01-15,0.3921976685523987,0.4045756243568397,0.38692557778339476,0.40113730785426893,818192000
2010-01-19,0.39953282475471497,0.40205424083461955,0.38807174072443057,0.38921784639492757,545328000
2010-01-20,0.39792829751968384,0.3995328674902622,0.3892178880271455,0.3944899801404175,719728000
2010-01-21,0.3908224105834961,0.4048049104929619,0.3871548615604287,0.3976990445077617,608632000
2010-01-22,0.37729838490486145,0.3933438656534599,0.3750061733693474,0.38623799896323957,1067916000
2010-01-25,0.3837166130542755,0.39105168508369076,0.3807367323570796,0.38348738095244544,643676000
2010-01-26,0.3715679347515106,0.3844043329988281,0.37133870261928886,0.3818828888456799,714636000
2010-01-27,0.38165363669395447,0.3830289747644966,0.3672126962545473,0.37133868314085233,812504000
2010-01-28,0.36881712079048157,0.38600873185530044,0.3635450296453038,0.38463339422601495,687764000
2010-01-29,0.35277166962623596,0.377069120767337,0.34727034601346796,0.37294313488908964,774700000
2010-02-01,0.3798198401927948,0.3805075091891117,0.3511671657319363,0.3541470464990963,949832000
2010-02-02,0.3837166130542755,0.38853026859015505,0.3772984147815425,0.3784445206400549,849812000
2010-02-03,0.38692569732666016,0.3885302673838509,0.37844451946506485,0.38027829429805493,562296000
2010-02-04,0.3644619286060333,0.38348728664360443,0.3603359430650051,0.38348728664360443,783480000
2010-02-05,0.3717970848083496,0.3727139858768929,0.3575853505111373,0.36400357601498434,604856000
2010-02-08,0.3711094856262207,0.3800491292677142,0.3637744123250912,0.3706510486683983,445160000
2010-02-09,0.36812955141067505,0.37890296865767154,0.36446202895080637,0.37706919376507725,930144000
2010-02-10,0.37523534893989563,0.37867366597571606,0.3679002780618751,0.37042172148493596,535828000
2010-02-11,0.39242687821388245,0.39655286324684325,0.37844438097032324,0.38119502855052745,695980000
2010-02-12,0.3976990282535553,0.4057217675039709,0.3853210713005834,0.3896762890031397,780212000
2010-02-16,0.4050341546535492,0.4066387245856472,0.3981575200599299,0.40297117520559017,457024000
2010-02-17,0.40893101692199707,0.4103063277172935,0.3972407248727051,0.4100771229140719,876560000
2010-02-18,0.3821120262145996,0.38853022374655344,0.37156784260315284,0.386467217044149,1515508000
2010-02-19,0.38004907965660095,0.38463350328702767,0.3782153047393662,0.3805075165545796,510548000
2010-02-22,0.380736768245697,0.3873841992468534,0.3782153241891685,0.3816536420888047,458084000
2010-02-23,0.3715679347515106,0.3834874317952639,0.3676711524556774,0.3818828888456799,489764000
2010-02-24,0.3793613016605377,0.38302885044135976,0.3736307737688236,0.3747768793471664,445868000
2010-02-25,0.3759230077266693,0.37683990864014455,0.3612528390388921,0.3706509162814574,576972000
2010-02-26,0.3713386356830597,0.3768399599368271,0.3690464240753194,0.3740892841472845,393396000
2010-03-01,0.3862379789352417,0.3880717535336277,0.3685879564920717,0.3715678367987845,555868000
2010-03-02,0.3860088288784027,0.3944900068565694,0.38325818025377023,0.3896763785947923,538648000
2010-03-03,0.3811951279640198,0.390363973839422,0.3779860428377555,0.388300994447583,399300000
2010-03-04,0.38188278675079346,0.38577954067952186,0.3770691318636307,0.38279966038391233,557396000
2010-03-05,0.3935730457305908,0.3963236937446751,0.37913210950000703,0.37913210950000703,632832000
2010-03-08,0.38784259557724,0.3949484627562582,0.38623802553175157,0.3938023569096629,439312000
2010-03-09,0.4022834599018097,0.4061802135905396,0.3915100450869555,0.39173927714377466,830832000
2010-03-10,0.4032004177570343,0.4075556364697479,0.4009082060109701,0.4011374381157043,418520000
2010-03-11,0.3940315246582031,0.4013666232474177,0.39242698208880605,0.3999912854306109,540660000
2010-03-12,0.3954068124294281,0.3995327980323173,0.39334380596532714,0.3983866924384766,520352000
2010-03-15,0.39334386587142944,0.39884518995490187,0.3896763438077647,0.394948435807432,358904000
2010-03-16,0.4070971608161926,0.40938937234396083,0.3928854274837764,0.39311465956667996,664988000
2010-03-17,0.41489070653915405,0.4203920310976785,0.4093894093059489,0.4093894093059489,651168000
2010-03-18,0.4002205431461334,0.4155783555661352,0.39655299361658763,0.4155783555661352,740964000
2010-03-19,0.3954068124294281,0.4073263051403091,0.3903639259562787,0.40618019954646833,584612000
2010-03-22,0.4018251597881317,0.40342970275568535,0.3903640722298211,0.3903640722298211,435336000
2010-03-23,0.4100770056247711,0.41213998489032816,0.4020542386495789,0.40480491410407426,493612000
2010-03-24,0.3963238000869751,0.4077848866506594,0.39563613106760914,0.406638780726823,436252000
2010-03-25,0.3974698781967163,0.40457574535737656,0.39655300445193636,0.4020543015712536,495184000
2010-03-26,0.3974698781967163,0.40503418222976656,0.3942607927646677,0.40090819572761927,344676000
2010-03-29,0.40251266956329346,0.4034295430889289,0.3944899032500781,0.3999912263798276,394456000
2010-03-30,0.40411725640296936,0.40916011599998053,0.3972406222274136,0.40709713667743985,324104000
2010-03-31,0.3988451063632965,0.40434642929377895,0.39678210001737385,0.4025126549836181,389840000
2010-04-01,0.3947191536426544,0.4052633363041695,0.390593167934874,0.40067891381226095,339664000
2010-04-05,0.40067893266677856,0.4013666015379868,0.39678215150503693,0.39724061563605223,413636000
2010-04-06,0.3908224105834961,0.39655293885371745,0.38394574933391623,0.3956360379352935,809260000
2010-04-07,0.39334386587142944,0.399991295723294,0.3850918934088792,0.3883010059555674,817468000
2010-04-08,0.38692569732666016,0.3938023597817028,0.3848627177178707,0.3908224790937588,1037600000
2010-04-09,0.38944706320762634,0.3908224008884876,0.3839457398094949,0.3860087463307868,817572000
2010-04-12,0.3965529799461365,0.3981575225630048,0.38921788113990924,0.3899055500686577,546460000
2010-04-13,0.4048050343990326,0.4061803452096637,0.3965530602339557,0.3981576031756866,648696000
2010-04-14,0.40984779596328735,0.4155783245978483,0.40342959842751586,0.41351534521953276,900720000
2010-04-15,0.4128277599811554,0.4153492040214793,0.4070972301852569,0.4112232171033681,957596000
2010-04-16,0.39105165004730225,0.3976990798262869,0.38234124083795623,0.3960945372331929,1917736000
2010-04-19,0.38921788334846497,0.39036398912777676,0.3761522829293742,0.38807177756915323,1094492000
2010-04-20,0.39059317111968994,0.39609449455002493,0.38555031180253474,0.3919685088086021,678188000
2010-04-21,0.38050752878189087,0.3931147214960068,0.3759231050041473,0.39265628458329666,895908000
2010-04-22,0.3821120262145996,0.3832581319408301,0.36904639907531944,0.3743184908810428,656932000
2010-04-23,0.3768399655818939,0.38188282572940113,0.3701925354246778,0.3809659246773791,752916000
2010-04-26,0.38050752878189087,0.3850919525596344,0.37661077403587306,0.3772984430675988,491092000
2010-04-27,0.3697340488433838,0.381653542314316,0.36858794317646115,0.377756788511842,606704000
2010-04-28,0.3704216182231903,0.37569370834015375,0.36285729006270134,0.3695047175407187,672164000
2010-04-29,0.38165363669395447,0.38211210093434933,0.3660665903042026,0.3715679152610498,987128000
2010-04-30,0.3601067364215851,0.37775678540739477,0.3598775316852729,0.37706911654782965,1068048000
2010-05-03,0.35620996356010437,0.3640034980086251,0.3507086403037404,0.3619404915404963,1078972000
2010-05-04,0.3381015658378601,0.35139639964202457,0.3330586780558764,0.35070873064217956,1311376000
2010-05-05,0.3323708772659302,0.3408520513363193,0.3282448925674064,0.33122477192330174,1330840000
2010-05-06,0.3254943788051605,0.33695546522296804,0.29890471078046205,0.3300788297674757,1002888000
2010-05-07,0.3199930489063263,0.3284742263092536,0.3085319636512915,0.3284742263092536,1153712000
2010-05-10,0.33374637365341187,0.3433736857678447,0.3300788509041574,0.33924769876527666,979156000
2010-05-11,0.33007872104644775,0.3367261222004473,0.32755727794648304,0.3305371577940837,829124000
2010-05-12,0.33649706840515137,0.33833081621811434,0.3303080738977689,0.33237108117533753,901236000
2010-05-13,0.3358093500137329,0.3504795216410294,0.33260023716151826,0.3351216810221641,1252000000
2010-05-14,0.2970709204673767,0.31403330344051594,0.2888189474182475,0.31311642969075437,2493068000
2010-05-17,0.29775866866111755,0.30142621928655405,0.28836058726176533,0.29752943650003044,856060000
2010-05-18,0.2879020869731903,0.3021137947031672,0.286297516848978,0.30028001979358176,674112000
2010-05-19,0.2924864888191223,0.29294492568107405,0.2844637480963531,0.2865267276377951,826520000
2010-05-20,0.2856099307537079,0.2924865675090126,0.27529494829542533,0.28400536031720974,1129136000
2010-05-21,0.2917987108230591,0.29982144854786047,0.27735777745335505,0.27735777745335505,1069600000
2010-05-24,0.2833176255226135,0.2943202745718164,0.2824007517645062,0.29088195699093516,664564000
2010-05-25,0.2908819913864136,0.2922573021861989,0.2716273669361959,0.2743780431864112,966652000
2010-05-26,0.29225730895996094,0.30830282059859465,0.29134043507218665,0.302572290486698,995028000
2010-05-27,0.30944880843162537,0.30944880843162537,0.29890462612279917,0.29959229493864653,713560000
2010-05-28,0.3011969029903412,0.30899043906104734,0.2966124796518029,0.30899043906104734,545116000
2010-06-01,0.28836050629615784,0.3005092335908155,0.28813127419943435,0.2970709160918738,527492000
2010-06-02,0.2915695607662201,0.29202802491102936,0.28698513792065206,0.2888189125239424,649088000
2010-06-03,0.29111114144325256,0.2917988103764816,0.28469294360864406,0.2856098446280551,586360000
2010-06-04,0.2773578464984894,0.2876727975695971,0.2757532766938431,0.28262993806656295,671456000
2010-06-07,0.2636044919490814,0.2803376638347171,0.2624583865315975,0.2785038897016811,577248000
2010-06-08,0.25626954436302185,0.26245851108954227,0.2496221133916824,0.26245851108954227,967636000
2010-06-09,0.250080406665802,0.26452136627504497,0.24916353335345603,0.2576447071312268,697152000
2010-06-10,0.2601662874221802,0.2613123933318467,0.25443575787384765,0.2551234268847116,611768000
2010-06-11,0.26612600684165955,0.26727211256941014,0.2567279289439782,0.2574155978456918,442104000
2010-06-14,0.26039546728134155,0.270481186332403,0.25970779840847036,0.2700227495255938,375080000
2010-06-15,0.27323177456855774,0.2746070845497863,0.2629167994201601,0.26337526340587575,528632000
2010-06-16,0.2697935700416565,0.27391955633982434,0.26612602059321455,0.27139811267835584,366480000
2010-06-17,0.2801085412502289,0.28079621023443047,0.2695643563599894,0.2791916674881729,859068000
2010-06-18,0.28194236755371094,0.2853806857768874,0.27965015540492666,0.28171313540870285,932832000
2010-06-21,0.27529481053352356,0.2885896404059001,0.27277339471353035,0.2879019989347368,579836000
2010-06-22,0.26497989892959595,0.2821714847041393,0.2636045611375062,0.2787331675492306,818164000
2010-06-23,0.26795971393585205,0.27071036152413036,0.2599369485383009,0.26750127722535716,614060000
2010-06-24,0.25466495752334595,0.2677305864902333,0.2537480837442366,0.2663552484962494,725028000
2010-06-25,0.25397729873657227,0.25672794721385866,0.24985131235798372,0.256498715121869,507220000
2010-06-28,0.25443559885025024,0.25810314639907456,0.2498511780768715,0.25581093601238514,372008000
2010-06-29,0.24022391438484192,0.24916355284336195,0.2386193723000741,0.24893432083469172,660808000
2010-06-30,0.23403504490852356,0.24320389174009432,0.23403504490852353,0.24068244793128477,623072000
2010-07-01,0.2379317581653595,0.2395363006181044,0.22761679360250947,0.23472267325986962,737008000
2010-07-02,0.23495186865329742,0.23930708636650003,0.2269291293832704,0.2388486495875611,737096000
2010-07-06,0.23243054747581482,0.24159939609427739,0.23036754014146615,0.23403509051898091,712020000
2010-07-07,0.24366231262683868,0.24503765049144854,0.2328889237717853,0.2333473606182162,608412000
2010-07-08,0.23632726073265076,0.2454961077239201,0.23334737999542432,0.24526690294433004,783272000
2010-07-09,0.23724408447742462,0.23884865422281992,0.23426420436852238,0.2374733165339993,571516000
2010-07-12,0.24159933626651764,0.24457921679466865,0.23701491309253686,0.23724411785604538,565396000
2010-07-13,0.25030964612960815,0.25191418813677063,0.24412068277323493,0.24549599278281417,723316000
2010-07-14,0.2528313100337982,0.2631462670952978,0.2491637588151328,0.26131249148596514,1355664000
2010-07-15,0.24572540819644928,0.2532897145339101,0.2427455266301372,0.25306048236522183,953088000
2010-07-16,0.23036746680736542,0.24641297410714752,0.22945059316752214,0.24572530521460725,1288604000
2010-07-19,0.23976555466651917,0.24068242834493492,0.23197201909871804,0.23357658902392076,798440000
2010-07-20,0.24572540819644928,0.24710071923259766,0.23151366954562663,0.23357667708783977,1160988000
2010-07-21,0.23770247399806976,0.24824665464814544,0.23541026318938446,0.24801744996246186,624940000
2010-07-22,0.24159933626651764,0.24412077994233408,0.23884868782719268,0.2402239983841964,462612000
2010-07-23,0.23747336864471436,0.24159935529126142,0.23518115687722374,0.2413701231843845,817604000
2010-07-26,0.2418285459280014,0.24274544697655892,0.2331181362559545,0.2367856857995484,683548000
2010-07-27,0.23976555466651917,0.24297463986629111,0.23678567422369273,0.24251620302708324,683472000
2010-07-28,0.2322012037038803,0.23999473767817378,0.23151353492301452,0.23586875231829033,1320808000
2010-07-29,0.2092791348695755,0.22005253856769916,0.20790381051693377,0.21546811495045337,2664476000
2010-07-30,0.21065442264080048,0.21432195792730574,0.20446544403608205,0.20767454253527046,984288000
2010-08-02,0.2104252427816391,0.21523889855580428,0.20950835531690953,0.2143220110910747,917020000
2010-08-03,0.20492389798164368,0.20904988406359076,0.2033193554290298,0.20882066565073992,955444000
2010-08-04,0.21363432705402374,0.21432199601987886,0.2058408046458559,0.20675769204610964,855496000
2010-08-05,0.21638497710227966,0.21684341394533038,0.21042521616666912,0.21432198398323435,800504000
2010-08-06,0.218906432390213,0.22119864419597546,0.21363433977189542,0.21546811468156937,739904000
2010-08-09,0.22096934914588928,0.22142779954570974,0.21569725835521392,0.22119856751447184,466456000
2010-08-10,0.21180054545402527,0.2177602924859117,0.21088365814235244,0.21730185566140425,772560000
2010-08-11,0.2035485804080963,0.2074453345402389,0.2028609114847025,0.2074453345402389,796148000
2010-08-12,0.2053823471069336,0.20996676998415673,0.1982764807171114,0.19988102325907636,1343584000
2010-08-13,0.21523894369602203,0.21821882516567306,0.21157139306793982,0.21202984372778164,1797392000
2010-08-16,0.20973752439022064,0.2166141578148232,0.20698686282278592,0.212258953913377,814008000
2010-08-17,0.21248821914196014,0.21638498713927656,0.20973757063075016,0.2118005638454872,481224000
2010-08-18,0.21363432705402374,0.21546810185453122,0.2104252279844653,0.21180056591617555,352920000
2010-08-19,0.2264707088470459,0.22715837776891726,0.2147804191511829,0.21592652491252962,1615100000
2010-08-20,0.22853372991085052,0.2340350546335857,0.2246369753105715,0.2248661937583538,1305308000
2010-08-23,0.22509539127349854,0.2349519065754754,0.22440772233144105,0.22922137760052577,748620000
2010-08-24,0.22280313074588776,0.22509534183239452,0.21730182140574036,0.21776025815797942,641332000
2010-08-25,0.22738756239414215,0.22922133680482326,0.2191355912087335,0.22028171046240144,757532000
2010-08-26,0.2246370166540146,0.23288899159419657,0.2246370166540146,0.23036754721655064,657596000
2010-08-27,0.23197197914123535,0.2338057535075136,0.2202817051285157,0.22601223294481512,1060416000
2010-08-30,0.22096934914588928,0.2310550939900749,0.22096934914588928,0.22922131971610382,602804000
2010-08-31,0.21386350691318512,0.22463690732502234,0.2131758381152987,0.2177602603341258,931488000
2010-09-01,0.21546807885169983,0.21982328329095993,0.21432197313940285,0.21707263504651028,851440000
2010-09-02,0.21936485171318054,0.22005250695939668,0.21409275984556617,0.21615575290953085,596292000
2010-09-03,0.22692915797233582,0.2276168132273766,0.2218862844554119,0.22463694646354992,566484000
2010-09-07,0.22899216413497925,0.23426424270855273,0.2257830651069533,0.2262415019698174,899820000
2010-09-08,0.23655645549297333,0.23816102550874002,0.2269291720249647,0.22945061577089668,1224156000
2010-09-09,0.23334737122058868,0.23976556933819007,0.2303674905954182,0.23953633724190063,697748000
2010-09-10,0.23082593083381653,0.23563958632364904,0.22876295123835622,0.234951917350056,609292000
2010-09-13,0.24389159679412842,0.24687147792023867,0.23495195341579772,0.23495195341579772,1015792000
2010-09-14,0.24159933626651764,0.24480842155817717,0.23953632944303577,0.24182854103002616,698536000
2010-09-15,0.24205775558948517,0.24228698766171067,0.2360979949647778,0.23930710734935698,555572000
2010-09-16,0.24228696525096893,0.24434994440891744,0.23884864843751272,0.23884864843751272,365280000
2010-09-17,0.2418285459280014,0.24480842651650667,0.24114090429823087,0.24457922174835586,416884000
2010-09-20,0.24549607932567596,0.24641298031393025,0.23953631854063023,0.24182853002329147,443168000
2010-09-21,0.2587909400463104,0.26291692663703786,0.24412079586296773,0.24412079586296773,1779624000
2010-09-22,0.26108306646347046,0.2633752772109728,0.2562694129635925,0.2578739550217826,999996000
2010-09-23,0.26635512709617615,0.2746070966483344,0.2617707056394899,0.264062916367833,1240872000
2010-09-24,0.28102535009384155,0.28194225096940745,0.270251962914461,0.27231494206518664,1086976000
2010-09-27,0.2750656306743622,0.2833175750018102,0.2713980816452869,0.2830883702658144,999504000
2010-09-28,0.2743779122829437,0.2782746653445431,0.2695642584669443,0.2752947857120344,723192000
2010-09-29,0.2723148763179779,0.2803376409095979,0.269334997011143,0.27185643965353556,974904000
2010-09-30,0.26773059368133545,0.2789624480663659,0.2654383818466746,0.27575333510264843,787632000
2010-10-01,0.2601662874221802,0.2720858107429681,0.2581033077149086,0.2716273465188453,999120000
2010-10-04,0.25764480233192444,0.2620000204881015,0.25237271052461324,0.25764480233192444,749500000
2010-10-05,0.2594785988330841,0.26360458526163283,0.2587909298741063,0.2631461483974204,753588000
2010-10-06,0.24710066616535187,0.2606247327310134,0.24457924947791482,0.2594786267843635,1057604000
2010-10-07,0.2452668845653534,0.24847596984169834,0.23793178566173506,0.24824673775396625,761488000
2010-10-08,0.2489345520734787,0.250997560091944,0.24091180687189148,0.2443501262440003,706932000
2010-10-11,0.24778832495212555,0.2521435437644955,0.2466422190528682,0.25008053675064024,442680000
2010-10-12,0.2526020109653473,0.25374811700211003,0.24366236748340414,0.24572537474477102,605208000
2010-10-13,0.25993701815605164,0.26360456747289185,0.25397728467283176,0.2567279329978037,968732000
2010-10-14,0.25581106543540955,0.26062469328764404,0.25466493233689613,0.2601662564434289,599172000
2010-10-15,0.2587909400463104,0.26291692663703786,0.2558110866491422,0.2599370459145503,639940000
2010-10-18,0.26039546728134155,0.26154157296102193,0.25443570681687766,0.25902012953559916,448156000
2010-10-19,0.2587909400463104,0.2606247149005581,0.25260197382287897,0.254664953455583,866136000
2010-10-20,0.2587909400463104,0.2658968073595254,0.25443574867712665,0.25902017215008616,763532000
2010-10-21,0.25420647859573364,0.25947857026706767,0.25030972469094426,0.25902013345332453,1014428000
2010-10-22,0.2704812288284302,0.27254423577116826,0.253060408830131,0.2558110847537818,1322676000
2010-10-25,0.2730026841163635,0.2750656911457498,0.27002280329079686,0.2725442472182733,673136000
2010-10-26,0.2720857262611389,0.2762117117198959,0.2675013040459227,0.2697935151535308,675248000
2010-10-27,0.2759825587272644,0.2768994325027983,0.26887669132825776,0.26956436032256803,496796000
2010-10-28,0.27621176838874817,0.2805669594566095,0.27369032472294375,0.27965008575558103,704448000
2010-10-29,0.2755240797996521,0.2785039601034426,0.2727734315674284,0.27575328454590337,554664000
2010-11-01,0.2759825587272644,0.2817130881376505,0.27369034696310995,0.2773578967158849,473920000
2010-11-02,0.28171300888061523,0.28629743111914446,0.2755240443236632,0.277128586642086,581036000
2010-11-03,0.2837761342525482,0.28560990938180836,0.2762118289226772,0.28354690211439443,671748000
2010-11-04,0.2842344641685486,0.2895065554328488,0.28377602739019925,0.2865266753856084,700016000
2010-11-05,0.2890482246875763,0.2915696415560988,0.28492223751824847,0.286297548357809,735116000
2010-11-08,0.2901942729949951,0.2927156893619914,0.2865267235016871,0.2888189351036752,605156000
2010-11-09,0.288589745759964,0.2924865279207987,0.28698520286596707,0.29019431597928264,633964000
2010-11-10,0.2920280396938324,0.2920280396938324,0.2865267156054779,0.29065270184041453,521016000
2010-11-11,0.2890482246875763,0.2938618536140228,0.28125468729544084,0.285151442328847,1089980000
2010-11-12,0.30394744873046875,0.31357475634560655,0.2986753582091574,0.30005069567569403,2142560000
2010-11-15,0.3002799153327942,0.3096779913967102,0.29959227389057014,0.30532280141117485,733548000
2010-11-16,0.2913404107093811,0.2993631521951495,0.2908819738038299,0.2952371653945473,739356000
2010-11-17,0.2961540222167969,0.299592339481929,0.2883604866873075,0.2911111350343499,551764000
2010-11-18,0.3053227961063385,0.3083026758303411,0.30005070541392004,0.30005070541392004,993120000
2010-11-19,0.3151794970035553,0.31632560317237335,0.30417687231783674,0.30463530932029864,716484000
2010-11-22,0.31540870666503906,0.31724245454406047,0.31036581802175656,0.31311649449093776,462668000
2010-11-23,0.3080735206604004,0.31495015528120485,0.30578130912013224,0.3117410700549562,457832000
2010-11-24,0.3156377971172333,0.31678390278899743,0.3110533744301769,0.31128260649465556,397784000
2010-11-26,0.3117411136627197,0.317242411198783,0.3117411136627197,0.3154086635703091,143104000
2010-11-29,0.3151794970035553,0.31632560317237335,0.30899052915700315,0.3103658401643889,468192000
2010-11-30,0.31197044253349304,0.31357501333457416,0.30623991060200806,0.3103658990577436,720936000
2010-12-01,0.32572346925735474,0.32778644806666807,0.3177007313817676,0.3181591680810252,626536000
2010-12-02,0.32962027192115784,0.33168327836704004,0.325494286354706,0.3257235184015749,529316000
2010-12-03,0.3390183746814728,0.3390183746814728,0.327328085899353,0.32801575476747447,606044000
2010-12-06,0.3326001763343811,0.34085214807341707,0.3312248659280848,0.3401644792076116,438424000
2010-12-07,0.3433736264705658,0.35139636696359605,0.3397060770293393,0.340393745965234,1026812000
2010-12-08,0.3463535010814667,0.3500210231349599,0.3403937401722294,0.34291518378582597,613252000
2010-12-09,0.34062302112579346,0.3429152604943002,0.3332879480526699,0.33810160427348507,942408000
2010-12-10,0.3426859974861145,0.34589508312732525,0.33970611663337846,0.34062299043791855,451900000
2010-12-13,0.33397549390792847,0.3447488810709058,0.3330585930337586,0.34406123957191953,609108000
2010-12-14,0.33443400263786316,0.3465827300633113,0.3339755657647992,0.34039376396365095,755160000
2010-12-15,0.32709887623786926,0.3392476016408127,0.3266404121158111,0.3351216158194885,624176000
2010-12-16,0.3275573253631592,0.3323709802234319,0.32664042440984686,0.3305372056421225,631872000
2010-12-17,0.32939112186431885,0.3312248965676597,0.32388979775429644,0.3277865519205725,593156000
2010-12-20,0.32801589369773865,0.33214188132870354,0.3277866615361693,0.3305373381736967,344088000
2010-12-21,0.34085214138031006,0.34085214138031006,0.3309956273648175,0.3312248594240229,466952000
2010-12-22,0.34451979398727417,0.34497823091824215,0.33695548898767524,0.34016457482977314,477988000
2010-12-23,0.34199824929237366,0.34451969265908805,0.34062291157865415,0.34451969265908805,273784000
2010-12-27,0.3438320755958557,0.3463535193423913,0.3348924337606718,0.34108142707938305,255500000
2010-12-28,0.34245675802230835,0.3461243078123945,0.3403937783437098,0.34383209602492065,194260000
2010-12-29,0.34245675802230835,0.3449782019186576,0.3392476724499729,0.3422275532387529,177660000
2010-12-30,0.34360286593437195,0.3456658729504085,0.34085221723830994,0.3419983231387791,174488000
2010-12-31,0.3530008792877197,0.3534593434224963,0.34337359698776615,0.34383203379722777,391252000
2011-01-03,0.36262819170951843,0.36606650879496866,0.3552930934003058,0.355751557538618,817448000
2011-01-04,0.3614821434020996,0.364920461033406,0.35345940226238476,0.3633159182705269,651384000
2011-01-05,0.38921788334846497,0.38967634752044344,0.3644619930502673,0.3681295151488746,1428216000
2011-01-06,0.44308486580848694,0.4433140978718066,0.3981574854470526,0.3993035911130218,3493312000
2011-01-07,0.45546281337738037,0.4568381510764161,0.4281854827321402,0.43804199670772587,2579984000
2011-01-10,0.47288355231285095,0.47380042574461345,0.44377245196271464,0.4472107683197881,1750348000
2011-01-11,0.4655485153198242,0.4838862595621785,0.45546279697449876,0.4793018371642464,2711088000
2011-01-12,0.5352318286895752,0.5356902381343253,0.4641732275945487,0.46577776995242426,3431896000
2011-01-13,0.5361486673355103,0.5464636442798091,0.5129972977130133,0.5295012389636427,2695192000
2011-01-14,0.5407332181930542,0.5496728597208194,0.5237708634870136,0.5269799487583238,1595352000
2011-01-18,0.528126060962677,0.5370657030616208,0.515060459629949,0.5333981533812358,1813348000
2011-01-19,0.5136851668357849,0.5409625050844574,0.5125390882008762,0.5283553668472464,1197896000
2011-01-20,0.5141434669494629,0.517123346959855,0.49947327162118654,0.5086421710266721,1111408000
2011-01-21,0.5093299150466919,0.5269799948850855,0.5084130412675825,0.5196448953509313,739244000
2011-01-24,0.566864550113678,0.5741996499927582,0.5267508148729166,0.532710522042697,2056900000
2011-01-25,0.5494436025619507,0.570302709486906,0.5457760534656456,0.5643429490367389,1086856000
2011-01-26,0.5625092387199402,0.5730534225696315,0.5512773859539096,0.5551741400460767,1074660000
2011-01-27,0.5609046816825867,0.5719072747593116,0.5501312933551927,0.5705319916126947,657396000
2011-01-28,0.5446297526359558,0.5716778710670379,0.5317933620797315,0.5622798238073973,1094796000
2011-01-31,0.5482974648475647,0.5558617677153636,0.5366072034385251,0.5455468440369472,750160000
2011-02-01,0.5609046816825867,0.5650306404237005,0.5494436244565685,0.5531111736990206,654104000
2011-02-02,0.586348295211792,0.5998723597848513,0.557695623441837,0.557695623441837,1606616000
2011-02-03,0.575345516204834,0.5872650354452931,0.5627383281889159,0.5872650354452931,1030776000
2011-02-04,0.5884109735488892,0.5929953945267455,0.5810759327746844,0.5833681432636125,872900000
2011-02-07,0.5638847351074219,0.5829101014073964,0.5618217277783215,0.5803886844389282,934236000
2011-02-08,0.5471514463424683,0.5682398147832454,0.5446299753437003,0.5645722653173753,1076584000
2011-02-09,0.5338565707206726,0.5547157337870864,0.5240000557295463,0.5492143824241259,1277520000
2011-02-10,0.5230832695960999,0.5320229124064207,0.5180403815529501,0.5219371363201212,1042352000
2011-02-11,0.5379824638366699,0.5549448707148239,0.512768140223943,0.5212493163377067,1359276000
2011-02-14,0.5297305583953857,0.561592311671369,0.5276675518424481,0.5444006996981441,1287828000
2011-02-15,0.5168942213058472,0.5324812379132158,0.514601955115857,0.5306474905419845,886980000
2011-02-16,0.5359194278717041,0.5434837292334513,0.5219369032617923,0.52377070475439,1318364000
2011-02-17,0.5886406302452087,0.5962049354304041,0.5182696168914008,0.5207910883868966,3470096000
2011-02-18,0.5874941945075989,0.5948292911088384,0.5783253510813584,0.5854311883415095,1394412000
2011-02-22,0.5320225954055786,0.569844096566997,0.530188794186795,0.5682395546571926,1396648000
2011-02-23,0.5068084597587585,0.5370656747114444,0.499244156020587,0.5320228419864202,1491604000
2011-02-24,0.5191864371299744,0.528126023951797,0.5056623725409704,0.5093298673137004,1246120000
2011-02-25,0.5299597978591919,0.5386701794580413,0.5258337844829226,0.5331688829403137,775652000
2011-02-28,0.5194154977798462,0.5388993179447422,0.5074959791236163,0.5386700585970783,903696000
2011-03-01,0.49626412987709045,0.5269797999978052,0.49626412987709045,0.5203323719189898,988448000
2011-03-02,0.47563454508781433,0.5049748970643894,0.4641734829057121,0.49557678781960673,1718140000
2011-03-03,0.4783850610256195,0.48938771106838,0.4639441204168135,0.48663703489502913,1593704000
2011-03-04,0.475863516330719,0.4836570238585168,0.470591424850002,0.47884339650028196,959760000
2011-03-07,0.46921607851982117,0.48090639424754816,0.4572965853856885,0.4793018518242577,1019140000
2011-03-08,0.44812777638435364,0.4767804195543855,0.43827123434348353,0.4742590033506123,1947184000
2011-03-09,0.4387297034263611,0.4511076618101491,0.434832922051179,0.4467524436041563,1318976000
2011-03-10,0.4107646942138672,0.4318530339840305,0.41030623006589223,0.4286439489001006,1722736000
2011-03-11,0.41374462842941284,0.4252057151972525,0.4048050129943769,0.4142030926673705,1486832000
2011-03-14,0.4171828031539917,0.42749775243824745,0.4103061429725113,0.41695357112866205,1003360000
2011-03-15,0.4048050343990326,0.41168167042815584,0.3899056290106097,0.3967822650397329,1256280000
2011-03-16,0.4018251597881317,0.4206213204304898,0.3965530666158928,0.40113749070908783,1476520000
2011-03-17,0.4093893766403198,0.4132861308133571,0.3942607694681551,0.41259846188274646,1238516000
2011-03-18,0.403888076543808,0.4171829371255388,0.403429639671239,0.4158075991825132,886960000
2011-03-21,0.4070971608161926,0.4167244437677557,0.40297117460114656,0.4125984575527096,751832000
2011-03-22,0.39999130368232727,0.40984781895168815,0.398157528951348,0.4059510647266806,718332000
2011-03-23,0.4082432687282562,0.40938937449817114,0.390593218011313,0.3993036273277297,782396000
2011-03-24,0.4407927393913269,0.4458356271533104,0.4160368467723272,0.41695372055160435,1780592000
2011-03-25,0.4270395040512085,0.4458356640080403,0.42635183499724505,0.44468955802654186,1196392000
2011-03-28,0.44285574555397034,0.4501908177504206,0.43322843426297725,0.4371251888055927,1204284000
2011-03-29,0.4394175112247467,0.44446037260822713,0.4334577485645177,0.4428558295305731,715764000
2011-03-30,0.4229133725166321,0.44468940604818297,0.4174120492903948,0.44285563163943725,1176320000
2011-03-31,0.42314258217811584,0.4281854686923529,0.41534907500662527,0.42360104627963774,655112000
2011-04-01,0.4171828031539917,0.42910229463962524,0.41145224844853967,0.42864385791427584,850072000
2011-04-04,0.4022834599018097,0.4183289660956814,0.399303579789729,0.4171828604622129,924328000
2011-04-05,0.4029712975025177,0.41145247727685386,0.4020543962165765,0.40824339108937263,821076000
2011-04-06,0.4002205431461334,0.4064095090675887,0.3967821983838605,0.405951072207725,856984000
2011-04-07,0.41489070653915405,0.417412150377476,0.39953289338158043,0.401137436130822,1021208000
2011-04-08,0.4022834599018097,0.4180997340388622,0.40113735426834124,0.4180997340388622,746552000
2011-04-11,0.39701130986213684,0.40595094887749683,0.39265612002858613,0.4038879426468862,546208000
2011-04-12,0.39815753698349,0.4009081854727898,0.3857795777936639,0.393114676865554,840756000
2011-04-13,0.4070971608161926,0.40961857710154753,0.3972406457817261,0.40228350567775273,749588000
2011-04-14,0.4242888391017914,0.42451807123430685,0.40113748673064037,0.4034296987545039,1254704000
2011-04-15,0.428873211145401,0.43414530329016343,0.4190166684755826,0.42107967531065543,969720000
2011-04-18,0.41466155648231506,0.4215381925939668,0.4080141251791913,0.4187875436143707,743584000
2011-04-19,0.4130569100379944,0.4164952272324171,0.4018250574743572,0.4148906573481003,659860000
2011-04-20,0.4256640374660492,0.4343744457614584,0.41878740365261774,0.4281854807944329,650516000
2011-04-21,0.42451784014701843,0.4329990418788096,0.4236009667667043,0.43024836708725145,421300000
2011-04-25,0.4311653971672058,0.43827123631006903,0.4261225100863993,0.4263517421629145,619612000
2011-04-26,0.44239717721939087,0.4467523949510836,0.430477684289809,0.4348328746961884,676000000
2011-04-27,0.44239717721939087,0.4446894157744435,0.43322833230043356,0.4446894157744435,450004000
2011-04-28,0.4472108483314514,0.4561504888544426,0.4373543342126575,0.44239719364020125,684000000
2011-04-29,0.45844271779060364,0.4685284370333598,0.44950307692399605,0.45019074580993745,836000000
2011-05-02,0.4522538185119629,0.46829930067563513,0.4499616067742954,0.46807009589705995,613824000
2011-05-03,0.43070700764656067,0.44835706083713106,0.42520571011009767,0.4469817501156757,808000000
2011-05-04,0.427497923374176,0.4368960029655745,0.41947518183406735,0.43208234711138094,639356000
2011-05-05,0.42772701382637024,0.4327698728020177,0.41832893734765,0.4240594651211838,544000000
2011-05-06,0.44285574555397034,0.446981732203636,0.43322843426297725,0.436666751916812,841080000
2011-05-09,0.45271211862564087,0.4550043296708088,0.44308481037568676,0.44423091589827074,706328000
2011-05-10,0.4533998370170593,0.4568381539610455,0.44881538709976376,0.45637971716691017,690976000
2011-05-11,0.45546281337738037,0.46027644067337764,0.44927384838234735,0.4556920454356576,616000000
2011-05-12,0.46990373730659485,0.47036220141084695,0.4527121531565369,0.4538582587665408,1224000000
2011-05-13,0.418558269739151,0.4412511830397097,0.415349184137207,0.4401050771353983,2025192000
2011-05-16,0.40572190284729004,0.41832909605741614,0.4054926980445778,0.4174121948706007,728188000
2011-05-17,0.40411725640296936,0.4045756932162767,0.39242696737439847,0.4043464884722806,1420364000
2011-05-18,0.4135153889656067,0.41695370651008523,0.4043465421803306,0.4057218528029307,658844000
2011-05-19,0.4075555205345154,0.4169535969500836,0.401366556045749,0.41672436491055787,650884000
2011-05-20,0.41466155648231506,0.4155784303670728,0.4048050392572163,0.4066388143520547,575820000
2011-05-23,0.4142029285430908,0.41718280828245863,0.4034295150757372,0.4087016057953402,588000000
2011-05-24,0.4158075749874115,0.43254072480239664,0.4151199060559129,0.4162660118333048,720372000
2011-05-25,0.4208504855632782,0.4236011616201271,0.40961863119866626,0.4137446179586192,545312000
2011-05-26,0.43139466643333435,0.4350622162541625,0.4197043752890998,0.4208504811924436,706436000
2011-05-27,0.44698160886764526,0.447669250348415,0.43276987795965993,0.43322831472194384,658824000
2011-05-31,0.4593594968318939,0.4595887561804199,0.4446893578041076,0.45569197573760223,1200716000
2011-06-01,0.4387297034263611,0.45798429624825926,0.43781280243942333,0.457296627339385,762208000
2011-06-02,0.4366666376590729,0.4426263976297564,0.4313945465042855,0.4394173129226576,607592000
2011-06-03,0.42314258217811584,0.43552053908763455,0.42107960302251923,0.4316237855018893,549300000
2011-06-06,0.4142029285430908,0.4263516522033994,0.4137444644867955,0.4224548990020616,435988000
2011-06-07,0.4139738380908966,0.4197043675012827,0.4121400632145091,0.41741215573712825,433956000
2011-06-08,0.4027419686317444,0.41443225911147896,0.39953288321492086,0.4119108426626372,569288000
2011-06-09,0.39815753698349,0.4034296291944168,0.38371659825801857,0.4025127554730895,741632000
2011-06-10,0.39242687821388245,0.40136651700618237,0.38921776659922,0.39884507411789827,493548000
2011-06-13,0.3896763324737549,0.397469840542015,0.38692565684936553,0.3924269807728281,574760000
2011-06-14,0.3928854763507843,0.40159588670476565,0.39128093354683724,0.3931147084621997,534576000
2011-06-15,0.3844042420387268,0.3899055386570706,0.376381474538558,0.3876133271785413,935916000
2011-06-16,0.3711094856262207,0.390593315924248,0.36560818748170454,0.3846335534965857,1024908000
2011-06-17,0.3623988926410675,0.3756937490372707,0.35093783780845456,0.3754645170104944,1467884000
2011-06-20,0.3580437898635864,0.366754199121084,0.3552931141741433,0.3591898956257488,745960000
2011-06-21,0.36583730578422546,0.36858798153132366,0.35598079055796994,0.3594191079165253,704276000
2011-06-22,0.36079445481300354,0.368129526562964,0.36010678585903144,0.36331589853579527,651720000
2011-06-23,0.3715679347515106,0.37408935157933615,0.35300097912655415,0.35621009235104484,744024000
2011-06-24,0.36079445481300354,0.3729431819154508,0.35850224318330853,0.36973409656400497,529052000
2011-06-27,0.3532301187515259,0.363086633325257,0.3406229286127978,0.3607944219046365,1142152000
2011-06-28,0.3552931249141693,0.35941911124774023,0.3507087017269389,0.35323014541004266,692200000
2011-06-29,0.36079445481300354,0.3644620043506428,0.3452074102660138,0.3575853421362397,960544000
2011-06-30,0.3653789460659027,0.3692757010964693,0.3562100978408881,0.3617113958457676,652300000
2011-07-01,0.3701925575733185,0.3715678955709789,0.3580438296783842,0.36537890190682687,540804000
2011-07-05,0.3640035092830658,0.3731723543356836,0.3607943971194614,0.3697340374409519,535296000
2011-07-06,0.3591899275779724,0.36446202001796885,0.35483470889914087,0.3637743510344355,529580000
2011-07-07,0.360565185546875,0.3628573969402509,0.35414698818035945,0.36102364968580236,986136000
2011-07-08,0.3536885678768158,0.35804378612271937,0.3507086874612642,0.35552234254217957,619516000
2011-07-11,0.3413105905056,0.3484164566939465,0.3403937168862782,0.34704114626496374,714388000
2011-07-12,0.3367263376712799,0.3429153333632867,0.3309958063455913,0.3397062194257038,867604000
2011-07-13,0.3360385000705719,0.34360280309535207,0.3328294150662725,0.3413105917136196,634368000
2011-07-14,0.322743684053421,0.33947683340678053,0.32113914147440115,0.3374138539945144,1088996000
2011-07-15,0.32320210337638855,0.3266404204274303,0.31655470134116714,0.3245774411269312,827736000
2011-07-18,0.31632548570632935,0.32251445125463707,0.31219949956568543,0.32068070392574316,818200000
2011-07-19,0.3259527385234833,0.32664037998830747,0.31724230361551264,0.31724230361551264,602224000
2011-07-20,0.3218267858028412,0.3289326244886391,0.3209098848810737,0.3270988772957327,662956000
2011-07-21,0.33695539832115173,0.33924760968453527,0.3174715744070772,0.3222852292003085,1143420000
2011-07-22,0.3438320755958557,0.34497818142149583,0.3355801027211195,0.33993532125374293,737192000
2011-07-25,0.3383307456970215,0.3399353156868955,0.33351711770335285,0.33855997778852287,566920000
2011-07-26,0.33007872104644775,0.3369553542369209,0.325265066882992,0.3287033834782286,698276000
2011-07-27,0.3177007734775543,0.32709885002148065,0.3167838726322401,0.3254942803735088,652212000
2011-07-28,0.317013144493103,0.3236605466613409,0.3115118207061642,0.3165547076755203,648176000
2011-07-29,0.317013144493103,0.3199930247953638,0.31219948959519594,0.3138040321193932,677656000
2011-08-01,0.33397549390792847,0.3348923674567854,0.32159753704648214,0.32434818501836593,1019620000
2011-08-02,0.3305371105670929,0.3525423445626338,0.3305371105670929,0.3316832159350834,1356432000
2011-08-03,0.33947688341140747,0.3406229893260015,0.32801582426546705,0.33122493722152263,765236000
2011-08-04,0.3071565330028534,0.33328775126101545,0.3071565330028534,0.33328775126101545,979732000
2011-08-05,0.2968415915966034,0.3181591862448486,0.28881885326299517,0.3142624330907295,1270588000
2011-08-08,0.27346107363700867,0.2924864612021239,0.2716272990370312,0.28240071456490556,1084180000
2011-08-09,0.29638323187828064,0.29684166872282286,0.27506565901655494,0.2787331810982098,1329832000
2011-08-10,0.28285911679267883,0.29592474214139847,0.2812545744609116,0.28767277111329265,1140052000
2011-08-11,0.30738577246665955,0.31151175764022404,0.2828590934503134,0.2828590934503134,1078792000
2011-08-12,0.29523712396621704,0.3406229450788807,0.2904234688200905,0.34016450823765837,3195784000
2011-08-15,0.3064689040184021,0.30715657277943664,0.2966123913110684,0.2982169335366087,864152000
2011-08-16,0.29775866866111755,0.3071567500604698,0.2922573427229628,0.3030307624381852,716868000
2011-08-17,0.29363250732421875,0.30371825191472385,0.289735754168362,0.2986753659568163,553328000
2011-08-18,0.2736903131008148,0.28308839110120004,0.2704812006328538,0.2803377427896022,802564000
2011-08-19,0.26887673139572144,0.2840053422237035,0.2670429562460685,0.26910596353642446,761332000
2011-08-22,0.2736903131008148,0.27965007388037366,0.2707104327110354,0.27644096141241264,611876000
2011-08-23,0.3032599091529846,0.3034891412701385,0.2798793262161288,0.28033779045043655,938312000
2011-08-24,0.29890474677085876,0.30348917095985306,0.2911112092543743,0.30257229705218364,687500000
2011-08-25,0.28606826066970825,0.2982169865221344,0.28560982385600286,0.29294489485123454,690968000
2011-08-26,0.29821687936782837,0.3011967585741658,0.2798791674808226,0.28492205259553455,732660000
2011-08-29,0.3062398135662079,0.3073859195893473,0.29959240956212857,0.30669827783572207,601528000
2011-08-30,0.3135749399662018,0.31609635703091027,0.30211385145949643,0.30417685886734,684760000
2011-08-31,0.3050937354564667,0.3190762411481731,0.30257231837006626,0.3158671549199088,705808000
2011-09-01,0.30440595746040344,0.3158670419672773,0.30417675271196176,0.30921961240678414,762312000
2011-09-02,0.2961540222167969,0.3016553189108816,0.2938617833813922,0.29752933272765975,471356000
2011-09-06,0.3021138608455658,0.3028015300028781,0.2837761623856423,0.2865268116895656,696248000
2011-09-07,0.32664042711257935,0.335580068023439,0.31770081352703516,0.32664042711257935,1606620000
2011-09-08,0.32503587007522583,0.33122486247768884,0.3197637785927235,0.32343132762193755,880164000
2011-09-09,0.3181593120098114,0.33099570934779865,0.3154086632446201,0.3222852988202588,869828000
2011-09-12,0.32572346925735474,0.32847411677820865,0.3138039511248071,0.3138039511248071,916480000
2011-09-13,0.3330586552619934,0.33466322526025816,0.32343137189899496,0.32847423201053527,853836000
2011-09-14,0.3502501845359802,0.35460540196007834,0.3415397770130954,0.34176900905000474,1547192000
2011-09-15,0.3552931249141693,0.35987757542671733,0.3520840396132351,0.35804380068676167,752908000
2011-09-16,0.3543761670589447,0.36904633416978827,0.35254239275442534,0.3559807093284074,1391588000
2011-09-19,0.34704113006591797,0.35093788375411705,0.3381014897308938,0.3484164404307045,968204000
2011-09-20,0.3381015658378601,0.35277173764171466,0.3364970230551016,0.35139639964202457,792436000
2011-09-21,0.33168333768844604,0.34589504400325916,0.33145410560057914,0.339935310297211,715252000
2011-09-22,0.30967801809310913,0.31907609496720474,0.3037182853530962,0.31861765819109805,1314632000
2011-09-23,0.3160962164402008,0.32503585658077183,0.30601049801656044,0.307844272455035,1011440000
2011-09-26,0.3167839050292969,0.3209098909418896,0.3025722000639795,0.31999301732812,972124000
2011-09-27,0.31724244356155396,0.3275574253132436,0.3147210266525253,0.3248067762646107,781388000
2011-09-28,0.3076149821281433,0.325952695713649,0.3025721238716505,0.31792993064950453,1236532000
2011-09-29,0.3000507950782776,0.31838851563078635,0.29225725906153066,0.3131164233629054,866416000
2011-09-30,0.2867560088634491,0.2968417308557213,0.28629754459762713,0.2952371879013129,677784000
2011-10-03,0.27071040868759155,0.2920280063553235,0.27071040868759155,0.28308836597930875,949896000
2011-10-04,0.29569563269615173,0.29569563269615173,0.2629169670372852,0.26406307308163757,1361548000
2011-10-05,0.3062398135662079,0.3089904898820009,0.28904822321911683,0.29500795814424796,856708000
2011-10-06,0.31838858127593994,0.3193054551962126,0.3073859302807242,0.30784439456618445,773192000
2011-10-07,0.32434818148612976,0.3291618358784891,0.31311635767104146,0.31976375914114474,806976000
2011-10-10,0.3387892246246338,0.3387892246246338,0.329161913567666,0.3298495825467807,534376000
2011-10-11,0.33512166142463684,0.3415398594284178,0.3339755556141516,0.3360385351428979,816080000
2011-10-12,0.3348924517631531,0.341769114411974,0.3346632469808949,0.3415398823043961,612064000
2011-10-13,0.3543761670589447,0.35506383583880335,0.3323709300553349,0.33328780354493903,854832000
2011-10-14,0.3603360950946808,0.36423285023433555,0.3516256835720077,0.36056529991152875,702452000
2011-10-17,0.34245675802230835,0.3562100560724715,0.34062298312726524,0.3562100560724715,611780000
2011-10-18,0.35483473539352417,0.3557516365484704,0.338560019977771,0.34062299975708793,590916000
2011-10-19,0.34772875905036926,0.3614820534796377,0.34681188550689734,0.3552930614226074,557568000
2011-10-20,0.3303079307079315,0.3397060071392183,0.3172423055899691,0.33833066955038693,990308000
2011-10-21,0.33191245794296265,0.33993522374650653,0.3264111624880125,0.3344339009662459,628428000
2011-10-24,0.34429046511650085,0.3495625566545259,0.33260017637241546,0.3332878452382995,535256000
2011-10-25,0.3312249481678009,0.34222757077658095,0.33053727913125436,0.33947689463039493,577996000
2011-10-26,0.33512166142463684,0.3394768525743536,0.32549435075630645,0.3376431051378316,503116000
2011-10-27,0.3495626151561737,0.353000932735705,0.3397060992964536,0.3474996355385826,577732000
2011-10-28,0.35758525133132935,0.36079436319317393,0.345665759348805,0.3465826328377257,490156000
2011-10-31,0.3392474949359894,0.34818713262459206,0.3392474949359894,0.3461241267001581,519984000
2011-11-01,0.3222852945327759,0.32778659198997273,0.3190761815783107,0.32686971818888005,790824000
2011-11-02,0.3167839050292969,0.32709888347343613,0.3101365030161804,0.3254943136613671,961608000
2011-11-03,0.3358093500137329,0.33649701900530177,0.3117410992607415,0.32022227728923813,749372000
2011-11-04,0.339706152677536,0.3408522587174777,0.3275574231890893,0.33282951643788583,654840000
2011-11-07,0.3378722369670868,0.34291512330485086,0.33007873006832567,0.3371845681641815,613536000
2011-11-08,0.34566590189933777,0.3477288817628253,0.3367262587318063,0.342227583909977,549728000
2011-11-09,0.32824501395225525,0.3419982831497489,0.3268696761023791,0.337643092167336,532244000
2011-11-10,0.33168333768844604,0.3397060782093441,0.32343136507968107,0.33626776084324494,990484000
2011-11-11,0.3433736264705658,0.34612427488882697,0.32251446293324293,0.3410814149011286,1751560000
2011-11-14,0.3367263376712799,0.34681208919968926,0.33580946358930125,0.343373770404276,500292000
2011-11-15,0.3410813510417938,0.34360276690090946,0.33260014796252496,0.33351704881382244,505660000
2011-11-16,0.33420470356941223,0.34360278054793403,0.33305859795375414,0.33466316767592613,512420000
2011-11-17,0.3222852945327759,0.334434022686516,0.31632553284971227,0.33351714888542333,657504000
2011-11-18,0.3193053901195526,0.32411904553323756,0.3158670726312972,0.32411904553323756,501352000
2011-11-21,0.33535096049308777,0.3385600464732373,0.30944893121259165,0.3142625875081393,1330788000
2011-11-22,0.34566590189933777,0.347499676958728,0.3371846956653233,0.33901847072471347,1287480000
2011-11-23,0.33099573850631714,0.3445198060583126,0.3307665063701404,0.34199836186166105,825340000
2011-11-25,0.3218267858028412,0.3342047159815306,0.3209098848810737,0.32664041317219183,406620000
2011-11-28,0.33993521332740784,0.34497807189409907,0.3323709118147163,0.3323709118147163,690616000
2011-11-29,0.3417690098285675,0.34612419993727556,0.33626768685801317,0.3394767714301863,623440000
2011-11-30,0.3582730293273926,0.35918993042113445,0.34910418234189045,0.35208406307724255,730324000
2011-12-01,0.36262819170951843,0.36354506533551245,0.3536885508921587,0.3552930934003058,529760000
2011-12-02,0.3603360950946808,0.3679004005571423,0.3568977769140459,0.3665250623547588,546464000
2011-12-05,0.35483473539352417,0.3667542591305767,0.35185485445926107,0.3662958222157642,644696000
2011-12-06,0.3497917950153351,0.3575853027681504,0.3461242458814719,0.3568976612152018,573832000
2011-12-07,0.34772875905036926,0.3502502022828862,0.3403936887266555,0.3474995543271577,510016000
2011-12-08,0.3367263376712799,0.35002117581194336,0.3355802314061422,0.34429064448625474,491488000
2011-12-09,0.3415399193763733,0.3442905683392752,0.3296203949949272,0.3342048190415379,555840000
2011-12-12,0.3330586552619934,0.33558009898042257,0.32686968933758853,0.3342047610748579,573208000
2011-12-13,0.3238898515701294,0.341539905281443,0.32182687176442026,0.3374139183447032,516596000
2011-12-14,0.3112826347351074,0.32297292457780374,0.3078443174078811,0.32113914987155295,636020000
2011-12-15,0.3085319697856903,0.3186177173595623,0.30784432815648927,0.31655473782132293,435148000
2011-12-16,0.30967801809310913,0.3170131158120681,0.3083027077647891,0.3110533557467422,619116000
2011-12-19,0.30165526270866394,0.3147208877421268,0.300509157167154,0.3110533390791703,463276000
2011-12-20,0.31861767172813416,0.3197637773797517,0.30853192559871123,0.30853192559871123,445208000
2011-12-21,0.31449171900749207,0.3202222478685356,0.30830275330262846,0.31678393055190945,548424000
2011-12-22,0.32801589369773865,0.32893276769336366,0.3154087259686009,0.3154087259686009,576560000
2011-12-23,0.32480672001838684,0.33007881238841275,0.3220560441207602,0.32962034818859576,248948000
2011-12-27,0.3222852945327759,0.32732815508942636,0.3213683934063628,0.3234314004468019,195712000
2011-12-28,0.31426241993904114,0.3229728266589241,0.31403318792326446,0.3222851579369027,233960000
2011-12-29,0.32022231817245483,0.3209099872518193,0.31288724508498766,0.31747166918032,211112000
2011-12-30,0.3177007734775543,0.3225144004455337,0.3172423093922412,0.3190760837575576,186956000
2012-01-03,0.3218267858028412,0.330078757472177,0.32113911694284414,0.32778651883041543,468044000
2012-01-04,0.3254943788051605,0.3268697168263871,0.31907618024830364,0.32205606107741436,347372000
2012-01-05,0.3371845781803131,0.3387891478765268,0.322514410142031,0.3238897477886963,563548000
2012-01-06,0.3332880139350891,0.3371847697137248,0.3293912581564534,0.3369555648592923,533252000
2012-01-09,0.3332880139350891,0.33970621438978055,0.3309958014387942,0.33351724611484995,508244000
2012-01-10,0.33191245794296265,0.33855988622011374,0.3296202469491817,0.3383306541906115,546328000
2012-01-11,0.3252650499343872,0.33191245074201026,0.3238897124378329,0.3289325710496824,484272000
2012-01-12,0.32320210337638855,0.326181983619021,0.31609623720744295,0.32595277887747387,652364000
2012-01-13,0.3147209882736206,0.32159762371928774,0.31311644546802897,0.320909954709657,504300000
2012-01-17,0.3099072277545929,0.3195345359838741,0.30944879101160594,0.3195345359838741,627176000
2012-01-18,0.3204514682292938,0.32297291176603204,0.3142625027508553,0.31586704530818144,632676000
2012-01-19,0.32893264293670654,0.32939110708596026,0.3197637971566861,0.32320211432419377,608312000
2012-01-20,0.3259527385234833,0.3323709350225643,0.3248066329816942,0.3284741543202323,546272000
2012-01-23,0.3348924517631531,0.335121683870731,0.32205605489582295,0.3261820415549876,562792000
2012-01-24,0.34245675802230835,0.34383209602492065,0.3323710370875513,0.3326002418711067,730920000
2012-01-25,0.3403937518596649,0.3413106255731899,0.3236605743226323,0.33328788494123385,1274152000
2012-01-26,0.3371845781803131,0.34933333030012603,0.3353508310851766,0.34543654940967883,799672000
2012-01-27,0.3417690098285675,0.3436027568267742,0.33237093349885677,0.33512158132147823,449996000
2012-01-30,0.3392474949359894,0.3408520368825676,0.33076629389993684,0.335809179053905,399076000
2012-01-31,0.33855992555618286,0.34039370002932945,0.33260016534978487,0.3401644679731935,357900000
2012-02-01,0.3422275483608246,0.34612430287892393,0.3376431248512208,0.34245675314111307,428020000
2012-02-02,0.35506391525268555,0.3564392257946948,0.3406229496217094,0.3440612942900256,696236000
2012-02-03,0.36262819170951843,0.3656080719819717,0.3596483114370652,0.3603359803192183,495232000
2012-02-06,0.35987749695777893,0.3612528072188801,0.356668385031253,0.3607943704651797,278868000
2012-02-07,0.36079445481300354,0.3628574343496018,0.3543762567847939,0.36033601795212816,410296000
2012-02-08,0.37386003136634827,0.38096587004253996,0.35896063050426885,0.3607944050200105,847612000
2012-02-09,0.37363073229789734,0.38050736500468646,0.37294306356215656,0.3784443861227735,561944000
2012-02-10,0.3644619286060333,0.3713385620659762,0.362398922172863,0.36996322444386265,440268000
2012-02-13,0.3701925575733185,0.37500621323981015,0.36262825323682585,0.3736308752421497,610668000
2012-02-14,0.37225550413131714,0.3754646167319586,0.3669834120430127,0.37019252464365415,453756000
2012-02-15,0.3706509470939636,0.38738412373411674,0.369734073429582,0.3756938342240114,1110856000
2012-02-16,0.3770692050457001,0.3800490859196487,0.3438321058520529,0.34520744389397406,1888588000
2012-02-17,0.36331596970558167,0.3798198912072673,0.3598776515875087,0.37729847431587443,1020360000
2012-02-21,0.365149587392807,0.3740891997151928,0.362398912224093,0.3630865810162715,518176000
2012-02-22,0.36262819170951843,0.37225547408371606,0.3621697548965215,0.36331586059167154,492432000
2012-02-23,0.36469119787216187,0.3667542046704597,0.35758533110910906,0.36331588733194714,323968000
2012-02-24,0.3619406223297119,0.3662958415637797,0.3603360793804544,0.3658373772994295,366668000
2012-02-27,0.35460543632507324,0.3589606268459238,0.34956254962684974,0.3573560844079954,745268000
2012-02-28,0.3513962924480438,0.3587313897750483,0.3477287437845416,0.35460540435993615,699884000
2012-02-29,0.34727028012275696,0.3585021299560503,0.34704107542736895,0.35254237067101224,689196000
2012-03-01,0.3495626151561737,0.35368860171667504,0.34727040343648624,0.34864574139842636,449944000
2012-03-02,0.3525424897670746,0.3575853499982138,0.3484165032778448,0.3484165032778448,684076000
2012-03-05,0.34062302112579346,0.3507087705109959,0.33810160427348507,0.3500211014329762,514848000
2012-03-06,0.33741381764411926,0.33947679683413573,0.3314540574780286,0.336726148805676,471400000
2012-03-07,0.33947688341140747,0.3408522214390485,0.33466325496530475,0.33924767862368094,441984000
2012-03-08,0.34062302112579346,0.34406136651589214,0.33856004121705724,0.3403938163166689,430852000
2012-03-09,0.339706152677536,0.3440613720245085,0.3378723775485646,0.3415399278065074,367836000
2012-03-12,0.33443400263786316,0.3433736446265448,0.33351712889173524,0.34108143293590626,299948000
2012-03-13,0.3390183746814728,0.3408521492213583,0.33420471992993767,0.33580928973065916,553288000
2012-03-14,0.32939112186431885,0.3397060738296292,0.32824501609039547,0.3390184049002118,735708000
2012-03-15,0.33420470356941223,0.33603847801952785,0.32916184432557927,0.33030794994123736,382380000
2012-03-16,0.3346632122993469,0.33603852282633023,0.33260020552089653,0.33443398021552456,428340000
2012-03-19,0.3355799615383148,0.33810140422404705,0.3339754195225338,0.336496862208266,405400000
2012-03-20,0.33007872104644775,0.33374624235284667,0.32709884119884713,0.33374624235284667,449616000
2012-03-21,0.33145394921302795,0.3344338283227356,0.32641109158714815,0.3300786393106814,467840000
2012-03-22,0.33099573850631714,0.3337463875138223,0.32801585736263517,0.32893273125669586,425372000
2012-03-23,0.33351704478263855,0.33443391829754165,0.32778648967590235,0.3300787281137839,315456000
2012-03-26,0.33741381764411926,0.33901836005027797,0.33351706399335845,0.336726148805676,288600000
2012-03-27,0.339706152677536,0.34383213988639083,0.3381016096866823,0.338789278775712,419968000
2012-03-28,0.34749966859817505,0.352084092473692,0.3415399066298743,0.3440613506915373,892448000
2012-03-29,0.3491041362285614,0.35185478449581375,0.3426859387214288,0.34704115685945114,372700000
2012-03-30,0.3530008792877197,0.3550638859182694,0.3470411461140889,0.3520840056687965,527240000
2012-04-02,0.3513962924480438,0.35506384111154604,0.34635343352971193,0.3520839612381144,407776000
2012-04-03,0.34566590189933777,0.3543763129374496,0.34383212683994757,0.3539178760039326,430476000
2012-04-04,0.3358093500137329,0.344748964928169,0.33374634303902645,0.34039377352376565,495896000
2012-04-05,0.33535096049308777,0.3403938216013185,0.33420482712837907,0.33626783439446667,369424000
2012-04-09,0.33099573850631714,0.33214184453655454,0.3245775392719229,0.33007886461225644,365504000
2012-04-10,0.3245775103569031,0.3342047946881852,0.32297296752257615,0.32962037097563934,470360000
2012-04-11,0.32870349287986755,0.3358093604718442,0.32778659175411423,0.3289326976673156,372960000
2012-04-12,0.33649706840515137,0.33833081621811434,0.32778662966695943,0.32916196785200524,384868000
2012-04-13,0.3245775103569031,0.3353509279416424,0.3243482782411475,0.33351715299155993,311324000
2012-04-16,0.3206806182861328,0.3277864556012326,0.3154085278102143,0.32686958218164197,463468000
2012-04-17,0.32136836647987366,0.3254943528897275,0.32022226066187637,0.3215975985736004,460696000
2012-04-18,0.31793007254600525,0.3209099533583102,0.31403331794160044,0.31930541055947526,400764000
2012-04-19,0.3131164610385895,0.3257236266492379,0.311511890827886,0.3138041027570948,667188000
2012-04-20,0.3069273829460144,0.3158670234178345,0.3062397140904415,0.31495012250196586,509592000
2012-04-23,0.3032599091529846,0.30463524720526586,0.29592483663323343,0.30165536630887047,706244000
2012-04-24,0.29386183619499207,0.3066982612139236,0.2922572933146212,0.3041768171695397,730440000
2012-04-25,0.2998214364051819,0.3021136470908627,0.29271557234944856,0.29821689439026666,727112000
2012-04-26,0.3000507950782776,0.30257223882714357,0.29752935132941155,0.2995923582126615,539208000
2012-04-27,0.29752930998802185,0.30142609111760077,0.2943202250492899,0.2995923165846191,475356000
2012-04-30,0.29798781871795654,0.2995923888999467,0.2938618318541497,0.2959248389487137,262268000
2012-05-01,0.3032599091529846,0.30646902216653393,0.2963832735422202,0.2963832735422202,408680000
2012-05-02,0.2945493459701538,0.3032597520291835,0.2929448039573789,0.30211364668787183,684008000
2012-05-03,0.2895065248012543,0.29707082648226407,0.28767275055656855,0.2952370522375783,419536000
2012-05-04,0.28102535009384155,0.28927732134737,0.28102535009384155,0.28767277897177085,545092000
2012-05-07,0.2858389616012573,0.2908818473459399,0.2835467507446957,0.286068193617037,604440000
2012-05-08,0.2856099307537079,0.2874436786948621,0.2782748296877891,0.28331769117661415,462312000
2012-05-09,0.2867560088634491,0.2890482208912676,0.27781636555976336,0.28056701452808097,520608000
2012-05-10,0.2846929728984833,0.2899650654952204,0.28010854930572404,0.28950662860100845,597092000
2012-05-11,0.3028014004230499,0.3135748155181763,0.3016552947597654,0.3083027240020044,1435140000
2012-05-14,0.30096763372421265,0.30555205649658124,0.29409099956565976,0.30027996484329433,437472000
2012-05-15,0.29798781871795654,0.30761513050861294,0.29661250798023503,0.30096769963766823,599940000
2012-05-16,0.2920280396938324,0.3018845547758152,0.29111113868311483,0.29844623746758747,470484000
2012-05-17,0.2899649441242218,0.29592470323035275,0.2899649441242218,0.29317405569110333,335364000
2012-05-18,0.2768993377685547,0.2920279684915356,0.2755240275757821,0.29065263097345273,567288000
2012-05-21,0.28171300888061523,0.28308834648229875,0.2755240443236632,0.2773578186841372,416260000
2012-05-22,0.278274804353714,0.2819423545527804,0.27414881721109496,0.28148391760922786,410140000
2012-05-23,0.2851513922214508,0.28560985641273184,0.27116889019501955,0.27529487663932045,496000000
2012-05-24,0.27758702635765076,0.2872143350213589,0.27552404725846313,0.28675589825768527,520420000
2012-05-25,0.2842344641685486,0.2865266753856084,0.2773578305173691,0.2773578305173691,391752000
2012-05-29,0.2915695607662201,0.2934033353695104,0.28767280681255036,0.2888189125239424,310000000
2012-05-30,0.28813114762306213,0.2904233582820523,0.28308828963834515,0.28836037961908373,379792000
2012-05-31,0.2849223017692566,0.28927749473129466,0.2812547507194029,0.28813138844388153,358192000
2012-06-01,0.2746070921421051,0.2817129562134864,0.2741486554690208,0.2789623088496735,440984000
2012-06-04,0.26887673139572144,0.27758714286258007,0.26658451928998617,0.27598259985363016,432856000
2012-06-05,0.2766701281070709,0.2773577968537875,0.2675012843516762,0.2675012843516762,365224000
2012-06-06,0.28400519490242004,0.28469286364249274,0.27667012543403374,0.2787331043289422,368968000
2012-06-07,0.272544264793396,0.28973588184560856,0.27231503266690865,0.28813131161084116,526780000
2012-06-08,0.2778163552284241,0.27873322907532594,0.2730026992188847,0.2734611361423357,370308000
2012-06-11,0.28102535009384155,0.29179876459853504,0.2803377085938083,0.28675590542151785,839080000
2012-06-12,0.2867560088634491,0.2895066578317667,0.2837761277622205,0.2842345647027196,496128000
2012-06-13,0.2791915833950043,0.28721432203514313,0.27781624584085607,0.28652665325806903,494276000
2012-06-14,0.27575334906578064,0.28102544201752405,0.273002700189969,0.278733230066794,589884000
2012-06-15,0.28171300888061523,0.28194224092266645,0.2752948122816119,0.27781625544292776,385288000
2012-06-18,0.2842344641685486,0.2865266753856084,0.2773578305173691,0.279650041734429,304424000
2012-06-19,0.303489089012146,0.30784430721089473,0.2945494478622826,0.2959247856777435,960476000
2012-06-20,0.3083028495311737,0.31403338018085014,0.3046352989852506,0.3064690742582121,972720000
2012-06-21,0.29432031512260437,0.3080735873410241,0.29363264604661876,0.3080735873410241,516376000
2012-06-22,0.29798781871795654,0.3014261638755632,0.2938618318541497,0.29798781871795654,865360000
2012-06-25,0.288589745759964,0.29913393162106666,0.28744363978920595,0.29821705777458896,494616000
2012-06-26,0.2917987108230591,0.29386168959359915,0.2860681838767724,0.2901941687431604,437152000
2012-06-27,0.3011969029903412,0.303259882562556,0.2920280563132646,0.2920280563132646,506064000
2012-06-28,0.303489089012146,0.30532286365765515,0.2959247856777435,0.2984462292309831,545896000
2012-06-29,0.3167839050292969,0.3174715739022815,0.31036570775696537,0.3105949398230652,616508000
2012-07-02,0.3083028495311737,0.3186178047005913,0.30578140511518587,0.3183885998697996,581684000
2012-07-03,0.31632548570632935,0.3170131546173227,0.3080735134250415,0.3083027455038114,219284000
2012-07-05,0.3131164610385895,0.31563787776552615,0.3083028050571223,0.3142625670031939,280076000
2012-07-06,0.3071565330028534,0.3117409543823232,0.303718216968251,0.3108240537112451,382760000
2012-07-09,0.30303066968917847,0.3066982191920831,0.30050922599026675,0.30532288129716445,306336000
2012-07-10,0.29386183619499207,0.30876124101364016,0.2915696242729418,0.2998215981224513,512028000
2012-07-11,0.2890482246875763,0.29844630505519393,0.28767288652269263,0.2947787548323863,485216000
2012-07-12,0.2842344641685486,0.28629744333377716,0.28171302089965755,0.2858390065554278,472160000
2012-07-13,0.2879020869731903,0.28927739766138927,0.28262999435512726,0.2844637692647127,324260000
2012-07-16,0.28881898522377014,0.29111119722353634,0.28331766002913766,0.28606833628911515,334460000
2012-07-17,0.28354689478874207,0.2913404320554148,0.2787332386144641,0.2897358891057631,447476000
2012-07-18,0.2993631064891815,0.303489092659839,0.2814838512998767,0.2828591618065515,616008000
2012-07-19,0.30234307050704956,0.3062398256747341,0.2993631892639999,0.3014261965824146,403036000
2012-07-20,0.29363250732421875,0.3025721464379831,0.29042339559415853,0.3005091401846636,451000000
2012-07-23,0.29752930998802185,0.2995923165846191,0.28262993631118216,0.2858390212499141,451584000
2012-07-24,0.29432031512260437,0.29982161307984306,0.29088199706799944,0.29798783798565587,351164000
2012-07-25,0.3000507950782776,0.3030306756927597,0.2920280542913818,0.29340336488823004,415044000
2012-07-26,0.30142614245414734,0.30899044661266817,0.2991339034035381,0.305552101699414,338440000
2012-07-27,0.3089904189109802,0.30990729258876876,0.3002799823454054,0.30257222119051025,376516000
2012-07-30,0.30555203557014465,0.3128871333638254,0.303030619613216,0.3089903797392533,363552000
2012-07-31,0.3103656470775604,0.314720864204767,0.30509355651584164,0.30555199323309773,387788000
2012-08-01,0.3069273829460144,0.31517935456226154,0.3055520452348685,0.3121994744049882,335912000
2012-08-02,0.3080735206604004,0.3126579437409367,0.30027998502829845,0.305322872277142,367912000
2012-08-03,0.31449171900749207,0.31770083156486667,0.30555207758907393,0.3128871763914633,326548000
2012-08-06,0.3211391568183899,0.32274369947407466,0.3170131704714021,0.3174716073265524,360324000
2012-08-07,0.32434818148612976,0.32778649824486855,0.3225144070830732,0.32503585030294,407340000
2012-08-08,0.32618194818496704,0.3296202648624949,0.3232020682660472,0.32411896910857513,517064000
2012-08-09,0.3371845781803131,0.3378722470036457,0.3261819589829298,0.3266403957567139,822300000
2012-08-10,0.33512166142463684,0.34887493115045976,0.33076644294960217,0.3461242826703588,1278744000
2012-08-13,0.33947688341140747,0.33970611552445446,0.3342047907392108,0.33558012876685184,447244000
2012-08-14,0.33443400263786316,0.34108143293590626,0.33305866469335255,0.3406229687375235,388828000
2012-08-15,0.33191245794296265,0.3383306541906115,0.33030791571237805,0.3355800064631364,594404000
2012-08-16,0.3387892246246338,0.3399353304813853,0.333746336994672,0.3348924428514235,371008000
2012-08-17,0.3358093500137329,0.33878923076031814,0.33282946926714774,0.33878923076031814,309864000
2012-08-20,0.3358093500137329,0.3362677868996723,0.3307664622924413,0.3346632441362247,314392000
2012-08-21,0.3348924517631531,0.3390184384223177,0.33145413410140245,0.3369554587553953,340248000
2012-08-22,0.3355799615383148,0.33695529888058817,0.33168320883561603,0.3328293141790749,313556000
2012-08-23,0.32801589369773865,0.335121762802474,0.32664055537897496,0.3348925306409047,379040000
2012-08-24,0.3346632122993469,0.33626775491015254,0.32732811352083485,0.328015782446985,347724000
2012-08-27,0.32893264293670654,0.33535086777309986,0.32870343818739556,0.3344339667999083,340944000
2012-08-28,0.3275573253631592,0.33076641038646415,0.3257235507818498,0.3264112196655052,310764000
2012-08-29,0.32824501395225525,0.33030799340175254,0.3266404440189608,0.32732811294389885,250412000
2012-08-30,0.3220559358596802,0.32870336394394567,0.3204513936756539,0.32755725848031125,307488000
2012-08-31,0.32159754633903503,0.32664040565408736,0.31838846149999633,0.3243481943903987,485064000
2012-09-04,0.30440595746040344,0.3174715845076323,0.30142610445345097,0.3163254787894765,694452000
2012-09-05,0.3053227961063385,0.3099072180431702,0.3021136843553702,0.305552000807994,480256000
2012-09-06,0.3147209882736206,0.3229729617385493,0.30738588860465277,0.3076151207163031,657296000
2012-09-07,0.3071565330028534,0.30921951169349204,0.2968415575737394,0.30669809632996775,781064000
2012-09-10,0.30440595746040344,0.3108241549471391,0.30371831588976256,0.30646896414827335,371108000
2012-09-11,0.3080735206604004,0.3128871758250903,0.30303066073687385,0.3041767665070079,382808000
2012-09-12,0.31151193380355835,0.3131165042356257,0.30761517845137776,0.31059505983551305,322608000
2012-09-13,0.3135749399662018,0.3154087152202877,0.3076151772217541,0.31426260910214965,433836000
2012-09-14,0.31724244356155396,0.32274376898414336,0.31334568846554706,0.31334568846554706,339468000
2012-09-17,0.3085319697856903,0.3179300484050432,0.3050936523384127,0.3179300484050432,493348000
2012-09-18,0.31059500575065613,0.31426255563484645,0.3048644761349342,0.3050936809243707,359952000
2012-09-19,0.31426241993904114,0.3186176096363282,0.3076149920599134,0.31128254036048797,451936000
2012-09-20,0.31197044253349304,0.31517955681032367,0.30944902487883863,0.31357501333457416,320596000
2012-09-21,0.31334561109542847,0.31517938578350285,0.31128263164966785,0.3124287374140497,340136000
2012-09-24,0.3131164610385895,0.3135748979593669,0.30784436813634486,0.3083028050571223,357832000
2012-09-25,0.30738577246665955,0.318617622512769,0.3069273357418879,0.31724228501314417,481544000
2012-09-26,0.3021138608455658,0.3064690806249933,0.29844633754877675,0.3062398484641138,436812000
2012-09-27,0.30440595746040344,0.3048644216079184,0.3002799714099794,0.3028014149200485,558888000
2012-09-28,0.30578115582466125,0.310136371962986,0.2991337292952087,0.3030305088203686,485508000
2012-10-01,0.30073845386505127,0.3089904264682411,0.29959234807712587,0.30715665174249696,504236000
2012-10-02,0.3018845319747925,0.3028014055909426,0.2984462149262573,0.3028014055909426,295492000
2012-10-03,0.29890474677085876,0.30348917095985306,0.2973002037697755,0.30257229705218364,430872000
2012-10-04,0.31219956278800964,0.31403333781357057,0.29798782683390407,0.299592397059596,502608000
2012-10-05,0.30486437678337097,0.31632543227979737,0.30371827123372835,0.31311634767092267,483068000
2012-10-08,0.3018845319747925,0.30509361695663273,0.29959232060910235,0.3037183065324076,240596000
2012-10-09,0.2954663932323456,0.3023430286920186,0.294549492109197,0.30142615489419033,366360000
2012-10-10,0.2904234826564789,0.2954663701261288,0.2892773768361617,0.294091032211621,326568000
2012-10-11,0.2920280396938324,0.2940910191486422,0.2897358281550139,0.2931741454632416,320516000
2012-10-12,0.2895065248012543,0.29225717250562777,0.28767275055656855,0.28996496153109813,260696000
2012-10-15,0.293174147605896,0.2934033523662628,0.28652671769954974,0.28996503503290627,249580000
2012-10-16,0.30165526270866394,0.30257216353705885,0.29294485512812585,0.2956955029626875,367696000
2012-10-17,0.2993631064891815,0.30073844432117286,0.2950078882380866,0.2979877686571902,391752000
2012-10-18,0.29477864503860474,0.2986753986206191,0.2936325394365233,0.2986753986206191,254772000
2012-10-19,0.27758702635765076,0.29248642611688663,0.2759824840221368,0.2904234196923868,709412000
2012-10-22,0.2743779122829437,0.28033767154796113,0.2720857013849077,0.2787331020590884,480840000
2012-10-23,0.28262993693351746,0.28446371147053695,0.2711688529084742,0.27185652177552083,573948000
2012-10-24,0.27896231412887573,0.2856097416529714,0.2762116667130084,0.28446363628591775,332916000
2012-10-25,0.2791915833950043,0.28423444221802935,0.27804547787498446,0.28125456240091556,307356000
2012-10-26,0.27621176838874817,0.28125462839503956,0.27621176838874817,0.27965008575558103,389376000
2012-10-31,0.2746070921421051,0.2796499775219534,0.273919450795132,0.2773577668312249,347112000
2012-11-01,0.287672758102417,0.2879019901360069,0.27575323886195785,0.27598247089554784,473220000
2012-11-02,0.28629744052886963,0.2911110949676603,0.28446369343343786,0.2906526581938023,256700000
2012-11-05,0.2984461188316345,0.29959222414545295,0.28560972838674525,0.28560972838674525,444840000
2012-11-06,0.29821687936782837,0.29913375266579123,0.2931740215784219,0.29913375266579123,350804000
2012-11-07,0.2890482246875763,0.2977586359727521,0.28767288652269263,0.2959248608613483,324620000
2012-11-08,0.29065269231796265,0.29982153817284396,0.28996502341378333,0.29225723487750366,839024000
2012-11-09,0.2794209420681,0.2956956603500703,0.27850406807699996,0.2922573418954562,846280000
2012-11-12,0.27323177456855774,0.2810252797714378,0.27048109995548847,0.27987917445776095,643624000
2012-11-13,0.27116885781288147,0.27804551928240573,0.27093965306993023,0.2718565266923654,492120000
2012-11-14,0.2645214796066284,0.2755241006952724,0.26429224751767677,0.2727734522544408,619300000
2012-11-15,0.2656676769256592,0.27300275106998173,0.2638339015582468,0.2661261139361805,466688000
2012-11-16,0.26085394620895386,0.26658447553268005,0.2555818537660619,0.26566760177101156,624552000
2012-11-19,0.2681889832019806,0.2691058841690474,0.26245845462774686,0.26566756702450717,404092000
2012-11-20,0.26507461071014404,0.2683044002784497,0.2623061882211801,0.26715090007525283,336976000
2012-11-21,0.2726876139640808,0.2733796918218038,0.26484379906105054,0.26507451001469406,422312000
2012-11-23,0.27453336119651794,0.2777631512097571,0.2724570440437631,0.273841255478933,276932000
2012-11-26,0.27937784790992737,0.280069953136246,0.2745331663288939,0.2749945606459068,364600000
2012-11-27,0.28053149580955505,0.2846841018619328,0.27591749519616043,0.27822449550285777,451404000
2012-11-28,0.2828384041786194,0.28422261491334033,0.2759174055082228,0.27937790484342107,398332000
2012-11-29,0.27776312828063965,0.28468412988193026,0.2768403390677805,0.28329994606264153,488688000
2012-11-30,0.27614811062812805,0.2796086098901884,0.2745332164728206,0.2775322938319901,460504000
2012-12-03,0.27107277512550354,0.2796086979962458,0.2703806970562971,0.2796086979962458,391380000
2012-12-04,0.2791471481323242,0.27960854242227984,0.269919124825228,0.2715340460924679,528068000
2012-12-05,0.2759174704551697,0.2786858650746472,0.27199557578577566,0.2768402869960692,633024000
2012-12-06,0.2763787508010864,0.27822435561884445,0.27430246256960805,0.27522525122768754,412896000
2012-12-07,0.2759174704551697,0.2779937870459857,0.27268768131604765,0.2766095759854417,338288000
2012-12-10,0.28514549136161804,0.2872218081017588,0.2752253847185789,0.2759174902986258,513644000
2012-12-11,0.291835755109787,0.29552696585865085,0.285376150050079,0.28606825550319187,816724000
2012-12-12,0.28883665800094604,0.2943734742811797,0.28768315804693173,0.29275857984588133,399404000
2012-12-13,0.28906750679016113,0.2946042982081614,0.28629911108116096,0.28837540098750575,377556000
2012-12-14,0.2904515564441681,0.29345066186631147,0.2881445565043053,0.290220872951147,338660000
2012-12-17,0.2892981469631195,0.2913744640594075,0.28491485670698463,0.2897595690967061,445232000
2012-12-18,0.28975948691368103,0.29298927592303503,0.2883752759087525,0.2892980649109652,416436000
2012-12-19,0.291835755109787,0.29529625487374406,0.29068225518846796,0.291835755109787,458544000
2012-12-20,0.2916051149368286,0.29322000956620425,0.2883752981764658,0.2929892985470314,334332000
2012-12-21,0.28491485118865967,0.2876832464284739,0.2816850338241958,0.2876832464284739,462172000
2012-12-24,0.28260770440101624,0.28560680915195297,0.2816848881306344,0.28468399288157115,127376000
2012-12-26,0.28237712383270264,0.28652973021269035,0.28122362358835135,0.28191572923528513,196740000
2012-12-27,0.28053149580955505,0.2832999181788822,0.277301706380824,0.2828384961162524,299804000
2012-12-28,0.2791471481323242,0.2835304351392977,0.2775322268650844,0.2779936486566368,220600000
2012-12-31,0.2828384041786194,0.28399190395701884,0.2775322996976612,0.27822440506502166,326460000
2013-01-02,0.29345065355300903,0.29368136454110283,0.2886059703175096,0.289759470254763,478836000
2013-01-03,0.29368138313293457,0.2969111721610663,0.29022088310210364,0.29345067213023535,298888000
2013-01-04,0.30337080359458923,0.30429359259722116,0.2932199870575909,0.2941427760602228,524968000
2013-01-07,0.29460418224334717,0.3040628936526289,0.29252789315429045,0.303140104613406,610732000
2013-01-08,0.28814446926116943,0.2962189941075281,0.28606818094458597,0.2952961779100241,466424000
2013-01-09,0.2816850543022156,0.2918358742549706,0.2798394756759135,0.29045166278362533,695020000
2013-01-10,0.2821463346481323,0.285606834085562,0.2805314129093813,0.28422262330994813,506368000
2013-01-11,0.2816850543022156,0.28353066043013636,0.27891665886114375,0.28329997685265795,513172000
2013-01-14,0.28145432472229004,0.2835306140883291,0.2782245076509231,0.2835306140883291,305684000
2013-01-15,0.2763787508010864,0.28006996043660254,0.2747638568986478,0.28006996043660254,375888000
2013-01-16,0.2789166271686554,0.2812236276910139,0.2759175209892662,0.2759175209892662,337376000
2013-01-17,0.28260770440101624,0.2837612041127917,0.2791472052656898,0.2798393105930756,580736000
2013-01-18,0.2807621955871582,0.28260780125886176,0.2773016952658185,0.28260780125886176,397088000
2013-01-22,0.27937784790992737,0.2830690574492277,0.27799366495888855,0.2805313474532589,308224000
2013-01-23,0.2798393964767456,0.28053147451493005,0.2768402908053731,0.28030079100273886,421808000
2013-01-24,0.2812236249446869,0.2823771251946015,0.27753241314431404,0.2789166244448577,396980000
2013-01-25,0.2862989604473114,0.28652964392574337,0.2803007499823692,0.2816849333577819,393920000
2013-01-28,0.2909129559993744,0.2927585613092606,0.2869910344027638,0.28768313983167193,422492000
2013-01-29,0.28468406200408936,0.2904515619633406,0.2835305620122391,0.28975948396951773,388872000
2013-01-30,0.28422266244888306,0.28883666233416094,0.28329987347247093,0.28491476793199644,287592000
2013-01-31,0.2828384041786194,0.28745243079382116,0.2809928265344635,0.28422261491334033,470544000
2013-02-01,0.28537625074386597,0.2862990675074976,0.28283853902090045,0.2851455396775538,288816000
2013-02-04,0.28053149580955505,0.2895288135066424,0.28030081227985315,0.2837613127398991,511744000
2013-02-05,0.28699108958244324,0.28860601172759826,0.2809929055490524,0.2819156946306166,367296000
2013-02-06,0.28468406200408936,0.28699106198778984,0.2784551675484198,0.2800700620366883,530688000
2013-02-07,0.28353050351142883,0.28606821397053755,0.2807621096025124,0.28376121446284,440000000
2013-02-08,0.28537625074386597,0.2876832514005193,0.28353064471821987,0.28537625074386597,307232000
2013-02-11,0.28860610723495483,0.2916052139949395,0.28491489468395514,0.28768329034639445,408308000
2013-02-12,0.28676044940948486,0.2899902391847854,0.28560694913236095,0.2860683437428873,277804000
2013-02-13,0.28537625074386597,0.292297252713826,0.2844534614818515,0.2869911457031999,856396000
2013-02-14,0.29368138313293457,0.2939120941356338,0.2779937774928459,0.28145427752367674,882096000
2013-02-15,0.29368138313293457,0.29506559414591077,0.2872217775750616,0.2929892776264465,733860000
2013-02-19,0.28975948691368103,0.29414277592660565,0.2879138814076461,0.2939120924268572,433552000
2013-02-20,0.28560689091682434,0.29529628576934297,0.2846840743822543,0.2906822856013236,713012000
2013-02-21,0.28353050351142883,0.2883752134782352,0.28283839815879885,0.28514539766649644,580408000
2013-02-22,0.28883665800094604,0.2890673689923922,0.2837612637036047,0.2853761581389031,370148000
2013-02-25,0.28376129269599915,0.2918357931990854,0.28329989816757356,0.28952879305534646,644444000
2013-02-26,0.2871270179748535,0.2887518202238407,0.2834131605454502,0.28434163873797,487504000
2013-02-27,0.29246556758880615,0.2945546219830422,0.2864305584547832,0.2871269099195286,476980000
2013-02-28,0.2938583493232727,0.2982685303321403,0.2903766187361662,0.2915371955985351,591392000
2013-03-01,0.2950189411640167,0.29594739163291606,0.28921605655755495,0.2917693091821963,389396000
2013-03-04,0.2938583493232727,0.2966437282588909,0.29060871750643896,0.29292987123117664,353680000
2013-03-05,0.29710790514945984,0.2975721302848408,0.2940904002639875,0.295483103340461,366168000
2013-03-06,0.29687580466270447,0.30175021006089814,0.29548310159446034,0.29896483159474024,342928000
2013-03-07,0.29617947340011597,0.30151813196667393,0.2945546714895111,0.29850062689250356,314824000
2013-03-08,0.29757216572761536,0.29896486896996893,0.2954831385344189,0.2968758417767724,246464000
2013-03-11,0.29478684067726135,0.29594741770078054,0.2922335601573836,0.29455474187476083,299748000
2013-03-12,0.29571524262428284,0.2966436929354869,0.2915371608832009,0.29432253948714493,310856000
2013-03-13,0.29571524262428284,0.3008217746765688,0.2929298363500071,0.29571524262428284,485840000
2013-03-14,0.2959473729133606,0.29850065304683576,0.2940904444226818,0.29757217496632904,383304000
2013-03-15,0.29339414834976196,0.2959474010556973,0.2922335437211802,0.2959474010556973,355776000
2013-03-18,0.2913050651550293,0.2940904440523729,0.28921603789960526,0.2915371915924474,298312000
2013-03-19,0.28944796323776245,0.29292969169087363,0.28735893723402295,0.29153701691182,355480000
2013-03-20,0.2929297685623169,0.2938582463289911,0.2896801655547705,0.29223341715489254,340588000
2013-03-21,0.28828758001327515,0.291769310796415,0.28782335477625715,0.291305085559397,339032000
2013-03-22,0.2896801829338074,0.29084075945903365,0.28805538133255604,0.28921595785778226,232476000
2013-03-25,0.2880553901195526,0.2915371198014399,0.2859663357082235,0.29130499342118293,362076000
2013-03-26,0.2901444137096405,0.2903765400873766,0.2875911342358535,0.2887517107838789,232540000
2013-03-27,0.2936260998249054,0.29525090121720565,0.2882874429613558,0.28898379432100546,254944000
2013-03-28,0.2978042960166931,0.2980364224502043,0.29084083505536923,0.2929298622756327,349276000
2013-04-01,0.2880553901195526,0.29710787622432844,0.2859663357082235,0.29710787622432844,442828000
2013-04-02,0.2850379943847656,0.2889839506638122,0.28318106564452655,0.2882875989274303,371524000
2013-04-03,0.2815561592578888,0.2861984655566611,0.27946710482124437,0.28457363621582826,353156000
2013-04-04,0.28434157371520996,0.2852700240250753,0.2796992668252199,0.2806277171350852,294676000
2013-04-05,0.289216011762619,0.289216011762619,0.27946714499743763,0.2801634965764266,551352000
2013-04-08,0.28851965069770813,0.2894481009922798,0.28318099232809274,0.2894481009922798,326660000
2013-04-09,0.29316189885139465,0.2952509254313456,0.2866626650788544,0.28875169165880543,380584000
2013-04-10,0.2978042960166931,0.2982685212133812,0.2926977635124558,0.293394115142655,384688000
2013-04-11,0.29641157388687134,0.2982685022257467,0.2855021579426858,0.2936261952137245,969220000
2013-04-12,0.30383923649787903,0.30708883979544205,0.29525094782371075,0.29780422732203016,770548000
2013-04-15,0.29757216572761536,0.3038393026478725,0.2957152649649224,0.30291082459619223,430420000
2013-04-16,0.30082178115844727,0.3029108082388351,0.2987327264077271,0.3003575559928425,468844000
2013-04-17,0.29687580466270447,0.3012859849282602,0.2950188764618224,0.29850060646210236,532948000
2013-04-18,0.2910729646682739,0.29942912977563474,0.2910729646682739,0.2975722011217393,402548000
2013-04-19,0.2917691469192505,0.2926976245421276,0.287126841815828,0.2908406969666944,303028000
2013-04-22,0.29223349690437317,0.2947867768716016,0.2892160194326178,0.29153717297724985,245568000
2013-04-23,0.29989326000213623,0.30291073670110313,0.2943224763195206,0.29478670137549046,376948000
2013-04-24,0.3101063072681427,0.31265958646087166,0.30058956955377975,0.300821695905964,556556000
2013-04-25,0.3126595914363861,0.3133559428336958,0.3089457357642843,0.31173114135352314,353224000
2013-04-26,0.3112669587135315,0.3126596618216733,0.30964215686758684,0.31219543667573646,324332000
2013-04-29,0.3149808347225189,0.31614141149437935,0.31033852763507713,0.3117312308294428,269712000
2013-04-30,0.31962308287620544,0.31962308287620544,0.31358807370716413,0.31567712811352205,276712000
2013-05-01,0.3168376684188843,0.3217121004723266,0.31567709199380983,0.31962304630499794,341316000
2013-05-02,0.3205515444278717,0.3214799945588321,0.31474863426322686,0.31660556219547403,323480000
2013-05-03,0.32194429636001587,0.3242654499109922,0.32078371958452767,0.32264064795937536,293864000
2013-05-06,0.32101571559906006,0.32380109319463957,0.31915878797856645,0.321944165574146,217116000
2013-05-07,0.3168376684188843,0.3217121004723266,0.3138201641796259,0.32101574908321706,448068000
2013-05-08,0.322640597820282,0.3244975259065588,0.31614136335347764,0.31730193994860956,334032000
2013-05-09,0.3228728175163269,0.3242654932307654,0.31637358117127057,0.3168378064094168,566800000
2013-05-10,0.3374960720539093,0.3388887753548274,0.3296041327992648,0.3296041327992648,861136000
2013-05-13,0.33053261041641235,0.3365676211512975,0.32913990711748964,0.3351749178523748,289812000
2013-05-14,0.33540695905685425,0.33819233727652914,0.3312288778921779,0.33447848120341067,454140000
2013-05-15,0.34120985865592957,0.34237043527705874,0.3337821461444394,0.3337821461444394,313172000
2013-05-16,0.3395850360393524,0.344227342238414,0.3384244318192594,0.3407456125891178,308368000
2013-05-17,0.3451557755470276,0.3474769285331552,0.338656541651805,0.34120982100467584,312116000
2013-05-20,0.34445953369140625,0.3458522369942391,0.34260260517774077,0.3437631820399898,236380000
2013-05-21,0.3480755686759949,0.3494753461830873,0.3424765142693968,0.3464425134583109,357784000
2013-05-22,0.3359442949295044,0.34947537670663553,0.3345445173001539,0.34947537670663553,480404000
2013-05-23,0.3413099944591522,0.34247646628132034,0.3310450257375436,0.33197819207092527,393884000
2013-05-24,0.3392104208469391,0.3422432539724788,0.3354776988753687,0.3394437263992458,283304000
2013-05-28,0.33897700905799866,0.34270972985972065,0.3357108992146525,0.3417765635647306,279300000
2013-05-29,0.3368774950504303,0.3389771338928307,0.33547771728156933,0.3368774950504303,335052000
2013-05-30,0.3413099944591522,0.34480940992565656,0.33547760753742967,0.3364108016816933,284504000
2013-05-31,0.3375774025917053,0.3443429306230304,0.3375774025917053,0.33944376378303753,577508000
2013-06-03,0.337110698223114,0.34061011377147926,0.3301118393155008,0.338043864578325,444468000
2013-06-04,0.3375774025917053,0.3452761251241428,0.33547773582237184,0.33921045820503626,363676000
2013-06-05,0.3303452432155609,0.3396770207910243,0.32941204877148,0.33711079864430643,464520000
2013-06-06,0.33244484663009644,0.3350110963143208,0.3301119024847608,0.33034520802364953,341044000
2013-06-07,0.337110698223114,0.33921033642778015,0.33337797718050466,0.3347777267133212,274584000
2013-06-10,0.3368774950504303,0.3389771338928307,0.3343112450778155,0.3361776061659998,224148000
2013-06-11,0.33057844638824463,0.3371106942299944,0.33057844638824463,0.3324447790765598,296336000
2013-06-12,0.3277789056301117,0.3350110424420254,0.3259125450517904,0.3322115154799852,312588000
2013-06-13,0.3352443277835846,0.33687738276233115,0.32637913642782657,0.3266124141042865,236256000
2013-06-14,0.3347777724266052,0.3368774387288595,0.33244482840913586,0.3364108554875429,236012000
2013-06-17,0.3380439877510071,0.34107682122683675,0.33547773762279137,0.33734409882413985,255336000
2013-06-18,0.3359442949295044,0.3434097107273011,0.3331447396708034,0.33967698892295856,486772000
2013-06-19,0.34620925784111023,0.3611401180957212,0.3378106472097109,0.3389771193634669,1159588000
2013-06-20,0.3368774950504303,0.343876328272953,0.3345445506429227,0.3434097449536297,628696000
2013-06-21,0.33641088008880615,0.3399102963709177,0.3308117973508946,0.3387438242768805,714228000
2013-06-24,0.32941198348999023,0.335710954353837,0.3245128179203026,0.33151164971490094,580772000
2013-06-25,0.3317449688911438,0.3336113018645031,0.32824552503887877,0.33291144090493663,457360000
2013-06-26,0.3298785090446472,0.33594417281921063,0.3284787319240931,0.33547756190510714,579752000
2013-06-27,0.3268457353115082,0.3312783172971345,0.3233463196983664,0.3308117341108922,808036000
2013-06-28,0.3275456428527832,0.3308117531553889,0.3226464495879899,0.32684575412768635,431536000
2013-07-01,0.32894542813301086,0.3305785112721414,0.3268457895411112,0.32987862247121225,199524000
2013-07-02,0.3287121057510376,0.3336112710702137,0.32567927323294726,0.3270790228337616,256392000
2013-07-03,0.3296453356742859,0.33361133535716786,0.32591261373105035,0.32591261373105035,140388000
2013-07-05,0.33221158385276794,0.3329114726900437,0.32847886192789033,0.3305785284397174,184684000
2013-07-08,0.33057844638824463,0.3347777227478359,0.32871208588904727,0.3331446677401191,262084000
2013-07-09,0.33221158385276794,0.3343112225537059,0.33034522289032914,0.33127838946610394,157364000
2013-07-10,0.33664414286613464,0.33757733718644156,0.33127836590975307,0.33221156023006004,208468000
2013-07-11,0.3413099944591522,0.34177657762584307,0.3378105511817659,0.33851043983724316,239832000
2013-07-12,0.3415432274341583,0.34480936479526975,0.3394435895534197,0.3406100612229141,216360000
2013-07-15,0.3408434987068176,0.34224327649097974,0.33547772094871803,0.34224327649097974,201332000
2013-07-16,0.34270980954170227,0.3445761703765028,0.34061017098435625,0.34224322628572396,162560000
2013-07-17,0.3408434987068176,0.343876332031908,0.33991033205797044,0.34270985981540336,166100000
2013-07-18,0.3394436240196228,0.3415432621135531,0.33501101453894155,0.34037679032561824,344488000
2013-07-19,0.33221158385276794,0.3389771110543583,0.3287121674772786,0.33734405564130776,480532000
2013-07-22,0.3319781422615051,0.3378105004972689,0.3305783929714485,0.33477766865249614,292384000
2013-07-23,0.331511527299881,0.3361774134400063,0.3298784727130121,0.3361774134400063,246792000
2013-07-24,0.331511527299881,0.3354775249568125,0.3310449442480435,0.3345443588531375,284252000
2013-07-25,0.3326781690120697,0.33711077979915777,0.3289454470661944,0.33127839132964415,243320000
2013-07-26,0.3312782943248749,0.33337796023368993,0.32871207307305356,0.32871207307305356,227360000
2013-07-29,0.33057844638824463,0.3347777227478359,0.3296452522332048,0.33057844638824463,179540000
2013-07-30,0.3361775875091553,0.3406101983239577,0.33151169895308286,0.3317450045052423,266076000
2013-07-31,0.3368774950504303,0.34014360609658445,0.3343112450778155,0.3345445506429227,270160000
2013-08-01,0.3415432274341583,0.34224311599803064,0.33407781431156963,0.338043812425675,277648000
2013-08-02,0.3443428575992584,0.3450427463739462,0.3385104974950045,0.3408434415367061,209628000
2013-08-05,0.34597593545913696,0.347142407462395,0.3415433251602248,0.34340968592761484,185188000
2013-08-06,0.3408434987068176,0.34690916535699834,0.34014360981473657,0.3462092764649173,206608000
2013-08-07,0.34061017632484436,0.3441095925158806,0.33874381546078086,0.33897709318698394,244380000
2013-08-08,0.34294307231903076,0.3445761274167989,0.3385104624126501,0.3424764891212233,345696000
2013-08-09,0.3380439877510071,0.3431764601965458,0.32917879290277147,0.32941207067113204,906224000
2013-08-12,0.3352443277835846,0.3401434927198243,0.30584919911173725,0.3242794704743966,257568000
2013-08-13,0.33641088008880615,0.3378106299151177,0.33361132481440614,0.33571099127020615,197468000
2013-08-14,0.35064181685447693,0.3527414552963602,0.3354776532874311,0.33571095880803403,828508000
2013-08-15,0.35297471284866333,0.3557742396610215,0.34550927093453215,0.34690904824615226,723616000
2013-08-16,0.354374498128891,0.35927366320796195,0.3515749434426989,0.3522748321142469,660456000
2013-08-19,0.3487754166126251,0.3534413040090403,0.3485421111184513,0.3522748321599365,393432000
2013-08-20,0.3505338728427887,0.3528785787787726,0.3481891669068048,0.34865810250378165,234192000
2013-08-21,0.3488927185535431,0.35287871458855624,0.3474858832700748,0.3484237548249801,261540000
2013-08-22,0.35076847672462463,0.3540510549972773,0.34865822387696854,0.34865822387696854,129016000
2013-08-23,0.35076847672462463,0.3540510549972773,0.35006505910873925,0.35123741248484514,245120000
2013-08-26,0.35147181153297424,0.3524097108581406,0.35006500447188205,0.35100287584594353,300152000
2013-08-27,0.3470169007778168,0.3505339605619168,0.3458445475164501,0.3481892540391835,277464000
2013-08-28,0.3470169007778168,0.35029947872920086,0.34561006568373415,0.3477203183248581,318824000
2013-08-29,0.3463134765625,0.34959608240178397,0.344906641495506,0.345844540857204,276216000
2013-08-30,0.3458445966243744,0.34748588583311996,0.3442033074156288,0.34654801427129694,378120000
2013-09-03,0.346079021692276,0.35100291685919793,0.3439687968785141,0.346782439280566,284680000
2013-09-04,0.3493615984916687,0.3514718231284784,0.3456100569694449,0.3460789926719464,222080000
2013-09-05,0.35029953718185425,0.35170637251068815,0.34772037634714037,0.3479548302678719,174904000
2013-09-06,0.3488927185535431,0.3524097788111036,0.346313529850888,0.35053400775018256,226756000
2013-09-09,0.3547544479370117,0.3547544479370117,0.35076845232573317,0.3517063237809373,246408000
2013-09-10,0.3622574210166931,0.3624919028027021,0.35569223847055226,0.3573335550704132,292132000
2013-09-11,0.3683537244796753,0.3692916238165662,0.359209352688291,0.3617885409258596,396164000
2013-09-12,0.3681192994117737,0.3728087126098294,0.3664779824315682,0.3664779824315682,303808000
2013-09-13,0.3704639673233032,0.3721052561810017,0.3667124259761886,0.369291614146218,159696000
2013-09-16,0.370698481798172,0.3760913128847263,0.36929167452631595,0.3735121522441023,231412000
2013-09-17,0.3718707859516144,0.37491890989722815,0.3704639788659425,0.37210526777477904,168608000
2013-09-18,0.37515348196029663,0.3760913535763414,0.3702295860982814,0.37210535728148303,268168000
2013-09-19,0.3735121488571167,0.37749814468456105,0.3718708317948377,0.37679472707945705,227572000
2013-09-20,0.3702295422554016,0.3767947266435968,0.3695261246511113,0.37445001993003485,356036000
2013-09-23,0.3667125105857849,0.3730432136124734,0.36460225760948145,0.36999508905855344,271244000
2013-09-24,0.3681192994117737,0.3695261066005259,0.36483669340247016,0.36694694611225975,229732000
2013-09-25,0.36858826875686646,0.3714019113420846,0.3657745982205383,0.36741591535043305,233156000
2013-09-26,0.36741578578948975,0.3702294273825403,0.3653055336313768,0.3695260099965026,148816000
2013-09-27,0.3653055727481842,0.3676502789853134,0.36319534831520917,0.3646021552868248,151920000
2013-09-30,0.36483675241470337,0.36741594127126004,0.3594439207744289,0.3615541738255512,226640000
2013-10-01,0.36460214853286743,0.36694688267766545,0.3624919241389826,0.36530556598119657,226976000
2013-10-02,0.36436784267425537,0.36577465019119404,0.36085078195523784,0.36085078195523784,162036000
2013-10-03,0.3606162369251251,0.3678848389856529,0.3589749478004892,0.36460223278527204,436768000
2013-10-04,0.36554014682769775,0.3685882712956416,0.35920941602846446,0.36014731553073726,246228000
2013-10-07,0.36554014682769775,0.36811933552006026,0.36225754049640824,0.36413331154984363,169952000
2013-10-08,0.36249199509620667,0.3697605968999206,0.35967835270322673,0.3646022199031646,290712000
2013-10-09,0.35686469078063965,0.36507119220974743,0.3549889477751269,0.36483671035850396,275860000
2013-10-10,0.3608506917953491,0.36178856323897757,0.3568646682821609,0.3594438566787995,223484000
2013-10-11,0.3578026592731476,0.3596784305917024,0.3540511166360379,0.3552234702162454,213704000
2013-10-14,0.36319535970687866,0.36319535970687866,0.35686463030718324,0.35686463030718324,166628000
2013-10-15,0.3613196313381195,0.3653056269423527,0.36108514949917925,0.3631954021963196,208820000
2013-10-16,0.365774542093277,0.3671813771455654,0.36296089993980574,0.3634298356402,210072000
2013-10-17,0.36647799611091614,0.3674158955562003,0.3629609360810947,0.3629609360810947,213324000
2013-10-18,0.370698481798172,0.3718708351669399,0.364367779197047,0.36577458646890304,255068000
2013-10-21,0.3716365098953247,0.3753880252031976,0.37046415612077965,0.37515357121895987,195008000
2013-10-22,0.3697606027126312,0.37187082755276235,0.366477996576628,0.3716363736544747,179452000
2013-10-23,0.36342981457710266,0.3690571265090119,0.36225746141850956,0.3690571265090119,252216000
2013-10-24,0.3608506917953491,0.36671245819579423,0.3601472742370743,0.3643677516356162,236436000
2013-10-25,0.35733363032341003,0.362960914861699,0.3561612770486743,0.36272646097741595,330492000
2013-10-28,0.35663023591041565,0.3585060068619348,0.3517063406565665,0.3568646898099126,394024000
2013-10-29,0.35709917545318604,0.35780259306136514,0.35287869775522046,0.35616130394301987,387952000
2013-10-30,0.35686469078063965,0.35991281509126105,0.3538165664700183,0.35827152598588297,204032000
2013-10-31,0.3561612665653229,0.3599127801633901,0.3554578490309646,0.3573336198055513,293368000
2013-11-01,0.3578026592731476,0.35944394869521523,0.3552234702162454,0.3580371132185206,206136000
2013-11-04,0.34748587012290955,0.358974949966916,0.3467824525077893,0.358974949966916,410264000
2013-11-05,0.3470169007778168,0.3486581897535088,0.3416240701853087,0.3453756118021247,422368000
2013-11-06,0.3493615984916687,0.34959608031847234,0.34349983233263515,0.34701689202805525,198044000
2013-11-07,0.34115517139434814,0.34912716325401094,0.34045175377117565,0.348189291723854,553076000
2013-11-08,0.36483675241470337,0.3660091059038451,0.350299546788456,0.3517063821558709,734532000
2013-11-11,0.3678848147392273,0.36882268619117514,0.36272646585129953,0.3634298554647068,297624000
2013-11-12,0.36858826875686646,0.3716363932038153,0.36436779090348426,0.36952614030156916,316032000
2013-11-13,0.37867048382759094,0.37867048382759094,0.3669469506863157,0.367650340313906,332792000
2013-11-14,0.38031166791915894,0.38265637390032464,0.3772635445534235,0.3774980263319801,307980000
2013-11-15,0.37913942337036133,0.3821875476079239,0.3753878815470369,0.38171861186778533,450332000
2013-11-18,0.36999499797821045,0.37421547494076673,0.36905712663146645,0.37093289727605855,316948000
2013-11-19,0.36398375034332275,0.3715274420544717,0.3635122748805927,0.36822708571287194,206716000
2013-11-20,0.358561635017395,0.3651623743810244,0.35785440792441986,0.3642193955562298,204776000
2013-11-21,0.36139044165611267,0.3620976686049954,0.3573828597490804,0.35903303722815516,213568000
2013-11-22,0.3578543961048126,0.361861978695994,0.3571471690351965,0.361861978695994,158668000
2013-11-25,0.36563387513160706,0.36610535052550175,0.35785443277364637,0.35785443277364637,248208000
2013-11-26,0.3686985671520233,0.3727061508039238,0.3672841126384162,0.3696415180927682,753176000
2013-11-27,0.3701130151748657,0.37129171788137055,0.36610540349075804,0.36846280890376765,181272000
2013-11-29,0.3677555322647095,0.3710559162611292,0.36539812716833203,0.3701129654635724,116964000
2013-12-02,0.3712916970252991,0.3738848259724557,0.36563390749038993,0.3663411346950646,373872000
2013-12-03,0.3710559606552124,0.3762422468672463,0.36869855527678896,0.3712917124340503,290560000
2013-12-04,0.37624216079711914,0.37694938786935683,0.3691699462797068,0.3701129250768512,493176000
2013-12-05,0.3701130151748657,0.37694947963159786,0.3696415116102724,0.37694947963159786,271812000
2013-12-06,0.36469078063964844,0.3745918724199132,0.36374780212094876,0.3745918724199132,281000000
2013-12-09,0.358561635017395,0.36586960147399955,0.35785440792441986,0.36469089901986873,385220000
2013-12-10,0.3668125569820404,0.3684627348188565,0.3580901643281695,0.35856163969547644,524268000
2013-12-11,0.36327651143074036,0.36799132211159546,0.3625692842081144,0.3675198466640076,414156000
2013-12-12,0.35620415210723877,0.36398359222145044,0.3554969251691328,0.3620976630873268,258724000
2013-12-13,0.35408255457878113,0.3595045915763071,0.353611079209971,0.3569114629966094,184588000
2013-12-16,0.35455402731895447,0.35761865934722503,0.3540825519536398,0.35431830368753886,237620000
2013-12-17,0.35620415210723877,0.35714710262306204,0.351253591642974,0.35431822297311516,274104000
2013-12-18,0.3611547648906708,0.3618619919862615,0.3524323723183407,0.3569114585220931,426232000
2013-12-19,0.3625691831111908,0.3630406584273149,0.358325849061113,0.36068325374421395,258544000
2013-12-20,0.36987724900245667,0.37011300077558135,0.3623335294923238,0.36327650848233445,382080000
2013-12-23,0.3719989061355591,0.37506353870327325,0.36893430167033336,0.3719989061355591,168568000
2013-12-24,0.3729417324066162,0.37412043459591743,0.36916987415986147,0.37412043459591743,79600000
2013-12-26,0.36940574645996094,0.37553501108669346,0.36846276753912494,0.37435630851251306,168920000
2013-12-27,0.37152743339538574,0.3722346606242424,0.3691700280341895,0.3712917097207593,210976000
2013-12-30,0.3764778673648834,0.3767136190615126,0.37129158296135334,0.3717630582521326,248180000
2013-12-31,0.3776566684246063,0.3795425981834945,0.37482778783751725,0.37718519301050585,235776000
2014-01-02,0.37388476729393005,0.3767136756686516,0.3705844116600659,0.37529922148129086,260092000
2014-01-03,0.36940574645996094,0.37529925933086294,0.36822704388578054,0.3745920321658575,259332000
2014-01-06,0.37435635924339294,0.37718524018428434,0.3696415202052541,0.3731776284069908,409492000
2014-01-07,0.3804854452610016,0.3818998992200963,0.3755349126091275,0.3781280407308295,333288000
2014-01-08,0.38567179441452026,0.38755772383864134,0.38048548147256694,0.3818999355662781,308192000
2014-01-09,0.3712916970252991,0.38048556637860587,0.37011299438500395,0.3797783391739313,292172000
2014-01-10,0.37082016468048096,0.3750634994764026,0.3675198087850338,0.37247037073069,218492000
2014-01-13,0.36209776997566223,0.3731775682683993,0.3613905428287885,0.37082016318047717,243332000
2014-01-14,0.3734132945537567,0.374120521652402,0.3623334689141084,0.3639836748451086,241828000
2014-01-15,0.3774210214614868,0.37883547619901375,0.37341343717515274,0.37506361563393803,175044000
2014-01-16,0.37859970331192017,0.37930693064133714,0.3757708220967449,0.37742100046372273,220652000
2014-01-17,0.37694939970970154,0.383078663724978,0.3745919947965157,0.378599577528435,340400000
2014-01-21,0.3783637285232544,0.3807211326552861,0.3743561471192952,0.3774207500089573,246076000
2014-01-22,0.37789231538772583,0.37954249293070175,0.37341322993967274,0.3790710176473484,337940000
2014-01-23,0.3764778673648834,0.380721201186855,0.37364898751772874,0.3767136190615126,185028000
2014-01-24,0.3668125569820404,0.3748277506361927,0.3668125569820404,0.3734132964317883,246696000
2014-01-27,0.36445513367652893,0.3719988234807311,0.3623334524768432,0.3668125384967472,233812000
2014-01-28,0.3679913580417633,0.3682271098398199,0.3623335678108253,0.3637480223941826,167996000
2014-01-29,0.36445513367652893,0.3686984679734183,0.3642193819535142,0.3665767867737325,162944000
2014-01-30,0.3705845773220062,0.37129180473183754,0.36539826171824025,0.3665769647004606,202896000
2014-01-31,0.3701130151748657,0.37223466880557865,0.3651624525665499,0.36539817624635734,335348000
2014-02-03,0.3651624023914337,0.37317756845334726,0.36374794809698524,0.3727060930560262,431728000
2014-02-04,0.3672840893268585,0.36799131653877426,0.36304075415785186,0.36492668402213124,280692000
2014-02-05,0.36398375034332275,0.36586968029673234,0.3611548413619638,0.3646909775886625,214676000
2014-02-06,0.3686985671520233,0.3696415180927682,0.3639837562433193,0.36445523171369176,168380000
2014-02-07,0.37412047386169434,0.3745919491664031,0.36634103297532034,0.3696413882107615,157248000
2014-02-10,0.37529924511909485,0.3802498069841799,0.37341331545132506,0.37364906719822816,324372000
2014-02-11,0.3830786347389221,0.38402158539185377,0.37553494520802555,0.3774208465138888,235384000
2014-02-12,0.3967515230178833,0.3995804307195807,0.3842572743436416,0.3842572743436416,744528000
2014-02-13,0.40924590826034546,0.41160334149927746,0.3995805640624082,0.4066527794717464,902836000
2014-02-14,0.4222116768360138,0.42315462767689555,0.4052383368802473,0.40547408864171114,817536000
2014-02-18,0.42197588086128235,0.42386181044793114,0.41843977342474736,0.42244738433480744,428988000
2014-02-19,0.42763370275497437,0.4314055622205216,0.4200899838238799,0.42197591355665354,450340000
2014-02-20,0.4427211284637451,0.44366407931285884,0.4278694699240388,0.42857666900963054,398088000
2014-02-21,0.4394207298755646,0.4476716759959017,0.43659184931851286,0.4420138867793122,451052000
2014-02-24,0.445785790681839,0.4490861469768821,0.4344702392234943,0.4384778227539006,403112000
2014-02-25,0.4437728822231293,0.44708816841424454,0.43903678328957285,0.4451937231949467,242184000
2014-02-26,0.44306251406669617,0.44945624232890474,0.44164167301759294,0.44282569781538633,360884000
2014-02-27,0.4380894899368286,0.44756168596918033,0.4369054654327847,0.44306240414556164,388848000
2014-02-28,0.4352478086948395,0.4399839064054862,0.4288540542019712,0.43572141282003035,321692000
2014-03-03,0.433116614818573,0.433116614818573,0.42174997290799265,0.42553886295464394,375948000
2014-03-04,0.43761590123176575,0.4404575544959259,0.43453743176668735,0.43524785214007033,260344000
2014-03-05,0.4414048194885254,0.4416416357198355,0.4352479079975935,0.4371423249305722,241472000
2014-03-06,0.4352478086948395,0.4444831879388529,0.43453738839236866,0.4421151390835295,290144000
2014-03-07,0.434774249792099,0.43785271946997734,0.4314589921263063,0.43714229904748636,268452000
2014-03-10,0.4283805787563324,0.4352479394372509,0.42648613345713493,0.43335349413805346,300888000
2014-03-11,0.4326431155204773,0.4364320064857983,0.42909104082650645,0.4305118537664666,297220000
2014-03-12,0.4338270127773285,0.4364318780782524,0.42885409837715444,0.4305117271007551,239428000
2014-03-13,0.42009237408638,0.43643193182089784,0.4179611126969861,0.43477427466379964,385172000
2014-03-14,0.42198678851127625,0.4257756788059076,0.4158298770692195,0.4158298770692195,460048000
2014-03-17,0.42198678851127625,0.4262492830353927,0.4215131842817912,0.42317081319967664,299656000
2014-03-18,0.43193259835243225,0.4347742518263178,0.42174998086074955,0.42364442591979795,293904000
2014-03-19,0.43951037526130676,0.4477985763929132,0.4340638559939657,0.43524790892365994,366168000
2014-03-20,0.4397471845149994,0.44353607478764545,0.43524790201693536,0.4371423189238833,191800000
2014-03-21,0.43903684616088867,0.4470882324385416,0.43666879635499906,0.4435361577297072,566116000
2014-03-24,0.43690553307533264,0.4428256565121172,0.430511777180105,0.43927358245004644,306096000
2014-03-25,0.43690553307533264,0.442115236053828,0.43359024701310805,0.4416416318247603,304424000
2014-03-26,0.4269596040248871,0.4492192799185693,0.42317071461295896,0.44093110903067423,557756000
2014-03-27,0.4212764501571655,0.429564624035911,0.4165403225685035,0.4260125495164487,540728000
2014-03-28,0.42388126254081726,0.42648612832453736,0.41938197971007585,0.42056600447915277,398820000
2014-03-31,0.42411813139915466,0.42838062674247873,0.42175008156723914,0.42459173571966163,273404000
2014-04-01,0.4416416585445404,0.44685136183822827,0.43240624848677933,0.4376159800098442,656272000
2014-04-02,0.4387999475002289,0.4425888092968845,0.43690550248721444,0.44164160090506394,239948000
2014-04-03,0.4435361921787262,0.45419241713288794,0.4395104846125368,0.4397473009032712,599548000
2014-04-04,0.4298013150691986,0.4485089190253678,0.4279068702315729,0.4459040538449611,368032000
2014-04-07,0.431222140789032,0.43951031250787487,0.4276700671952422,0.4300381162577687,428576000
2014-04-08,0.4466145634651184,0.44779858819664736,0.43051179324107297,0.4312222137258656,470692000
2014-04-09,0.446140855550766,0.45253461060339933,0.44258878195680146,0.4487457208114219,421968000
2014-04-10,0.4352478086948395,0.4504033100771612,0.43382696808989785,0.444246399990942,372748000
2014-04-11,0.42909082770347595,0.43856302218270016,0.4234074940783217,0.43193248040136994,353112000
2014-04-14,0.4338270127773285,0.4354846415009292,0.42909091457882825,0.431932567852054,290184000
2014-04-15,0.43690553307533264,0.43927358245004644,0.4300381729510373,0.4343006674713973,304636000
2014-04-16,0.437852680683136,0.4395103093691926,0.43240616223234596,0.4390367052059438,235136000
2014-04-17,0.43951037526130676,0.44353608182589077,0.43524790892365994,0.43619511739216466,153532000
2014-04-21,0.44306251406669617,0.4442465388644895,0.4369055738264195,0.439747227695248,117004000
2014-04-22,0.44685131311416626,0.4496929948093947,0.4414047941708103,0.4437728434305847,255120000
2014-04-23,0.4520610570907593,0.45324508175475225,0.44685132598569044,0.44756174642996116,261580000
2014-04-24,0.4560867249965668,0.4608228235455201,0.45513951657852575,0.45513951657852575,391492000
2014-04-25,0.4435361921787262,0.45940214969398424,0.44258895524517117,0.455139654066443,313600000
2014-04-28,0.4416416585445404,0.44945622759976067,0.4361951390073034,0.44708817808177737,226788000
2014-04-29,0.4425889253616333,0.4442465828260842,0.4376160376564227,0.44329934595648646,171300000
2014-04-30,0.4373791515827179,0.44235206672370875,0.4364319430936607,0.44187846247918017,305740000
2014-05-01,0.4397471845149994,0.4449568874678564,0.4361951104704093,0.44400967901438243,198104000
2014-05-02,0.4364318251609802,0.4418783430747407,0.43382696017589567,0.4418783430747407,156376000
2014-05-05,0.44116804003715515,0.4444832979634986,0.43548470443994,0.4359583086823639,239260000
2014-05-06,0.4321693778038025,0.44921932542595694,0.4309853532713005,0.4454304638595735,416188000
2014-05-07,0.4326431155204773,0.43619519021444814,0.42790701592851615,0.43216951120715724,293900000
2014-05-08,0.4380894899368286,0.4449568207685352,0.4288540818676632,0.43098534291256485,432728000
2014-05-09,0.42743322253227234,0.4288540631669158,0.4193818675476117,0.42482838567458553,539532000
2014-05-12,0.43998396396636963,0.4409311723406698,0.42814368991138047,0.4283805061196419,299856000
2014-05-13,0.43287983536720276,0.44116803657680415,0.4314590226510753,0.43406386007866354,221104000
2014-05-14,0.42861735820770264,0.43477429824967834,0.4283805701933971,0.4331166692320316,214320000
2014-05-15,0.42624932527542114,0.43003821594552016,0.4219868303289042,0.4276701663340528,325896000
2014-05-16,0.42530202865600586,0.42838049815933554,0.4229339795348865,0.4229339795348865,283960000
2014-05-19,0.43903684616088867,0.4414048959667783,0.42790701771908357,0.42980146320967133,360076000
2014-05-20,0.43392202258110046,0.4403451986144936,0.43178097335643434,0.4391557205209247,256200000
2014-05-21,0.43392202258110046,0.4393936274833964,0.43130515943149095,0.435587286240218,216712000
2014-05-22,0.4358251392841339,0.4382040951769568,0.43297039788462477,0.43297039788462477,130364000
2014-05-23,0.43986934423446655,0.4420104214835709,0.43558721809564815,0.4382040808358678,182656000
2014-05-27,0.44771987199783325,0.44771987199783325,0.4410587905215938,0.44248617525199807,209680000
2014-05-28,0.4515262842178345,0.45438102577349054,0.44510310862776004,0.4493852351409406,224676000
2014-05-29,0.45081260800361633,0.45509473467128864,0.44986103690386414,0.4512883935534924,171884000
2014-05-30,0.45200204849243164,0.45319152644796207,0.44843361462584036,0.4508125705369012,239128000
2014-06-02,0.4505748152732849,0.45628429967862755,0.44676847343012366,0.4534295574759562,181500000
2014-06-03,0.4486716091632843,0.4520021367452943,0.4427241898650144,0.45152635114206385,243212000
2014-06-04,0.44914737343788147,0.45247790086173495,0.4472442027559385,0.44748210972595476,161236000
2014-06-05,0.4510504901409149,0.4524778467120083,0.4472441492325481,0.4498610121519743,188696000
2014-06-06,0.4527157247066498,0.45675994393857966,0.45152624679376513,0.4531915101999256,161052000
2014-06-09,0.45319145917892456,0.4574735848550992,0.44914724040229914,0.45223988829950235,247456000
2014-06-10,0.45557042956352234,0.45771150665098514,0.4496230404751059,0.45152621065527676,217608000
2014-06-11,0.46151790022850037,0.4627073781833412,0.453905218630006,0.453905218630006,266228000
2014-06-12,0.4643726944923401,0.4665137437109414,0.4574737045535459,0.4615179527477401,337148000
2014-06-13,0.46484842896461487,0.46936846222620887,0.46032839570302087,0.4691305552905597,227852000
2014-06-16,0.4634210467338562,0.46651369511811874,0.45937682732030916,0.4627073826415886,198620000
2014-06-17,0.4665136933326721,0.4684168637433492,0.4615179029089604,0.4638968588324588,157608000
2014-06-18,0.46603792905807495,0.46817900650243144,0.4610421100473028,0.4653242365766228,215536000
2014-06-19,0.45533260703086853,0.4598526119503631,0.45200205171599583,0.45747365602233614,474592000
2014-06-20,0.4503368139266968,0.4581873746088814,0.4467683798311031,0.4565221110361497,353148000
2014-06-23,0.44510313868522644,0.44534101728794906,0.43915571986684526,0.4443894461582691,414200000
2014-06-24,0.4382040798664093,0.44795781002995083,0.43630090954676826,0.4443893763153952,275780000
2014-06-25,0.4427241384983063,0.442962045452017,0.4353493916053911,0.439393611302718,215420000
2014-06-26,0.4367767572402954,0.442962054570159,0.4353494005668306,0.4427241476115511,256908000
2014-06-27,0.4372525215148926,0.43986935596551124,0.43368405933788334,0.43630092214789307,302820000
2014-06-30,0.4410589635372162,0.44224844182602413,0.4355873577368198,0.4355873577368198,180512000
2014-07-01,0.446054607629776,0.44867147017599984,0.4391556192621806,0.44058300398910055,321180000
2014-07-02,0.44438937306404114,0.4462925433697577,0.44177251034875703,0.44438937306404114,179284000
2014-07-03,0.44843363761901855,0.4496231156355388,0.4403451700910453,0.4403451700910453,136892000
2014-07-07,0.4448651075363159,0.449385140038988,0.44415141520859014,0.4491472331432838,127496000
2014-07-08,0.4412967562675476,0.4455788826703047,0.4370146298647905,0.44367571222914687,221940000
2014-07-09,0.454618901014328,0.4565220713718355,0.4417725223706954,0.4451030775861813,387668000
2014-07-10,0.4522400200366974,0.45414319070932135,0.44248628806412155,0.44605472244051825,266308000
2014-07-11,0.45319145917892456,0.45461884385744517,0.4510504105205309,0.45271567373921345,191188000
2014-07-14,0.45890113711357117,0.4600906153269122,0.4534295316603229,0.45509479548712084,272636000
2014-07-15,0.46080419421195984,0.4619936721317678,0.4565220680287732,0.45961471629215195,395440000
2014-07-16,0.4603283405303955,0.4662757579742743,0.45771150634885255,0.4627073245235799,319728000
2014-07-17,0.45913898944854736,0.4638969303888512,0.4550947694266549,0.4550947694266549,324832000
2014-07-18,0.4386798143386841,0.45319145443395176,0.4379661220068962,0.4496230211343994,567816000
2014-07-21,0.4412967562675476,0.4443894046895051,0.4370146298647905,0.4370146298647905,243364000
2014-07-22,0.43939363956451416,0.44700629390078594,0.43844206840725347,0.4446273376482388,298816000
2014-07-23,0.43011564016342163,0.4398693709407306,0.4296398546434194,0.4396314923604255,297352000
2014-07-24,0.43082937598228455,0.4336841177489942,0.42773672725193457,0.4324946396495823,254576000
2014-07-25,0.42321673035621643,0.4303535990966724,0.4225030378102917,0.4294019995823077,266132000
2014-07-28,0.42155131697654724,0.4251197503198063,0.41441445029002916,0.4251197503198063,330352000
2014-07-29,0.4229787290096283,0.4286882397436821,0.4215513442362676,0.4217892511516241,217972000
2014-07-30,0.43011564016342163,0.4313051181431231,0.42440615720461133,0.4255956351843128,246184000
2014-07-31,0.4163176715373993,0.4282124508089973,0.41560397910922525,0.42488192395670615,401880000
2014-08-01,0.4208376407623291,0.4232165962553494,0.41489022367039197,0.41631760830995873,219884000
2014-08-04,0.41988620162010193,0.4239304218281121,0.4177451522039193,0.4203619872282095,241724000
2014-08-05,0.4201240837574005,0.4263093813751875,0.4151282642692345,0.4186966986580972,298136000
2014-08-06,0.41964825987815857,0.42488195749895713,0.41417665530939024,0.4172692754766396,223456000
2014-08-07,0.41536611318588257,0.42702298588320353,0.4125113433862686,0.42321667341603764,407696000
2014-08-08,0.45200204849243164,0.4543810044034925,0.4334461867142788,0.4334461867142788,894348000
2014-08-11,0.44962313771247864,0.45438105001217777,0.4484336596375539,0.4524778794204193,344624000
2014-08-12,0.44962313771247864,0.4520020938623282,0.4446273184540369,0.44938525911313026,296152000
2014-08-13,0.4522400200366974,0.4560463613819454,0.44748210753483514,0.45033684936407337,256596000
2014-08-14,0.44724413752555847,0.45390521976114484,0.44534096712119214,0.45390521976114484,255992000
2014-08-15,0.4529536962509155,0.45557053101694267,0.4443894427126215,0.4486715694817685,369796000
2014-08-18,0.45913898944854736,0.45961480339415495,0.45033685684574704,0.45485686245385115,284076000
2014-08-19,0.46284255385398865,0.4652320329649517,0.45758567702199954,0.459258335187544,248260000
2014-08-20,0.45997530221939087,0.4633205911280931,0.4587805622844644,0.4611700421543173,221468000
2014-08-21,0.4556742310523987,0.4611700404294746,0.45495740988200134,0.4587805605685587,272796000
2014-08-22,0.4559132158756256,0.4597363952603904,0.45232899588422676,0.4551963661803762,251224000
2014-08-25,0.45662999153137207,0.4609310605206307,0.4556741825977347,0.4578247313347859,153380000
2014-08-26,0.46475422382354736,0.465710004240543,0.4561520861312153,0.45782471610337905,269636000
2014-08-27,0.459497332572937,0.46547103121572614,0.4587804830388339,0.46188681203005266,182972000
2014-08-28,0.4633205533027649,0.46427633377873767,0.4571078947544078,0.4585415939532116,179704000
2014-08-29,0.46475422382354736,0.465710004240543,0.45997523628404063,0.46499315468537483,207932000
2014-09-02,0.46594899892807007,0.46594899892807007,0.4616479297556806,0.46594899892807007,192636000
2014-09-03,0.47025007009506226,0.4719227002011847,0.46523215129184986,0.4683384806231316,259456000
2014-09-04,0.4786131978034973,0.4814805959464327,0.4692942108086414,0.4695331701488334,491832000
2014-09-05,0.4771794378757477,0.4802857664778726,0.4740731092736228,0.4781352181449376,253792000
2014-09-08,0.47287848591804504,0.4776574454082366,0.47096689642499934,0.4767016649041365,319288000
2014-09-09,0.46690478920936584,0.4738342976004408,0.46642689895459927,0.47072796821718965,198588000
2014-09-10,0.4685773253440857,0.47024998362749193,0.46427625694431507,0.46953313414672354,172376000
2014-09-11,0.4637983739376068,0.4669047027456124,0.458780455979687,0.46523207292125257,250720000
2014-09-12,0.4568689167499542,0.4666657944107039,0.4563910265314686,0.4666657944107039,262536000
2014-09-15,0.45065632462501526,0.4590195038448157,0.4487447351063774,0.4583026542147208,294152000
2014-09-16,0.4573468863964081,0.45973636623983966,0.448027897916117,0.4494615972161146,219936000
2014-09-17,0.45758578181266785,0.46188685089434695,0.45400156232540934,0.4561521111086711,173584000
2014-09-18,0.46451523900032043,0.46499312918260816,0.4590194306919086,0.460453129723613,219604000
2014-09-19,0.4559132158756256,0.46642694494130454,0.4551963661803762,0.46594905463942105,601316000
2014-09-22,0.4513731300830841,0.4652321171308907,0.4508952113865601,0.4652321171308907,221464000
2014-09-23,0.44946151971817017,0.454479409433264,0.44731097113897994,0.4489836010440112,196144000
2014-09-24,0.45208993554115295,0.45352363461151307,0.448744675690102,0.4492225658852747,159592000
2014-09-25,0.44229307770729065,0.45280680488524366,0.44133729727513277,0.4516120651026247,298440000
2014-09-26,0.44324883818626404,0.4465940978180914,0.4418151392098579,0.44372672835011934,241188000
2014-09-29,0.4425320625305176,0.44563839184110027,0.43536362342217827,0.43966469258415086,208540000
2014-09-30,0.44085943698883057,0.4439657663314961,0.435602558800545,0.4406204776221466,277204000
2014-10-01,0.4365583658218384,0.4446825854647741,0.4353636259634746,0.44157628462090437,350976000
2014-10-02,0.43464675545692444,0.43799201550558997,0.42461091834124043,0.4358414952578541,288996000
2014-10-03,0.43560242652893066,0.44324878212284274,0.43560242652893066,0.4372750846181218,239140000
2014-10-06,0.43297407031059265,0.4408593576898199,0.4301066723655354,0.4372751387433384,199032000
2014-10-07,0.4284341633319855,0.435363672339552,0.42795627303470285,0.43106260269431207,301896000
2014-10-08,0.4363194406032562,0.43846998960752337,0.4246109719840612,0.42795626094019434,260172000
2014-10-09,0.4279562830924988,0.43488579226292207,0.4243720630513708,0.4344078734695593,306956000
2014-10-10,0.40262773633003235,0.4260446736991772,0.40238880542923344,0.4246109743549937,691376000
2014-10-13,0.40119388699531555,0.4133802405451039,0.40071599692146465,0.40525599535030005,397628000
2014-10-14,0.4105129837989807,0.42174353178522994,0.40430032568666785,0.4066898051937355,376620000
2014-10-15,0.41672563552856445,0.41887618428989076,0.40191086749597454,0.40453927800224787,404428000
2014-10-16,0.41696447134017944,0.42174342919178376,0.4083623358133573,0.4093181444745796,351116000
2014-10-17,0.41624772548675537,0.42676145246596225,0.41457509551967603,0.42198249342582533,290716000
2014-10-20,0.4198320209980011,0.42365520031824283,0.4133804308193351,0.41624780106709247,200336000
2014-10-21,0.4377531111240387,0.4382310013763582,0.4217435740349954,0.42293831390821685,351092000
2014-10-22,0.4274784028530121,0.4384700226319791,0.4274784028530121,0.4370363231878183,239512000
2014-10-23,0.4370362162590027,0.44014254530476504,0.4317793670580124,0.43488569610377475,214476000
2014-10-24,0.441576212644577,0.444204622813643,0.437036184831906,0.43966462348581237,210156000
2014-10-27,0.44181522727012634,0.4434878574194198,0.43655837745027004,0.44133733701102046,145092000
2014-10-28,0.45232895016670227,0.45280684042028474,0.4401425920336993,0.4406204822872818,192580000
2014-10-29,0.44946151971817017,0.4530457388653122,0.4453993818968692,0.4504173000968047,168340000
2014-10-30,0.4465941786766052,0.4501783982817245,0.4408594387023525,0.44826683728020383,170260000
2014-10-31,0.46690478920936584,0.46714374857917196,0.45447947167636127,0.45686895143503975,256316000
2014-11-03,0.47478991746902466,0.4793299445653433,0.47240043851880514,0.47765728651232087,308732000
2014-11-04,0.4810026288032532,0.48267525856154714,0.47001101298902564,0.477896300117942,360196000
2014-11-05,0.4810026288032532,0.48410895748856436,0.4774184099705493,0.4838700266572876,335652000
2014-11-06,0.48315343260765076,0.4838702824501143,0.47455126298294203,0.4819586638803086,394088000
2014-11-07,0.47287848591804504,0.4943838321087526,0.46809952642785346,0.48864909211446084,450800000
2014-11-10,0.47837433218955994,0.4814806616114911,0.471205864339417,0.47240060423363317,293388000
2014-11-11,0.4726395308971405,0.47813531124231956,0.4685773927500513,0.4755069007478522,212992000
2014-11-12,0.46953311562538147,0.4721615256380648,0.46308149903779805,0.47096678604552544,204584000
2014-11-13,0.4671437442302704,0.4719227037031373,0.46332056525803866,0.47120585408523824,225328000
2014-11-14,0.47287848591804504,0.47287848591804504,0.4630816075692141,0.46762163617580343,160248000
2014-11-17,0.47072795033454895,0.4757458690310846,0.4676216210693052,0.47072795033454895,158732000
2014-11-18,0.4819584786891937,0.4831532469574497,0.46977212150444725,0.47096686128785986,207772000
2014-11-19,0.48015880584716797,0.4837582224984692,0.475119679746133,0.48231845583794875,240300000
2014-11-20,0.48807746171951294,0.48855740300645817,0.47535961832872187,0.4767993849787711,220968000
2014-11-21,0.4907170236110687,0.49311661548060126,0.4866377231539416,0.4923967321986632,198976000
2014-11-24,0.49383655190467834,0.4959961447721051,0.4899971930581132,0.4919168438760012,136004000
2014-11-25,0.493596613407135,0.49719603064725726,0.49191690443200997,0.4928767299591105,190240000
2014-11-26,0.5019951462745667,0.5024750875773369,0.4904770699051733,0.4907170691619526,219264000
2014-11-28,0.5031947493553162,0.5060742818098113,0.49911544985196105,0.5036746905013219,124832000
2014-12-01,0.49383655190467834,0.5039148045147741,0.49311666854527303,0.5010353282879421,190060000
2014-12-02,0.4945562779903412,0.49671587017099644,0.488797212946538,0.4933564537026252,245952000
2014-12-03,0.5072742700576782,0.5075142121028632,0.49551625168179547,0.4969560183744812,284424000
2014-12-04,0.5027151703834534,0.5084741815752776,0.4993557519557896,0.5065545302482709,185332000
2014-12-05,0.5055946111679077,0.5082341455575459,0.5027150774986343,0.5029550195674759,165680000
2014-12-08,0.49911555647850037,0.5099137482789158,0.49503625610368035,0.5048746226178056,226944000
2014-12-09,0.4974357485771179,0.4986355728534386,0.4885572663332719,0.49599598232984116,239448000
2014-12-10,0.4863976538181305,0.4979157274583321,0.4859177698398563,0.49599601991291115,204364000
2014-12-11,0.4861576557159424,0.49263654636103854,0.4851978306594037,0.4892771300577691,135652000
2014-12-12,0.4710403382778168,0.48399812268028913,0.4705603970288882,0.47967885167766805,323964000
2014-12-15,0.4696005880832672,0.4851979640814414,0.4681608214971613,0.4765593931701979,254696000
2014-12-16,0.46432140469551086,0.47655933332440986,0.4640814626982195,0.46912061651138687,185308000
2014-12-17,0.4832783043384552,0.48399818770317016,0.4583225288625039,0.47367993575664197,345596000
2014-12-18,0.48519808053970337,0.49503639255486626,0.4806388376596436,0.4892773820389367,226156000
2014-12-19,0.48999711871147156,0.49191676923809347,0.48399811069691245,0.48855735221111496,325528000
2014-12-22,0.49863579869270325,0.49863579869270325,0.4878376041582418,0.4895173131372387,148976000
2014-12-23,0.4955161511898041,0.50487457558356,0.49503620998597947,0.50247498398599,109280000
2014-12-24,0.493596613407135,0.4974359727263334,0.4931167292489828,0.4967160892783089,45644000
2014-12-26,0.49407631158828735,0.49671584479131636,0.4923966034399264,0.49359637045556937,52636000
2014-12-29,0.493356317281723,0.4967157328211622,0.4902368436491709,0.49263643435030674,82944000
2014-12-30,0.48879730701446533,0.4923967233595418,0.48807742374545005,0.48999713153308483,112120000
2014-12-31,0.4811186194419861,0.4921567526422051,0.47967882438251974,0.489517161739471,166300000
2015-01-02,0.4830382764339447,0.48663769261777423,0.4753595600489612,0.4830382764339447,113680000
2015-01-05,0.4748797118663788,0.4844781086500895,0.4727200904684149,0.4830383419811845,197952000
2015-01-06,0.4604821503162384,0.4760794982915834,0.46000223763807563,0.47559958561342064,197764000
2015-01-07,0.45928242802619934,0.46792097204106053,0.4578426611552566,0.463841642108522,321808000
2015-01-08,0.47655943036079407,0.47943896375772405,0.46432149924002414,0.4645614698915664,283780000
2015-01-09,0.47847917675971985,0.48207859400991876,0.47176031223501225,0.47823923467997204,209540000
2015-01-12,0.47248002886772156,0.4799187742160899,0.468160758297875,0.4796788036156698,190732000
2015-01-13,0.47176027297973633,0.48567791363595547,0.46840085529961945,0.4760795447151693,236720000
2015-01-14,0.47367987036705017,0.4751196368977261,0.46552126964092866,0.46672106554802834,155260000
2015-01-15,0.4703204333782196,0.47991880022907646,0.4700804627647923,0.4770392958948973,188932000
2015-01-16,0.47895902395248413,0.47943893662301285,0.4681608315359282,0.469600598152907,181512000
2015-01-20,0.4803987741470337,0.4849579586638974,0.47439976585162646,0.48231842476352543,140308000
2015-01-21,0.4871176779270172,0.4883175026413801,0.47439983345088566,0.4777592797192312,144780000
2015-01-22,0.4955161511898041,0.49695591759050134,0.4830382519981295,0.48807737718979355,159712000
2015-01-23,0.49695587158203125,0.49791569669004276,0.4919166896461212,0.4959959892632485,120416000
2015-01-26,0.4947965443134308,0.497196137251077,0.4916770677734099,0.4947965443134308,133240000
2015-01-27,0.4710403382778168,0.4875975390202991,0.4700804843853505,0.4871175977713705,357948000
2015-01-28,0.4633616507053375,0.4787190565022689,0.4631216800657789,0.4767993772019784,272728000
2015-01-29,0.47463980317115784,0.47727933744240036,0.4614420173933627,0.4636016675484473,235340000
2015-01-30,0.4607221186161041,0.47679940879149135,0.46000226386052107,0.47128034116452217,298200000
2015-02-02,0.47080036997795105,0.47272004916697125,0.45448313977936594,0.46360159447316857,259604000
2015-02-03,0.4825582802295685,0.48303822140299413,0.4717601187244478,0.47415971017003017,183468000
2015-02-04,0.48375821113586426,0.48927727839770213,0.4796788818953367,0.48111867712743245,181516000
2015-02-05,0.49167686700820923,0.49191680904075635,0.4837582078263026,0.4842380918913969,140448000
2015-02-06,0.48951730132102966,0.4969560777179365,0.4873576510241088,0.49119701025948087,210524000
2015-02-09,0.4890373647212982,0.49047707422070014,0.4835182971394265,0.48663777260791,273944000
2015-02-10,0.5027151703834534,0.5029551124966282,0.48735773092418294,0.48951738157516866,226204000
2015-02-11,0.4993555247783661,0.5039147089085471,0.4959960506682613,0.5039147089085471,320832000
2015-02-12,0.5351094603538513,0.5399086437211773,0.5247912103930227,0.5279106853028623,676904000
2015-02-13,0.5353492498397827,0.5360691328608672,0.5257508858396724,0.5339094837976137,310084000
2015-02-17,0.5370292663574219,0.5396688580215068,0.5310303140161641,0.5343897319041321,203340000
2015-02-18,0.5307903289794922,0.5372692800655191,0.5298305034444204,0.5363093973196507,170948000
2015-02-19,0.5322299599647522,0.5384689101655887,0.5298303681344906,0.5375090848756405,169432000
2015-02-20,0.5360692143440247,0.5363091563172703,0.5279106151459666,0.5317499727717501,157752000
2015-02-23,0.5317503213882446,0.5358296236616718,0.5291107291089383,0.5358296236616718,125008000
2015-02-24,0.5374104976654053,0.5374104976654053,0.5289796209884836,0.533797281212736,149356000
2015-02-25,0.5333156585693359,0.5376515885822473,0.5309068277058488,0.5352427002877024,123820000
2015-02-26,0.5347608327865601,0.5378923178570487,0.5304249038746327,0.5337973121720351,152864000
2015-02-27,0.5313887596130371,0.5345202463199763,0.5294616599458811,0.5333158018491196,157492000
2015-03-02,0.5443964004516602,0.5472870210359748,0.5292207572461469,0.5299434123922255,301512000
2015-03-03,0.5342791676521301,0.5429509700557542,0.5325929918279612,0.5403012733936395,160344000
2015-03-04,0.540301501750946,0.5415058889496457,0.5301843850988969,0.5323523509738534,226840000
2015-03-05,0.5506595373153687,0.5516230586532097,0.5388562429913274,0.5403015537136323,323056000
2015-03-06,0.5431920289993286,0.5501775998923552,0.5427102397445018,0.5475279025684855,257392000
2015-03-09,0.5446373224258423,0.5487323878188889,0.5422284908346194,0.5434329353457685,222388000
2015-03-10,0.5540315508842468,0.5576448254737167,0.5460824042184643,0.5470459249653059,527212000
2015-03-11,0.5511413216590881,0.5612583817605187,0.5496960109500021,0.5540318856461743,262120000
2015-03-12,0.5460825562477112,0.5499366977391207,0.5357245761156402,0.5458416903517066,406972000
2015-03-13,0.5468053221702576,0.5482506327012941,0.5359655506185619,0.5434329692185581,359288000
2015-03-16,0.5533091425895691,0.5566815528532559,0.5475279581006554,0.5511412343006494,236956000
2015-03-17,0.5600541234016418,0.5602949894315836,0.5482508264680094,0.552104970102573,299900000
2015-03-18,0.5509002208709717,0.5629443771834874,0.5458416924490352,0.5600538141271241,413844000
2015-03-19,0.5593312978744507,0.5612583403904668,0.5487324491741983,0.552827457594044,310756000
2015-03-20,0.5653530359268188,0.5687254446100766,0.5586083334224031,0.563907783555194,462084000
2015-03-23,0.5470460653305054,0.5557178691392586,0.5468051994397546,0.5484913755371419,426012000
2015-03-24,0.5395786762237549,0.5492140004977583,0.537169845155254,0.5453598593019444,330480000
2015-03-25,0.5068187117576599,0.5393379694937137,0.50513247782418,0.5393379694937137,542552000
2015-03-26,0.5051324367523193,0.5073004024067356,0.49284741290611106,0.49646068899680473,311920000
2015-03-27,0.5150086879730225,0.5169357302730555,0.4998330432092677,0.508023059131021,318288000
2015-03-30,0.5171765685081482,0.5198262655923301,0.5106726725961391,0.5174174343982377,253252000
2015-03-31,0.5041689872741699,0.5162131469034675,0.503687255347648,0.5157314149769455,357276000
2015-04-01,0.5060959458351135,0.5077821219688721,0.4974241418393076,0.5060959458351135,330768000
2015-04-02,0.5073005557060242,0.510432043453893,0.5029646805180247,0.5089867325808625,192204000
2015-04-06,0.5219942331314087,0.5236804092313867,0.4998329630784411,0.505132357269496,515864000
2015-04-07,0.5265710353851318,0.53235221885247,0.5191036183683811,0.5219942388175836,413964000
2015-04-08,0.5304251909255981,0.5323522906285827,0.5219943091971481,0.5270528382342181,366432000
2015-04-09,0.5427103042602539,0.5443964807059886,0.5260893483123403,0.5263302142528516,379432000
2015-04-10,0.548250675201416,0.548491541164901,0.5412650453806024,0.543192145381732,258728000
2015-04-13,0.5431920289993286,0.5501775998923552,0.5407831401562658,0.5470461133136587,236724000
2015-04-14,0.5386152863502502,0.5431920837234474,0.5333158337375442,0.5410241180049208,220276000
2015-04-15,0.5451191067695618,0.549214114694371,0.5374108227751712,0.5400605777032226,243560000
2015-04-16,0.5417466759681702,0.5465643384124499,0.5378925345265331,0.5419875418610642,155284000
2015-04-17,0.5347608327865601,0.5400602823130124,0.5301840380787622,0.5304249038746327,293636000
2015-04-20,0.532111406326294,0.5405422877635898,0.5311478277925409,0.5371699351886715,231624000
2015-04-21,0.5313887596130371,0.5386152541449568,0.5287390047495819,0.5386152541449568,230456000
2015-04-22,0.5374104976654053,0.5381331524421471,0.5263298676634167,0.5345199359894779,207420000
2015-04-23,0.5352428555488586,0.5403014420312969,0.5215125213872468,0.5275346290083628,259380000
2015-04-24,0.530666172504425,0.535242912760113,0.5246440642396156,0.5350020468074664,240960000
2015-04-27,0.5347608327865601,0.544155287998026,0.5277752078269282,0.532352002534726,248456000
2015-04-28,0.5374104976654053,0.5393375962137302,0.5287386977755429,0.533797281212736,234484000
2015-04-29,0.5333156585693359,0.5388559752984619,0.5311476935628802,0.5335565244263673,195156000
2015-04-30,0.5347608327865601,0.5374105288342645,0.5294613832601077,0.5306658271015464,218844000
2015-05-01,0.5480096340179443,0.5496958100853696,0.536688075887844,0.5390969070457465,256968000
2015-05-04,0.5446373224258423,0.5511412194101117,0.5429511460550939,0.5475279433077398,200720000
2015-05-05,0.530666172504425,0.5434329868919836,0.5282573406847174,0.5427103316029632,292928000
2015-05-06,0.5323523283004761,0.5386153022739949,0.5253666990660836,0.5335567154478797,316484000
2015-05-07,0.5417466759681702,0.5434328520805614,0.5284980755308677,0.530184251643259,534564000
2015-05-08,0.5017600059509277,0.5260892413599176,0.4935699913277718,0.5060959365851158,1146552000
2015-05-11,0.49694231152534485,0.5020008969394049,0.4909202626071662,0.4947743463478906,544144000
2015-05-12,0.5017600059509277,0.5058550132625057,0.49308820211361776,0.49332912543622787,388800000
2015-05-13,0.5046508312225342,0.5092276296060888,0.49983316684966284,0.5053734866215739,308524000
2015-05-14,0.5128406286239624,0.5154903830912819,0.5048914800841335,0.5060959243749269,293052000
2015-05-15,0.5130815505981445,0.5174174236853122,0.5099500643675539,0.5150085925410935,215824000
2015-05-18,0.5123589634895325,0.5154904501355964,0.5094683427605281,0.511877174224341,324972000
2015-05-19,0.5091646313667297,0.5147305947616965,0.5081965925787175,0.513036555731131,253808000
2015-05-20,0.5091646313667297,0.5154565950042497,0.5086806119727236,0.5094066122152768,196824000
2015-05-21,0.5055345296859741,0.511584511272597,0.5050505103881602,0.5094065109777847,239692000
2015-05-22,0.5048087239265442,0.508680706708972,0.5035987617615545,0.5067447441662195,212592000
2015-05-26,0.5016627907752991,0.5057767548552508,0.49779080761271854,0.5023887912243409,259732000
2015-05-27,0.5285244584083557,0.5309444398674928,0.5033566050758019,0.5050505863275071,432332000
2015-05-28,0.5357843041419983,0.5374782850818229,0.5275563802351648,0.528524361101222,327656000
2015-05-29,0.5355424880981445,0.5391724318867597,0.5348164878010383,0.5357844689648745,335168000
2015-06-01,0.5415922999382019,0.5469162817669128,0.5355423756617118,0.5389303378722986,372660000
2015-06-02,0.5309445261955261,0.5411084730552557,0.5304605067462367,0.5382044717533563,224304000
2015-06-03,0.525136411190033,0.5365103164434503,0.5241683726050146,0.5323963543962716,250788000
2015-06-04,0.5345745086669922,0.5362684901334254,0.5219905804055842,0.5219905804055842,323712000
2015-06-05,0.5386884212493896,0.5411084027877446,0.5273144560919015,0.532880419399809,313320000
2015-06-08,0.5263463258743286,0.5406242302140144,0.5202964025911584,0.5369942877834912,342812000
2015-06-09,0.5290083289146423,0.5328802520021654,0.5258623481333602,0.526830328905241,256888000
2015-06-10,0.5195707082748413,0.5261046546517943,0.5166667064642272,0.5227166910040304,529460000
2015-06-11,0.525136411190033,0.5287663539447024,0.5195704489622266,0.5195704489622266,283052000
2015-06-12,0.5108587145805359,0.5248945874429335,0.5096486947026632,0.5217486049967727,323728000
2015-06-15,0.5098904967308044,0.5123104776668672,0.5043245348081704,0.5081964581483536,306548000
2015-06-16,0.5161824226379395,0.5169084227188713,0.5038405366558952,0.5089224795255195,256892000
2015-06-17,0.5222325921058655,0.5251365934751563,0.5147306654977575,0.5159406276036821,233544000
2015-06-18,0.5309445261955261,0.5343324892497965,0.5251365812886457,0.5265885819395955,299404000
2015-06-19,0.5292503833770752,0.5353003073164009,0.5244104211468543,0.5309443643879624,355656000
2015-06-22,0.5270724892616272,0.5331224721168348,0.5190865442030241,0.5302184711148291,514236000
2015-06-23,0.5135207176208496,0.532154575158618,0.5094067535694147,0.5280406111071829,414064000
2015-06-24,0.5084386467933655,0.5154566108897201,0.5060186651425791,0.5127945906860154,253368000
2015-06-25,0.5123105645179749,0.5154565460378788,0.5084385828244848,0.5084385828244848,350460000
2015-06-26,0.5019046664237976,0.508680649961359,0.49972672323039946,0.508196630531206,421296000
2015-06-29,0.4869007170200348,0.5011786238467981,0.48617471686808883,0.4960966227831762,391724000
2015-06-30,0.4866586923599243,0.49198267439346677,0.4832707300189911,0.48980467387562127,315916000
2015-07-01,0.49367663264274597,0.5057765387963615,0.48932068950620583,0.4987586336150971,302892000
2015-07-02,0.494160920381546,0.4973069034599833,0.49101493730310874,0.49343491984829624,145764000
2015-07-06,0.4881107211112976,0.4968226659927745,0.48448077773387954,0.49004674091657563,214776000
2015-07-07,0.478914737701416,0.4871426912311184,0.46366885011114417,0.48520672931679026,594252000
2015-07-08,0.4755267798900604,0.47915675178559347,0.47165479832877766,0.4762527800388575,332492000
2015-07-09,0.46971872448921204,0.48520664799566104,0.46681475325597643,0.483028647934399,357588000
2015-07-10,0.47794678807258606,0.48230276036225245,0.4745587968035327,0.4757687875035259,216708000
2015-07-13,0.4810927212238312,0.4837546831867265,0.4779467399509086,0.48278670226357384,212472000
2015-07-14,0.48133474588394165,0.4823027557437389,0.4750428116133005,0.48181876523806705,249216000
2015-07-15,0.47794678807258606,0.48327074138286547,0.47359081578291967,0.4801247597931923,265732000
2015-07-16,0.488594651222229,0.488594651222229,0.47915670785016734,0.4808506888097324,282848000
2015-07-17,0.48569074273109436,0.4873847240109691,0.47939877929332514,0.48690076232923923,220372000
2015-07-20,0.47673681378364563,0.4876267593069109,0.475526823042,0.4856907395021321,188412000
2015-07-21,0.478914737701416,0.48569069094692036,0.47576875631795484,0.47576875631795484,149720000
2015-07-22,0.46971872448921204,0.47552669580413043,0.46391078202274083,0.47552669580413043,356472000
2015-07-23,0.4755267798900604,0.48254471401537674,0.4697188075481363,0.4706868173626831,169916000
2015-07-24,0.46996086835861206,0.47939878477472303,0.4680248773672813,0.4789147942390042,188844000
2015-07-27,0.46729886531829834,0.4726228187734371,0.4619749118631596,0.46584686489941746,192420000
2015-07-28,0.4774627387523651,0.480608691106092,0.4636688233926997,0.4685087855965261,198308000
2015-07-29,0.4832707643508911,0.48714274631427157,0.47455881935751265,0.4764948103392029,232680000
2015-07-30,0.4844807982444763,0.48932076141720776,0.48206078780965456,0.48206078780965456,190180000
2015-07-31,0.4827868342399597,0.4866587878394728,0.47988286182821016,0.4864168069667613,218340000
2015-08-03,0.4910147786140442,0.49149874034851104,0.48036684154740195,0.4866587768223441,397132000
2015-08-04,0.4929504990577698,0.49440249894251515,0.48738453796417125,0.4893205570427944,260100000
2015-08-05,0.4980325698852539,0.5055344934335467,0.49706453135904505,0.5050504741704422,234628000
2015-08-06,0.49488669633865356,0.500452659436483,0.4866587132612695,0.49682265841750345,655676000
2015-08-07,0.5561122894287109,0.5655501766675054,0.5294924358618185,0.5435283628477734,1405248000
2015-08-10,0.5754724740982056,0.5795864391626276,0.5488526051216874,0.5522406272602781,662304000
2015-08-11,0.5725682377815247,0.5781342018184639,0.5670022737445856,0.5670022737445856,435008000
2015-08-12,0.5740202069282532,0.5781341700868134,0.5633722988886316,0.5633722988886316,384048000
2015-08-13,0.5691802501678467,0.5759562336885777,0.5677282495779103,0.5747462139646587,276884000
2015-08-14,0.5696644186973572,0.5730523824960101,0.565308415787434,0.5686963795860868,214652000
2015-08-17,0.566034197807312,0.5686961600935735,0.5590162342923584,0.5686961600935735,273880000
2015-08-18,0.5608820915222168,0.5681725794160851,0.5565077640221073,0.5642843076180925,287084000
2015-08-19,0.5586951971054077,0.5664717444502755,0.5526197586285406,0.5601533069750299,249248000
2015-08-20,0.5385248064994812,0.5550498964079558,0.5358515858839489,0.5523767337320962,426932000
2015-08-21,0.5217567682266235,0.543628245977303,0.5212707122118457,0.5346366442515477,382664000
2015-08-24,0.5032873153686523,0.530505167064499,0.4860331156598289,0.4925945506697868,682284000
2015-08-25,0.4928376078605652,0.5273459493600418,0.4928376078605652,0.5254017839864634,622684000
2015-08-26,0.5300190448760986,0.5305051006432501,0.5049883606307286,0.5088766329489749,614976000
2015-08-27,0.5499464869499207,0.5501894859001907,0.5324492878578702,0.5356085059700366,463764000
2015-08-28,0.5523768067359924,0.5557790247621297,0.5460583687219203,0.5499466427259401,320944000
2015-08-31,0.5463013052940369,0.5535918544305012,0.5441141984927712,0.5497035808709447,219352000
2015-09-01,0.5239437818527222,0.5394968762711746,0.5200555661877834,0.5305052761515736,353408000
2015-09-02,0.5397396683692932,0.5399826672702855,0.5292899624111426,0.5382815590840345,344044000
2015-09-03,0.5411980152130127,0.5504326727800951,0.5402259612427086,0.547759451937162,262556000
2015-09-04,0.5285609364509583,0.540468752340547,0.5283179375367795,0.5319631530080822,287972000
2015-09-08,0.5511617064476013,0.5533488714809595,0.5392539431252413,0.5414410502189181,238448000
2015-09-09,0.5402259826660156,0.5574801296270986,0.5390108717001907,0.5528628586001315,289392000
2015-09-10,0.5487315058708191,0.5555359995418482,0.5346365784531576,0.5370667423485943,357076000
2015-09-11,0.5504326224327087,0.5540778389728449,0.5404689108143471,0.5426560755022322,301584000
2015-09-14,0.5514047741889954,0.5548069923475988,0.5484885540875166,0.5531058832682971,192460000
2015-09-15,0.5574801564216614,0.5603963765280616,0.5499466650663708,0.5516477741485435,327976000
2015-09-16,0.5613682270050049,0.564527444994696,0.5523766288572923,0.5565079005500434,173508000
2015-09-17,0.5664717555046082,0.5761924109055476,0.5652566446096525,0.5710890262622809,268712000
2015-09-18,0.5659856796264648,0.5708460071557692,0.5552929706499301,0.5586951883325083,326412000
2015-09-21,0.5718179941177368,0.573033104827619,0.5637984488394508,0.566714668191434,281840000
2015-09-22,0.5562649965286255,0.5633124884727815,0.5533487769821688,0.5594242150573964,228356000
2015-09-23,0.5589380264282227,0.5623402431314207,0.554563756086919,0.556750862287742,161632000
2015-09-24,0.5696308612823486,0.5754632417777634,0.5467872792708379,0.5555358789837925,382440000
2015-09-25,0.5737621188163757,0.5849408816168775,0.568172737416125,0.5766782800210739,369692000
2015-09-28,0.566228449344635,0.5774072097234827,0.5625832341435092,0.5737619945223569,395584000
2015-09-29,0.5761924386024475,0.5771644926013317,0.5642846177819987,0.5723041646672317,380736000
2015-09-30,0.5990357398986816,0.5997647946047836,0.5781363261628448,0.5815385428315492,556380000
2015-10-01,0.5873711109161377,0.6007369816369262,0.570359907915674,0.5990358729248139,489296000
2015-10-02,0.6026809811592102,0.6026809811592102,0.5781362952070856,0.584211731452746,386144000
2015-10-05,0.6177483201026917,0.6252818114711526,0.6034103344539617,0.6065695535948575,482024000
2015-10-06,0.6257676482200623,0.6284408104258876,0.6087565053890904,0.6111866686506578,453216000
2015-10-07,0.6323290467262268,0.6386474824294538,0.6170190132682764,0.627225721553463,310152000
2015-10-08,0.6359743475914001,0.6376754560551121,0.6189631470749575,0.6296559116178063,460068000
2015-10-09,0.6335440278053284,0.6386473519353355,0.6216362135623312,0.6325719164037247,423248000
2015-10-12,0.6403486728668213,0.6439939469856127,0.6296559653511439,0.634273235315391,227588000
2015-10-13,0.6415637135505676,0.645451928266805,0.6330581134945631,0.6352452777271916,298444000
2015-10-14,0.6648934483528137,0.6753431582313659,0.6415638648551082,0.6422928618315821,612148000
2015-10-15,0.6665945053100586,0.6802034327864594,0.6593040146555227,0.6661084494238885,526048000
2015-10-16,0.6770440936088562,0.6833625293036802,0.6670803842671496,0.6687815505954675,448396000
2015-10-19,0.6758291721343994,0.6823906665342807,0.66805268274511,0.6792314478031185,294712000
2015-10-20,0.6748570203781128,0.678016238651325,0.6678095290040498,0.6729129127975207,264824000
2015-10-21,0.6661085486412048,0.6831197539752883,0.6648934956543006,0.6789884231766511,386280000
2015-10-22,0.6901670694351196,0.692354233960995,0.6729129260145508,0.6738849798239394,306884000
2015-10-23,0.6947843432426453,0.6994016709015518,0.6857927448129654,0.6962424528127908,381776000
2015-10-26,0.6916251182556152,0.6969715006462698,0.6853066821411135,0.6952703921446213,247436000
2015-10-27,0.6911391615867615,0.6955134325748108,0.6877368864408717,0.6882229423016177,208268000
2015-10-28,0.6967284083366394,0.6967284083366394,0.6853065903080852,0.6955132978899113,217036000
2015-10-29,0.6726698279380798,0.6925971905394392,0.6714547752356259,0.6855497573979443,327168000
2015-10-30,0.6894380450248718,0.6942984301656876,0.6748570634214358,0.6799604475404077,301160000
2015-11-02,0.6974577307701111,0.698186785790665,0.6874940753886785,0.6916253485453623,190088000
2015-11-03,0.6925970911979675,0.697214418272276,0.6848206043745415,0.693326145890735,376768000
2015-11-04,0.6811754703521729,0.6957564513130403,0.6780162520166848,0.6906531253586371,442264000
2015-11-05,0.673399031162262,0.6865219624671675,0.6714549232339605,0.6845777965991887,478800000
2015-11-06,0.7667173147201538,0.7761949698289949,0.7246754800348864,0.7399855160031419,1172272000
2015-11-09,0.7633151412010193,0.7655023058762366,0.7526223747486271,0.759183868774279,492568000
2015-11-10,0.748734176158905,0.7574827771177264,0.732695084057678,0.7533514466579906,552260000
2015-11-11,0.7414435744285583,0.7545664449396488,0.7387703541839551,0.7492200623901067,619896000
2015-11-12,0.7387702465057373,0.7465467912734931,0.735611028815065,0.7397423001167928,291080000
2015-11-13,0.7241893410682678,0.7426585932871455,0.7205440672370661,0.7394993752799912,292940000
2015-11-16,0.7387702465057373,0.7392563022810931,0.7278344840473093,0.7336669215929542,344280000
2015-11-17,0.7387702465057373,0.7450886818870819,0.735611028815065,0.7407144116675043,257048000
2015-11-18,0.7569438219070435,0.757919624951929,0.73376957554502,0.7418195726274309,350216000
2015-11-19,0.7591392993927002,0.7667013950311063,0.7535286935449548,0.7596272009202037,254072000
2015-11-20,0.7657257914543152,0.7701167315331868,0.7601151845711042,0.7647500463789062,239744000
2015-11-23,0.7542605400085449,0.772068102996079,0.7515772269237466,0.772068102996079,242552000
2015-11-24,0.760358989238739,0.7669453396795671,0.7508453460865767,0.7542604821433506,195428000
2015-11-25,0.7593831419944763,0.767921039798753,0.7566998292718388,0.7588952986774534,138300000
2015-11-27,0.7657257914543152,0.7681651832226815,0.7569439694562593,0.7608470079175828,86996000
2015-11-30,0.7737756371498108,0.777190831478175,0.7657256400895165,0.766457463291332,327244000
2015-12-01,0.798901379108429,0.7996332022623682,0.7798740934253515,0.7806059165792908,409496000
2015-12-02,0.7928029298782349,0.8084150225919476,0.7910953617813972,0.8001211037902574,294240000
2015-12-03,0.7910953760147095,0.8074392922296504,0.7871923382261391,0.7991453732787367,246656000
2015-12-04,0.8232955932617188,0.8247592401080679,0.7910955952808123,0.7910955952808123,458756000
2015-12-07,0.8076834082603455,0.8230515821593029,0.8052440165011409,0.8230515821593029,333588000
2015-12-08,0.8186604976654053,0.8220756338938416,0.792559016262818,0.7976817206054724,314488000
2015-12-09,0.7979256510734558,0.8232953677003533,0.7896317320960521,0.8184165849889772,372676000
2015-12-10,0.8045121431350708,0.8089030247647513,0.7976818117381769,0.8003651250585547,236596000
2015-12-11,0.7925589680671692,0.80207261111901,0.7908514000567886,0.7964620055878993,227320000
2015-12-14,0.794510543346405,0.7989014828401734,0.7849968992695865,0.7932908767045891,275892000
2015-12-15,0.8042681813240051,0.8098787879632898,0.7991454762810566,0.8035363580093432,307296000
2015-12-16,0.8091467022895813,0.8118300729598428,0.7989012955256717,0.8059754883408475,236356000
2015-12-17,0.7969498038291931,0.8186604015549274,0.7964619605165045,0.8103664836425206,254160000
2015-12-18,0.7840210795402527,0.7993892499831879,0.7830453346879356,0.7913392531721422,395896000
2015-12-21,0.802560567855835,0.8032923911293532,0.7854848271796653,0.7925590800505543,284216000
2015-12-22,0.803292453289032,0.8113424517609695,0.798413669861172,0.8050000216728144,130012000
2015-12-23,0.8064635396003723,0.8096347541382408,0.8030484033779528,0.8045120498046117,122524000
2015-12-24,0.8091467022895813,0.8110982498824684,0.8028042743921139,0.8040239989076265,52448000
2015-12-28,0.8084150552749634,0.8084150552749634,0.7893878255983328,0.8006090376823595,142024000
2015-12-29,0.821587860584259,0.8240272521211135,0.8067075314976694,0.808903001328743,203660000
2015-12-30,0.8145135641098022,0.8279302459246624,0.8142696424170691,0.8208559933982933,180344000
2015-12-31,0.8040241599082947,0.8169529399313707,0.8040241599082947,0.813293881971462,148528000
2016-01-04,0.7896320223808289,0.7947547286630814,0.781582022131747,0.7876805318427419,358076000
2016-01-05,0.8023166060447693,0.8157332878423519,0.7928029621242841,0.8045120757555764,490272000
2016-01-06,0.7691407799720764,0.7928028679568693,0.7601149805084942,0.7891437522068128,449344000
2016-01-07,0.7386484146118164,0.7549923304208797,0.7288907913028684,0.7498695680057386,645304000
2016-01-08,0.7227924466133118,0.7488939313435063,0.7213287999974779,0.7481621080355895,398472000
2016-01-11,0.7240119576454163,0.7291347196991197,0.7110831789188559,0.7235241143181781,409372000
2016-01-12,0.7362091541290283,0.7469425250759232,0.7310864485587086,0.7369409775190299,469356000
2016-01-13,0.7137666940689087,0.7466985098576718,0.7130348707705199,0.7418196684818518,481672000
2016-01-14,0.6993740200996399,0.7074240153903144,0.6786391696455599,0.6991300403128846,600236000
2016-01-15,0.6613196730613708,0.6793712171013649,0.6498545385655058,0.6713212191515563,841452000
2016-01-19,0.6666861772537231,0.6940073785447831,0.6640028065571429,0.6749800946657593,457140000
2016-01-20,0.6703454852104187,0.6788833856167259,0.6452197437765731,0.6540015659157299,481180000
2016-01-21,0.6781514286994934,0.6886408172221341,0.6637590024215041,0.6776635853298728,481456000
2016-01-22,0.6940075755119324,0.6986424369762998,0.6896166357584211,0.6910802823429248,257996000
2016-01-25,0.693275511264801,0.7018134079338523,0.6918118651890023,0.6937634126766217,270728000
2016-01-26,0.7001060843467712,0.7030333777622431,0.6876652036503917,0.6947394572979901,227944000
2016-01-27,0.6918120384216309,0.7013256821369165,0.6786393367602677,0.6991302124734635,231700000
2016-01-28,0.6842501163482666,0.6998622133226581,0.6708334314348556,0.6974228213529191,276776000
2016-01-29,0.7144982218742371,0.7159618679848384,0.6874210014667681,0.6901043138964279,310504000
2016-02-01,0.7147423624992371,0.7184014204394484,0.7076681101459038,0.7137666175924925,289884000
2016-02-02,0.6844939589500427,0.7110833457936043,0.6796151755746931,0.7074242873419349,341908000
2016-02-03,0.6879091262817383,0.6940076348520536,0.6720531086863567,0.689860674614502,326772000
2016-02-04,0.6881529688835144,0.7037650616325005,0.6813226383210554,0.6888847339326614,348140000
2016-02-05,0.6447317600250244,0.6910802566244809,0.6427802700914326,0.6835181604322114,600428000
2016-02-08,0.6152150630950928,0.6381453286534997,0.6061892633466776,0.634974114289932,608852000
2016-02-09,0.6218015551567078,0.647659119298596,0.6049697346598714,0.6078970280192123,425372000
2016-02-10,0.6203377842903137,0.6437559519978481,0.6169226481612239,0.6257044683215086,335800000
2016-02-11,0.6171666383743286,0.6235090679810537,0.6044817791608786,0.6044817791608786,340144000
2016-02-12,0.627656102180481,0.6288758271693179,0.6037500274684116,0.6269242788191165,340816000
2016-02-16,0.6583923697471619,0.6593681728820985,0.6347302778387369,0.6366817677892473,485352000
2016-02-17,0.6747362017631531,0.6810786299929706,0.6640028348389992,0.6666862056498722,771468000
2016-02-18,0.7327938079833984,0.7557241319544563,0.7293786719110092,0.730110495092189,1068660000
2016-02-19,0.7425513863563538,0.7491377951067465,0.7232801779407434,0.7288907836587017,525628000
2016-02-22,0.7688968181610107,0.7774347163380355,0.7518210799666344,0.7532847263009441,449668000
2016-02-23,0.7708484530448914,0.7781666273832052,0.7591393392077814,0.7627984554567782,369380000
2016-02-24,0.7762150764465332,0.7774348012448936,0.7464544776507589,0.7676772354967288,336852000
2016-02-25,0.7779225707054138,0.7818256082656844,0.764018046651685,0.7791422953878557,349616000
2016-02-26,0.7727998495101929,0.7835331589435127,0.7649937745625024,0.7815816692864265,361964000
2016-02-29,0.7677809596061707,0.7839396116928631,0.7672913388590419,0.7739016859178575,323344000
2016-03-01,0.8018121123313904,0.8018121123313904,0.7685154498864618,0.7697396184986832,348700000
2016-03-02,0.8064638376235962,0.8094017957280273,0.7959362322448176,0.7974052112970331,233812000
2016-03-03,0.7993636131286621,0.808911857162721,0.7885911424482758,0.8054842793878508,302004000
2016-03-04,0.796915590763092,0.8062190274772515,0.7907948641675747,0.8054845379509264,175304000
2016-03-07,0.7917740941047668,0.7978948201593572,0.7814913000165458,0.7925085835661805,239968000
2016-03-08,0.7773292064666748,0.7883464896546614,0.7748809277995186,0.7836947426755944,274940000
2016-03-09,0.7768394351005554,0.7854083795880078,0.7668014536518243,0.7841842696776102,222788000
2016-03-10,0.7756152749061584,0.7858980667698793,0.7599463059860347,0.7814911309547602,286084000
2016-03-11,0.7888362407684326,0.7890811095357252,0.7778190141307454,0.7871224512552719,277400000
2016-03-14,0.7907947301864624,0.7939774981374361,0.7814912366769808,0.7851636836863986,190312000
2016-03-15,0.786877453327179,0.7917740103039752,0.7729222717804658,0.7866326429898082,226216000
2016-03-16,0.8103811144828796,0.8130742622650906,0.7773293185257705,0.7810017662417054,363644000
2016-03-17,0.8035260438919067,0.8113605025846204,0.7925087579184642,0.8074433024240548,353680000
2016-03-18,0.827764093875885,0.8385365119395581,0.8079329891799276,0.8130744169604434,545512000
2016-03-21,0.8302119970321655,0.8304568073583091,0.8116050696993528,0.8204188835276915,337780000
2016-03-22,0.8287431001663208,0.8346189571749038,0.8184603066226256,0.8275189900431673,242012000
2016-03-23,0.8429431319236755,0.8490637991428058,0.8287430812413384,0.8324155282700688,429008000
2016-03-24,0.8441672921180725,0.8456362710167448,0.832660388031087,0.8353534770976072,244956000
2016-03-28,0.8527364730834961,0.8564088627178789,0.8417191874371862,0.8426984874482496,265388000
2016-03-29,0.8664466142654419,0.8684052137584142,0.8471051961931888,0.8490637956861612,261812000
2016-03-30,0.8755054473876953,0.8875020326584119,0.8691399099635772,0.8696295891391166,376700000
2016-03-31,0.8723226189613342,0.8813812453018693,0.8654674612025212,0.8794226454769442,379884000
2016-04-01,0.8850538730621338,0.885543552303811,0.8603262096033822,0.8669365583222959,348292000
2016-04-04,0.8764845728874207,0.89705016022087,0.8730569944557015,0.8923984132797842,393940000
2016-04-05,0.8752605319023132,0.8833398579134506,0.8652225477957527,0.8686501848698502,339568000
2016-04-06,0.8764845728874207,0.8769742519654807,0.8478397185527335,0.8642431796515899,453376000
2016-04-07,0.8674260973930359,0.8786881927874401,0.8637537079744477,0.8708536764161388,378104000
2016-04-08,0.8730570673942566,0.8801570935756722,0.8644880622275037,0.8745260463795939,255936000
2016-04-11,0.8784433007240295,0.8928881634031282,0.875505342765036,0.8781984319797321,387524000
2016-04-12,0.8774639964103699,0.8826053644409557,0.8603259862319407,0.8813811958403943,292764000
2016-04-13,0.8994982838630676,0.8997430941741275,0.8813809782988274,0.8813809782988274,350716000
2016-04-14,0.9019465446472168,0.9058638014062107,0.8933775418386954,0.8970499882913635,416564000
2016-04-15,0.9090467691421509,0.9171260947463797,0.8987639751808862,0.9017019329902674,436972000
2016-04-18,0.9051294326782227,0.9073329008433237,0.8963156183893821,0.9073329008433237,307320000
2016-04-19,0.8889710307121277,0.9102710537982803,0.8833399827458185,0.9085572642048272,309152000
2016-04-20,0.892398476600647,0.8977847133552243,0.8865226191048354,0.8875019189588754,200172000
2016-04-21,0.8914190530776978,0.8968052890850283,0.8875017958334176,0.8926431631325309,178280000
2016-04-22,0.8879916071891785,0.9004778117924271,0.8850536492253214,0.8943571438631542,223540000
2016-04-25,0.892398476600647,0.8972950342424185,0.8857881296214126,0.8882364084422983,191972000
2016-04-26,0.8931329846382141,0.9080675266159708,0.8892157267691045,0.8977847320060048,214536000
2016-04-27,0.9134535789489746,0.9139432580043209,0.8892156039548436,0.8909293930912087,352396000
2016-04-28,0.8862777352333069,0.9132088601748898,0.8840743251922234,0.9078226235122592,381224000
2016-04-29,0.8698742985725403,0.8845639716747081,0.8603259935446594,0.8826053719430479,321904000
2016-05-02,0.8813812136650085,0.8867674505475781,0.8740363770278169,0.8781984452850682,256076000
2016-05-03,0.8708534240722656,0.8750154914473752,0.8632637786672495,0.8713431030929211,224024000
2016-05-04,0.851022481918335,0.861060406804657,0.8422086671630333,0.8603259173774179,525764000
2016-05-05,0.8561639189720154,0.8662019030439811,0.849798382334079,0.8581225770606883,246884000
2016-05-06,0.8649776577949524,0.8671811260601169,0.8529810750689233,0.8546948642624179,183240000
2016-05-09,0.8637535572052002,0.8708535244075831,0.8566535316312501,0.867181135630015,333336000
2016-05-10,0.8804018497467041,0.8818708286416025,0.8608156201389081,0.8691397560479077,269676000
2016-05-11,0.882850170135498,0.8926432854018229,0.8781984228725224,0.8830950388772562,328176000
2016-05-12,0.8708534240722656,0.8931327980097797,0.8551844542415777,0.8892155409592177,670540000
2016-05-13,1.0033055543899536,1.0037951750944034,0.9548296023554116,0.9594812909055188,2110256000
2016-05-16,1.0329300165176392,1.0478646198898185,0.9925333777715165,0.9957161467861555,973032000
2016-05-17,1.0351334810256958,1.0424782603103533,1.015057509711764,1.028278205818677,628392000
2016-05-18,1.0615745782852173,1.0735712190069093,1.0282779201157175,1.0282779201157175,541072000
2016-05-19,1.0662263631820679,1.0738160677831678,1.0559436279752616,1.0574124900821193,398880000
2016-05-20,1.0853229761123657,1.0897299126811137,1.0711229249973782,1.0728367142058133,391084000
2016-05-23,1.0870368480682373,1.0941368157946278,1.0804265010834893,1.0899748060043792,413636000
2016-05-24,1.1134240627288818,1.1168606589845307,1.087404905532661,1.0903504925824774,415788000
2016-05-25,1.1087604761123657,1.1215244930002892,1.0999237139826792,1.1168607828747579,458076000
2016-05-26,1.120542287826538,1.1286425915473952,1.1075327126701995,1.1107237449555756,309964000
2016-05-27,1.1266789436340332,1.128397182840949,1.1180876305531873,1.1217696720362358,277416000
2016-05-31,1.146807074546814,1.1492617691952145,1.1308519104710595,1.131588365684093,412524000
2016-06-01,1.1490161418914795,1.16006191492805,1.1379702518086445,1.1414067301373017,387132000
2016-06-02,1.157117247581482,1.1669357973381445,1.1438621000682767,1.1551534439930728,329208000
2016-06-03,1.140915870666504,1.147297936126971,1.1207878900888952,1.1458252598326601,461076000
2016-06-06,1.1350250244140625,1.1526984307257613,1.1291338499613957,1.1438616690467611,322512000
2016-06-07,1.137233853340149,1.1482797439730124,1.1367429612819724,1.1418976790316366,193400000
2016-06-08,1.1335523128509521,1.1416526197865438,1.1242246583078321,1.137479684739471,234616000
2016-06-09,1.163007378578186,1.1647256175613179,1.1271696888771459,1.1296243828794785,472168000
2016-06-10,1.1340428590774536,1.1595711197030505,1.1325700658070326,1.1492616838563783,400024000
2016-06-13,1.148525357246399,1.170862587793884,1.1352703333753202,1.1352703333753202,475588000
2016-06-14,1.150734543800354,1.1561347080739333,1.1330611405775806,1.1458252716299326,298344000
2016-06-15,1.1625169515609741,1.1725809434940158,1.1475436867059876,1.1603078197123036,301036000
2016-06-16,1.1671805381774902,1.1691442235328642,1.1426341786196288,1.1539255157208725,246456000
2016-06-17,1.146807074546814,1.1688988581972866,1.1421432483518794,1.1686534121417032,471000000
2016-06-20,1.167426586151123,1.1823998556448212,1.1644809980761546,1.1652174536180644,293768000
2016-06-21,1.1603076457977295,1.1755263544607877,1.1585892893386234,1.1723353216875019,212508000
2016-06-22,1.1593252420425415,1.170371128935117,1.1573615574284957,1.1627617193786794,202620000
2016-06-23,1.19025456905365,1.1914819167721868,1.169635572158248,1.1703720276078986,297880000
2016-06-24,1.1225061416625977,1.1625167742493319,1.1119512591611234,1.1414068922001024,1017684000
2016-06-27,1.1104786396026611,1.1217699790727427,1.0940324640546495,1.1131786636403918,449088000
2016-06-28,1.1266789436340332,1.1328154453465793,1.1112146737255244,1.1315882152318306,381920000
2016-06-29,1.145088791847229,1.1539255517920572,1.1335520083467134,1.1364975949949894,318932000
2016-06-30,1.1539254188537598,1.1610438215617838,1.1377248112009155,1.1470523451175036,430940000
2016-07-01,1.1453347206115723,1.1625172386041531,1.1414073481228082,1.1475439700520391,218488000
2016-07-05,1.1622717380523682,1.1642354242048367,1.129870506874509,1.1389525992220468,371084000
2016-07-06,1.169635534286499,1.1765086110599692,1.1482801996792342,1.154171374900404,273104000
2016-07-07,1.200073003768921,1.2042459388006979,1.1720901572884401,1.1774903228769371,395400000
2016-07-08,1.2481838464736938,1.2540750208284928,1.2081732075810006,1.2128370344374997,481932000
2016-07-11,1.2769027948379517,1.286230328940326,1.2646295573217106,1.2661023505055102,448776000
2016-07-12,1.2960492372512817,1.3078314679305882,1.2749392365916847,1.2911399647143798,436760000
2016-07-13,1.2955580949783325,1.3058676481791753,1.2935944095745504,1.2985036816071447,324604000
2016-07-14,1.3088130950927734,1.3205954414039494,1.2916307017994346,1.3024311469025875,316892000
2016-07-15,1.2935947179794312,1.299485892641566,1.2724848315018562,1.2921219243138975,428616000
2016-07-18,1.3002221584320068,1.3115134978737928,1.2953128855028084,1.3095498121113733,252992000
2016-07-19,1.3137221336364746,1.3188768502493977,1.2970305198304093,1.2994852136725124,382652000
2016-07-20,1.3309051990509033,1.338023721175451,1.3127409001593509,1.3181410654929735,296460000
2016-07-21,1.3063585758209229,1.3321322839550411,1.3019401957574588,1.327959349942945,361308000
2016-07-22,1.3419508934020996,1.3419508934020996,1.3014493668041518,1.311022465549693,315768000
2016-07-25,1.3667422533035278,1.369933285172301,1.3441595842393264,1.3500507560112913,312528000
2016-07-26,1.3900623321533203,1.397180738728652,1.3768073036081767,1.3787709898655445,514508000
2016-07-27,1.376070499420166,1.4045443525990557,1.367724747156367,1.4020896576146036,446676000
2016-07-28,1.3790160417556763,1.3893254794441314,1.3748431072362757,1.379261487836883,221916000
2016-07-29,1.4015989303588867,1.405280856222509,1.3593791548473262,1.3841709684667287,409588000
2016-08-01,1.3925164937973022,1.4126445937864207,1.3834344036837591,1.4074898750117675,301120000
2016-08-02,1.3755797147750854,1.3998806351986037,1.3623246885524951,1.3991441798271775,282748000
2016-08-03,1.3792610168457031,1.3819611569095218,1.3662514426139032,1.3738608537643209,299828000
2016-08-04,1.4047894477844238,1.411171512694258,1.3831886757299,1.3858886990827968,272712000
2016-08-05,1.4285999536514282,1.4293362919852775,1.414117579668941,1.4209905389701052,371588000
2016-08-08,1.44185471534729,1.451673260274062,1.4266358887783919,1.4482367812543206,305064000
2016-08-09,1.445536732673645,1.4595282127579277,1.4418548073527322,1.4489732119126697,372344000
2016-08-10,1.436208963394165,1.460509879234643,1.4315451370757355,1.4583007476296126,375740000
2016-08-11,1.465419054031372,1.4715556733599398,1.4408726937633791,1.443818280404794,681064000
2016-08-12,1.5474042892456055,1.555750041577719,1.4882475676009281,1.5194214450623311,1425744000
2016-08-15,1.5459318161010742,1.5586959518594066,1.5250673724227484,1.5491228500406573,573304000
2016-08-16,1.5366036891937256,1.5461766703012076,1.5319398631408971,1.5437220927738808,287652000
2016-08-17,1.5010113716125488,1.540040220756196,1.4889836955191214,1.5366037418723597,595212000
2016-08-18,1.5243308544158936,1.5267854325937642,1.4929114110057151,1.4988025859067013,331684000
2016-08-19,1.5282578468322754,1.5397946306100443,1.516966509106715,1.52359402070147,291560000
2016-08-22,1.5346400737762451,1.5368493225710358,1.514757536900891,1.5329218341837931,244748000
2016-08-23,1.5470585823059082,1.557141117967121,1.5426320603344124,1.5502554952972163,339764000
2016-08-24,1.5232049226760864,1.5532067532782896,1.5160734005452763,1.5524690581317857,298448000
2016-08-25,1.5131226778030396,1.5244348264024092,1.4941872088355346,1.523697131113367,406032000
2016-08-26,1.5254182815551758,1.5340253114605562,1.505007190908716,1.5170571500382364,300024000
2016-08-29,1.5244345664978027,1.53771401753258,1.5219754653582453,1.531566206052693,274652000
2016-08-30,1.5155813694000244,1.5305822237502886,1.5114007457637377,1.5224669920838223,285544000
2016-08-31,1.5084503889083862,1.5227135544460462,1.5040239822596781,1.518533046248709,388544000
2016-09-01,1.552960753440857,1.5586167676471658,1.5084498658407863,1.5096794749332805,428492000
2016-09-02,1.5377137660980225,1.557878955002684,1.5202538108023123,1.5561575493078679,323148000
2016-09-06,1.5522232055664062,1.5522232055664062,1.5352550427942693,1.5431243781603317,306812000
2016-09-07,1.5293532609939575,1.554928575782843,1.520500330554275,1.547305137583383,397988000
2016-09-08,1.5404194593429565,1.5428786782633848,1.5104177389906106,1.5278777008251996,315808000
2016-09-09,1.4636934995651245,1.532058184470422,1.4509058437897449,1.5234511535685322,697760000
2016-09-12,1.493941068649292,1.4968920840835598,1.409591816673458,1.4442660721331084,598260000
2016-09-13,1.4723000526428223,1.507466094612235,1.463938922871387,1.4902519211331882,471768000
2016-09-14,1.485334038734436,1.49025235870659,1.4634475559000506,1.4757432971994364,319048000
2016-09-15,1.5416491031646729,1.5433705095425359,1.484350544018909,1.4877934740366499,515212000
2016-09-16,1.545337438583374,1.5554199759536438,1.5276314649580771,1.5470588445426399,902444000
2016-09-19,1.5657485723495483,1.604849230987265,1.5544364254772662,1.5615679478972309,417128000
2016-09-20,1.551485300064087,1.5837003323861263,1.5428782706405584,1.5837003323861263,331112000
2016-09-21,1.5950124263763428,1.5979634413000507,1.5559117717921547,1.556157670158801,336212000
2016-09-22,1.598947286605835,1.6092758404655927,1.5898484592969484,1.6043575205720877,308732000
2016-09-23,1.5972257852554321,1.605586916849574,1.5900942628768377,1.6009146129020742,276132000
2016-09-26,1.5822250843048096,1.588618912142643,1.5623059055463282,1.5790281703858928,230040000
2016-09-27,1.6363263130187988,1.6387855312535446,1.5753391782980453,1.5760768734112813,402752000
2016-09-28,1.6422287225723267,1.6434583319739227,1.6213258317932207,1.638785910057463,319788000
2016-09-29,1.657475471496582,1.6626398075029518,1.6242768386670956,1.6395235964735995,336684000
2016-09-30,1.685017704963684,1.7014940672660157,1.65673728359893,1.6665739213096347,429932000
2016-10-03,1.6832962036132812,1.7093634228700512,1.680345306071697,1.6850177266336666,242596000
2016-10-04,1.6796075105667114,1.7140357433418518,1.6670657561569338,1.6857554385920512,281624000
2016-10-05,1.6778860092163086,1.7110847483049132,1.6727217921834947,1.6938705742668998,305440000
2016-10-06,1.6559994220733643,1.6680492610160078,1.6294404091146624,1.657720827636599,360212000
2016-10-07,1.6439498662948608,1.671492479277286,1.639277445124576,1.6670659564956496,286260000
2016-10-10,1.6500976085662842,1.6614097539995403,1.634604839212531,1.6525567094368314,287876000
2016-10-11,1.6262439489364624,1.6471468371037272,1.613702192583705,1.6446877358698095,388540000
2016-10-12,1.633621335029602,1.6422283644397642,1.6060787236551024,1.6196040723370688,419920000
2016-10-13,1.6070626974105835,1.618128947706101,1.5664865245016926,1.6144402366949313,390116000
2016-10-14,1.6228009462356567,1.6378018020603136,1.613210206299734,1.6267355546525581,330636000
2016-10-17,1.6134560108184814,1.6378017067946409,1.6112428083704566,1.6225549534885297,195328000
2016-10-18,1.6380479335784912,1.6473927764761935,1.6291950047494013,1.6358347306867174,269372000
2016-10-19,1.6346051692962646,1.6422286063321503,1.6186205999929555,1.6269818495223776,199060000
2016-10-20,1.6655904054641724,1.6710006389212952,1.630424474302799,1.6537864622829694,312084000
2016-10-21,1.6609183549880981,1.6638692532869583,1.645179683504831,1.6596887456274048,279508000
2016-10-24,1.738874077796936,1.740841382750796,1.6719847712695206,1.672230786993023,339836000
2016-10-25,1.7673996686935425,1.777974119637364,1.7275613177126818,1.7359224487606904,397460000
2016-10-26,1.774531602859497,1.7939589848301591,1.7509235960388692,1.7526450022095608,333792000
2016-10-27,1.7381354570388794,1.7914992680162654,1.7310039359235383,1.7880564566321717,388664000
2016-10-28,1.7351850271224976,1.7730560798131039,1.7319881132242128,1.7464971749731981,290856000
2016-10-31,1.7499397993087769,1.7614978443313347,1.7398571446081739,1.7408408554181312,252388000
2016-11-01,1.6980513334274292,1.7659242070915835,1.6793616505654259,1.7563334672958677,473224000
2016-11-02,1.6909202337265015,1.7342015257907353,1.6879692178849832,1.7110854304688663,295848000
2016-11-03,1.671246886253357,1.7002650121317573,1.6387859477808426,1.6987895042682783,309664000
2016-11-04,1.6616557836532593,1.690182106482202,1.6373100850751385,1.6601802761095565,328780000
2016-11-07,1.7526447772979736,1.7637110254106074,1.7091175972613402,1.7103472064431853,487580000
2016-11-08,1.7499397993087769,1.764940656273204,1.7337093331473998,1.7592845243244277,429884000
2016-11-09,1.7204298973083496,1.7435461063946391,1.689936384258514,1.7024780237943349,456532000
2016-11-10,1.6665743589401245,1.7583011528043135,1.6417368597877418,1.7580552543862704,869280000
2016-11-11,2.163325071334839,2.182998351090328,1.9304423935683401,1.9552800089323428,2175344000
2016-11-14,2.0568437576293945,2.168735641529756,2.056351960737872,2.166276422548114,1348796000
2016-11-15,2.119551658630371,2.1505369621700132,2.0639744088005125,2.0728274531792437,626092000
2016-11-16,2.2533302307128906,2.2762003047512835,2.1234865034529458,2.1478322023141856,987984000
2016-11-17,2.272020101547241,2.3310399397802977,2.229230496030485,2.2700526797965437,832988000
2016-11-18,2.2958731651306152,2.3197268259280652,2.257510213965793,2.2720192698092614,576060000
2016-11-21,2.286529302597046,2.3202198484175747,2.272266021710805,2.313826020491606,436436000
2016-11-22,2.3030052185058594,2.305218421212832,2.2717738959155387,2.2943981887987595,330368000
2016-11-23,2.3143348693847656,2.3458591054851903,2.2847807659233537,2.3081776177000117,443236000
2016-11-25,2.319014072418213,2.3421647729132378,2.3005425539460145,2.3254174726535464,195564000
2016-11-28,2.317782402038574,2.333298250601326,2.305221751880554,2.3118715354789283,278736000
2016-11-29,2.2966017723083496,2.3259097203223504,2.2788694079963707,2.3150730536385606,444568000
2016-11-30,2.270742416381836,2.3190141870909415,2.26827951581374,2.3052220848346785,440500000
2016-12-01,2.1584367752075195,2.270003641271714,2.0877532155813583,2.268279657741201,1035524000
2016-12-02,2.1783859729766846,2.1870058909367858,2.096373208027465,2.124203329530856,478292000
2016-12-05,2.262861967086792,2.280840724699956,2.191932003253289,2.2163141636413553,602284000
2016-12-06,2.3000500202178955,2.3084237877830636,2.255226218582526,2.270988452609533,498796000
2016-12-07,2.3414254188537598,2.3470899009230872,2.268278980349616,2.2865041114260127,480804000
2016-12-08,2.3022661209106445,2.3795994428628853,2.2916760736819706,2.34438086537551,381544000
2016-12-09,2.261382818222046,2.3217224525067577,2.234045241826212,2.3199984696664813,382312000
2016-12-12,2.2064614295959473,2.2153277283160304,2.1559731559920987,2.212864828414608,601332000
2016-12-13,2.245375394821167,2.2729593697596457,2.2177916547578587,2.2187767212243568,387796000
2016-12-14,2.375412940979004,2.3916677061856237,2.2552259501860292,2.2791155649404686,983980000
2016-12-15,2.43107271194458,2.461365720473743,2.379106608924015,2.38649507311709,746548000
2016-12-16,2.4729416370391846,2.480083718959158,2.4069372724289138,2.4586570034490447,1089528000
2016-12-19,2.502988338470459,2.5231836044160665,2.438215422179845,2.455455489584722,744656000
2016-12-20,2.5901730060577393,2.6138162382264047,2.564313022697396,2.57564222313505,848056000
2016-12-21,2.606428384780884,2.609383818855947,2.5542161075800327,2.6017489670682976,576136000
2016-12-22,2.6379520893096924,2.6812980516490423,2.6236674562986515,2.630809772804172,718612000
2016-12-23,2.7037100791931152,2.7051879133722965,2.617264295714457,2.6199733452094787,647692000
2016-12-27,2.889408588409424,2.8903936545805182,2.7391749581878093,2.7598629919064943,1194272000
2016-12-28,2.690656900405884,2.9536885789756253,2.676865035244009,2.9455611963087938,2295764000
2016-12-29,2.7443466186523438,2.745824452628326,2.5318032303211226,2.5835229568540723,2175368000
2016-12-30,2.6288392543792725,2.7564147036467648,2.6180028231369854,2.742376455409553,1212932000
2017-01-03,2.5123472213745117,2.619727188017954,2.4475743038059843,2.5712090371196497,1501996000
2017-01-04,2.57096266746521,2.5983002485996165,2.500525272978127,2.546580519551422,1199220000
2017-01-05,2.5056967735290527,2.606180780404284,2.4887030942734873,2.5744101725678274,984296000
2017-01-06,2.539191722869873,2.567514366426664,2.492397565373816,2.533034473265099,822856000
2017-01-09,2.642138957977295,2.6598715587364268,2.549043626054723,2.549043626054723,916248000
2017-01-10,2.622189998626709,2.6891791954137143,2.6015019650159346,2.6551920639372337,880920000
2017-01-11,2.5899271965026855,2.615540801564252,2.565052508668897,2.6106152347544174,525664000
2017-01-12,2.547565221786499,2.578597148733022,2.5027414316971006,2.567021801470244,625616000
2017-01-13,2.547318935394287,2.5859854738709105,2.5382062535589993,2.551505582997617,457820000
2017-01-17,2.4901816844940186,2.541655035990982,2.476882350781287,2.5367294699261373,580612000
2017-01-18,2.5354983806610107,2.542394315058613,2.4409251969758077,2.4687553185983364,654424000
2017-01-19,2.5899271965026855,2.621944202829644,2.5362373204122104,2.5384538372203935,644872000
2017-01-20,2.561603546142578,2.6303169497489587,2.539684300861353,2.612584352423091,492024000
2017-01-23,2.588202476501465,2.6081515918495644,2.553968963106325,2.5564318632480822,369904000
2017-01-24,2.6433701515197754,2.649527401827975,2.5835230407995584,2.5983002066641543,428052000
2017-01-25,2.6546998023986816,2.6918887550311594,2.6187423000371615,2.685731503676371,522760000
2017-01-26,2.7005085945129395,2.707897061051417,2.6278546747384146,2.6574087757674407,458800000
2017-01-27,2.752720594406128,2.755676027708006,2.6808055987689814,2.70740426361079,471996000
2017-01-30,2.7096211910247803,2.7340033433086877,2.6576553035712633,2.7317868267147194,496004000
2017-01-31,2.6889326572418213,2.710359369939232,2.6647966606673945,2.6832681752945313,362756000
2017-02-01,2.806410074234009,2.81059672185452,2.7056796847970714,2.7234120458296514,590004000
2017-02-02,2.8418755531311035,2.850495704336752,2.759863038561139,2.790402204257224,483240000
2017-02-03,2.8170015811920166,2.8544369242743763,2.805180079330611,2.843354104802634,372744000
2017-02-06,2.8891618251800537,2.889654358200948,2.8076416209077726,2.8076416209077726,506768000
2017-02-07,2.933986186981201,2.9780710717089662,2.9036931690118175,2.9233959029166807,746224000
2017-02-08,2.9211790561676025,2.9384188876663293,2.8662575095893774,2.9160071067179847,449580000
2017-02-09,2.866258144378662,2.9322625215026337,2.847048176382849,2.9273367200548885,842568000
2017-02-10,2.7982823848724365,2.9726514828367283,2.7731613275417697,2.953687674049126,1651092000
2017-02-13,2.6692304611206055,2.8071495967237925,2.6647971933788233,2.79261881303568,1180724000
2017-02-14,2.679081678390503,2.7128226607424604,2.6177567295327075,2.6596250949365934,850632000
2017-02-15,2.684499979019165,2.7042027130582875,2.6539608117210602,2.6820373134206124,373020000
2017-02-16,2.6414012908935547,2.6953375612328894,2.60224195865736,2.6941061105784283,647176000
2017-02-17,2.6409077644348145,2.6453410324929676,2.580814492953246,2.627854814020838,563740000
2017-02-21,2.735480785369873,2.7394212848468977,2.6652895374583605,2.665535921433529,551952000
2017-02-22,2.7312886714935303,2.7569345965940824,2.712300687425896,2.747563952024917,433772000
2017-02-23,2.478034734725952,2.623525918195618,2.4580606808404375,2.6015790108233303,1592888000
2017-02-24,2.5019547939300537,2.5152709098320987,2.3599159107462406,2.3936994727247347,1029904000
2017-02-27,2.5747010707855225,2.5897433494570548,2.5044214602713906,2.5202035886794993,715400000
2017-02-28,2.502448081970215,2.5941816694333446,2.485186492875425,2.584317635468878,625360000
2017-03-01,2.534752607345581,2.5737146543952427,2.4933245513907574,2.5594119908825443,504804000
2017-03-02,2.4412922859191895,2.5359850307398712,2.4385798178479376,2.521929065406887,754332000
2017-03-03,2.4272372722625732,2.4356213738538743,2.372739553647057,2.4306895908892683,864692000
2017-03-06,2.408496141433716,2.41909979300164,2.346847321619084,2.3909878521485157,883568000
2017-03-07,2.4348809719085693,2.4543621098882653,2.395672471372718,2.408495433412855,603400000
2017-03-08,2.4304425716400146,2.498009705992648,2.428223257843468,2.483213888729775,638712000
2017-03-09,2.4299495220184326,2.452389591068459,2.4018375855889413,2.4144140895991835,478060000
2017-03-10,2.444251775741577,2.4681715424621937,2.4260038759960256,2.4563351241554514,499740000
2017-03-13,2.5115716457366943,2.521435442092276,2.4538683312293865,2.4546081806282056,774136000
2017-03-14,2.5098462104797363,2.5337657412766883,2.47754210936587,2.524395331934488,522016000
2017-03-15,2.528834104537964,2.539684213727494,2.473843238592727,2.521436313507445,615036000
2017-03-16,2.5599050521850586,2.560398442085323,2.525381869459199,2.5394378374996753,523100000
2017-03-17,2.6156351566314697,2.616868160750082,2.559904452259046,2.5774127344689575,1119688000
2017-03-20,2.698984384536743,2.7029300921050536,2.6171148328241878,2.63314365249524,748568000
2017-03-21,2.611689329147339,2.7115605416136948,2.6037983853572877,2.681722454762825,913484000
2017-03-22,2.6649551391601562,2.669640462489233,2.5966481435836712,2.600593617131426,616764000
2017-03-23,2.6407878398895264,2.677037410511513,2.631170736451664,2.6570631189162954,533940000
2017-03-24,2.6501588821411133,2.695039253667389,2.624266495782611,2.6871483078738088,439500000
2017-03-27,2.6693925857543945,2.6733380575554735,2.554232643040476,2.6035516284826468,506644000
2017-03-28,2.6555838584899902,2.6851752557906674,2.6452269047104813,2.6706261344799707,432444000
2017-03-29,2.6469533443450928,2.675311740368802,2.644734030467232,2.6629819313932406,349992000
2017-03-30,2.697751998901367,2.71254781774638,2.6484329947039273,2.6541046272730315,525532000
2017-03-31,2.6861612796783447,2.7098345831402306,2.6730918589659662,2.688134133357334,440808000
2017-04-03,2.6725990772247314,2.7039166345298775,2.648925770459905,2.6866550443234654,445232000
2017-04-04,2.4851865768432617,2.574947313511972,2.474336468355871,2.549794543430066,1271280000
2017-04-05,2.4666922092437744,2.524395545254748,2.453622550737089,2.466445514295083,747048000
2017-04-06,2.4846928119659424,2.496775921773153,2.426742800555792,2.4718698527337906,635120000
2017-04-07,2.4740893840789795,2.5086127931735307,2.459047110416574,2.491104511324768,429068000
2017-04-10,2.410961151123047,2.481487198665772,2.4067689841979654,2.4748292587007774,756332000
2017-04-11,2.4195923805236816,2.4388268247285505,2.3759450150401173,2.380876797179773,618148000
2017-04-12,2.399618148803711,2.4338948704205254,2.3944396715958356,2.4195924431566125,414092000
2017-04-13,2.3547379970550537,2.3971523632574967,2.3547379970550537,2.375452142986563,506892000
2017-04-17,2.4469640254974365,2.4472104852157957,2.3623817781458256,2.3675602542892116,497292000
2017-04-18,2.448444128036499,2.4546091501760237,2.406769613128125,2.4326620005994837,370116000
2017-04-19,2.4580612182617188,2.4901183894374617,2.4514030420631796,2.4659521635911115,380828000
2017-04-20,2.497023344039917,2.5017086664769743,2.4514031240129386,2.472610422448364,404016000
2017-04-21,2.5073797702789307,2.510092238160694,2.4748292150118405,2.48666563090893,341896000
2017-04-24,2.538698434829712,2.551767860542441,2.5179845215469325,2.538944894651696,371820000
2017-04-25,2.5828380584716797,2.59738717869259,2.5317929078307837,2.5532466633875153,388440000
2017-04-26,2.565084457397461,2.5988677995667495,2.5631116027783194,2.5964020252573325,327004000
2017-04-27,2.605032205581665,2.6134163065889173,2.5544801990652437,2.572481640699451,319700000
2017-04-28,2.571988105773926,2.605031820516705,2.5663162391165133,2.598127184764917,348248000
2017-05-01,2.6296916007995605,2.6348703135735927,2.575687275655234,2.5828386074178944,307732000
2017-05-02,2.5517678260803223,2.604046233739967,2.5290810586701302,2.602813229131941,629972000
2017-05-03,2.5707554817199707,2.580372587176173,2.5300672756138223,2.544862858649757,336904000
2017-05-04,2.56089186668396,2.5880172609944343,2.5530006846782207,2.576920455328429,209788000
2017-05-05,2.5611376762390137,2.5682890066722766,2.533765593901932,2.549301258992917,228428000
2017-05-08,2.534259080886841,2.5744538913219635,2.522915582689832,2.572974427298798,365240000
2017-05-09,2.5384509563446045,2.587523490505588,2.53154632071479,2.5399306555061436,847672000
2017-05-10,2.9909536838531494,3.004023342964709,2.8116791158644934,2.8183370577287734,2129096000
2017-05-11,3.119429349899292,3.2163414172217157,2.956923241897575,2.9603755598280643,1939792000
2017-05-12,3.1537060737609863,3.195873973761558,3.1016746098068384,3.122635212344112,962620000
2017-05-15,3.3120198249816895,3.314485833239678,3.190448392886438,3.194887254785116,1087540000
2017-05-16,3.373669385910034,3.389205053323315,3.288594198248727,3.3630657361318383,1120700000
2017-05-17,3.1495141983032227,3.325583121695016,3.14532203068571,3.3068418324672133,1271368000
2017-05-18,3.281442642211914,3.2903201322446924,3.132992260989603,3.193408061856136,1156032000
2017-05-19,3.357227325439453,3.412028917605536,3.337972622898152,3.382653307399963,1018372000
2017-05-22,3.428814649581909,3.4431321377468818,3.3900582965205137,3.4009200665676307,836608000
2017-05-23,3.38265323638916,3.4507852050082906,3.3500683920678025,3.4485635538807826,681248000
2017-05-24,3.420668363571167,3.4823820872656337,3.4085722910417733,3.4796665271047464,815996000
2017-05-25,3.4130167961120605,3.4567101361824673,3.3680891529673262,3.4559695072540224,608228000
2017-05-26,3.5013909339904785,3.586309010636989,3.384628637456338,3.4048706905857133,779140000
2017-05-30,3.5761873722076416,3.6112405847022693,3.5312597368242074,3.54730520318012,989652000
2017-05-31,3.563350200653076,3.6287665914273672,3.5065734573604517,3.6211140564525977,887316000
2017-06-01,3.5635976791381836,3.5801370552285228,3.518176368994879,3.5791494716729186,503340000
2017-06-02,3.5458247661590576,3.586802544981775,3.5399002056157345,3.560635932098128,487456000
2017-06-05,3.6536993980407715,3.6665358645331794,3.5179293872269333,3.5295315509313188,817376000
2017-06-06,3.637160539627075,3.6951713626311835,3.6238303980733484,3.649009423553053,758728000
2017-06-07,3.681101083755493,3.6998621134172236,3.6460478659476494,3.661599660600236,612612000
2017-06-08,3.948197603225708,3.9496786253590663,3.7470107164117334,3.7882354418634336,1161744000
2017-06-09,3.69294810295105,4.159503795775442,3.5238524482923816,4.066686519400315,3692928000
2017-06-12,3.702082633972168,3.744788611802377,3.5080548682773554,3.601119123828465,1697532000
2017-06-13,3.7373831272125244,3.820573198950569,3.5954413768286138,3.8114394060329677,1672504000
2017-06-14,3.7452831268310547,3.8030472335506276,3.6657959473941157,3.7403461504568227,1184640000
2017-06-15,3.761328935623169,3.79169189441458,3.6164248729400303,3.62778031913309,963824000
2017-06-16,3.7428138256073,3.8188452722508677,3.7087479651541684,3.7709553625957963,924960000
2017-06-19,3.883521795272827,3.8887057261356786,3.7832986610859596,3.78700133431988,778176000
2017-06-20,3.8778438568115234,3.992631432543005,3.8736475096138614,3.925733771669151,1095444000
2017-06-21,3.9365952014923096,3.940298109952327,3.8435309347204343,3.9054916179372525,682652000
2017-06-22,3.9094417095184326,3.9580722576354916,3.8854967498917574,3.9447418797656155,469132000
2017-06-23,3.7973697185516357,3.9328930308844106,3.782311363475353,3.917094282356891,1088588000
2017-06-26,3.7558975219726562,3.8657478824266187,3.6615989531666204,3.8302007619319376,1063960000
2017-06-27,3.618399143218994,3.7470105242617002,3.6127215388701526,3.738370640378859,999492000
2017-06-28,3.746023416519165,3.7507136731305986,3.5979103719949013,3.6860376640913337,994948000
2017-06-29,3.620868444442749,3.7205976780455954,3.5566861012394746,3.7176356333616516,1064424000
2017-06-30,3.568535089492798,3.6517251778095337,3.542368479066568,3.6381480807911033,731060000
2017-07-03,3.4394290447235107,3.5954413257833293,3.420914975281248,3.580630164397186,709072000
2017-07-05,3.531259298324585,3.5601412283464486,3.48386306310445,3.5028708068828487,820188000
2017-07-06,3.541874408721924,3.5887769769726288,3.450044439352088,3.5021309385011543,746284000
2017-07-07,3.622842788696289,3.6411101416533906,3.5756935018151457,3.5986511115280218,654972000
2017-07-10,3.7941603660583496,3.8015659482755995,3.670239223055932,3.696405833281481,958492000
2017-07-11,3.8479747772216797,3.8556273140612873,3.755897851233537,3.7978632087661404,757956000
2017-07-12,4.011640548706055,4.023736391211265,3.864761990304237,3.9077147084194674,1145208000
2017-07-13,3.9652302265167236,4.105196816705812,3.9188215727005837,4.023734717807618,1369132000
2017-07-14,4.071871757507324,4.073352544127851,3.9746106789056834,3.9815225859293175,941948000
2017-07-17,4.054592609405518,4.134820661318736,3.9928788681918053,4.105938487295821,930792000
2017-07-18,4.096803665161133,4.111368106531246,3.981768920677744,3.993618037527719,776640000
2017-07-19,4.0755767822265625,4.132353328638797,4.063480937955003,4.105939752625164,687044000
2017-07-20,4.134819507598877,4.135066226893409,4.046198784512107,4.09606339063172,699596000
2017-07-21,4.149630546569824,4.179253340378105,4.100012661214913,4.114330384125443,648332000
2017-07-24,4.1014933586120605,4.166416306000382,4.0908787806508,4.156789075891533,652524000
2017-07-25,4.081745147705078,4.096062869217245,4.0380518253792035,4.078535913931296,496556000
2017-07-26,4.128894805908203,4.194805109822197,4.094088082210364,4.1392626659802545,640404000
2017-07-27,3.992630958557129,4.1654295707767055,3.8894455593918633,4.153827172418346,782856000
2017-07-28,4.058047771453857,4.082486637971622,3.931905223564299,3.956837293293264,513348000
2017-07-31,4.011640548706055,4.107667130537605,3.9649851561859597,4.0716263224253515,559672000
2017-08-01,4.06051778793335,4.062245765416884,3.9743656331575052,4.002259992294988,431384000
2017-08-02,4.058047771453857,4.095569824252888,3.9810294404958313,4.091620431856183,478444000
2017-08-03,4.1096415519714355,4.113344225703896,4.040521993655187,4.057555046166059,442420000
2017-08-04,4.127660751342773,4.198261076099731,4.109640355804226,4.132350771982898,589096000
2017-08-07,4.254544734954834,4.255038173596336,4.147162504789908,4.156790208359982,717412000
2017-08-08,4.203939914703369,4.309099798133275,4.164689880216592,4.292560656061143,755336000
2017-08-09,4.248620510101318,4.251089116018505,4.13901685573808,4.1577778840379525,530784000
2017-08-10,4.066688060760498,4.262197106378586,4.056566918940891,4.2498540782430725,1328088000
2017-08-11,3.8499486446380615,3.924992503788345,3.7746580662088394,3.8790775280556766,1497196000
2017-08-14,4.157035827636719,4.16073849982177,3.9299293404675533,3.9415315017910437,1279020000
2017-08-15,4.121982574462891,4.188386311717588,4.087669762878557,4.16221994431285,764532000
2017-08-16,4.076809406280518,4.160493408783442,4.044471750143238,4.1370423577033835,596632000
2017-08-17,3.9859671592712402,4.085449684964765,3.983745743212486,4.06841710210647,525444000
2017-08-18,3.986706495285034,4.057307293448276,3.9407915164266116,4.040274245275565,601204000
2017-08-21,3.9286961555480957,4.02250105610042,3.884756102823752,4.011145846221258,623672000
2017-08-22,4.016159534454346,4.022089310394205,3.9459911475032845,3.965262801494588,450456000
2017-08-23,4.096458435058594,4.107576706648514,3.9741574475694765,3.982805411030953,579520000
2017-08-24,4.081385612487793,4.133024085123888,4.054949270573526,4.128576400803826,469700000
2017-08-25,4.047290802001953,4.115729923291105,4.040866681987811,4.105599870193688,357200000
2017-08-28,4.075950622558594,4.079162682274708,4.0107235671849475,4.0663149146631445,389496000
2017-08-29,4.069279670715332,4.0910223372313865,4.008994171631435,4.017147789388182,324096000
2017-08-30,4.0934929847717285,4.1046112541948085,4.058655614911975,4.089045300000185,384400000
2017-08-31,4.186391830444336,4.190344699512887,4.106340576771728,4.113752441901696,612684000
2017-09-01,4.211594581604004,4.247173243929094,4.190346253097607,4.198994217710282,445432000
2017-09-05,4.099176406860352,4.165144759577688,4.041114737158277,4.160203200506402,695364000
2017-09-06,4.096705436706543,4.1458731460479665,4.061868530756849,4.132037158294557,397672000
2017-09-07,4.115729331970215,4.148095450170067,4.075456533157717,4.113505489687995,352868000
2017-09-08,4.044325828552246,4.118941664832284,4.020112851837886,4.104117460696362,498856000
2017-09-11,4.175520420074463,4.186144815816874,4.08459783565444,4.090033737401556,567444000
2017-09-12,4.190593719482422,4.200229430610173,4.125366642228338,4.200229430610173,411488000
2017-09-13,4.209370136260986,4.238277261868502,4.13302480631779,4.165390928387039,580960000
2017-09-14,4.185405254364014,4.263480104117162,4.145873720660119,4.170333639184866,513712000
2017-09-15,4.450017929077148,4.450017929077148,4.265701970813389,4.270890465109202,1364792000
2017-09-18,4.633839130401611,4.724020902517061,4.567376927780674,4.574294919559019,1684460000
2017-09-19,4.6288981437683105,4.690666198118022,4.561447251227351,4.5834368519968995,874280000
2017-09-20,4.59158992767334,4.680041731143623,4.551317130461017,4.632604005616948,724920000
2017-09-21,4.466078281402588,4.514010360773237,4.388250386560858,4.487820478448399,1075600000
2017-09-22,4.422592639923096,4.504373861354263,4.412709996183134,4.454712292396908,491232000
2017-09-25,4.224935531616211,4.392944735520105,4.204181553281641,4.391709110379478,874580000
2017-09-26,4.248654842376709,4.414687638146185,4.20887637753233,4.359590623624855,1125620000
2017-09-27,4.341800212860107,4.355142324175168,4.268172606628035,4.339082497546673,713720000
2017-09-28,4.340566158294678,4.352919584212463,4.293127947163682,4.348966242867216,435244000
2017-09-29,4.416912078857422,4.440630716282804,4.379356980534249,4.424571354732623,619092000
2017-10-02,4.422592639923096,4.496220244359898,4.3731784787175645,4.467065714885076,503480000
2017-10-03,4.431735038757324,4.46163085279054,4.387508894660014,4.428769915380585,390332000
2017-10-04,4.468794822692871,4.491031358232289,4.401343935389594,4.437910797916215,427848000
2017-10-05,4.466325759887695,4.49671592338385,4.436429940789063,4.493256926360191,437364000
2017-10-06,4.479418754577637,4.492760864427205,4.4225922619836835,4.438652086848173,318800000
2017-10-09,4.580471992492676,4.613579863799632,4.4974556133409465,4.5162331557236515,563492000
2017-10-10,4.667937755584717,4.767260944435662,4.626676718960657,4.729705842208007,974876000
2017-10-11,4.7175984382629395,4.719081000236215,4.6385353780657566,4.6844905579601885,529508000
2017-10-12,4.719821929931641,4.770718665113462,4.692643828291817,4.721057083982099,528292000
2017-10-13,4.807778358459473,4.817908410212779,4.735139440648965,4.782082824318199,628728000
2017-10-16,4.890300273895264,4.893265396899485,4.774423436541297,4.837674053098937,576640000
2017-10-17,4.8858537673950195,4.91426702028028,4.851263802361298,4.869547002271561,478596000
2017-10-18,4.881653785705566,4.895489772557074,4.776401322512898,4.89474896290685,567316000
2017-10-19,4.887089729309082,4.892030816616546,4.7549061009619455,4.804073336255185,570772000
2017-10-20,4.864853858947754,4.931316087128929,4.855958958059879,4.904138453798882,451620000
2017-10-23,4.857935428619385,4.913032442600541,4.837675320293083,4.886595621401313,428696000
2017-10-24,4.908832550048828,4.910562048639118,4.841134697191034,4.867077176045384,407244000
2017-10-25,4.7848005294799805,4.922173097868523,4.723279880827576,4.869299468160429,828160000
2017-10-26,4.834957599639893,4.846569744429253,4.78850807797648,4.812474119752696,322744000
2017-10-27,4.987400054931641,4.987646991431729,4.861145757962701,4.887088699310745,572192000
2017-10-30,5.036321640014648,5.09191252703023,4.971588445107657,4.987401338988907,504056000
2017-10-31,5.109700679779053,5.136384431355318,5.062509888067281,5.06819272649439,411908000
2017-11-01,5.119338035583496,5.187777170239251,5.055099179160498,5.1724586193322635,502576000
2017-11-02,5.088204860687256,5.134407430018648,5.031625304180192,5.089687422070302,342308000
2017-11-03,5.1561503410339355,5.1561503410339355,5.0733813685584845,5.119336536570103,353640000
2017-11-06,5.179376125335693,5.18802361757204,5.106984127113426,5.119337552807354,389944000
2017-11-07,5.238672733306885,5.26016846406415,5.189999846571817,5.202106334122879,427700000
2017-11-08,5.167764186859131,5.237932816308877,5.120326445947233,5.2342264114503685,522988000
2017-11-09,5.072887897491455,5.097842156037144,4.950587384087223,5.071652743455834,978564000
2017-11-10,5.340220928192139,5.4027302860182065,5.228791264839543,5.264616862492326,1253256000
2017-11-13,5.253497123718262,5.365667565526518,5.23817857708294,5.340219437893034,582376000
2017-11-14,5.291793346405029,5.30711189398796,5.218907012746199,5.262638812941497,529292000
2017-11-15,5.188023090362549,5.237932074951522,5.134161707407578,5.236696449755905,501948000
2017-11-16,5.22829532623291,5.292287226571304,5.21940089930486,5.262144478367485,441768000
2017-11-17,5.2221198081970215,5.320701692734073,5.207048666277056,5.285370442205148,515664000
2017-11-20,5.289322853088379,5.301429340309361,5.200870567162747,5.237684373126776,396100000
2017-11-21,5.337996482849121,5.349609098641241,5.297229801803388,5.329102054212627,399176000
2017-11-22,5.314013481140137,5.365193152713851,5.28137729185322,5.365193152713851,356640000
2017-11-24,5.364202499389648,5.365191874715691,5.305852934164716,5.330330306089522,180752000
2017-11-27,5.294480800628662,5.374093461458703,5.291266509182589,5.372857449445769,422896000
2017-11-28,5.209676742553711,5.30906891004697,5.148607554750246,5.2996736141094845,512752000
2017-11-29,4.856365203857422,5.1950891156248735,4.728045358317427,5.1923695116865956,1396788000
2017-11-30,4.962431907653809,5.011139078507819,4.862051325885064,4.925098310374441,823768000
2017-12-01,4.88751745223999,4.948092416769816,4.758703399712723,4.927818235369389,811548000
2017-12-04,4.615056037902832,4.95229689245237,4.561651438432922,4.946115415933538,1240844000
2017-12-05,4.641756534576416,4.764389567829343,4.464730018781901,4.509728207697729,981488000
2017-12-06,4.679338455200195,4.7010957573699805,4.570056313413401,4.5913193993863395,467032000
2017-12-07,4.746835231781006,4.786641795563025,4.700600557078459,4.746093435986274,542600000
2017-12-08,4.734474182128906,4.815817554199501,4.726067790198137,4.796779382504386,466876000
2017-12-11,4.812849998474121,4.8158171820229105,4.732743116362026,4.74856652335441,372748000
2017-12-12,4.718403339385986,4.792576805575623,4.694915334461821,4.76933590878044,455016000
2017-12-13,4.6031880378723145,4.760682224771607,4.595770549330678,4.7594462124715475,554280000
2017-12-14,4.610358715057373,4.681317905365849,4.56412401909454,4.596760219588245,438164000
2017-12-15,4.736203670501709,4.756477849197474,4.5893408437272845,4.654366103124421,670036000
2017-12-18,4.89295768737793,4.895924399549617,4.747083728378057,4.776752736416456,477704000
2017-12-19,4.848701000213623,4.88875468135982,4.820268003247146,4.883562581172387,373100000
2017-12-20,4.865760326385498,4.897160031984308,4.810130351151754,4.888012316478996,288820000
2017-12-21,4.843260765075684,4.894192852056237,4.834854374674348,4.8692212605089535,300904000
2017-12-22,4.827930927276611,4.837326220301708,4.728538790593305,4.806420738010249,466276000
2017-12-26,4.881584644317627,4.889249241072786,4.74263347014008,4.772550061141775,355080000
2017-12-27,4.8749098777771,4.944138369870513,4.853647255237009,4.8682346554994425,329488000
2017-12-28,4.8805952072143555,4.929549494895069,4.874414203172018,4.898644003102996,240248000
2017-12-29,4.784170150756836,4.906803211997498,4.784170150756836,4.906803211997498,279964000
2018-01-02,4.928807735443115,4.932516715160278,4.808894747076867,4.840541563460769,355616000
2018-01-03,5.253191947937012,5.283603224296685,5.037595295616599,5.046248795821288,914704000
2018-01-04,5.280882835388184,5.391153886797061,5.2586308443014715,5.334535005055593,583268000
2018-01-05,5.325634002685547,5.362967602648375,5.2188243590666055,5.2957174181485325,580124000
2018-01-08,5.4888153076171875,5.5629882962686255,5.404257647837403,5.44925631745904,881216000
2018-01-09,5.487331390380859,5.533813177481108,5.405740919070777,5.494254189668967,497000000
2018-01-10,5.53035306930542,5.533814469757792,5.340469789148835,5.394863292197616,582664000
2018-01-11,5.540241718292236,5.594388100131074,5.518731053147994,5.562987923899448,406032000
2018-01-12,5.513044834136963,5.562740913278246,5.472496941965578,5.528374024592321,359916000
2018-01-16,5.442085266113281,5.625045690898898,5.357528088354495,5.539499609245316,702348000
2018-01-17,5.556064128875732,5.565953638190663,5.362719529545396,5.456671990148342,538408000
2018-01-18,5.549141883850098,5.60353536945311,5.5056268124195125,5.536779406499214,408632000
2018-01-19,5.689330101013184,5.713559900974911,5.612437505194588,5.639386909211964,609380000
2018-01-22,5.777843952178955,5.77957465234744,5.639634575263648,5.6972423686919855,550944000
2018-01-23,5.906904697418213,5.929650904230752,5.81270463531198,5.831247646426046,475228000
2018-01-24,5.83001184463501,5.9459692137338385,5.77438186612525,5.910118730740841,579972000
2018-01-25,5.843611717224121,5.927674710931762,5.828777209975856,5.884406730051971,409884000
2018-01-26,6.016186714172363,6.016433822292154,5.874515950769539,5.887372646704361,516356000
2018-01-29,6.103216648101807,6.13436972092592,5.948936762242176,6.001599560284702,455116000
2018-01-30,6.001104354858398,6.092584814081034,5.894542284154586,5.961298256702426,570832000
2018-01-31,6.0772552490234375,6.163048915411116,6.043877264803013,6.076513453163384,478576000
2018-02-01,5.946216583251953,6.104453025922704,5.885889190010813,5.897262294327344,519224000
2018-02-02,5.773641109466553,5.883665074137193,5.715539096191559,5.8596823784534,718464000
2018-02-05,5.283602714538574,5.76646986569513,5.068500299222557,5.612437105332238,1165204000
2018-02-06,5.577327251434326,5.580293962776487,5.043774756365309,5.0536647373330075,1114800000
2018-02-07,5.656941890716553,5.809491565309387,5.605020882782141,5.6762271733639444,802932000
2018-02-08,5.378049373626709,5.8156707069049585,5.3778017939679295,5.782540304337546,1144000000
2018-02-09,5.738037109375,5.906410163484203,5.378050105946915,5.890586755861583,1674604000
2018-02-12,5.637901782989502,5.822098671670515,5.563728811412595,5.819131488722498,1093172000
2018-02-13,5.75163459777832,5.7978692720225125,5.569168396232716,5.601557473326611,625524000
2018-02-14,5.9689621925354,5.997889871758147,5.700208103710082,5.711334097904961,744988000
2018-02-15,6.094562530517578,6.140797211441129,5.971435258371617,6.052283937171471,698900000
2018-02-16,6.028796195983887,6.181098264824366,6.019648008328298,6.067366283110178,637656000
2018-02-20,6.158352375030518,6.227333269230714,6.047586628144285,6.051295607969305,686240000
2018-02-21,5.971187591552734,6.229805082592955,5.96747908371449,6.2228822831187145,892292000
2018-02-22,5.990731716156006,6.0768259579304695,5.92517151634906,6.0050809137428764,534364000
2018-02-23,6.0842485427856445,6.0842485427856445,5.9998860695396505,6.050602552530143,415300000
2018-02-26,6.100329399108887,6.134964907250784,6.037985012580062,6.13051183790017,469312000
2018-02-27,6.087464809417725,6.157973078877785,6.0644567335614035,6.073610134071277,455436000
2018-02-28,5.987020492553711,6.13793266694102,5.97539258954337,6.098349099376478,523116000
2018-03-01,5.744818210601807,6.038726408311097,5.643632522675593,5.98479364484296,1040120000
2018-03-02,5.8519415855407715,5.858374163554195,5.488514612110588,5.63720050077664,913428000
2018-03-05,5.829925537109375,5.8695091218843185,5.678270568136789,5.801722126785679,620776000
2018-03-06,5.9909796714782715,6.010276935553364,5.872228946876003,5.915276072747489,636808000
2018-03-07,5.983063220977783,6.035264221075554,5.886825575165896,5.888062355471037,581208000
2018-03-08,5.966734409332275,6.010523789141998,5.922450034324109,6.010523789141998,411912000
2018-03-09,6.069403648376465,6.082267858987151,5.998153135532195,6.014233634732215,505524000
2018-03-12,6.1790032386779785,6.259159924524613,6.102557366325849,6.110721722262003,605060000
2018-03-13,6.128284454345703,6.296267595779285,6.0869691103734835,6.221800788848863,619772000
2018-03-14,6.153767108917236,6.198546007354628,6.091422723058542,6.171332124465136,505496000
2018-03-15,6.168611526489258,6.249757717239592,6.126553917221225,6.16737474616084,401952000
2018-03-16,6.196813106536865,6.2158626323504835,6.1473334142464395,6.184937942637298,399456000
2018-03-19,5.962281703948975,6.168858454378961,5.8633227674593575,6.139913266275061,713772000
2018-03-20,6.1745500564575195,6.21339138220139,5.965251496679081,5.965251496679081,554696000
2018-03-21,6.149313449859619,6.234418169269618,6.118883280774693,6.168115243793203,438688000
2018-03-22,5.983310222625732,6.132491118984359,5.9459534190538905,6.085980442807895,551196000
2018-03-23,5.763620376586914,5.999389999687253,5.752487469052768,5.99691596780485,735620000
2018-03-26,6.048375606536865,6.049612386727085,5.836108546640599,5.888061808351075,611424000
2018-03-27,5.579309940338135,6.184939172815241,5.439035659573214,6.1292746258852215,1409000000
2018-03-28,5.476146697998047,5.675054135724173,5.368528859081421,5.544923210210689,945904000
2018-03-29,5.729479789733887,5.826211942033872,5.460063692075023,5.544426155988933,916628000
2018-04-02,5.468722820281982,5.805183644866762,5.380896801823669,5.6589717885392865,922092000
2018-04-03,5.575103282928467,5.698802047531935,5.4761443656203594,5.635715885208436,667432000
2018-04-04,5.597122669219971,5.607513321692377,5.294307818154366,5.319294930796115,789168000
2018-04-05,5.476888656616211,5.668621718590675,5.405390853594209,5.65550976924721,701240000
2018-04-06,5.3004913330078125,5.4823286493977665,5.271298419993786,5.374215872229443,662988000
2018-04-09,5.329191207885742,5.491484049666192,5.309151687383981,5.363579455415325,499524000
2018-04-10,5.638437271118164,5.665403417269104,5.502368344701402,5.5595173976085785,761676000
2018-04-11,5.597122669219971,5.664909643830483,5.56446619805715,5.623594295607323,460244000
2018-04-12,5.803946495056152,5.821759243840106,5.645859470297879,5.690143844662138,593920000
2018-04-13,5.727252960205078,5.8759388403131565,5.679010515374662,5.8675272257982405,503036000
2018-04-16,5.727006435394287,5.760405164237007,5.632747832118619,5.733933537209954,350792000
2018-04-17,5.876682281494141,5.897958583710081,5.7235433016243675,5.7792078537524585,447224000
2018-04-18,5.847737789154053,5.918988335748476,5.758674959816186,5.826214220944434,391364000
2018-04-19,5.666392803192139,5.766836233321943,5.610975998636846,5.733437510487993,471996000
2018-04-20,5.658227920532227,5.742095369269363,5.627055973490455,5.657732925490646,386200000
2018-04-23,5.5387372970581055,5.727254043126844,5.512760663679757,5.676043033305734,427508000
2018-04-24,5.472432613372803,5.6604542880144315,5.407119691984609,5.564464414249508,414596000
2018-04-25,5.360116004943848,5.481835756528574,5.202771224921857,5.442746705232682,588492000
2018-04-26,5.571887493133545,5.580051846377553,5.455858075521565,5.521913270808961,375824000
2018-04-27,5.599349498748779,5.697566655087498,5.557044627976112,5.677774866805812,400848000
2018-04-30,5.563971042633057,5.665404004024835,5.54467425198951,5.615677041839718,327844000
2018-05-01,5.619387626647949,5.6221089201822005,5.49717290424852,5.5558064694792195,253788000
2018-05-02,5.598854064941406,5.660455718725476,5.5726297019989435,5.61592455623797,268248000
2018-05-03,5.764115810394287,5.790340174991743,5.585494738378764,5.6307686324193025,443144000
2018-05-04,5.9142866134643555,5.917502902821362,5.718100512661951,5.735418267855929,400660000
2018-05-07,6.152283668518066,6.209432738181536,6.009040337736786,6.0189364684679525,687616000
2018-05-08,6.194836616516113,6.1975579110548695,6.103546551430049,6.152531268748189,506616000
2018-05-09,6.327934741973877,6.330161512598483,6.187660461332376,6.214874344668311,596760000
2018-05-10,6.435553550720215,6.444706951889222,6.363065767063172,6.380878517899796,994080000
2018-05-11,6.297010898590088,6.427142277887249,6.198299686464402,6.253716507306892,1214456000
2018-05-14,6.3175435066223145,6.394979341777317,6.2937936481847085,6.335108992711204,523140000
2018-05-15,6.075094699859619,6.25668480407542,5.974651251946578,6.253963038192697,963528000
2018-05-16,6.0862274169921875,6.148324069519449,5.999638175408817,6.036500453888233,553828000
2018-05-17,6.128284454345703,6.222048050489886,6.071877656550564,6.087958628810937,519784000
2018-05-18,6.08449649810791,6.2435730669768255,6.07954843289269,6.180239625341193,483716000
2018-05-21,6.042438507080078,6.185681824489535,5.949664413566579,6.181971011748496,640624000
2018-05-22,6.004339694976807,6.0810328166773475,5.943727077071348,6.055798439617377,518264000
2018-05-23,6.127865314483643,6.129103331458581,5.947400968212289,5.948143683964226,442956000
2018-05-24,6.1315789222717285,6.173910418436382,6.070929306165925,6.124152708475605,437372000
2018-05-25,6.17094087600708,6.187279210886829,6.108558400374549,6.144205461855242,292112000
2018-05-29,6.153860092163086,6.221936883920191,6.107073233408672,6.152869961546394,352684000
2018-05-30,6.262781143188477,6.271445374432317,6.162770889879471,6.187526038646952,390996000
2018-05-31,6.242977619171143,6.31749048600782,6.22020320155133,6.230847694457186,493868000
2018-06-01,6.377396106719971,6.383585247283017,6.279118711612124,6.287782941802231,421968000
2018-06-04,6.556376934051514,6.578408636159728,6.379378240442334,6.4115596064779865,642024000
2018-06-05,6.561822414398193,6.599450203723649,6.514787677741375,6.5595942668071325,391712000
2018-06-06,6.563802719116211,6.567020997158624,6.455375645597475,6.471713978212151,371356000
2018-06-07,6.508103847503662,6.571971742542208,6.417747485949788,6.560089233659413,369448000
2018-06-08,6.4927568435668945,6.5353352907229345,6.41651112431249,6.4353250214856,360456000
2018-06-11,6.451663017272949,6.521719590545876,6.438790376313072,6.480131276136385,265372000
2018-06-12,6.500183582305908,6.51231350895597,6.427898851643736,6.4781518770735795,319160000
2018-06-13,6.495726585388184,6.576675534754701,6.486567052317168,6.50166784033084,338208000
2018-06-14,6.607373237609863,6.664062349190575,6.525928970933743,6.540782347290175,430016000
2018-06-15,6.566525459289551,6.621481709937693,6.519243309454045,6.550187127263487,432260000
2018-06-18,6.562317848205566,6.579893726061983,6.495231670535371,6.5224619104842585,356268000
2018-06-19,6.440522193908691,6.526422258114533,6.313033821936863,6.459088200376293,594932000
2018-06-20,6.493498802185059,6.546474322311019,6.443245786663021,6.481616292496833,369780000
2018-06-21,6.364772319793701,6.543751262218643,6.357098218724655,6.525432668778922,359516000
2018-06-22,6.212281703948975,6.398935243733128,6.196933971992394,6.385567300734983,434160000
2018-06-25,5.919429779052734,6.1095485423570866,5.8308067183071035,6.105835434657342,665816000
2018-06-26,5.990475654602051,6.081079436066158,5.938985094509165,6.03280715402038,478884000
2018-06-27,5.835261821746826,6.100388255286765,5.829815396005465,6.03404479325877,453892000
2018-06-28,5.962503910064697,5.974386422063286,5.817686562350516,5.825360665009383,338012000
2018-06-29,5.864473819732666,6.040234518299897,5.863235802325687,6.027609762606614,392300000
2018-07-02,5.996665000915527,6.000378108225789,5.774364420313867,5.794911162139062,357572000
2018-07-03,5.8629865646362305,6.037262249156117,5.854569748681022,6.031320995079803,222732000
2018-07-05,6.008794784545898,6.013745436788388,5.879325667059274,5.9181910021127795,306216000
2018-07-06,6.122668266296387,6.131085083979674,5.962998033564039,5.984287492361402,296352000
2018-07-09,6.1701979637146,6.2065882121743305,6.091477155707027,6.196933849181037,303880000
2018-07-10,6.269218444824219,6.2912501473942735,6.142224880107605,6.18257564991396,360016000
2018-07-11,6.12761926651001,6.211043781383894,6.116974301245094,6.176386852998671,367508000
2018-07-12,6.219212532043457,6.267237401223784,6.163018732336853,6.172920981397433,345508000
2018-07-13,6.17193078994751,6.237779428524736,6.129847172966779,6.237779428524736,246988000
2018-07-16,6.144205093383789,6.197181089306234,6.131827753706514,6.144205093383789,197036000
2018-07-17,6.2801103591918945,6.295211148123128,6.069444863079724,6.094942730751054,362136000
2018-07-18,6.2308478355407715,6.286546807953445,6.179852573238512,6.272684036537889,277640000
2018-07-19,6.239017009735107,6.2726842812465815,6.19693386467628,6.212034181772214,235752000
2018-07-20,6.210795879364014,6.275406493139366,6.199903500369841,6.236541159048277,222352000
2018-07-23,6.174158573150635,6.186041083247126,6.022409863089399,6.184308236864938,301584000
2018-07-24,6.156830310821533,6.308826440435921,6.1392539596804,6.222183646325806,354620000
2018-07-25,6.235055446624756,6.247680671333799,6.108309314757565,6.166236427521853,319112000
2018-07-26,6.3085784912109375,6.345463567401592,6.198171149388678,6.215004784437119,325124000
2018-07-27,6.23876953125,6.352147740349501,6.184803403711614,6.3452163544423,295420000
2018-07-30,6.043453216552734,6.2588224602861855,6.008548394598087,6.252881203949962,340340000
2018-07-31,6.061524391174316,6.136284688448114,5.99419078235108,6.033056127028493,283988000
2018-08-01,6.101378440856934,6.148165764481773,6.0375105404680225,6.092962095844644,283556000
2018-08-02,6.2041120529174805,6.208072574705401,5.971166985359112,6.030083760358723,269668000
2018-08-03,6.240748405456543,6.264513421665862,6.211785323137226,6.228618482814538,214288000
2018-08-06,6.288527488708496,6.291993181793711,6.181585832270276,6.2281252743189555,207508000
2018-08-07,6.360811233520508,6.379377713422976,6.310558691533333,6.337294101520553,258132000
2018-08-08,6.397202014923096,6.442256497359795,6.327145436993916,6.362050254739831,262100000
2018-08-09,6.348681926727295,6.4177483698942375,6.341007825023719,6.415025392934629,204280000
2018-08-10,6.3073410987854,6.339770352414392,6.255603119465486,6.266742914184172,256396000
2018-08-13,6.340263366699219,6.4610682275607765,6.314270677184424,6.316003523152077,375208000
2018-08-14,6.471714019775391,6.485824677039945,6.362544229686885,6.445721325031748,466220000
2018-08-15,6.413540363311768,6.526423267684959,6.3348190861028755,6.492508582940349,591136000
2018-08-16,6.3729424476623535,6.4858258373120625,6.312787644971359,6.4833502746795375,801260000
2018-08-17,6.0605340003967285,6.262287875741542,6.033550697366725,6.261545159711826,1143188000
2018-08-20,6.135293483734131,6.267980416765601,5.909527199311317,6.019935015221856,854388000
2018-08-21,6.270950794219971,6.2754066172986365,6.131827315346505,6.151631340713516,673988000
2018-08-22,6.506124496459961,6.511075621573592,6.2348093561138525,6.238275049260338,749856000
2018-08-23,6.6056389808654785,6.670992311954336,6.453642861520282,6.467505632094863,720684000
2018-08-24,6.7388224601745605,6.753427949344852,6.609601205684307,6.614057029603747,531512000
2018-08-27,6.829920291900635,6.904185274337118,6.737088827772408,6.76852747832332,505776000
2018-08-28,6.792292594909668,6.846754023483587,6.672230415188345,6.823979132659071,475384000
2018-08-29,6.897806644439697,6.922822885239356,6.76380844716258,6.784613977440694,420108000
2018-08-30,6.880964756011963,6.977810166582687,6.844059500674693,6.866598828266459,346608000
2018-08-31,6.952051162719727,6.9649308466473885,6.850995035772361,6.860902702989136,306592000
2018-09-04,7.026852130889893,7.064500036841186,6.910439406832044,6.938923240558831,391720000
2018-09-05,6.896073341369629,7.04468503507189,6.815080102942609,7.009266024184306,393156000
2018-09-06,6.754891872406006,6.882202450717836,6.721949780757953,6.879725534232668,322796000
2018-09-07,6.733590602874756,6.859167374988806,6.617921023338989,6.66275212089794,295420000
2018-09-10,6.804677486419678,6.834400014785048,6.712290807176201,6.7561312412503955,220140000
2018-09-11,6.7568745613098145,6.846041204169021,6.737554799200876,6.758360333453906,243112000
2018-09-12,6.642937660217285,6.736563021414469,6.487390806329898,6.716995712563337,419092000
2018-09-13,6.7207112312316895,6.8113641025385085,6.69148427952384,6.7088222216516336,305536000
2018-09-14,6.84678316116333,6.912915364086201,6.77421135358252,6.8111166045746385,386936000
2018-09-17,6.784860610961914,6.87031255938202,6.765541327576842,6.821270756454428,205528000
2018-09-18,6.712785720825195,6.891615041101095,6.706098565499135,6.788825597887477,299520000
2018-09-19,6.736562252044678,6.754395764622529,6.6441755958097595,6.6942080730427955,224860000
2018-09-20,6.595381736755371,6.656807653872388,6.541386096008046,6.61445347232534,430584000
2018-09-21,6.525286674499512,6.652845269611771,6.492097034372639,6.607271047597377,435128000
2018-09-24,6.581015110015869,6.584482697931757,6.407139669628566,6.494324939695232,293912000
2018-09-25,6.648139476776123,6.673155719882226,6.5614492868678465,6.647148804636801,280388000
2018-09-26,6.611234188079834,6.693466116713175,6.595382489087721,6.653093274602936,268548000
2018-09-27,6.6231231689453125,6.667706721743791,6.5916673210292585,6.646405617474192,214428000
2018-09-28,6.960472106933594,6.982763885728506,6.727152024293565,6.755140758975559,709396000
2018-10-01,7.167041778564453,7.2339166346562855,6.999605907352073,7.03824495455493,622060000
2018-10-02,7.095707893371582,7.251254275391931,7.073416118129481,7.1395483216912465,383964000
2018-10-03,7.101898670196533,7.173479793519264,6.997870561927678,7.166049045634555,320552000
2018-10-04,6.9176225662231445,7.090011812087,6.840592015461616,7.065738689697317,391220000
2018-10-05,6.684053421020508,6.955021830867939,6.626590190606501,6.892852790134913,426636000
2018-10-08,6.582749366760254,6.716251983331009,6.441816001665867,6.600830429653313,408612000
2018-10-09,6.577054023742676,6.656808565226842,6.509188020562318,6.562192524121725,273500000
2018-10-10,6.085397720336914,6.516866899058399,6.083168353468724,6.471044646459707,684940000
2018-10-11,5.823838710784912,6.131712293267207,5.802290063854984,5.99820922981551,725436000
2018-10-12,6.106449604034424,6.180755676857309,5.935794178537706,6.080938263373666,608236000
2018-10-15,5.830032825469971,6.093075413362717,5.829042153324059,6.093075413362717,449760000
2018-10-16,6.088864326477051,6.100010214171558,5.893440203161957,5.942729564448399,408712000
2018-10-17,6.0202555656433105,6.189177685404752,5.97121375134293,6.151033737110992,329668000
2018-10-18,5.932821273803711,6.12799782664403,5.872386031188875,6.089606807180809,524020000
2018-10-19,5.676219940185547,6.007623641207655,5.6398102574103195,5.988056802733743,613608000
2018-10-22,5.72699499130249,5.828546202223096,5.624205558385853,5.7284812356365284,368844000
2018-10-23,5.475346088409424,5.552871726337115,5.367602355002051,5.459741468438981,626436000
2018-10-24,4.93910551071167,5.483519215879768,4.925235158022478,5.436954325445062,884288000
2018-10-25,5.1479058265686035,5.1952138479097965,4.797182366382953,4.8415183712045335,951720000
2018-10-26,4.9113664627075195,5.073600511878566,4.783312734587742,4.911861562657233,664784000
2018-10-29,4.59754753112793,5.056014268683854,4.359521179092843,5.052546679853374,758016000
2018-10-30,5.028025150299072,5.037932816154512,4.597547178743343,4.62058207667608,807192000
2018-10-31,5.221962928771973,5.265555803364496,5.053040834990605,5.192735979115608,745772000
2018-11-01,5.402280330657959,5.411692426473624,5.131806941476014,5.258374426396487,566528000
2018-11-02,5.323266983032227,5.498628694228273,5.2066067254789345,5.392866774252923,452960000
2018-11-05,5.245245933532715,5.333422364114536,5.084497693276712,5.3101394439240455,379332000
2018-11-06,5.227660179138184,5.32153308768528,5.190506906599606,5.23731982213188,299012000
2018-11-07,5.295278072357178,5.384940269026942,5.230632116099306,5.29428740032455,483812000
2018-11-08,5.1020827293396,5.236823558496893,5.048582194019992,5.236080436453416,511352000
2018-11-09,5.094156742095947,5.184562056237323,4.979478310923851,5.013163520414732,413240000
2018-11-12,4.694639682769775,5.024805104346785,4.6728430089381945,5.002760880619506,617116000
2018-11-13,4.936628818511963,5.057994882472456,4.786283353554726,4.7924758805063306,644712000
2018-11-14,4.884120941162109,5.12412867756934,4.776130097110828,5.109762747551906,526580000
2018-11-15,5.0129170417785645,5.084993758604828,4.842261119155634,4.8781757025975505,840708000
2018-11-16,4.0727009773254395,4.227009150577226,4.00285315695543,4.045207816999074,1963520000
2018-11-19,3.584016799926758,4.00805500638461,3.5822830053337373,4.00731235649354,1697820000
2018-11-20,3.692502498626709,3.820803746237107,3.301901800762086,3.3204782015703618,1692032000
2018-11-21,3.584263563156128,3.8465630063264507,3.5570181917872543,3.8297204002323246,1025496000
2018-11-23,3.591447114944458,3.7051349018777193,3.536708577111234,3.549588260861614,411968000
2018-11-26,3.7908339500427246,3.8012367157143805,3.6300857095461447,3.7125651851629966,814832000
2018-11-27,3.8076767921447754,3.888917814554151,3.7289126863470217,3.764827032368452,738060000
2018-11-28,3.9647090435028076,3.969910425841306,3.792814931590314,3.9253268786979145,804524000
2018-11-29,3.9014861583709717,4.00413063834517,3.8712383001203454,3.9669406641975535,549172000
2018-11-30,4.051982879638672,4.062643853246417,3.8608256738166706,3.911156260738207,729564000
2018-12-03,4.2158660888671875,4.330907541332571,4.148923852142171,4.279337267668514,890804000
2018-12-04,3.8952882289886475,4.176197094148096,3.880164062169579,4.171238304414348,812112000
2018-12-06,3.924544095993042,3.9295026488612685,3.739089584338821,3.7547093450786555,692308000
2018-12-07,3.65975022315979,3.9389237426085892,3.6104115515028763,3.92875836745464,681676000
2018-12-10,3.765122652053833,3.7899161266160215,3.6111556904794924,3.6148747825982497,629472000
2018-12-11,3.674131155014038,3.8650400638953015,3.5950402098662657,3.856858250136846,671912000
2018-12-12,3.691734552383423,3.7879327562242606,3.590577558798652,3.67983364615647,654136000
2018-12-13,3.6914868354797363,3.8028092157352287,3.655536552539903,3.738594396302023,471384000
2018-12-14,3.630991220474243,3.733635721092752,3.6074374393378656,3.6498340089352084,471820000
2018-12-17,3.559833526611328,3.6731392207550333,3.5018169651098257,3.60099062907905,662868000
2018-12-18,3.643139123916626,3.727188615222916,3.576444922023647,3.603717553451435,564372000
2018-12-19,3.434131145477295,3.662974134322945,3.382560867827784,3.6094202935145665,745364000
2018-12-20,3.349585771560669,3.5157014402859024,3.2898336808839765,3.4257014896294447,749588000
2018-12-21,3.212477922439575,3.4090894642134386,3.1849572578139753,3.376114178890128,863740000
2018-12-24,3.150742769241333,3.222643561633783,3.0867757562867943,3.1361146712886043,463840000
2018-12-26,3.299999237060547,3.300990900456961,3.085784337859495,3.1968586774937924,695100000
2018-12-27,3.2521469593048096,3.282147015426162,3.103634646298197,3.2476842387446307,637044000
2018-12-28,3.3136353492736816,3.4063627313976044,3.230825546645806,3.272726279644924,628728000
2018-12-31,3.3099167346954346,3.389503282499134,3.279172803491995,3.3570240584951185,465140000
2019-01-02,3.3773539066314697,3.4333868996248627,3.224378856162952,3.239006953051816,508752000
2019-01-03,3.173305034637451,3.351073592495167,3.1658670859489457,3.317106637005222,705552000
2019-01-04,3.376610040664673,3.414791673871734,3.215700986169574,3.246444672660048,585620000
2019-01-07,3.555370569229126,3.5923127453752457,3.3825605935906724,3.433883069464481,709160000
2019-01-08,3.4668586254119873,3.639172794552733,3.3942139598390235,3.636941197186312,786016000
2019-01-09,3.5350406169891357,3.582395974416625,3.4676025381289186,3.5181809199379885,617260000
2019-01-10,3.600742816925049,3.609420462811917,3.4552056907558453,3.515701650785624,523156000
2019-01-11,3.6899983882904053,3.712808297001546,3.550659541578247,3.5784280027319477,874764000
2019-01-14,3.729916572570801,3.755205882652288,3.6141314684872796,3.6376852492714162,730168000
2019-01-15,3.7157833576202393,3.8020641997329645,3.697436170569023,3.762642633730942,617012000
2019-01-16,3.690246105194092,3.7760311176732415,3.68479172127132,3.743056070774085,470104000
2019-01-17,3.7616512775421143,3.8015686783789326,3.6299984068593476,3.6572712738730604,493436000
2019-01-18,3.890824794769287,3.916857964789243,3.759915788355098,3.8114860603238583,651336000
2019-01-22,3.6885108947753906,3.872229873528204,3.6582630372268445,3.8605770026218598,661552000
2019-01-23,3.701404094696045,3.832561159734769,3.6701645685530946,3.743800898466209,591020000
2019-01-24,3.9133870601654053,3.930990147489875,3.781238351296663,3.7859491065723643,708972000
2019-01-25,3.9706597328186035,3.988758889220741,3.751238495256053,3.853882980738401,1154572000
2019-01-28,3.421734571456909,3.5117345275867393,3.247933146585214,3.385536256324411,2511528000
2019-01-29,3.2628087997436523,3.4239659130733004,3.2481807016278883,3.3756186608503564,1153932000
2019-01-30,3.406363010406494,3.4207430762470104,3.2593381453189685,3.3389249302879227,974228000
2019-01-31,3.5640480518341064,3.5997505290379195,3.3813207424160203,3.403138988609483,842852000
2019-02-01,3.588345527648926,3.6394199681743107,3.5350399630359073,3.582643109291416,625048000
2019-02-04,3.698676347732544,3.7358663217906254,3.582147399796821,3.604213444766,528592000
2019-02-05,3.7177677154541016,3.7544618632895603,3.6768586433694055,3.710577564467057,542424000
2019-02-06,3.7933876514434814,3.8578505040786135,3.7455364619117537,3.750990847286024,702464000
2019-02-07,3.6550400257110596,3.749254899084934,3.6121476310741185,3.747023538367698,637120000
2019-02-08,3.6736350059509277,3.6842959771635266,3.5734696863550894,3.5878497494813453,461604000
2019-02-11,3.630991220474243,3.6838009660114146,3.5826439606208225,3.629503488798189,495180000
2019-02-12,3.7480149269104004,3.7636349236820656,3.6550397577399782,3.6694200572156017,591060000
2019-02-13,3.790412425994873,3.8635529248856213,3.763883419126661,3.777519855463347,605372000
2019-02-14,3.8313207626342773,3.8595852933200447,3.746279372988271,3.7894200346791997,827264000
2019-02-15,3.9009904861450195,4.062890991905326,3.8781805745021547,4.04008131671056,1516748000
2019-02-19,3.883634328842163,3.9642129904552887,3.871237829930661,3.8903286463286673,551892000
2019-02-20,3.930990219116211,3.998180255082452,3.9017342600920597,3.9128910633713883,540988000
2019-02-21,3.8620645999908447,3.9681801382661352,3.847436502459841,3.9436349349476982,448548000
2019-02-22,3.9468579292297363,3.9657009502701905,3.9002464447175287,3.913882878857029,401740000
2019-02-25,3.9344613552093506,4.0978495819878304,3.925783474088794,4.030411751134278,656020000
2019-02-26,3.8950397968292236,3.985783606228599,3.861568678891669,3.9297506120735117,488464000
2019-02-27,3.8531394004821777,3.9071888363174554,3.796114501695703,3.8806600682997003,500256000
2019-02-28,3.82856822013855,3.869271393984341,3.806231380983356,3.846934318137376,324944000
2019-03-01,3.8829221725463867,3.9251141407930623,3.820130207820398,3.8784546150274335,357188000
2019-03-04,3.8911123275756836,3.944224780345682,3.834525002731368,3.9213913606782698,409992000
2019-03-05,3.8846592903137207,3.9228802784474985,3.8211226964898493,3.875476122753563,362924000
2019-03-06,3.7737185955047607,3.8841627672757784,3.770988592510421,3.875724468615191,403524000
2019-03-07,3.7044734954833984,3.7598198414219204,3.6583103167185556,3.750140331612972,450104000
2019-03-08,3.7387235164642334,3.749395710902994,3.593780824537837,3.6151252134153578,422416000
2019-03-11,3.9993228912353516,4.022156074500711,3.715145998462042,3.762302103097336,859728000
2019-03-12,4.033573150634766,4.079984149653908,3.950925822453151,4.027119985748351,579576000
2019-03-13,4.1849684715271,4.214254820812788,4.063603806431297,4.071049656945547,768900000
2019-03-14,4.10902214050293,4.206064345918791,4.101328237837896,4.194151175767542,519384000
2019-03-15,4.214501857757568,4.257190154822188,4.148731384917851,4.152206019253151,661484000
2019-03-18,4.193159103393555,4.299880597637805,4.166106176932569,4.246023271110318,486992000
2019-03-19,4.360935211181641,4.405361320517953,4.27084272733063,4.287719328046137,854972000
2019-03-20,4.3284220695495605,4.443333567074416,4.293675241273707,4.389972822984952,719148000
2019-03-21,4.565194606781006,4.591502900893459,4.3465401375833475,4.351504038115299,824312000
2019-03-22,4.405360221862793,4.586538303290735,4.391461681192544,4.537893410944863,747644000
2019-03-25,4.3130340576171875,4.428938234997656,4.246767460094683,4.364657481505633,525212000
2019-03-26,4.389723777770996,4.510839886524296,4.333384516920328,4.454749151997813,703508000
2019-03-27,4.38054084777832,4.461698661810291,4.311048149956939,4.415287670072511,474372000
2019-03-28,4.399156093597412,4.464926116428568,4.346043401267058,4.406601470742921,480264000
2019-03-29,4.45648717880249,4.480810098985009,4.415536188042693,4.465918399269128,456896000
2019-04-01,4.523995399475098,4.554274434246291,4.476591239836674,4.548317848493185,483824000
2019-04-02,4.541863918304443,4.586290014274835,4.505132197961692,4.548069029398765,440920000
2019-04-03,4.681345462799072,4.740414719537137,4.586537177875998,4.591501076435517,783504000
2019-04-04,4.672411918640137,4.714852172484048,4.609619959964738,4.665958754324384,457376000
2019-04-05,4.7391743659973145,4.756548014100266,4.679112886736309,4.715596553647142,481744000
2019-04-08,4.7600226402282715,4.785089717046116,4.684572883433844,4.708647275038631,424192000
2019-04-09,4.697229862213135,4.73768473620577,4.6550376710560935,4.7265162010941,439972000
2019-04-10,4.7677178382873535,4.793529556939661,4.692020473827563,4.696487795635909,444772000
2019-04-11,4.753817558288574,4.801718288833608,4.704428036606606,4.770198047862929,374600000
2019-04-12,4.715845108032227,4.796506825958839,4.707158519748876,4.792535611293497,471708000
2019-04-15,4.584056854248047,4.71311542226327,4.544346598456222,4.708151521943394,440092000
2019-04-16,4.671170234680176,4.690032673010929,4.590509002574264,4.623269980015366,394964000
2019-04-17,4.6483378410339355,4.7270137160976615,4.626000764151662,4.706165903909824,351004000
2019-04-18,4.623767852783203,4.689041779662494,4.595970763940432,4.655040051114986,380988000
2019-04-22,4.677624702453613,4.693260563311995,4.568669782475209,4.600189557207102,279936000
2019-04-23,4.732226371765137,4.763498568073619,4.68109951903955,4.690778794223387,346856000
2019-04-24,4.744635581970215,4.7853385224063585,4.681843616882323,4.742649737848358,318204000
2019-04-25,4.638906002044678,4.726765033170298,4.5592374522633365,4.704427959264903,499296000
2019-04-26,4.420003890991211,4.489497075526725,4.301121176260781,4.485029281195309,868988000
2019-04-29,4.450779438018799,4.478576522061202,4.355722594235306,4.427945780852836,391920000
2019-04-30,4.492227077484131,4.517790264772297,4.399404129460708,4.418514625022333,362920000
2019-05-01,4.479072093963623,4.586786243783392,4.478823567638014,4.5445940478306355,354280000
2019-05-02,4.546580791473389,4.5882764207529725,4.445567827647048,4.4887527217962235,394684000
2019-05-03,4.542113304138184,4.564946488846649,4.480562074538037,4.555019161307543,336824000
2019-05-06,4.463685512542725,4.475846737404881,4.31849449984335,4.355722806843526,422176000
2019-05-07,4.296406269073486,4.415288996719353,4.248257472039566,4.415288996719353,555220000
2019-05-08,4.31650972366333,4.396674881623727,4.256944329580253,4.268857503073603,419168000
2019-05-09,4.223934173583984,4.257191738438508,4.105051929834627,4.247512463958678,660248000
2019-05-10,4.189932346343994,4.258680898184271,4.070304999758619,4.193158928885538,569500000
2019-05-13,3.9325597286224365,4.080977068369672,3.9166755804089837,4.057895360022364,656912000
2019-05-14,4.021660327911377,4.056903264695281,3.933552985951617,3.972270321780847,524880000
2019-05-15,3.9606053829193115,3.997089055458415,3.9067482962888453,3.9660653891352973,502320000
2019-05-16,3.9757442474365234,4.018433027482901,3.912704472706477,3.955144726399151,781088000
2019-05-17,3.8849074840545654,4.0631075221199,3.8454455195047093,3.93380090618027,1022068000
2019-05-20,3.766273260116577,3.8412264517254946,3.741454231583,3.78612838826672,572064000
2019-05-21,3.848424196243286,3.8643083478366496,3.788362462532847,3.8270800376619527,361848000
2019-05-22,3.7774415016174316,3.835765906375919,3.766521016311151,3.8097061414918434,325868000
2019-05-23,3.656325578689575,3.7151463332504586,3.596511901994618,3.7151463332504586,591844000
2019-05-24,3.602468252182007,3.710430479443989,3.595767034155915,3.6751875449409863,357584000
2019-05-28,3.557297706604004,3.6528506553060973,3.5553120991840212,3.6200896713730124,428356000
2019-05-29,3.4830892086029053,3.544639962663418,3.4483426166659505,3.5096453177271654,559800000
2019-05-30,3.456502914428711,3.522099675403888,3.418238058205867,3.4863196024208847,394300000
2019-05-31,3.365809917449951,3.4748894274087694,3.364070616731768,3.407553371648301,389720000
2019-06-03,3.3240673542022705,3.415753638055987,3.2947475723490176,3.3769918684572464,478644000
2019-06-04,3.5531582832336426,3.558376185167301,3.3660583480395427,3.388172347229134,641836000
2019-06-05,3.5104212760925293,3.632421377374354,3.474144295945968,3.6269549019543383,511616000
2019-06-06,3.5725388526916504,3.5971376326517728,3.5121600076111754,3.5146447903049864,408140000
2019-06-07,3.615276336669922,3.649565439446264,3.559369907514877,3.5785024510507033,348856000
2019-06-10,3.688079357147217,3.75665780885729,3.671431594222024,3.671431594222024,402780000
2019-06-11,3.745724678039551,3.7857288321925013,3.706217670067543,3.747960888005973,383872000
2019-06-12,3.6326699256896973,3.7084541558272526,3.617513127054581,3.7022421977230424,358892000
2019-06-13,3.6838550567626953,3.702241882476783,3.6371420362521496,3.654783616626768,308080000
2019-06-14,3.593907117843628,3.615027295348524,3.549182217274716,3.59067709013582,394428000
2019-06-17,3.6035988330841064,3.6406212988758755,3.569309486766744,3.592168971990992,276040000
2019-06-18,3.798649549484253,3.8540588391662554,3.6540385354933305,3.6649712495703537,581920000
2019-06-19,3.804612636566162,3.845362034270252,3.7785228895428085,3.8339324118515234,331644000
2019-06-20,3.828963279724121,3.9092199297125085,3.8145519635283556,3.8953055227701183,350168000
2019-06-21,3.770820379257202,3.8632523660926026,3.764360085471985,3.8140547988733218,434428000
2019-06-24,3.7931835651397705,3.82275191964685,3.7449798085802923,3.7921897465391603,282948000
2019-06-25,3.7638628482818604,3.8731909238839837,3.7611297293284847,3.79815218806245,311868000
2019-06-26,3.957174777984619,4.0182993502821525,3.8784090992993048,3.8913296866554123,584072000
2019-06-27,4.055819988250732,4.074952303294491,4.006870739816384,4.042899396102157,445440000
2019-06-28,4.080666542053223,4.108992504658828,4.033953750636533,4.099798853291294,397668000
2019-07-01,4.128869533538818,4.322181195149947,4.091349926515386,4.287891853403796,709756000
2019-07-02,4.030970096588135,4.1333409508298855,4.017801176475289,4.112220537513263,400228000
2019-07-03,4.043891429901123,4.060042281438798,3.9840097272590325,4.054327233500396,246636000
2019-07-05,3.981276273727417,3.989972775995975,3.917915501286406,3.9855003568184064,396552000
2019-07-08,3.9062376022338867,3.940526941724397,3.87617258311529,3.9216429713940832,329788000
2019-07-09,3.9087228775024414,3.9368002634679993,3.851325714002341,3.863997728866844,342860000
2019-07-10,3.977052688598633,4.034449610757717,3.9382909276666758,3.9522053330385747,452076000
2019-07-11,4.131602764129639,4.172352163605973,4.0128326932695355,4.0501034912530605,682560000
2019-07-12,4.16464900970459,4.2357124701066695,4.159431108052494,4.159431108052494,506392000
2019-07-15,4.1562018394470215,4.20192081085043,4.127876351644319,4.185770429821443,289840000
2019-07-16,4.151480674743652,4.1785640051605855,4.095822575324696,4.1412932060988865,341444000
2019-07-17,4.216829776763916,4.223786981072954,4.1239008632943355,4.153220645432139,348204000
2019-07-18,4.228507041931152,4.291370680463468,4.170612969636914,4.227264887333593,442192000
2019-07-19,4.185272693634033,4.2732320221070195,4.179309309167738,4.266771965390809,344896000
2019-07-22,4.256831645965576,4.269752229718017,4.199185928152861,4.206640275137497,315940000
2019-07-23,4.364669322967529,4.366656959528526,4.280436944204497,4.296091122374806,428176000
2019-07-24,4.439211845397949,4.444926894123487,4.3318718656363995,4.407904430288153,366236000
2019-07-25,4.308017730712891,4.410388603872012,4.284661340679692,4.397716353540302,392700000
2019-07-26,4.350010871887207,4.396723663946052,4.335102644914468,4.335102644914468,274160000
2019-07-29,4.343797206878662,4.359948055329464,4.255589565358658,4.342803388714945,248160000
2019-07-30,4.359452724456787,4.371627831398361,4.282923006900058,4.297334561084034,197772000
2019-07-31,4.192228317260742,4.328888488406282,4.149987969659208,4.327894196433209,359416000
2019-08-01,4.097810745239258,4.2931100574055145,4.0456312466617215,4.202665940748666,421212000
2019-08-02,4.005130290985107,4.07445446353543,3.9576722582600006,4.005130290985107,428348000
2019-08-05,3.7467188835144043,3.82275144718998,3.699757524490677,3.8215090556117692,589156000
2019-08-06,3.785480260848999,3.8669792968494745,3.7377736583367893,3.8215089043047192,361272000
2019-08-07,3.823744773864746,3.8356715419119998,3.7072111601832995,3.724604166117267,372560000
2019-08-08,3.9323277473449707,3.933570138883611,3.8239937169722924,3.881390879070509,309300000
2019-08-09,3.830950975418091,3.8948084322634977,3.7805110156372868,3.8913298306897843,341816000
2019-08-12,3.763118267059326,3.8309512393826006,3.741252600687972,3.778771975219626,279200000
2019-08-13,3.877415418624878,3.9233829611122943,3.7226171654408264,3.761627267404017,351956000
2019-08-14,3.7288289070129395,3.800389053990048,3.685097811398918,3.7892077662147514,419880000
2019-08-15,3.6965270042419434,3.7675902336691864,3.662237899501885,3.747712443711656,477200000
2019-08-16,3.9646284580230713,4.0138257791623335,3.8980376586702508,3.9594105567361506,1007960000
2019-08-19,4.243414878845215,4.2593173945686855,4.061781656938408,4.077932508773906,815112000
2019-08-20,4.1711106300354,4.238446696913457,4.149990207881851,4.237949550658794,463188000
2019-08-21,4.254595756530762,4.30975669923468,4.215585664112146,4.237202751880667,427244000
2019-08-22,4.260807991027832,4.306775285747749,4.221549088220325,4.264286591991244,303488000
2019-08-23,4.036189079284668,4.238694395723602,4.016311288794729,4.184278926485249,568056000
2019-08-26,4.1109795570373535,4.139057179481086,4.072714940004575,4.114955304774386,318208000
2019-08-27,4.020287036895752,4.151977221184326,3.9909672603756383,4.1492441020043005,290968000
2019-08-28,4.009841442108154,4.062569761864223,3.9546258792776436,3.993923655703462,255612000
2019-08-29,4.153600692749023,4.185933901105231,4.097887496414658,4.1013695415359885,357976000
2019-08-30,4.166285037994385,4.249606013799285,4.14812859198938,4.1998621051641445,290616000
2019-09-03,4.0832133293151855,4.126490313840776,4.060331452749214,4.093410883294995,296140000
2019-09-04,4.197373867034912,4.204835593878821,4.143899343969294,4.143899343969294,227728000
2019-09-05,4.4704670906066895,4.4766849589793285,4.297856370030301,4.299597392150358,695676000
2019-09-06,4.443356513977051,4.504043706705428,4.4053026089702545,4.447087140148556,376976000
2019-09-09,4.489370822906494,4.575925269285243,4.472955398068076,4.474447838796963,417524000
2019-09-10,4.556027412414551,4.582639914927239,4.446839679949437,4.456539595077907,352812000
2019-09-11,4.584629535675049,4.632880998918888,4.541601139624015,4.570701356494233,361512000
2019-09-12,4.583136081695557,4.685856854831163,4.575177191694143,4.631138952379412,327840000
2019-09-13,4.525186061859131,4.553540060658495,4.481411442253461,4.51648094920929,324592000
2019-09-16,4.4821577072143555,4.51672957619492,4.439626945787897,4.4500730810718325,231832000
2019-09-17,4.503548622131348,4.507776888461242,4.442363762948346,4.4888742181840104,223048000
2019-09-18,4.476436614990234,4.5122523394959275,4.389882659024344,4.49658313792207,258152000
2019-09-19,4.400826930999756,4.500811913597677,4.390131739066265,4.482406410974677,245476000
2019-09-20,4.295121192932129,4.423460173907958,4.284924113847228,4.399832078165615,350244000
2019-09-23,4.348594665527344,4.394110297701408,4.291638098430751,4.2953691990305645,249712000
2019-09-24,4.291141986846924,4.4095319963974315,4.255575315027087,4.379934612608072,317268000
2019-09-25,4.4329118728637695,4.452560761138615,4.24587527285696,4.2906446995518035,308432000
2019-09-26,4.410776138305664,4.431917469210402,4.35978883651479,4.423212354835849,234564000
2019-09-27,4.271990776062012,4.419729588730496,4.21130309295091,4.368990877221996,362056000
2019-09-30,4.329444408416748,4.339641961724971,4.266518540414827,4.297857420629497,186184000
2019-10-01,4.32770299911499,4.501806186906424,4.32297757022471,4.352574950855627,366008000
2019-10-02,4.303826808929443,4.317754989619432,4.231449606221332,4.305816413487134,293372000
2019-10-03,4.509516716003418,4.5157345856427185,4.277959778078787,4.30830338040873,450588000
2019-10-04,4.525933742523193,4.555282553039211,4.446592426433857,4.511756501352418,265524000
2019-10-07,4.584629535675049,4.684365450620401,4.582142293050899,4.590847405038909,480984000
2019-10-08,4.40803861618042,4.492851540378292,4.389882173989231,4.492851540378292,444436000
2019-10-09,4.494592666625977,4.544087984041034,4.456041595312529,4.484892753316934,292412000
2019-10-10,4.5522942543029785,4.603281524176428,4.4871302282920675,4.492353293647223,309124000
2019-10-11,4.625916957855225,4.70923745186966,4.617460427723012,4.636363092350418,446404000
2019-10-14,4.639347076416016,4.660239343503863,4.586121132212511,4.617210950919804,200040000
2019-10-15,4.884085655212402,4.956711896279779,4.715703195640915,4.729631847270834,664124000
2019-10-16,4.8303632736206055,4.954971616075446,4.818922336947517,4.85001215847621,428944000
2019-10-17,4.832352638244629,4.919901384359584,4.777882838739244,4.874883390161161,263436000
2019-10-18,4.737839221954346,4.865431949211282,4.663472434661619,4.832849692766231,307440000
2019-10-21,4.875132083892822,4.888563097644511,4.7803701906689335,4.79927285293051,261868000
2019-10-22,4.865184783935547,5.03729791628583,4.8574744731088835,4.932089864032561,328720000
2019-10-23,4.852251052856445,4.866427814808763,4.751271273511901,4.783107316807916,279916000
2019-10-24,4.896274566650391,4.929851160198965,4.859464035462709,4.893538267354166,232020000
2019-10-25,5.087289810180664,5.108182079230801,4.96914839311802,4.976858703037908,423092000
2019-10-28,5.143251419067383,5.195730671957775,5.101714989853794,5.131063788119243,330792000
2019-10-29,5.0469970703125,5.135789685215636,5.027597242380562,5.129322759642981,211236000
2019-10-30,5.048986911773682,5.079579569924972,4.980837980085249,5.073858864295298,205960000
2019-10-31,4.999741077423096,5.048987348429831,4.919902620012374,5.028095077286321,209732000
2019-11-01,5.03878927230835,5.071122474910561,4.939301473301272,4.964422004976594,283640000
2019-11-04,5.2355265617370605,5.247962776899037,5.096741911038364,5.119872369892746,376716000
2019-11-05,5.213389873504639,5.261392278790355,5.165386993825915,5.235276943707996,300868000
2019-11-06,5.164144039154053,5.214882273134978,5.076594802274836,5.18926457418773,269012000
2019-11-07,5.1818037033081055,5.265373270740622,5.137034275240931,5.25069886818052,280340000
2019-11-08,5.167874813079834,5.19946227503282,5.127333656497417,5.1648904063343775,189100000
2019-11-11,5.177822113037109,5.200952562429197,5.080821572027463,5.167126924933729,243436000
2019-11-12,5.213389873504639,5.269351644676129,5.18105619487533,5.2161256979809325,283504000
2019-11-13,5.187522888183594,5.209658539332354,5.121114985951338,5.182050765082911,300188000
2019-11-14,5.217865943908691,5.220104604179644,5.136535069958115,5.196476040760352,518080000
2019-11-15,5.07858419418335,5.2673612915338035,4.990288748983495,5.2156277879370725,1053628000
2019-11-18,5.279796600341797,5.306409093356899,5.068137193659653,5.0711215994059895,574588000
2019-11-19,5.173097610473633,5.272336364070725,5.114897649636158,5.248708270125907,414564000
2019-11-20,5.252439022064209,5.336257157628974,5.13753106375064,5.150215859442783,472588000
2019-11-21,5.227566719055176,5.303674539327308,5.205928230436491,5.247961823580081,288388000
2019-11-22,5.245226860046387,5.296711319296946,5.22159828884888,5.250200871630989,224100000
2019-11-25,5.501903057098389,5.506877541898856,5.360382142958082,5.3733155188035076,506476000
2019-11-26,5.397193431854248,5.488970459793247,5.390726505817795,5.4842445562446,385244000
2019-11-27,5.4320387840271,5.477089999227668,5.405655414511457,5.442741865787098,215784000
2019-11-29,5.394702434539795,5.429548566108238,5.370807673039756,5.401174130255613,141556000
2019-12-02,5.208276271820068,5.401175779826286,5.193093513318117,5.387734853691792,372036000
2019-12-03,5.168702125549316,5.172684271222683,4.9872524391837265,5.024587665958945,465232000
2019-12-04,5.2125067710876465,5.274732285742545,5.183883091315553,5.252331062487341,273424000
2019-12-05,5.195581436157227,5.250090949957693,5.164966211098966,5.234410189449158,184884000
2019-12-06,5.280954837799072,5.313810377278373,5.254820235109524,5.264776545511072,232236000
2019-12-09,5.280954837799072,5.335713595521565,5.249344549234479,5.258056083464329,211880000
2019-12-10,5.3260064125061035,5.37777808611548,5.258304737539919,5.311071947219784,256388000
2019-12-11,5.409638404846191,5.41511456662944,5.333972423615191,5.336461501745193,233796000
2019-12-12,5.577148914337158,5.595318755142743,5.371804979121072,5.380765279472877,404348000
2019-12-13,5.575159549713135,5.69936186486053,5.52114754146975,5.580137706874803,454704000
2019-12-16,5.604031562805176,5.6764621771175054,5.594573254844499,5.622699413311111,320976000
2019-12-17,5.682185649871826,5.704835640197259,5.613239668002575,5.622697973541322,321196000
2019-12-18,5.712552070617676,5.773035287670211,5.70856945097392,5.717032221002479,343548000
2019-12-19,5.8606486320495605,5.874089557912425,5.742171276184122,5.747149432040225,445360000
2019-12-20,5.957969665527344,5.983357501349498,5.907940290008705,5.927105668248703,603044000
2019-12-23,5.944278240203857,6.0186998935937455,5.933575635273954,5.986591604061089,355060000
2019-12-24,5.93930196762085,5.956476273805437,5.89449951231203,5.928848124681204,138864000
2019-12-26,5.953489780426025,5.981615460858542,5.923870083446328,5.942786697154283,182852000
2019-12-27,5.8957438468933105,5.982112902106943,5.869360001396753,5.968671976624288,254644000
2019-12-30,5.782492160797119,5.87906627184993,5.751130641133026,5.873839351905914,258056000
2019-12-31,5.856666088104248,5.866124393689156,5.727983663924737,5.747149040447486,231004000
2020-01-02,5.971410274505615,5.971410274505615,5.8920109160937795,5.942537823696139,237536000
2020-01-03,5.875831604003906,5.9196385190543355,5.826797767959651,5.851688071391556,205384000
2020-01-06,5.900473117828369,5.905700039221264,5.756359156713934,5.782493763678408,262636000
2020-01-07,5.971907138824463,6.017705121705725,5.883795786713457,5.928846998848965,314856000
2020-01-08,5.983107566833496,6.024425398714708,5.927602515447526,5.9676755712096945,277108000
2020-01-09,6.048818588256836,6.121249187426067,5.9950558356906445,6.069477507253272,255112000
2020-01-10,6.081177234649658,6.18646292944367,6.0669900093517235,6.156096931192706,316296000
2020-01-13,6.271834850311279,6.296973919615413,6.141658878781784,6.1643093449606505,319840000
2020-01-14,6.15485143661499,6.254412184065293,6.141659275586218,6.229023873013879,359088000
2020-01-15,6.112288475036621,6.189945996094547,6.086402634683979,6.16754476983772,263104000
2020-01-16,6.195919513702393,6.201893205518962,6.142405527455289,6.16580228926058,284192000
2020-01-17,6.204631805419922,6.222552883055302,6.157091505191324,6.215085648688116,253792000
2020-01-21,6.171279430389404,6.204881274165103,6.137179581073634,6.168043581236758,217916000
2020-01-22,6.225290298461914,6.311908122294993,6.197662150369321,6.216578763004167,239240000
2020-01-23,6.293737888336182,6.302200657894387,6.1765053150200355,6.265363445895095,244516000
2020-01-24,6.234498977661133,6.45900874555275,6.18023822520786,6.409228142895195,373512000
2020-01-27,5.978629112243652,6.029654028501746,5.7802538998042525,5.92984403404607,470536000
2020-01-28,6.172025203704834,6.2043822657718435,5.991321857565568,6.044587078302899,310976000
2020-01-29,6.111542224884033,6.193679896862206,6.071717453105673,6.157588979316764,258848000
2020-01-30,6.118261814117432,6.131702738993476,5.9587158710105355,6.013722922529771,290504000
2020-01-31,5.884791374206543,6.084410839653183,5.842976010022981,6.072463457102733,370420000
2020-02-03,5.981863498687744,6.001277639266256,5.860399075803358,5.866621532412214,255564000
2020-02-04,6.151118278503418,6.170284134023084,6.07370998442975,6.123739366569737,271544000
2020-02-05,6.24146842956543,6.2822882593568,6.158085988326266,6.2720831832232005,208220000
2020-02-06,6.328335285186768,6.328335285186768,6.194675177734428,6.275817310153531,218284000
2020-02-07,6.262126922607422,6.31041398221506,6.23673861666813,6.288261524536403,189752000
2020-02-10,6.5453782081604,6.546124504221286,6.279799354982195,6.284777510513011,529608000
2020-02-11,6.667837142944336,6.782581102189646,6.5916731737198795,6.653649923086055,638556000
2020-02-12,6.783576488494873,6.790048184949101,6.681775449948367,6.720604204444762,374644000
2020-02-13,6.739770412445068,6.8069740890850765,6.6982038099789944,6.725583191145601,528016000
2020-02-14,7.2129340171813965,7.341865218316745,7.118600192938907,7.1499617209802695,1041924000
2020-02-18,7.381688117980957,7.400107196612731,7.090223930283923,7.109638070228449,620164000
2020-02-19,7.832948207855225,7.850620517415515,7.5041487761694174,7.5041487761694174,694332000
2020-02-20,7.683607578277588,7.873270750699054,7.37621335116715,7.78491062439982,810052000
2020-02-21,7.319463729858398,7.596491975227707,7.234588215082686,7.571352905668588,768180000
2020-02-24,6.801994323730469,7.015801452000405,6.670574084821061,6.725083594153125,856916000
2020-02-25,6.522478103637695,6.9391400759302595,6.420677067964821,6.877163329681892,1055496000
2020-02-26,6.661863327026367,6.856007100159752,6.5212340082546065,6.5227270749665225,747732000
2020-02-27,6.291027545928955,6.649661074979793,6.19862956404981,6.348309154901602,906416000
2020-02-28,6.726119518280029,6.785642779729529,6.021803597722082,6.038489872052209,1133252000
2020-03-02,6.884515762329102,6.913405955586812,6.50023030439148,6.8962213781378505,890744000
2020-03-03,6.622015953063965,7.0000752116813985,6.536591373721847,6.940303040064496,652792000
2020-03-04,7.08574914932251,7.095213112715437,6.654641699163994,6.729357274638746,597408000
2020-03-05,6.806313514709473,7.053122811781065,6.761733181949869,6.8862586566635935,540328000
2020-03-06,6.625751495361328,6.684278620609011,6.4255143187867105,6.626747626957039,515412000
2020-03-09,6.112707614898682,6.460382771892419,5.931896639128573,5.974733154517468,614160000
2020-03-10,6.502222537994385,6.502222537994385,6.126404913419726,6.389153282196328,580648000
2020-03-11,6.1383585929870605,6.390647326448551,6.04122887468643,6.36225543839977,499964000
2020-03-12,5.387221813201904,5.880591547871109,5.374520065165271,5.615103210164313,816540000
2020-03-13,5.998143672943115,6.00262650314961,5.469408647179409,5.740624862456318,634836000
2020-03-16,4.891361236572266,5.63104297256949,4.831589056647844,5.290091825274877,726972000
2020-03-17,5.411128997802734,5.500538564215281,4.7568725242172185,5.003681784717698,833632000
2020-03-18,5.051253318786621,5.2285776406729925,4.49985459154285,4.9835115924565585,874268000
2020-03-19,5.304039001464844,5.397682034196221,4.816397131506686,5.029833436158726,765512000
2020-03-20,5.124223709106445,5.736141627251314,5.1087824811310405,5.454215947191174,804636000
2020-03-23,5.297064781188965,5.391455500296012,4.9441596073334635,5.123227218008279,643876000
2020-03-24,6.205852031707764,6.2925221398950475,5.679607578330529,5.703267250018492,1101644000
2020-03-25,6.117189407348633,6.520651674070698,6.068375159691463,6.320912803870535,793432000
2020-03-26,6.40658712387085,6.530614300481662,6.2262739971016074,6.3243998510831805,696108000
2020-03-27,6.294265270233154,6.55302911484809,6.193399457546249,6.226274177603564,638828000
2020-03-30,6.61454439163208,6.623759440479443,6.315683052278373,6.359765083207099,602252000
2020-03-31,6.564983367919922,6.858863572709345,6.4192883112963175,6.6546413892766765,949960000
2020-04-01,6.053682327270508,6.513430630446292,6.009102461458389,6.3669888090516205,656912000
2020-04-02,6.362504959106445,6.375704534296287,6.034753906574363,6.082820463407939,675764000
2020-04-03,6.074603080749512,6.366490595902517,5.937126918400337,6.324899124823226,663212000
2020-04-06,6.684528350830078,6.721388074533338,6.299246263802596,6.356777264478225,727884000
2020-04-07,6.451167106628418,6.929843281076082,6.408081206141208,6.9061831354181376,784520000
2020-04-08,6.648415565490723,6.673320757486183,6.490268142600633,6.560251499344632,542444000
2020-04-09,6.548795700073242,6.797099468670892,6.485785735971131,6.77418701355761,525564000
2020-04-13,6.720639705657959,6.729356450475062,6.400609288724434,6.489022257599026,398408000
2020-04-14,7.071801662445068,7.105921425129688,6.821256283801942,6.848900953761625,530948000
2020-04-15,6.994346618652344,7.077280628589877,6.858364921063001,6.903691995250456,366148000
2020-04-16,7.339530944824219,7.446622923774193,7.136554773121046,7.149754347379322,745620000
2020-04-17,7.2802581787109375,7.443137348930064,7.146268727741518,7.4217188549029,539120000
2020-04-20,7.149007797241211,7.309645780659861,7.104676851709789,7.153740016301722,449388000
2020-04-21,6.712172985076904,7.092224547039059,6.652400807148246,7.030958409056792,735160000
2020-04-22,7.126594066619873,7.169431057581557,6.8588645357040905,6.904440532741369,483356000
2020-04-23,7.073296546936035,7.300680114926869,7.048142440129082,7.168683401489257,424160000
2020-04-24,7.212267875671387,7.214260139279141,6.988370983072289,7.063086568688113,352328000
2020-04-27,7.398806095123291,7.558696863652003,7.32209825748916,7.34675453477503,479388000
2020-04-28,7.256349086761475,7.576130635658763,7.250870124951542,7.546244309815871,442904000
2020-04-29,7.433175563812256,7.485974343887676,7.315872387428984,7.391085793246775,379160000
2020-04-30,7.279262065887451,7.433175576227724,7.2653152720737095,7.379131275172438,375916000
2020-05-01,7.042662620544434,7.195081677888621,6.994346676217267,7.081763516460374,342096000
2020-05-04,7.254605770111084,7.268303649724436,6.995343614233226,6.995343614233226,317556000
2020-05-05,7.3156232833862305,7.478253535367416,7.254605587109694,7.3587091845288795,368896000
2020-05-06,7.416489124298096,7.521339946333403,7.357215248209346,7.395071104382327,323464000
2020-05-07,7.592817783355713,7.65607666571782,7.504404791570836,7.555709142221173,373732000
2020-05-08,7.782841682434082,7.7890678607746375,7.630671546658268,7.664542393855692,339216000
2020-05-11,8.034884452819824,8.081705977266582,7.749222610807591,7.777863421771497,469060000
2020-05-12,7.7728800773620605,8.141475376747282,7.763167200323543,8.092661602380478,493060000
2020-05-13,7.750464916229248,8.04783130343306,7.565917901464199,7.8874427335761075,625852000
2020-05-14,8.000018119812012,8.005497083221577,7.658319673858958,7.811984313837006,602312000
2020-05-15,8.458516120910645,8.46822852088383,7.844107304471329,7.859797442939213,987660000
2020-05-18,8.717035293579102,8.88265446279974,8.647550220793292,8.727246477400124,774460000
2020-05-19,8.772072792053223,9.05300185965905,8.729484721408285,8.756880478543883,717320000
2020-05-20,8.93595027923584,9.00867312671742,8.855008513018294,8.956870472342526,587536000
2020-05-21,8.741937637329102,9.018134473580277,8.704330701490584,9.017138817033219,761068000
2020-05-22,8.991983413696289,9.058480534217885,8.680171933352966,8.791746259843563,1038764000
2020-05-26,8.68465518951416,9.146894447423765,8.639079200529823,9.121988782635464,770780000
2020-05-27,8.492886543273926,8.599977573488728,7.966392300965685,8.59225743516911,1175892000
2020-05-28,8.454784393310547,8.727245696826687,8.34744251567479,8.380317242336117,734896000
2020-05-29,8.841806411743164,8.841806411743164,8.452788765666746,8.522024898256673,745256000
2020-06-01,8.772820472717285,8.807189629886395,8.656513899580409,8.799718404433667,389876000
2020-06-02,8.791746139526367,8.80370066720874,8.62513139441244,8.762856901843334,391320000
2020-06-03,8.73620891571045,8.832591890804517,8.666972782709411,8.788759250864498,365440000
2020-06-04,8.73720645904541,8.913365065751643,8.648503160627667,8.698834326899096,424280000
2020-06-05,8.890193939208984,8.966936309509999,8.678902442637584,8.765113570592039,481748000
2020-06-08,8.775580406188965,8.860046457808076,8.656728556295771,8.847588413802812,387736000
2020-06-09,9.015771865844727,9.079309108158784,8.722007525331632,8.77059454872251,468488000
2020-06-10,9.335451126098633,9.468256112022411,9.122913533165256,9.137116670119509,632180000
2020-06-11,8.766860008239746,9.230305535789274,8.756644164646495,9.119427324165988,583652000
2020-06-12,8.902652740478516,9.156551767191573,8.674168804360798,9.131884710415692,570908000
2020-06-15,9.143095016479492,9.151566711818699,8.714531595846257,8.78579344778855,400004000
2020-06-16,9.03819751739502,9.235785840524901,8.809215537679608,9.194175392191577,535716000
2020-06-17,9.2051362991333,9.267925499517325,9.039939680829573,9.083295214985142,408304000
2020-06-18,9.1871976852417,9.251482008571207,9.084043174244037,9.196167436092033,254408000
2020-06-19,9.230303764343262,9.41343992943585,9.196417927904287,9.211617176466618,524160000
2020-06-22,9.494915962219238,9.499401313261167,9.242263048072369,9.268924225594319,398468000
2020-06-23,9.418423652648926,9.610280548689325,9.376066118055864,9.51908600474059,375108000
2020-06-24,9.204638481140137,9.52456590878175,9.11394201664744,9.444583339005746,449372000
2020-06-25,9.45828914642334,9.47323936643009,9.151567737181917,9.324488051594027,376072000
2020-06-26,9.124408721923828,9.468256186408906,9.094509231682238,9.468256186408906,592084000
2020-06-29,9.16926097869873,9.173746331199931,8.87026314179257,9.139112452319077,342248000
2020-06-30,9.46601390838623,9.494418281309624,9.235536811625986,9.28287774999419,367892000
2020-07-01,9.498153686523438,9.543751421362101,9.381545033672632,9.488934908665055,326648000
2020-07-02,9.580130577087402,9.704961911915024,9.546243794157816,9.606790803004376,364056000
2020-07-06,9.806370735168457,9.875638463275735,9.680044291077756,9.709196693635228,315892000
2020-07-07,9.838765144348145,10.036352543994091,9.817835403438949,9.913016299211247,357800000
2020-07-08,10.18186092376709,10.190831624176164,9.932198290258837,9.9603536290507,365480000
2020-07-09,10.473883628845215,10.53467966591517,10.199303925315359,10.345564003615122,494548000
2020-07-10,10.444231986999512,10.619643499525006,10.344067716193592,10.553366008081527,497676000
2020-07-13,10.018660545349121,10.756187624161482,9.991501311652467,10.559597316024266,457076000
2020-07-14,10.342325210571289,10.367989326877709,9.752801420745758,10.041334295021729,542676000
2020-07-15,10.193074226379395,10.398136195594192,10.022147113755791,10.379449611889603,403984000
2020-07-16,10.100886344909668,10.17264531713882,9.862435586852104,9.981536451988122,344964000
2020-07-17,10.167411804199219,10.214254686080869,10.054042392101053,10.19133177590211,266284000
2020-07-20,10.475627899169922,10.496059580431382,10.122810707249148,10.239918382391592,284852000
2020-07-21,10.293985366821289,10.524712393976369,10.252374927123848,10.477868570365224,277036000
2020-07-22,10.403870582580566,10.567073129754169,10.257112423823369,10.332858692922276,367292000
2020-07-23,10.095900535583496,10.51175592773994,9.997729433642824,10.415079942644432,411660000
2020-07-24,10.160432815551758,10.330113827066038,9.7443284394554,9.84200052517805,473292000
2020-07-27,10.386676788330078,10.406858491880413,10.18360701014886,10.19805917435,292132000
2020-07-28,10.181365013122559,10.34730874833606,10.175136467650624,10.339585085814322,271636000
2020-07-29,10.430529594421387,10.48110979367714,10.312425803409024,10.356029423457086,284508000
2020-07-30,10.578534126281738,10.587503878305732,10.260848834558969,10.340332414431229,308880000
2020-07-31,10.579279899597168,10.730523377908918,10.398136934745201,10.527951671471635,386080000
2020-08-03,10.973459243774414,11.061663543055651,10.679444912836956,10.696637332641039,412720000
2020-08-04,11.190232276916504,11.190232276916504,10.86955771691953,11.013076593870208,310336000
2020-08-05,11.249034881591797,11.333750889975512,11.128937923168527,11.20642832489523,249924000
2020-08-06,11.297622680664062,11.320047535905452,11.141396727758718,11.311824867203157,244316000
2020-08-07,11.16207504272461,11.46630516503158,11.000616689928844,11.274697350293485,342516000
2020-08-10,11.127691268920898,11.370128324169226,10.820221856086334,11.296376193877698,427796000
2020-08-11,10.813743591308594,11.09953521649184,10.75967416048644,11.036745063035063,354512000
2020-08-12,11.402024269104004,11.428684499615054,10.921634460429482,10.954026131989467,464412000
2020-08-13,11.40475845336914,11.68257731634346,11.317800277661389,11.507413925682059,374460000
2020-08-14,11.525358200073242,11.665637805493732,11.402271013381,11.491471418090741,366436000
2020-08-17,12.295775413513184,12.368282408308476,11.777762532142907,11.811648364970852,621300000
2020-08-18,12.219781875610352,12.454246285161183,12.045865434736124,12.408399510034563,503448000
2020-08-19,12.09793758392334,12.273847151422554,12.057572282055663,12.255409595483277,622624000
2020-08-20,12.100428581237793,12.333646835801881,11.839054987379107,11.934983883930538,921388000
2020-08-21,12.641117095947266,12.765948423584227,12.15449790253474,12.160976425454727,999868000
2020-08-24,12.67774486541748,12.869352704681733,12.465705345293538,12.840698355831849,490564000
2020-08-25,12.70739459991455,12.718606550680466,12.531733100681723,12.588542789163244,289076000
2020-08-26,12.730318069458008,12.825498943255859,12.635386223400946,12.756480239554431,321244000
2020-08-27,12.586052894592285,12.80706217673446,12.524508821262856,12.738790552037838,317604000
2020-08-28,13.103816032409668,13.104065060151868,12.600254373540526,12.632646039290359,537160000
2020-08-31,13.329809188842773,13.529638751359306,12.99418441341534,13.138699399567772,500840000
2020-09-01,13.778937339782715,13.951161114147387,13.395607023063693,13.438974582148031,511316000
2020-09-02,14.302838325500488,14.681931051636386,13.857696425651804,14.659000334746768,874012000
2020-09-03,12.97589111328125,13.842246042871079,12.839557052251902,13.786665808552433,945128000
2020-09-04,12.584085464477539,13.134903773665314,11.66912816097081,12.744843884180868,1463684000
2020-09-08,11.876744270324707,12.511805718247228,11.668629804964997,11.698787339465177,795728000
2020-09-09,12.676302909851074,12.770265792530216,12.19452303243184,12.362261058607643,736200000
2020-09-10,12.274282455444336,13.025489337763984,12.129972375211352,12.949720413162076,698684000
2020-09-11,12.127481460571289,12.61399630457752,11.859549125309416,12.447504698352022,636928000
2020-09-14,12.833073616027832,13.27447610781346,12.592807862169131,13.041189019413128,1201744000
2020-09-15,12.95146369934082,13.25827684989455,12.788710560620874,13.239583723008389,727556000
2020-09-16,12.476412773132324,13.052902846479272,12.475665466431533,12.917815275662813,556384000
2020-09-17,12.425569534301758,12.551435580661911,11.998124322118478,12.095327445749735,792512000
2020-09-18,12.152153968811035,12.594054712024722,11.952264622317736,12.555422945669688,698460000
2020-09-21,12.479157447814941,12.484391448146988,11.86827212113999,11.888709917895248,721044000
2020-09-22,12.599287986755371,12.609506883213678,12.118506402595152,12.536729096807136,646452000
2020-09-23,12.086852073669434,12.688266632716763,12.042488106735847,12.537227011039786,647012000
2020-09-24,12.310420036315918,12.531246325292742,11.977436887126997,12.035510036746839,731240000
2020-09-25,12.834569931030273,12.844290623103921,12.208481870197122,12.409617669119307,588016000
2020-09-28,12.995329856872559,13.012029215529765,12.711197362079012,13.00056385649724,573808000
2020-09-29,13.18549919128418,13.401838788789666,12.893889831776605,12.898126471531569,621460000
2020-09-30,13.489320755004883,13.581040763473773,13.110228056866367,13.117455824381118,689184000
2020-10-01,13.573067665100098,13.720866130003346,13.419785147051085,13.716131285227705,525004000
2020-10-02,13.022499084472656,13.478357223318929,13.011282826082569,13.184754046905367,552496000
2020-10-05,13.600980758666992,13.602725425164595,13.182507999945324,13.195718025186563,479820000
2020-10-06,13.694693565368652,14.098959860943033,13.62341134631283,13.787909140584677,784420000
2020-10-07,13.921503067016602,14.07628114188289,13.821308812473632,13.957144656852174,418084000
2020-10-08,13.796635627746582,14.04163818419971,13.716131853958128,14.032166592711608,378900000
2020-10-09,13.720864295959473,13.782177675292244,13.619175436432785,13.725101886390037,346892000
2020-10-12,14.182705879211426,14.303337929221245,13.870160500693258,13.946925832096596,434744000
2020-10-13,14.204886436462402,14.304831575864272,13.97608508651205,14.252989788658923,344604000
2020-10-14,14.052351951599121,14.299098165483393,13.917513486832869,14.247007276979561,276100000
2020-10-15,13.927484512329102,13.963125149314527,13.725849552912674,13.768718908966557,267224000
2020-10-16,13.769468307495117,14.078525330859124,13.750526075234262,13.994033067930582,242392000
2020-10-19,13.456670761108398,13.940941659706013,13.365947158412617,13.860687006081015,298068000
2020-10-20,13.603972434997559,13.757753145997645,13.4658937231082,13.54216084758087,229212000
2020-10-21,13.483591079711914,13.749529637673543,13.436485076829591,13.583536241140713,219596000
2020-10-22,13.320337295532227,13.570323754164582,13.191480129168616,13.48134576484762,290480000
2020-10-23,13.548891067504883,13.551882196272292,13.250801221454951,13.40906768227874,233484000
2020-10-26,13.101258277893066,13.651080275581299,12.998821141070835,13.386139072977405,336896000
2020-10-27,13.355978965759277,13.401091191687938,13.15135288296143,13.265504460887724,250520000
2020-10-28,12.588571548461914,13.21964548429558,12.57062667854132,13.15783389781271,376520000
2020-10-29,12.984365463256836,13.152601732230695,12.71119913413637,12.79942983329773,320080000
2020-10-30,12.495856285095215,12.897130577842384,12.26256820050711,12.810894602506558,416820000
2020-11-02,12.542463302612305,12.797683780905018,12.357278590415659,12.619228632831366,299652000
2020-11-03,12.979875564575195,13.065115113693386,12.564393968562177,12.669822207249883,272900000
2020-11-04,13.752270698547363,13.785420317978154,13.296412565067577,13.348503465927273,410228000
2020-11-05,14.116907119750977,14.295362275225596,13.94842175974404,14.11940004400391,319028000
2020-11-06,14.517682075500488,14.544350276254345,13.852712215354051,14.06680798040643,383348000
2020-11-09,13.589265823364258,14.64678754010569,13.569327185847,14.508210634120493,582976000
2020-11-10,12.7311372756958,13.565090756109772,12.589818331459508,13.565090756109772,644068000
2020-11-11,13.37716293334961,13.394111392111576,12.908842200491843,13.014021334932684,404744000
2020-11-12,13.41579532623291,13.724104025795695,13.275473756555687,13.437977785000548,365812000
2020-11-13,13.256532669067383,13.627151186548398,13.019506169381641,13.585777393792211,346312000
2020-11-16,13.474120140075684,13.60796127408802,13.115963353354124,13.1324126608077,413776000
2020-11-17,13.381402015686035,13.554872270515686,13.263262888769844,13.511255604541565,312028000
2020-11-18,13.387883186340332,13.564344579254746,13.14487535535619,13.42427208541798,510924000
2020-11-19,13.399347305297852,13.44645330267934,13.06013278246462,13.172539700466864,565936000
2020-11-20,13.047919273376465,13.453431099655287,13.02523765866418,13.413054668904675,341088000
2020-11-23,13.100011825561523,13.341773187004295,12.975890438370167,13.131166723495513,361356000
2020-11-24,12.918313980102539,13.121941738155792,12.845785300237692,13.102501306122907,346500000
2020-11-25,13.194473266601562,13.22911749877967,12.980377464249663,12.992839233588224,259916000
2020-11-27,13.220890045166016,13.36669566818434,13.130416493764512,13.33429431298339,167276000
2020-11-30,13.360713958740234,13.371681112927636,12.93277056325662,13.224629972711387,286952000
2020-12-01,13.349249839782715,13.487577650555359,13.187991311158573,13.451188755774265,296948000
2020-12-02,13.503279685974121,13.631886804695778,13.193973604108402,13.30986985261737,283360000
2020-12-03,13.359176635742188,13.62245088481355,13.292361370106766,13.550149946445117,199520000
2020-12-04,13.520981788635254,13.522726970662992,13.351947356745299,13.411532721541958,202244000
2020-12-07,13.56934642791748,13.693504468227644,13.462890333284715,13.563861706447456,223244000
2020-12-08,13.313305854797363,13.561371860918335,13.244993620196462,13.547659578821161,271920000
2020-12-09,12.8952054977417,13.377126792285601,12.832877299434081,13.263939141754832,401300000
2020-12-10,12.936591148376465,13.032826279491063,12.814178288836267,12.833625416569115,207764000
2020-12-11,12.977481842041016,12.984213395359053,12.787754371778004,12.931607799331852,209264000
2020-12-14,13.272168159484863,13.35194818600871,13.041553990593963,13.052025083410733,270156000
2020-12-15,13.323775291442871,13.426990207111126,13.150502967637742,13.402806834534603,193016000
2020-12-16,13.206100463867188,13.400314984499127,13.17618224051848,13.385605048694739,223116000
2020-12-17,13.304574966430664,13.342719785726935,13.142272127051381,13.330004211926418,231384000
2020-12-18,13.235517501831055,13.368151325810269,13.034571457080444,13.342222773227842,342064000
2020-12-21,13.295602798461914,13.333249277123658,12.931855491448975,13.038810902481204,302332000
2020-12-22,13.24174976348877,13.300587596287624,13.018116353896726,13.282637425656816,185580000
2020-12-23,12.973487854003906,13.238507250916278,12.969249963131402,13.219559427789498,179144000
2020-12-24,12.958030700683594,13.09639936262665,12.903182538590542,13.001411068937141,97884000
2020-12-28,12.864540100097656,13.026593800525333,12.72816672890075,13.026593800525333,212564000
2020-12-29,12.907671928405762,13.036567177285413,12.806949719669266,12.88947258005551,170372000
2020-12-30,13.109615325927734,13.177428249395158,12.86130017435309,12.954542349712748,225396000
2020-12-31,13.019113540649414,13.114849365662955,12.87949804292122,13.100389559343792,192424000
2021-01-04,13.077452659606934,13.614971541756363,12.926867712421455,13.06822839837125,560640000
2021-01-05,13.367901802062988,13.406544978569977,13.051025281968446,13.063739906567823,322760000
2021-01-06,12.579825401306152,13.20859212779039,12.551404137533451,13.186153937581938,580424000
2021-01-07,13.307319641113281,13.340977401109173,12.851077719708668,12.93185444159313,461480000
2021-01-08,13.240255355834961,13.384108767241065,13.006150826604271,13.325770230121712,292528000
2021-01-11,13.584057807922363,13.922625030648138,13.325769911241851,13.381864913182376,518344000
2021-01-12,13.447683334350586,13.716692447420863,13.308317946514132,13.714697138465636,291476000
2021-01-13,13.49455451965332,13.587548473937822,13.34820839879639,13.452919325025922,210028000
2021-01-14,13.163966178894043,13.562367967731841,13.144270823265234,13.53768624146409,283120000
2021-01-15,12.824152946472168,13.288622477957393,12.813183501792167,13.191639804834592,277780000
2021-01-19,12.989448547363281,13.058009006870307,12.808696170001857,12.98047250917677,226188000
2021-01-20,13.329010009765625,13.3935817408933,13.020859385968903,13.075707553077883,258572000
2021-01-21,13.829380989074707,13.960768938045424,13.21657009570314,13.381614853404404,337780000
2021-01-22,13.674806594848633,13.803701836442649,13.589791029609232,13.702231154807055,246820000
2021-01-25,13.615720748901367,13.790489088581495,13.200116324560353,13.74386752287208,251112000
2021-01-26,13.398320198059082,13.607243696761891,13.350700978936148,13.543170311270954,163980000
2021-01-27,12.882242202758789,13.196375916108444,12.758582504651379,13.193633079637165,371272000
2021-01-28,13.015124320983887,13.303081235490758,12.924873214198879,12.96052533062159,228316000
2021-01-29,12.954045295715332,13.298097268819046,12.876010448081596,13.03906087218396,271552000
2021-02-01,13.20061206817627,13.234268871261564,12.867280469573439,13.017367043132833,217204000
2021-02-02,13.519487380981445,13.5346947182692,13.248982232592178,13.361921677094712,220440000
2021-02-03,13.493308067321777,13.893455005939776,13.479346611084063,13.598517340812304,245408000
2021-02-04,13.626689910888672,13.635914172427226,13.30108745905453,13.493805954300223,201340000
2021-02-05,13.553641319274902,13.699490037131103,13.50851576115915,13.68727376259905,169152000
2021-02-08,14.399060249328613,14.433963887267076,13.689515891627082,13.689515891627082,434624000
2021-02-09,14.224043846130371,14.5431639329221,14.183405356666661,14.301330207183,287560000
2021-02-10,14.723665237426758,14.86402826968488,14.302077788975735,14.423492995939768,485352000
2021-02-11,15.20882797241211,15.23026945856,14.883974002663003,14.939072297561736,450828000
2021-02-12,14.920125961303711,15.249218806385759,14.734387226341905,15.008631897945564,374756000
2021-02-16,15.28810977935791,15.330244273460584,14.908905038750897,15.022841169340257,321960000
2021-02-17,14.865030288696289,15.181657739008017,14.739376202428184,15.129301314948668,274756000
2021-02-18,14.788238525390625,14.832366426903295,14.534936058505934,14.688513024909678,233868000
2021-02-19,14.885470390319824,15.135281542586627,14.805939546070965,14.983200582071147,271724000
2021-02-22,14.31628704071045,15.091649894868079,14.285621296599976,14.73413490921837,325884000
2021-02-23,14.103126525878906,14.199610837191486,13.35269447286327,14.036559483969578,391780000
2021-02-24,14.459146499633789,14.466875707135772,13.718188737712403,14.083931374873432,448320000
2021-02-25,13.270919799804688,14.335236359591473,13.179921163343268,14.00689107786151,824436000
2021-02-26,13.676802635192871,13.816417200916694,13.32427395463442,13.714697337994409,500932000
2021-03-01,13.803699493408203,13.886720686730929,13.515992740632175,13.836857945365919,353184000
2021-03-02,13.369400024414062,13.882236299326422,13.359178107453289,13.861792465404875,264116000
2021-03-03,12.769552230834961,13.41452391633515,12.763568206502914,13.38934384192077,377592000
2021-03-04,12.336244583129883,12.939332788726999,12.050532179367123,12.765561191735108,573344000
2021-03-05,12.427244186401367,12.515500927573775,11.6471441455612,12.515500927573775,542840000
2021-03-08,11.561383247375488,12.43696914640558,11.534706213600625,12.415777785743494,543112000
2021-03-09,12.490145683288574,12.586413095780797,12.0302537051267,12.101083086298525,521824000
2021-03-10,12.43826961517334,12.948788350784676,12.427545646861628,12.809624121831169,384376000
2021-03-11,12.962254524230957,13.01487826331978,12.703877511856263,12.918859181164075,299916000
2021-03-12,12.825088500976562,12.857759885043306,12.559728286792936,12.61783770315858,243964000
2021-03-15,13.159531593322754,13.174994392196952,12.736551311019616,12.833816720833342,221988000
2021-03-16,13.259291648864746,13.480009238479935,13.085210766805847,13.324384200767923,272128000
2021-03-17,13.309167861938477,13.420898041272208,12.958263364706568,13.00839257859684,243864000
2021-03-18,12.691905975341797,13.152296370953078,12.68641936105696,13.104910936986556,293896000
2021-03-19,12.814860343933105,12.890428541929326,12.582171563045334,12.719340733621905,299208000
2021-03-22,13.154542922973633,13.36229222405252,12.875714983128155,12.88170107346451,297804000
2021-03-23,13.039318084716797,13.312409131911751,12.98993665657209,13.222376147208037,222048000
2021-03-24,12.61259937286377,13.12760865112876,12.606364971908212,13.119627514303462,245840000
2021-03-25,12.505109786987305,12.684178773211512,12.24249335010296,12.469446307986132,295144000
2021-03-26,12.808378219604492,12.825337541765567,12.343748353056053,12.524312903240872,363968000
2021-03-29,12.917113304138184,13.031088751095217,12.669460260549382,12.7894208455432,273520000
2021-03-30,12.840800285339355,12.94405178918134,12.674451274514764,12.811121947377256,200204000
2021-03-31,13.316154479980469,13.438110133704859,12.95128361492745,12.984204258714895,314776000
2021-04-01,13.778538703918457,13.836648110919834,13.47876041797206,13.539614559484464,308276000
2021-04-05,13.953866004943848,13.980302032176994,13.699977584620715,13.834154669761228,255672000
2021-04-06,13.828168869018555,14.020455365723707,13.74038112554351,13.966086787615374,191744000
2021-04-07,14.109491348266602,14.209250320839418,13.678529960940079,13.847372523873123,251284000
2021-04-08,14.282574653625488,14.436703160504113,14.21473737048933,14.218479152641445,244416000
2021-04-09,14.365373611450195,14.373354747720487,14.14091521365383,14.179820993441329,195172000
2021-04-12,15.172430038452148,15.31558532416919,14.105252388520903,14.255390812498227,869324000
2021-04-13,15.64179801940918,15.66224890949764,15.089379482054582,15.194875288215687,676212000
2021-04-14,15.240264892578125,15.68269800531053,15.19088345749282,15.587427655093645,385500000
2021-04-15,16.098447799682617,16.17526231313936,15.593913254880118,15.62483885030277,598480000
2021-04-16,15.874238014221191,16.126879184276163,15.82710088322032,16.014399292378307,335208000
2021-04-19,15.324811935424805,15.769490354274648,15.1963716702609,15.499142071927194,404420000
2021-04-20,15.134771347045898,15.459737485806365,14.927022034727395,15.286405340640414,334132000
2021-04-21,15.323566436767578,15.325561483212853,15.06593715581928,15.082397002528733,216776000
2021-04-22,14.814541816711426,15.401377489777921,14.747951796422132,15.338029776421406,277788000
2021-04-23,15.228543281555176,15.298125392787849,14.864421191368388,14.898338879130646,227500000
2021-04-26,15.440780639648438,15.44177863839205,15.088629790314261,15.14848593040417,197796000
2021-04-27,15.344765663146973,15.632821077622907,15.31758089482572,15.541042278183456,164572000
2021-04-28,15.240015983581543,15.494902413959666,15.178913528331181,15.327555418613876,209416000
2021-04-29,15.287899017333984,15.39937994562448,15.035257877620062,15.362967738824038,173196000
2021-04-30,14.973408699035645,15.328054107946565,14.960938945985912,15.138012864264331,201912000
2021-05-03,14.801074981689453,15.210088982164338,14.75194375369951,15.088631852500344,203912000
2021-05-04,14.316740989685059,14.6023027932816,13.976561346696622,14.602053531425085,405324000
2021-05-05,14.42373275756836,14.777879613344718,14.352903386413088,14.673630127077862,292024000
2021-05-06,14.488077163696289,14.536211337658232,14.1838112261219,14.460393877260257,193380000
2021-05-07,14.776634216308594,14.934752822888287,14.63647197878398,14.77264412349218,229328000
2021-05-10,14.2314453125,14.770396006982013,14.215733254770477,14.751690904528477,268904000
2021-05-11,14.2718505859375,14.320234029744187,13.716938456215807,13.791757930246193,285584000
2021-05-12,13.72541618347168,14.225959659555215,13.676284960940245,13.975812076746404,303408000
2021-05-13,13.632390022277832,14.04689153989146,13.426635785921249,14.00000367438786,285404000
2021-05-14,14.208751678466797,14.293547327705214,13.71544058063384,13.856600805253224,258616000
2021-05-17,14.131438255310059,14.135179086084914,13.820189147439331,14.122958594909173,216980000
2021-05-18,13.982046127319336,14.369612110870905,13.970324161933059,14.232692210497804,186256000
2021-05-19,14.031929969787598,14.045646984945797,13.51068624791985,13.533879971913588,344000000
2021-05-20,14.577361106872559,14.648439731969244,14.236183516132275,14.268106153849535,321592000
2021-05-21,14.95570182800293,15.185398545401643,14.833746176130141,15.1272881823693,672992000
2021-05-24,15.574459075927734,15.707138679101547,15.139506681126331,15.175918888585613,554816000
2021-05-25,15.610124588012695,15.780463681497867,15.445272109840682,15.728090147079744,435408000
2021-05-26,15.662247657775879,15.75577222693224,15.548771675251006,15.69641555915,370440000
2021-05-27,15.450758934020996,15.712129037283383,15.42282638195373,15.661999810410894,581476000
2021-05-28,16.2054386138916,16.238360207751256,15.46372758635442,15.46372758635442,644536000
2021-06-01,16.22538948059082,16.34884259201486,15.865008231063197,16.230877046647862,472804000
2021-06-02,16.737905502319336,16.878068682105397,16.196461168659535,16.2131712272355,594168000
2021-06-03,16.928945541381836,17.217501361578147,16.543126215762054,16.66059325231189,580008000
2021-06-04,17.535982131958008,17.618531567781588,17.0543930159948,17.071350432831878,617120000
2021-06-07,17.57663345336914,17.769668687611166,17.15140984525968,17.528999702220645,575756000
2021-06-08,17.415027618408203,17.57913138386733,17.209521640268626,17.485108269873507,323848000
2021-06-09,17.320476531982422,17.536755960482104,17.2182005709815,17.477635015683493,381656000
2021-06-10,17.387083053588867,17.453938603804676,17.13862622387971,17.312247392861362,287772000
2021-06-11,17.78646469116211,17.900216958481,17.405794552795143,17.441466201080342,416308000
2021-06-14,17.979536056518555,18.000240945148853,17.62431180398702,17.86703232624897,321376000
2021-06-15,17.74979591369629,17.97705115558562,17.689428355533973,17.876021758142812,243032000
2021-06-16,17.771495819091797,17.915682130844626,17.546237061351018,17.752039421717864,307124000
2021-06-17,18.61665153503418,18.794014388089117,17.71761302727975,17.735822828314493,809656000
2021-06-18,18.598196029663086,19.332844026543803,18.543564712742768,18.743130315586548,968856000
2021-06-21,18.387155532836914,18.496168844635832,17.7839709986262,18.39513754770597,672384000
2021-06-22,18.84564971923828,18.92248372739326,18.345989814876653,18.431304473506938,580144000
2021-06-23,19.015783309936523,19.11107646002805,18.86660870643495,18.966391501844345,332356000
2021-06-24,19.16370964050293,19.37774332776041,19.046714327887074,19.18591235253873,320924000
2021-06-25,18.989587783813477,19.303404223942387,18.853385408046595,19.23854513411133,278364000
2021-06-28,19.941518783569336,20.035064809531992,19.276967449716473,19.31912520567958,495436000
2021-06-29,19.98317527770996,20.055017215462307,19.614228825317294,19.839238276802046,367632000
2021-06-30,19.95897674560547,20.118628446569623,19.82052857801329,19.95573369553224,326568000
2021-07-01,20.168018341064453,20.411486876492948,19.975437519629107,20.08120776067814,480136000
2021-07-02,20.442420959472656,20.4606326644844,20.243605247031763,20.39577356791263,342764000
2021-07-06,20.653461456298828,20.796648587919076,20.305969782840734,20.692376153982607,446708000
2021-07-07,20.327421188354492,20.829576244042507,20.28775853652261,20.80812339320522,418428000
2021-07-08,19.85943603515625,20.08918435261902,19.65787597891552,19.81328729718366,503300000
2021-07-09,20.006622314453125,20.036557723430114,19.711266844701097,19.91906376493343,296624000
2021-07-12,20.46786880493164,20.488073160672595,20.14382451126904,20.19596073217783,321984000
2021-07-13,20.205934524536133,20.416725133655646,20.070230790182702,20.356106370870194,290708000
2021-07-14,19.79832649230957,20.37332271425502,19.709770667963955,20.313453800297573,380100000
2021-07-15,18.92498016357422,19.803814364622088,18.817464681338382,19.76864135557301,550564000
2021-07-16,18.121484756469727,19.11531795776624,18.03367688079164,18.989094017529073,688224000
2021-07-19,18.7388858795166,19.000564215741964,17.826623972951662,17.876266995353383,749060000
2021-07-20,18.571500778198242,18.797008846585275,18.124475648348096,18.689244046846238,434687000
2021-07-21,19.36776351928711,19.484509504843942,18.701217823912717,18.84091257367424,371017000
2021-07-22,19.55136489868164,19.84372662347577,19.23405604931324,19.599260789514425,323826000
2021-07-23,19.515443801879883,19.657135018315007,19.20811342375311,19.613230134811644,195672000
2021-07-26,19.25201416015625,19.399690903695486,18.87284002793827,19.26897736369216,203943000
2021-07-27,19.16620445251465,19.57930316589248,18.70021966396074,19.22307963138905,248863000
2021-07-28,19.4605655670166,19.60325407695573,18.953671453666907,19.276965899598764,202191000
2021-07-29,19.619220733642578,19.80980514701418,19.28594590187133,19.47653031524293,190781000
2021-07-30,19.456575393676758,19.587288983519546,19.221088812257904,19.37575035132962,183497000
2021-08-02,19.707027435302734,19.917568777546013,19.31887389254267,19.657136987885195,217444000
2021-08-03,19.77188491821289,20.17799891261404,19.178178365355716,19.697047350024675,301811000
2021-08-04,20.229883193969727,20.273788072592087,19.784852655892557,19.946500792603732,231309000
2021-08-05,20.592098236083984,20.68789003427366,20.29774000539563,20.455397181316247,211435000
2021-08-06,20.321680068969727,20.525236609531856,20.1660194089161,20.47933718371037,178497000
2021-08-09,20.250835418701172,20.463371247271237,20.099165764886862,20.4015058935734,146443000
2021-08-10,19.89261817932129,20.385542670400767,19.79183622926522,20.277777886663465,179238000
2021-08-11,19.65613555908203,20.005374360631798,19.387721785320753,19.999386898603387,185925000
2021-08-12,19.86168670654297,19.985415523113826,19.577307028801506,19.826763020027222,151652000
2021-08-13,20.144075393676758,20.170019798239373,19.807808732867958,19.861692094221883,183063000
2021-08-16,19.906593322753906,20.24285996771448,19.410673056683407,20.09119026473914,210876000
2021-08-17,19.415660858154297,19.726982240794342,19.225076476781545,19.642166205524603,204585000
2021-08-18,18.998573303222656,19.591280729189958,18.95865942248211,19.45757151254743,285913000
2021-08-19,19.754919052124023,20.450402853177355,18.721172228988664,19.45157971631027,766555000
2021-08-20,20.770706176757812,20.819599343855508,19.88962808663675,19.94750054382269,675741000
2021-08-23,21.910221099853516,21.949135797020332,20.90441501641272,20.925369230517806,575807000
2021-08-24,21.745576858520508,21.911216001515974,21.48813885506862,21.7056648897302,297299000
2021-08-25,22.16466522216797,22.42110597550805,21.674734384503616,21.68970113640181,347701000
2021-08-26,22.01997947692871,22.291386948854083,21.742584543699625,22.15169220642163,237940000
2021-08-27,22.586748123168945,22.672561445347615,22.118768713471773,22.135731922693058,304722000
2021-08-30,22.638629913330078,22.992856965224522,22.501928897563953,22.780321114727492,262580000
2021-08-31,22.340234756469727,22.649614286187024,22.075765311996417,22.649614286187024,259850000
2021-09-01,22.3961181640625,22.651606683869026,22.312286528869905,22.44003078877317,201767000
2021-09-02,22.351207733154297,22.547814234143726,22.25040990145663,22.472963473317794,187834000
2021-09-03,22.79730987548828,22.940023496844223,22.15559635341166,22.28034632859183,280532000
2021-09-07,22.616676330566406,22.853201839870717,22.476955038166476,22.78733385604332,198107000
2021-09-08,22.294321060180664,22.56477894891191,21.933043670532644,22.467972834208314,254434000
2021-09-09,22.132644653320312,22.49292269156831,22.08673712828477,22.26737487326851,196856000
2021-09-10,22.433042526245117,22.580745324525353,22.225458363061673,22.303301472488585,248376000
2021-09-13,22.107696533203125,22.91807281122728,21.814283907426397,22.638632124604968,297500000
2021-09-14,22.197519302368164,22.36518259198386,22.041831146210377,22.23045234702803,199755000
2021-09-15,22.29631805419922,22.32226702933247,21.922068046643588,22.26438246471781,166538000
2021-09-16,22.197519302368164,22.232449154371434,21.883148730804567,22.138637279914914,156033000
2021-09-17,21.856199264526367,22.27635678563001,21.78633957022575,22.25539887733983,294503000
2021-09-20,21.070777893066406,21.390137634350292,20.620679615251635,21.103710938413382,349440000
2021-09-21,21.203508377075195,21.38214932706366,20.908100847929244,21.374165905704942,204688000
2021-09-22,21.897117614746094,21.916078715957664,21.153606789755287,21.323266863029662,268726000
2021-09-23,22.437034606933594,22.489928100290907,21.846217693457888,22.095717674072194,248555000
2021-09-24,22.036834716796875,22.104699500478798,21.817275428559913,22.02585703791508,217655000
2021-09-27,21.61667823791504,21.75540016667128,21.28234917650894,21.66657747278545,245215000
2021-09-28,20.65760612487793,21.37616750727936,20.60970177891325,21.171577536686588,343069000
2021-09-29,20.475967407226562,20.974967436696247,20.426066262159164,20.89812176717991,218394000
2021-09-30,20.6745662689209,21.0238666270702,20.64662239255166,20.726462311254316,221009000
2021-10-01,20.700517654418945,20.81728233562724,20.16259416455059,20.708501076159504,240978000
2021-10-04,19.692535400390625,20.500914828409346,19.515889363226243,20.462990723640694,345635000
2021-10-05,20.410099029541016,20.606705539937668,19.814292883884313,19.910101557760328,279282000
2021-10-06,20.658605575561523,20.678564133526745,20.039844593814532,20.079765516813733,297202000
2021-10-07,21.03285026550293,21.279356000810225,20.93005562833921,21.04981455953654,256919000
2021-10-08,20.789337158203125,21.16358715428881,20.733449402440005,21.058797612232954,151258000
2021-10-11,20.653608322143555,21.020872328180136,20.469976319125266,20.533849396085518,163388000
2021-10-12,20.629655838012695,21.014883486662463,20.486942199953553,20.786341414014217,162134000
2021-10-13,20.897119522094727,20.948018111964863,20.671571707474783,20.87616161512475,180652000
2021-10-14,21.70250701904297,21.711487891625207,21.07975450727623,21.245422863057826,243589000
2021-10-15,21.81827735900879,21.887139608488418,21.61867848423863,21.76638130893241,226994000
2021-10-18,22.177555084228516,22.246417324659074,21.600710090922558,21.705501532705583,189494000
2021-10-19,22.24541664123535,22.334237421142962,21.992922430848846,22.23144280129832,161473000
2021-10-20,22.058794021606445,22.38813393623857,21.93803573565235,22.260389680936733,146276000
2021-10-21,22.646617889404297,22.665580896524094,22.038836569760935,22.052808510361146,187590000
2021-10-22,22.6805477142334,23.083739042087227,22.515878704929623,22.777353835554827,249384000
2021-10-25,23.119670867919922,23.30829206600936,22.724462916512785,22.92705605520144,230235000
2021-10-26,24.667566299438477,25.208484047502996,23.87615299049718,23.941023526757064,485898000
2021-10-27,24.402097702026367,25.039819627754433,24.23343508120034,24.425052417274276,245990000
2021-10-28,24.891117095947266,24.90009987226835,24.473953841800572,24.82824337230128,234204000
2021-10-29,25.5158634185791,25.65757960533871,24.94999802677778,24.950995478481122,292503000
2021-11-01,25.775346755981445,25.84221219536564,25.176546349928994,25.597703250995217,265740000
2021-11-02,26.34819793701172,26.624644372488763,25.74840008481029,25.77035734947845,294112000
2021-11-03,26.544801712036133,26.730430521344747,26.182528772964595,26.616658209529835,239910000
2021-11-04,29.741395950317383,31.30226698925159,27.063761624874775,27.174539675941276,1153631000
2021-11-05,29.69249725341797,31.337200090334967,29.351180288906395,30.126626726954036,851260000
2021-11-08,30.742395401000977,31.037802953410704,29.84718806285127,30.088704661544746,503101000
2021-11-09,30.595687866210938,32.24538377071297,29.904074926394905,32.217439890459154,646746000
2021-11-10,29.400083541870117,30.788302378116978,28.720445741430538,29.297290799147905,636206000
2021-11-11,30.329219818115234,30.528820582340575,29.717446845019683,30.407064839506024,332172000
2021-11-12,30.329219818115234,30.61864073588858,29.570739579006492,29.949980650327845,413054000
2021-11-15,29.964946746826172,30.58270816984577,29.188502943082952,30.490893122800077,384909000
2021-11-16,30.14259147644043,30.329217740393364,29.64658576231302,29.699481160435496,264484000
2021-11-17,29.20248031616211,30.447985525022926,28.742401833013346,30.357166009226244,428508000
2021-11-18,31.611648559570312,32.694477622614926,31.258356475789373,32.30226588482379,781711000
2021-11-19,32.91903305053711,33.02182769774817,31.841193046741573,32.17851641694314,533867000
2021-11-22,31.892087936401367,34.577705968394476,31.83620017907103,33.449964882586336,754335000
2021-11-23,31.682504653930664,32.29527690341186,30.818235626209056,31.471926236473596,532163000
2021-11-24,32.60865783691406,32.7892956267767,30.86614922427723,31.39808426712365,435162000
2021-11-26,31.43999481201172,32.64457966062736,31.287300931151513,32.5347990495651,283069000
2021-11-29,33.30924606323242,33.345173361234245,31.97192596669806,32.30126778036149,454964000
2021-11-30,32.61064529418945,33.28629321448128,31.800270958309547,33.102659303581106,622066000
2021-12-01,31.3759708404541,33.226491395375604,31.321073814822494,33.156623145941566,484368000
2021-12-02,32.065677642822266,32.41701789331646,30.966745117568845,31.155391320558387,472890000
2021-12-03,30.63536834716797,32.068672783099075,30.073423866287982,31.93991339283961,544325000
2021-12-06,29.98059844970703,30.184213955522704,27.985351538874998,29.823891765097652,658938000
2021-12-07,32.36609649658203,32.3880583459124,30.59343295842071,30.89885991521842,593053000
2021-12-08,31.766233444213867,32.22936278865036,31.36199331756606,31.938908898643426,475551000
2021-12-09,30.432743072509766,32.14452455662485,30.370859227207625,31.674406466341345,488507000
2021-12-10,30.141294479370117,31.246216117140634,29.804927400904397,31.091506489093447,488825000
2021-12-13,28.10811996459961,30.23711604757903,28.063204387226193,30.192200470205613,598344000
2021-12-14,28.283788681030273,28.624147955321842,27.198829956001816,27.6469862299254,667035000
2021-12-15,30.401803970336914,30.442727346391397,27.78572537359082,28.346670328673337,698297000
2021-12-16,28.333694458007812,31.101488076890632,28.040247806036877,31.0935036779133,707366000
2021-12-17,27.748796463012695,28.867691762247915,27.707873086423973,27.932450966926798,713758000
2021-12-20,27.666948318481445,28.09114947961292,27.09402678635236,27.25372618139717,461847000
2021-12-21,29.020401000976562,29.065316571908873,27.349542904554657,28.320717191267374,524385000
2021-12-22,29.344791412353516,29.499501034033823,28.395577015619892,28.83674835493827,395184000
2021-12-23,29.584341049194336,30.002554870487856,29.37573387738273,29.699124872385887,343022000
2021-12-27,30.886890411376953,31.02862395826738,29.584340667952024,29.60430356836295,403686000
2021-12-28,30.265066146850586,31.271172888513288,29.95564685021903,31.253207036656327,420591000
2021-12-29,29.94466209411621,30.490635793883296,29.310854299985547,30.21615258320105,343139000
2021-12-30,29.530445098876953,30.39980986119026,29.48453194787081,29.77099178250589,308864000
2021-12-31,29.355772018432617,29.973611060798575,29.275922316693343,29.61827865061022,266530000
2022-01-03,30.064437866210938,30.653330092823726,29.72906837882745,29.75901272897904,391547000
2022-01-04,29.235000610351562,30.410788077798994,28.295767620650075,30.22014674983897,527154000
2022-01-05,27.552169799804688,29.360767795714466,27.481303964919007,28.894643692691826,498064000
2022-01-06,28.125085830688477,28.38459782174444,27.0141768979601,27.588095999920164,454186000
2022-01-07,27.195831298828125,28.368625852485565,27.00618757584535,28.08815341873124,409939000
2022-01-10,27.348546981811523,27.417417654983364,25.595843939583116,26.531084683751956,594681000
2022-01-11,27.7647647857666,28.012300188933875,26.788602534334327,27.27169293480433,404089000
2022-01-12,27.946426391601562,28.541306039513945,27.556159832090902,28.014297595146566,383413000
2022-01-13,26.52509880065918,28.426520414405754,26.448241820891543,28.32571023755515,540171000
2022-01-14,26.891408920288086,27.14593115848473,26.160783087768532,26.25061424198298,395832000
2022-01-18,25.854358673095703,26.58797908364764,25.7216090020734,26.2106886411857,424270000
2022-01-19,25.019926071166992,26.49315412052587,25.00495484889991,26.03002667015831,488315000
2022-01-20,24.10465431213379,25.53097199964414,24.03278900051695,25.25648873482642,435181000
2022-01-21,23.330106735229492,24.77638507788822,23.219315120156867,23.46285639704498,718958000
2022-01-24,23.328109741210938,23.33609413936129,20.848775161443296,22.28806668333725,913982000
2022-01-25,22.28208351135254,22.89992265312738,21.958692452840666,22.503666802490496,664616000
2022-01-26,22.729238510131836,24.011825408045205,22.25812470136362,23.196360119400378,755959000
2022-01-27,21.902795791625977,23.949945203903958,21.63429989022851,23.52374694006863,573353000
2022-01-28,22.797109603881836,22.815075451930607,21.25600841056538,21.970663459736492,543774000
2022-01-31,24.440017700195312,24.46297522421646,23.008710599499196,23.13846563430385,564680000
2022-02-01,24.591732025146484,25.09777988370544,23.84513562091139,25.05685651335029,518925000
2022-02-02,25.194602966308594,25.768522130396807,24.506895639622556,25.74556650609357,543419000
2022-02-03,23.903032302856445,25.029912066996005,23.735348490953484,24.412074893833932,410178000
2022-02-04,24.273334503173828,24.588741109350796,23.587624264136814,23.926985971116707,354829000
2022-02-07,24.681568145751953,25.134714224947395,24.156554856715452,24.326235718859127,376868000
2022-02-08,25.060853958129883,25.18262461713402,23.93497176962916,24.313259823620026,410359000
2022-02-09,26.65485191345215,26.674814813336624,25.305391483792267,25.573885443300902,524282000
2022-02-10,25.7755069732666,26.874439342581965,25.55192857628441,25.946187300267976,513200000
2022-02-11,23.90403175354004,26.10289632824453,23.72836352835501,25.867339390877625,605472000
2022-02-14,24.221426010131836,24.828283969052016,23.710386526557006,23.889051211824743,440424000
2022-02-15,26.445249557495117,26.495154907933625,24.73746196505149,24.902151144512242,699869000
2022-02-16,26.461217880249023,26.532085608817162,25.50401903586401,26.209692177134915,732676000
2022-02-17,24.460983276367188,25.73658345917886,24.119626392630053,25.58187381668559,810595000
2022-02-18,23.597604751586914,24.939080822959642,23.056622713383796,24.621677178101823,761255000
2022-02-22,23.346078872680664,24.018813057525925,22.95681180347932,22.99174593000933,633422000
2022-02-23,22.3449649810791,24.10964691251282,22.2591279180002,23.75730907068651,566511000
2022-02-24,23.70340919494629,23.755311603787767,20.850775664366147,20.97554096040236,735801000
2022-02-25,24.111637115478516,24.171523913284446,23.33709523205196,23.67645692589719,528866000
2022-02-28,24.339210510253906,24.61868541660264,23.662484149159184,23.946948828939572,477319000
2022-03-01,23.43291473388672,24.331226258379807,23.088563252009074,24.24538730545337,412056000
2022-03-02,24.178638458251953,24.367316781648878,23.375014768229686,23.715432041378097,389642000
2022-03-03,23.673505783081055,24.284460221433296,23.428923316488405,24.220568428714543,365095000
2022-03-04,22.896833419799805,23.63956238620593,22.4436082353797,23.34406833240123,431415000
2022-03-07,21.31553077697754,22.99366134515635,21.293568992021665,22.778028757944828,450821000
2022-03-08,21.477258682250977,22.334790949716915,20.61473388741202,21.272608854056895,557467000
2022-03-09,22.974695205688477,23.180342761598634,22.209004937727432,22.348765227754615,492742000
2022-03-10,22.619306564331055,22.749083717994683,21.844630809621485,22.492522642258592,428066000
2022-03-11,22.062259674072266,23.10547517835585,22.00835103815082,22.98268413168652,367209000
2022-03-14,21.2935733795166,22.223980954066924,21.122865878879807,21.831652454533078,385354000
2022-03-15,22.93376350402832,22.998653022307895,21.285584210818904,21.48124860526737,491996000
2022-03-16,24.45417022705078,24.554997589034343,23.13243172097139,23.459870735396727,671422000
2022-03-17,24.723705291748047,24.799573807869955,23.865173393211837,24.078808624027396,471941000
2022-03-18,26.40782356262207,26.523626588900953,24.58194849988739,24.75664887906933,730719000
2022-03-21,26.688344955444336,27.1056322996586,25.9226545818627,26.46173332477092,591727000
2022-03-22,26.478702545166016,27.19148387841612,26.02747480478171,26.681354978763657,547007000
2022-03-23,25.590225219726562,26.56655381048961,25.53132595965773,26.08138369887488,502120000
2022-03-24,28.1019287109375,28.271638483214783,25.862758984102292,26.121317474462384,877379000
2022-03-25,27.64470863342285,28.309571642559767,27.224428065194378,27.838377575117967,579016000
2022-03-28,28.170804977416992,28.201752169990126,27.159534580298878,27.708596384470155,425494000
2022-03-29,28.607065200805664,28.896568986937016,27.9322189903462,28.6459981600016,488984000
2022-03-30,27.64271354675293,28.447336874317333,27.456032617686752,28.255665321691023,463487000
2022-03-31,27.23940086364746,28.19975787440117,27.223429345785988,27.734554095087923,523440000
2022-04-01,26.666383743286133,27.449045300550598,26.222143975568336,27.328251643135296,517235000
2022-04-04,27.31328010559082,27.510941950984133,26.56755595724749,26.682359352370252,397120000
2022-04-05,25.88671875,27.272349022773437,25.77590823793709,27.20745948671268,436615000
2022-04-06,24.365320205688477,25.256794895732096,23.96201077926556,24.891420684040277,703833000
2022-04-07,24.16666030883789,24.67978249281721,23.437907382970664,24.399262217940954,557992000
2022-04-08,23.079519271850586,23.882147137772087,23.022617402591134,23.876156866031682,524781000
2022-04-11,21.87957191467285,22.281883585267934,21.623010826871734,22.176065607996858,575207000
2022-04-12,21.467275619506836,22.68619109093754,21.245654624701253,22.49851242767884,662258000
2022-04-13,22.165081024169922,22.461574693624115,21.4183592594677,21.690893748355325,516943000
2022-04-14,21.221696853637695,22.73810384262481,21.12685977186601,22.466567076302507,569097000
2022-04-18,21.745803833007812,22.05028140912136,21.043005526079824,21.163799193343092,525701000
2022-04-19,22.16008949279785,22.334789860508018,21.277598439686166,21.682905196864947,512781000
2022-04-20,21.445314407348633,22.631285322979373,21.163796404887236,22.47854673100078,468974000
2022-04-21,20.148534774780273,22.353762178727116,19.965846713738475,21.671927949841855,656209000
2022-04-22,19.481674194335938,20.45101671619488,19.466700418707752,20.26832865634669,624713000
2022-04-25,19.868013381958008,19.91093921882449,19.063390048047005,19.16920802436078,641566000
2022-04-26,18.75591278076172,19.754204917984023,18.63811427810403,19.684324773033044,653143000
2022-04-27,18.3835506439209,19.13426523529515,18.25876412661193,18.56623676478106,499460000
2022-04-28,19.74821662902832,20.00278221585731,18.45842324109603,18.93460792239906,570327000
2022-04-29,18.51532745361328,20.093626894168178,18.485378000301736,19.368866880032883,500435000
2022-05-02,19.49964141845703,19.54056985790843,18.359591590505797,18.509335031481665,572049000
2022-05-03,19.568525314331055,19.791145978966046,19.100326353976588,19.366870601082905,475751000
2022-05-04,20.29927635192871,20.36516363203167,18.718979373432905,19.88897889531669,648855000
2022-05-05,18.81181526184082,19.89096834385009,18.468402933575906,19.833068745403253,626331000
2022-05-06,18.64310646057129,19.47867694269655,17.95927682251405,18.704003108603505,633297000
2022-05-09,16.921052932739258,18.223822606653048,16.798261899873843,18.003201272373538,644455000
2022-05-10,17.56494903564453,18.16691981931421,16.99592283611969,17.658788357133947,761474000
2022-05-11,16.601598739624023,17.722681996660068,16.539706252039686,17.31737521925075,670167000
2022-05-12,16.147380828857422,16.75933501489599,15.540420123780823,16.1913063244958,708728000
2022-05-13,17.675762176513672,17.89738318066595,16.564663924099527,16.759330610645957,670437000
2022-05-16,17.234519958496094,17.757625344440065,17.076790718721913,17.479102434662938,521446000
2022-05-17,18.145957946777344,18.339626883509194,17.60388599597196,18.043133207106575,585830000
2022-05-18,16.909074783325195,18.087060007561064,16.835201746851723,17.67476517907851,545161000
2022-05-19,17.094755172729492,17.65679337398476,16.705419942914983,16.908074268152976,621310000
2022-05-20,16.66549301147461,17.380269949897603,15.728096349774141,17.302404028802552,739105000
2022-05-23,16.8691463470459,16.886117516531304,16.151374220632025,16.246211316846498,639889000
2022-05-24,16.12641143798828,16.568655672206447,15.753050560952556,16.481804357923348,588550000
2022-05-25,16.946012496948242,17.081779932453724,15.972677105041479,15.992643408404739,781132000
2022-05-26,17.82051658630371,18.06110426597355,15.994639404503166,16.008615436483225,996575000
2022-05-27,18.778879165649414,18.848759329019614,18.069092827247598,18.154946415427407,738379000
2022-05-31,18.640113830566406,19.167212018261754,18.318663222436633,18.947586503994447,664100000
2022-06-01,18.288715362548828,19.020463449679433,18.091053524944282,18.692026701724934,544514000
2022-06-02,19.55853843688965,19.58549275087521,18.16692010850967,18.260759431492897,648656000
2022-06-03,18.688030242919922,19.298986516838273,18.490368423029345,19.04941345422619,598779000
2022-06-06,18.75391387939453,19.303973396798668,18.53229292091064,19.10631161523933,422406000
2022-06-07,18.893680572509766,18.967553608275995,18.156939990406823,18.440455398286808,388914000
2022-06-08,18.620092391967773,19.151295797176143,18.507260637666125,18.77086547818262,363252000
2022-06-09,18.02098846435547,18.9046641413827,18.013998971506,18.453340970679225,395574000
2022-06-10,16.948596954345703,17.670514456691603,16.843752654177802,17.573659508927918,465248000
2022-06-13,15.623579978942871,16.287584572941764,15.582640981827987,15.976051298376328,604153000
2022-06-14,15.812297821044922,16.041953110191248,15.38893170645206,15.707454485208673,469680000
2022-06-15,16.50226593017578,16.842755189557263,15.902164608969189,16.070911354071416,563936000
2022-06-16,15.577649116516113,15.918139282645747,15.377948655928876,15.836261284395105,545749000
2022-06-17,15.856232643127441,15.971060294992368,15.305058771479441,15.624579525276442,630334000
2022-06-21,16.54120635986328,16.98254427360462,16.382443932239894,16.450342951812708,483089000
2022-06-22,16.33551597595215,16.637064043706904,16.155785062066073,16.201715745427563,437135000
2022-06-23,16.200721740722656,16.560181751647058,15.829277697973277,16.49428052745322,463680000
2022-06-24,17.100366592407227,17.114345577356953,16.285587932705912,16.47530408880498,472153000
2022-06-27,16.843751907348633,17.30406237753292,16.60111557126495,17.286089668284855,427968000
2022-06-28,15.958081245422363,17.176254673926298,15.921135965503867,16.874706609804687,461149000
2022-06-29,15.518738746643066,15.796322553618783,15.147295762714824,15.790331967796002,482352000
2022-06-30,15.136310577392578,15.543699880016256,14.839755192175502,15.338007890899755,686070000
2022-07-01,14.501262664794922,15.040454389186225,14.370459171454637,14.876700295756732,577610000
2022-07-05,14.94160270690918,14.948592199339451,14.033963789010635,14.153784067349683,651397000
2022-07-06,15.107355117797852,15.296072371934425,14.766864934705913,14.987534835476383,529066000
2022-07-07,15.834264755249023,15.921134433623129,15.365966855854396,15.432866963873742,492903000
2022-07-08,15.814295768737793,16.01299828607396,15.365967423146218,15.40690642464294,467972000
2022-07-11,15.12932300567627,15.503761757468185,15.01549330517654,15.502762850377351,437321000
2022-07-12,15.059426307678223,15.407903930924364,14.854733210647337,15.245147788988149,458483000
2022-07-13,15.141304969787598,15.351989626999123,14.443351694118375,14.568164617915116,521918000
2022-07-14,15.348994255065918,15.449842932508282,14.705958001696779,15.085389414128624,456235000
2022-07-15,15.738409996032715,15.758379568003257,15.421884043363004,15.635564462603954,385935000
2022-07-18,16.076902389526367,16.871710589683683,15.978051532247012,16.277601777662408,670517000
2022-07-19,16.966569900512695,17.084393329050897,16.147797439008336,16.461326675528067,702366000
2022-07-20,17.780344009399414,17.906156756706174,16.775851271623008,16.921632633626967,760538000
2022-07-21,18.022987365722656,18.116846557351806,17.518743937528516,17.858235278993707,557049000
2022-07-22,17.293079376220703,17.94010834416642,17.111350658354734,17.866219692118694,536671000
2022-07-25,16.998519897460938,17.09837060572029,16.624081169858755,16.99352631457635,480748000
2022-07-26,16.508256912231445,16.89367888729215,16.453338922989442,16.863723101025418,397865000
2022-07-27,17.763376235961914,17.90915763959867,16.887687954750817,17.006509340230103,569776000
2022-07-28,17.957082748413086,18.1128494016185,17.413898228562946,17.948097346099534,474646000
2022-07-29,18.13581657409668,18.21669472131402,17.665520822716793,17.7863400183586,435460000
2022-08-01,18.413400650024414,18.81779520091153,17.9630754163842,18.154787499892723,476469000
2022-08-02,18.498275756835938,18.909659872779066,18.06492520279919,18.094880994785882,489527000
2022-08-03,18.864723205566406,18.9396117176789,18.109854164369803,18.156784704919016,418146000
2022-08-04,19.186241149902344,19.245152860108632,18.731922222497296,18.820789717458855,409652000
2022-08-05,18.96057891845703,19.200219474774293,18.638062407878817,18.781845979871633,386068000
2022-08-08,17.766368865966797,18.211702398582386,17.21619484617893,17.475805938276682,981859000
2022-08-09,17.0604248046875,17.42088449310332,16.698967161642635,17.226176688800006,668263000
2022-08-10,18.069913864135742,18.09088234146553,17.291080625113878,17.67151089037589,597422000
2022-08-11,17.915145874023438,18.67900220334982,17.849244670616443,18.10386408188988,509327000
2022-08-12,18.68099594116211,18.689983246965728,17.926127006444133,18.13281789948401,478094000
2022-08-15,19.003515243530273,19.135317654548857,18.585143621952405,18.673011261133464,457666000
2022-08-16,18.850746154785156,19.113353047062745,18.47331159544377,18.89168516148914,451240000
2022-08-17,18.30755615234375,18.660028439075308,18.117841906309852,18.495276393362314,446799000
2022-08-18,18.744903564453125,18.83676492537196,18.155786452602086,18.273609874972294,415447000
2022-08-19,17.82228660583496,18.49228185814888,17.743404371604452,18.378452160239146,441588000
2022-08-22,17.00850486755371,17.53172074156126,16.940605853841493,17.463821727849037,409593000
2022-08-23,17.155284881591797,17.438860213737485,16.944600244332623,16.96357281252585,369986000
2022-08-24,17.196226119995117,17.379950765567372,16.869715834968854,16.9865394102526,522661000
2022-08-25,17.886188507080078,17.920138013113437,16.80780509236145,16.818788307961942,770691000
2022-08-26,16.23566246032715,17.8971713637303,16.2126961703549,17.83027221223721,769127000
2022-08-29,15.777350425720215,16.313546405492897,15.743401869330192,15.996023465490442,496132000
2022-08-30,15.44484806060791,16.014992540192395,15.159275891210998,15.936111266550355,530181000
2022-08-31,15.071407318115234,15.516739848912291,14.936609156194693,15.360973210992581,573710000
2022-09-01,13.916142463684082,14.358479319557945,13.250140864183996,14.18773475449995,1178865000
2022-09-02,13.626574516296387,14.149789448130205,13.570657624383497,14.078896568766249,743157000
2022-09-06,13.444847106933594,13.758377273107302,13.331017410608663,13.710448779444814,535751000
2022-09-07,13.697543144226074,13.821394894652745,13.329984708493885,13.54672431921064,512657000
2022-09-08,13.973212242126465,13.991191244731048,13.352958084191979,13.442849287095138,624873000
2022-09-09,14.369736671447754,14.45663217073669,14.109050173580943,14.140012160343346,486612000
2022-09-12,14.487594604492188,14.529544023025807,14.18096283409226,14.3517581199462,484159000
2022-09-13,13.115242004394531,13.90529314840451,13.083280816767804,13.78543726600946,714956000
2022-09-14,13.112247467041016,13.274052779821835,12.897505301404209,13.238095726138331,588507000
2022-09-15,12.913484573364258,13.21711966189632,12.774651439998117,12.999381811828856,523625000
2022-09-16,13.182162284851074,13.196145423815514,12.601859160237113,12.726709159579556,670751000
2022-09-19,13.36594009399414,13.446843212733178,12.994386794099679,12.996384249094625,569685000
2022-09-20,13.160188674926758,13.466820440382488,13.041331990997975,13.19914238617269,524818000
2022-09-21,13.245085716247559,14.014162129117507,13.09426690208295,13.197143936251228,807679000
2022-09-22,12.545927047729492,13.133221762579595,12.413087222872996,13.054316087751957,759162000
2022-09-23,12.500980377197266,12.595866642258116,12.242291356954421,12.405095860810974,663309000
2022-09-26,12.213325500488281,12.643808988477637,12.19934236212235,12.476010375556603,547343000
2022-09-27,12.398104667663574,12.720717026131021,12.243290932361806,12.49199173171832,553854000
2022-09-28,12.72071647644043,12.807611967130406,12.339174918454615,12.39510747291623,542414000
2022-09-29,12.205338478088379,12.485002262049875,11.931667060858953,12.433064606918302,532763000
2022-09-30,12.124434471130371,12.617842159693925,12.060511134563148,12.072496819702629,565638000
2022-10-03,12.496986389160156,12.66278756428956,12.090474225179374,12.332184417959828,547478000
2022-10-04,13.151200294494629,13.204137147620418,12.86354576862045,12.86354576862045,584182000
2022-10-05,13.193150520324707,13.305016599455884,12.60585670060862,12.895508699525202,507131000
2022-10-06,13.114245414733887,13.639614289691051,13.087277385326294,13.204137576052528,644157000
2022-10-07,12.061507225036621,12.654794199907112,12.007572132096556,12.489992262443087,672478000
2022-10-10,11.655996322631836,12.109451052143639,11.394310633276682,12.022555556989856,698699000
2022-10-11,11.572096824645996,11.83178409135809,11.26945998596596,11.547126254028573,667482000
2022-10-12,11.486200332641602,11.720917996528284,11.331386594866553,11.565106007381553,492590000
2022-10-13,11.945648193359375,12.063506625372144,10.800024266039834,10.957834660470665,850103000
2022-10-14,11.21352767944336,12.096466691832878,11.190555515991965,12.042531591650091,713432000
2022-10-17,11.873735427856445,11.933663854503429,11.503181244233529,11.504179495701797,580774000
2022-10-18,11.952641487121582,12.477011188564495,11.604060255169404,12.32918900154751,659362000
2022-10-19,12.036538124084473,12.33518005536354,11.819798522186153,11.86474459720197,523131000
2022-10-20,12.179367065429688,12.753676857079665,12.090473167129646,12.098463940273094,652398000
2022-10-21,12.451040267944336,12.483002408632712,11.872735554326965,12.08348184147233,609494000
2022-10-24,12.583882331848145,12.694749202983306,12.049524435219746,12.492991919760396,517457000
2022-10-25,13.245085716247559,13.284039424557546,12.648802028705033,12.678766712798822,505482000
2022-10-26,12.880524635314941,13.37193385912893,12.692750510711289,12.853557561264791,532953000
2022-10-27,13.160188674926758,13.821394941977852,13.106253573034632,13.613644355412672,583113000
2022-10-28,13.817399024963379,13.833380571967435,13.04532685053314,13.08827547211294,521040000
2022-10-31,13.480802536010742,13.821393871952449,13.281042738443825,13.761465456417449,486341000
2022-11-01,13.526749610900879,13.90829120834188,13.502778241501344,13.794427679959076,432817000
2022-11-02,13.203137397766113,14.192948398140635,13.195147576701615,13.833380731930072,672628000
2022-11-03,13.404894828796387,13.76446345186093,12.94045361155459,13.027349108120536,500065000
2022-11-04,14.139013290405273,14.211925646505437,13.680563492193205,13.969217209960792,612576000
2022-11-07,14.283839225769043,14.394706092815511,13.937256437354097,14.210926867488931,410061000
2022-11-08,14.584477424621582,14.873130174501293,14.198940003022432,14.78323802463346,595292000
2022-11-09,13.759469032287598,14.193947458013763,13.742489233902935,14.145005518105632,454414000
2022-11-10,15.731099128723145,15.754071291223399,14.52954272668995,14.782239371782323,700819000
2022-11-11,16.307409286499023,16.369335168505195,15.463423867683403,15.78803371742249,655487000
2022-11-14,16.275447845458984,16.520154710286672,15.90289526017533,16.198540572389145,527852000
2022-11-15,16.64600372314453,16.97760420057241,16.36234408331265,16.701936287889954,545876000
2022-11-16,15.890909194946289,16.342366497933718,15.853953889002272,16.142607624032543,649547000
2022-11-17,15.658187866210938,16.246481775556962,15.516358066087552,15.69614237342874,710894000
2022-11-18,15.390511512756348,15.98280039800406,15.101857766255701,15.946842389528584,492072000
2022-11-21,15.298620223999023,15.458428074052856,15.061904155522589,15.128824145184344,404739000
2022-11-22,16.018754959106445,16.038731416885003,15.1038537674951,15.309606900976542,472866000
2022-11-23,16.499176025390625,16.507167751178848,16.028742467722342,16.07868170486478,427241000
2022-11-25,16.25047492980957,16.467213564528336,16.152592965743032,16.298417660593895,167934000
2022-11-28,15.80800724029541,16.337371925299387,15.70613035675524,16.00676784560978,303741000
2022-11-29,15.620234489440918,15.912883135727961,15.501377797341771,15.808008631345784,298384000
2022-11-30,16.90701675415039,16.91401011224117,15.582268932663492,15.682173912135513,565298000
2022-12-01,17.118818283081055,17.248694675283573,16.61929047291428,16.98294703884765,470977000
2022-12-02,16.86005973815918,16.917007013380566,16.429467070023797,16.643265644067263,371389000
2022-12-05,16.594310760498047,16.97894731716057,16.456440627837587,16.66324582682828,352255000
2022-12-06,15.97189998626709,16.557345970825978,15.804058449180554,16.514387318092638,352694000
2022-12-07,16.104774475097656,16.170712118663413,15.652201340982169,15.757102657258699,372388000
2022-12-08,17.15278434753418,17.1627751311084,15.943926212713347,16.257630719193045,515456000
2022-12-09,16.984941482543945,17.56639249733036,16.95896697025253,17.1437916984956,465338000
2022-12-12,17.5184383392334,17.521435764939,16.781136404259517,17.020909499688667,457328000
2022-12-13,18.054935455322266,18.772257873102536,17.694276279815913,18.513501664439776,656589000
2022-12-14,17.65730857849121,18.23476374050765,17.40354874404559,17.970012708973496,496888000
2022-12-15,16.935989379882812,17.303641853458835,16.684228478407395,17.12980640085517,478542000
2022-12-16,16.555349349975586,17.02490669744335,16.39450210101548,16.848073812047673,478232000
2022-12-19,16.2386474609375,16.593311698540127,16.129751160735065,16.556347895867603,354039000
2022-12-20,16.069807052612305,16.29459492471564,15.837028268444671,16.04882697825247,403260000
2022-12-21,16.485410690307617,16.61129301282425,16.086787464356192,16.098777164380028,325025000
2022-12-22,15.32451343536377,16.122759590703474,14.867945252019002,16.07880051974723,565045000
2022-12-23,15.19163990020752,15.324513716760682,14.868944984616018,15.181649115463676,349326000
2022-12-27,14.107664108276367,15.085739610722163,14.042724962145323,15.059764142824474,464902000
2022-12-28,14.022743225097656,14.248529600016075,13.870886362519705,13.913845969988317,351066000
2022-12-29,14.58920955657959,14.669133933519861,14.213565175515065,14.388400107362054,354923000
2022-12-30,14.600197792053223,14.615183015183472,14.219557117948435,14.320461558489656,310490000
2023-01-03,14.30147933959961,14.981836857108386,14.082686318071687,14.836973349478153,401277000
2023-01-04,14.735069274902344,14.838971139139868,14.22754965642136,14.553241965260252,431324000
2023-01-05,14.251527786254883,14.550245182755335,14.134637707433926,14.477314173223293,389168000
2023-01-06,14.844965934753418,14.99582333867336,14.020745334784726,14.460329337176837,405044000
2023-01-09,15.613238334655762,16.040833550577446,15.126697881042894,15.269563407997168,504231000
2023-01-10,15.893974304199219,15.946923742496004,15.45738677744463,15.492353567409218,384101000
2023-01-11,15.985886573791504,16.012861499247272,15.548300537353844,15.825039338857813,353285000
2023-01-12,16.495407104492188,16.621287564446444,15.477369369246485,16.084795943852424,551409000
2023-01-13,16.883039474487305,16.906018468034198,16.149733466553787,16.26262570419307,447287000
2023-01-17,17.68528175354004,17.711258174571284,16.883040616258818,16.883040616258818,511102000
2023-01-18,17.360591888427734,17.856121904906214,17.265680376384633,17.650317053573275,439624000
2023-01-19,16.749168395996094,17.180761576267606,16.715202010993732,17.0199124023863,452932000
2023-01-20,17.82215118408203,17.839135325204627,16.80910900112207,16.994932235706603,564967000
2023-01-23,19.174875259399414,19.226826197242588,17.801173785335894,18.046939851336912,655163000
2023-01-24,19.246807098388672,19.47659135339831,18.802227624914842,18.80922098419806,496204000
2023-01-25,19.304750442504883,19.351706937761307,18.562452134690616,18.89513781742045,449537000
2023-01-26,19.783296585083008,20.14695309854506,19.259791347875655,19.6823921496768,489535000
2023-01-27,20.345766067504883,20.608518165238692,19.38667365320494,19.443619026904443,542142000
2023-01-30,19.143903732299805,20.12097882695284,19.13191402868899,19.931159638223047,488611000
2023-01-31,19.518550872802734,19.668408839064604,18.93210531346682,19.151896870281067,498017000
2023-02-01,20.923219680786133,21.17198313820513,19.59247705157619,19.672401413641385,660477000
2023-02-02,21.688493728637695,21.928266800569993,20.680447938791012,20.980163802319638,564276000
2023-02-03,21.08007049560547,21.724461721839603,20.769363425697847,20.980164568929723,429366000
2023-02-06,21.069082260131836,21.54962695222601,20.766367039433767,20.78634860687831,452197000
2023-02-07,22.152061462402344,22.237980691163425,21.13002680675863,21.361808070267557,664150000
2023-02-08,22.18402671813965,22.85639138734189,21.987212286748747,22.36585402165245,559651000
2023-02-09,22.31590461730957,22.998260149633165,22.099110499332042,22.58465157727127,523876000
2023-02-10,21.244916915893555,22.057148851622582,20.791347102373106,21.669516693052636,550737000
2023-02-13,21.76742172241211,22.027176385632682,20.94220165152023,21.51765784303239,474919000
2023-02-14,22.94930648803711,23.027231939405723,21.34582082769537,21.55762050476707,675474000
2023-02-15,22.74249839782715,22.8334120482029,22.085120866486204,22.527701321791618,420575000
2023-02-16,21.981224060058594,22.528705007029274,21.906294121223468,22.112098967976177,412026000
2023-02-17,21.367801666259766,21.719468521066783,20.955191596640212,21.6105722076126,465888000
2023-02-21,20.635494232177734,21.473700681478473,20.59852851923983,20.98016773032169,410015000
2023-02-22,20.734399795532227,21.084069639386776,20.401714095187934,20.687445203336978,513184000
2023-02-23,23.641651153564453,23.865440536709627,23.003254689456554,23.417863675966604,1117995000
2023-02-24,23.26400375366211,23.451827803324537,22.925325171391652,23.20306245553744,589716000
2023-02-27,23.47880744934082,23.85744926987565,23.431852852829415,23.64764848760603,452994000
2023-02-28,23.194072723388672,23.80249869803318,23.184081939450895,23.349925522833068,455963000
2023-03-01,22.676565170288086,23.234038788808046,22.48674406262942,23.170098144653185,460026000
2023-03-02,23.29197883605957,23.35791648305723,22.410811925677443,22.466760694671414,389415000
2023-03-03,23.86743927001953,23.8774300553532,23.10815673458766,23.29797784483249,412393000
2023-03-06,23.531757354736328,24.225100305977033,23.464819285474714,23.868438998083167,437429000
2023-03-07,23.269954681396484,24.106305999392774,23.222990216472642,23.581713193015354,515154000
2023-03-08,24.162263870239258,24.181250154987797,23.40585043832707,23.46880135031706,513573000
2023-03-09,23.417842864990234,24.435053778962832,23.364882526093854,24.156268710129314,501257000
2023-03-10,22.947206497192383,23.608694224451664,22.70839135809084,23.390862722726986,474866000
2023-03-13,22.948205947875977,23.279949451928704,22.279725558137223,22.734372955848883,421890000
2023-03-14,24.044353485107422,24.200232739085717,23.44182010496801,23.477793413344934,474910000
2023-03-15,24.209228515625,24.267182234844768,23.341901021216625,23.742589391877125,524486000
2023-03-16,25.521209716796875,25.568172276922425,23.875484642486136,24.00838291285319,583253000
2023-03-17,25.70507049560547,26.37854811527238,25.648113542090044,25.961871359937923,848547000
2023-03-20,25.879934310913086,26.003838794237083,25.11053038968524,25.595155259242034,432747000
2023-03-21,26.178699493408203,26.371550743023278,25.36133442177255,26.159715114851302,547408000
2023-03-22,26.447494506835938,27.567626309324265,26.216672572959897,26.404526646779992,797295000
2023-03-23,27.169931411743164,27.477693326309833,26.669320153605067,27.093990085842137,564889000
2023-03-24,26.758251190185547,27.145951059024593,26.334579915197427,27.010056750841535,454920000
2023-03-27,26.510446548461914,26.979083076531545,26.344574782878965,26.816209246044448,361026000
2023-03-28,26.389541625976562,26.49246247851056,25.82997595757845,26.426513619945435,356104000
2023-03-29,26.963092803955078,27.05701983815986,26.576393509814775,26.80421750216044,393694000
2023-03-30,27.36178207397461,27.47769332122134,27.0809996657957,27.207902069655145,364516000
2023-03-31,27.75547981262207,27.812434858242728,27.08399956957691,27.11897230037396,433933000
2023-04-03,27.943334579467773,27.978307311137023,27.314822179920686,27.487688485526352,398716000
2023-04-04,27.43172836303711,27.978305428409012,27.285841576213635,27.944331375396246,368592000
2023-04-05,26.860177993774414,26.97708603690302,26.374554397462944,26.808218228204645,515015000
2023-04-06,27.01605224609375,27.05901819761364,26.406524267417176,26.563402211324938,397654000
2023-04-10,27.55763053894043,27.59959781175058,26.648335816312407,26.802215816616297,395279000
2023-04-11,27.14794921875,27.768468337867095,27.10498136250291,27.702519492015778,314378000
2023-04-12,26.474472045898438,27.446717721444895,26.427507578002256,27.34879408048613,446259000
2023-04-13,26.4424991607666,26.86617048576454,26.30860409528511,26.71328913277875,353615000
2023-04-14,26.737266540527344,26.86216968687569,26.199683291915306,26.48346363683986,395660000
2023-04-17,26.9810791015625,26.98507571258764,26.412519730546887,26.544417423730405,321471000
2023-04-18,27.645565032958984,28.08822261514071,27.335805736591062,27.511669976648836,604812000
2023-04-19,27.909358978271484,27.97830576142074,27.210901154073433,27.339800915924755,358660000
2023-04-20,27.08300018310547,28.00828332218978,26.979080669784498,27.649560313033174,427713000
2023-04-21,27.09798812866211,27.16193962505463,26.701296358072568,26.93111770046531,345103000
2023-04-24,27.02105140686035,27.344799821736117,26.65033851677505,26.99207454292537,339282000
2023-04-25,26.220672607421875,27.22589386532295,26.204686159996655,27.05702414976361,378527000
2023-04-26,26.93511199951172,27.308822747304923,26.68430704058292,26.981077788741214,406337000
2023-04-27,27.204906463623047,27.473699061924297,26.60437225664509,27.341801359540217,377161000
2023-04-28,27.727500915527344,27.736492814146462,27.050024820075873,27.203906737499796,292216000
2023-05-01,28.88759994506836,29.03548598905162,27.758476324633243,27.818429302087736,570329000
2023-05-02,28.188140869140625,28.813657176732367,28.06124037151052,28.65777791443709,402730000
2023-05-03,27.78045654296875,28.345019263539147,27.450712333034048,27.81842720386248,383387000
2023-05-04,27.5406436920166,27.83741253822328,27.218892692514583,27.62957352531793,321850000
2023-05-05,28.657779693603516,28.732720441787755,27.70951555183905,27.804441261887433,361494000
2023-05-08,29.128414154052734,29.19736093983139,28.328036044950306,28.499901765349517,344979000
2023-05-09,28.548864364624023,28.950553350491152,28.42795972300857,28.87661127506704,314869000
2023-05-10,28.862619400024414,29.090443380229463,28.43894813940752,28.98252535370124,369350000
2023-05-11,28.55585479736328,28.927568191309245,28.22411322918912,28.87360918061687,322149000
2023-05-12,28.318042755126953,28.757702383519174,28.02426991669217,28.506895497489484,274222000
2023-05-15,28.930564880371094,28.946553229870617,28.1301868465502,28.485909993610434,293926000
2023-05-16,29.190364837646484,29.846857282079426,28.80966142749833,28.8186533259383,449405000
2023-05-17,30.154621124267578,30.175604764450416,29.40720139496846,29.561081422975946,432535000
2023-05-18,31.653457641601562,31.803341051124786,30.296509921364876,30.386440348253,748725000
2023-05-19,31.239776611328125,31.555531759478416,30.892046668425955,31.51156522552532,473908000
2023-05-22,31.151845932006836,31.495579269125198,30.656229935125022,30.877057472880523,372000000
2023-05-23,30.664222717285156,31.263758219517662,30.607267673626875,30.975981254680892,356253000
2023-05-24,30.514341354370117,30.583288141844005,29.78290810719129,30.186594444774748,721419000
2023-05-25,37.95056915283203,39.449406815163826,36.60661016251731,38.49314765474181,1543911000
2023-05-26,38.915828704833984,39.139654202122564,37.52091024078005,37.860647004196835,714397000
2023-05-30,40.079917907714844,41.90550182363337,39.91804469232887,40.56354401320244,923401000
2023-05-31,37.804691314697266,40.26378342359536,37.792699573770406,39.45740936349425,1002580000
2023-06-01,39.73918533325195,40.0189671601438,38.31029304006884,38.45917585173872,635873000
2023-06-02,39.29652404785156,40.468615392047035,39.02773149734299,40.0659278102451,482731000
2023-06-05,39.140655517578125,39.534347478908344,38.677014278698906,38.87885745313366,396094000
2023-06-06,38.624053955078125,39.12966247370084,38.11844543645541,38.79992010783334,388729000
2023-06-07,37.44983673095703,39.4724798355732,37.33091714927566,38.88887231517685,511998000
2023-06-08,38.48414993286133,38.83791241516049,37.479827246068986,37.6986782072465,417772000
2023-06-09,38.74396514892578,39.68433131568458,38.54110235440473,39.01078414195627,427717000
2023-06-12,39.45549392700195,39.503462039764756,38.59207552154446,39.173685553174,388701000
2023-06-13,40.99446105957031,41.07341040519784,39.71332399118058,40.15902373494629,613208000
2023-06-14,42.96813201904297,42.97112835789962,40.524770166876394,40.79659070865138,740465000
2023-06-15,42.62437057495117,43.259945268512396,42.1187096909307,42.57340611825495,568622000
2023-06-16,42.6633415222168,43.6916500671895,42.632360289705495,43.420832085297626,655709000
2023-06-20,43.77859115600586,43.96047200197597,42.645353517675446,42.969137333828364,451153000
2023-06-21,43.01609802246094,43.58571883513906,42.0517495771643,43.471793147749,551603000
2023-06-22,42.996116638183594,43.39684459011098,42.205647311041446,42.22463174963578,417737000
2023-06-23,42.180660247802734,42.78025587920079,41.986790256637725,42.43549010660813,358140000
2023-06-26,40.60471725463867,42.73528567393262,40.07307297637483,42.43248772308976,594322000
2023-06-27,41.847877502441406,41.9118336996355,40.42083888923078,40.771601100366446,462175000
2023-06-28,41.08939743041992,41.816909341318976,40.490800534066345,40.63270349711572,582639000
2023-06-29,40.794593811035156,41.572071399017275,40.572742722962666,41.53009977760553,380514000
2023-06-30,42.27359390258789,42.5214284776047,41.47313305600103,41.65201371800326,501148000
2023-07-03,42.384521484375,42.86919645813437,42.17366461675994,42.48845174872612,198209000
2023-07-05,42.28859329223633,43.14801275888201,42.05674678060165,42.10671245240927,323618000
2023-07-06,42.07473373413086,42.15068292310203,41.31824199558715,41.815908748676975,303582000
2023-07-07,42.474464416503906,43.18498944249767,42.151683210929725,42.293586172904085,355881000
2023-07-10,42.15167999267578,42.782256847848465,41.62103447108327,42.62836091679516,353908000
2023-07-11,42.37652587890625,42.72928949696264,42.03875539127137,42.45247506207122,298244000
2023-07-12,43.872528076171875,43.905506867976484,42.74828331271317,43.004111972892986,481277000
2023-07-13,45.946136474609375,46.12401457256602,44.46213275662318,44.48811627852953,478204000
2023-07-14,45.438480377197266,48.05572183625466,45.02975452491194,46.55173101087645,772075000
2023-07-17,46.4298095703125,46.464785922555656,45.231616951942435,46.25792796050985,510488000
2023-07-18,47.46211242675781,47.86384295444501,45.703295752651904,46.66964557192856,569164000
2023-07-19,47.045387268066406,47.78589081195273,46.710613136837885,47.432128432897464,427502000
2023-07-20,45.48944091796875,47.05539026514879,45.03174821014186,46.47577781434144,537865000
2023-07-21,44.27925109863281,45.835208820153,44.070391777518616,45.757258258019995,963769000
2023-07-24,44.58205032348633,45.07871832138468,44.01043572473537,44.70096991726032,382516000
2023-07-25,45.64833450317383,46.151993949696525,44.892841521253494,44.910830992402,348081000
2023-07-26,45.421478271484375,46.02207643335908,44.60003165413304,45.99009642726595,364237000
2023-07-27,45.86918640136719,47.363181660556975,45.71928557953061,46.48777031512932,455976000
2023-07-28,46.71861267089844,46.99542712373659,46.34986093104817,46.63666699267924,331194000
2023-07-31,46.697628021240234,47.09835978102498,46.474778161903316,46.722612762047206,251055000
2023-08-01,46.47577667236328,46.868514380212844,45.99609938631063,46.42880734222909,237858000
2023-08-02,44.23928451538086,45.8092290948943,43.357876606802805,45.80023626472473,530142000
2023-08-03,44.48511505126953,45.087710878582755,43.77059490108069,43.77059490108069,324176000
2023-08-04,44.65000534057617,45.61135750960015,44.363199262281455,44.95480089030669,362666000
2023-08-07,45.386512756347656,45.50943128805715,44.533085929268644,45.080718408884294,322154000
2023-08-08,44.63401412963867,45.21162517699858,44.0264206319756,44.822886411936246,353843000
2023-08-09,42.52543640136719,44.282255761115316,42.10571634484622,44.24427925587865,586449000
2023-08-10,42.35954666137695,43.54475135763228,41.80691647126187,42.13169907067991,492705000
2023-08-11,40.82756805419922,41.98978918777693,40.611713480681736,41.72296635669751,533085000
2023-08-14,43.72362518310547,43.770594514507756,40.28393840809102,40.45882016103964,690286000
2023-08-15,43.91050338745117,45.23761487960179,43.680658235104225,44.53008994992027,676512000
2023-08-16,43.45680618286133,44.64500713653826,43.37685806021179,44.49011241407516,527451000
2023-08-17,43.314903259277344,44.03241974365146,42.972131210711666,43.94048245223215,452395000
2023-08-18,43.26993179321289,43.54874382071952,41.632032166940185,42.606376093632456,583768000
2023-08-21,46.93546676635742,47.03340054502666,44.192310747529035,44.464127494140655,692573000
2023-08-22,45.6373405456543,48.15465044840223,45.30256635922711,48.1026834062312,755293000
2023-08-23,47.084373474121094,47.168316721303135,45.17765331579734,45.835212564193235,779046000
2023-08-24,47.13134002685547,50.23225777788215,47.12734490764703,50.18229210282015,1156044000
2023-08-25,45.98710632324219,47.77290532972233,44.993770374089465,46.980438460258725,925341000
2023-08-28,46.80355453491211,46.94845764081992,44.85786313408847,46.45079089513967,685192000
2023-08-29,48.751243591308594,49.04804505027456,46.35984885447826,46.634665726138564,701397000
2023-08-30,49.230926513671875,49.89347960876958,48.39248907555187,49.011072990962134,735206000
2023-08-31,49.32186508178711,49.710603865788684,48.925132248027246,49.346849822900985,528570000
2023-09-01,48.47643280029297,49.76656646527334,48.109678602925236,49.728593775552426,463830000
2023-09-05,48.51541519165039,48.8182132226255,47.82787724784433,48.19063256739021,382653000
2023-09-06,47.03327941894531,48.52040187168578,46.55256375973415,48.4124675938394,468670000
2023-09-07,46.21376037597656,46.31670033876854,45.125401208610924,45.498182570849345,433330000
2023-09-08,45.5451545715332,46.57854589398362,45.24433318600193,45.914939369305465,473069000
2023-09-11,45.15138626098633,46.13580277797443,44.285895308094744,46.12081222472613,473966000
2023-09-12,44.843563079833984,45.64609138297815,44.504762105422756,44.71164088016986,349256000
2023-09-13,45.45820617675781,45.90294372989549,44.47678239914178,44.57372538010416,398355000
2023-09-14,45.55415725708008,45.959916382473324,45.10442151314497,45.92293942337167,370097000
2023-09-15,43.874141693115234,45.5721383754204,43.7821930198778,45.31429093296798,506831000
2023-09-18,43.940093994140625,44.21593234564096,41.97525279549393,42.722813157551535,500271000
2023-09-19,43.494361877441406,43.94009827513682,42.97666548704609,43.80717720782653,373064000
2023-09-20,42.21411895751953,43.877140298495235,42.1981295407641,43.57431736743093,367108000
2023-09-21,40.99284362792969,42.07520603875452,40.955866667490554,41.558512204916546,450736000
2023-09-22,41.585487365722656,42.09019092808113,41.20670902536928,41.54750773927353,479236000
2023-09-25,42.1971321105957,42.510946346658756,41.152745614643074,41.56650323994468,419091000
2023-09-26,41.88631057739258,42.7947755047386,41.63046086209198,41.97625771314318,402282000
2023-09-27,42.44298553466797,42.846750726606956,41.60448280317075,42.30507013891138,444935000
2023-09-28,43.06361389160156,43.4204020019038,42.09018872060994,42.434982863983606,424663000
2023-09-29,43.47337341308594,44.117993873277456,43.28148518657967,43.80117928965927,397830000
2023-10-02,44.755619049072266,45.14838526378596,43.835160204850645,44.004059360800305,433298000
2023-10-03,43.491363525390625,45.103416123255286,43.22052325615126,44.78160339586175,470850000
2023-10-04,44.01506042480469,44.117001536770516,43.266501033277635,43.71623674789107,361821000
2023-10-05,44.66168212890625,44.87355907762935,43.862154026315785,44.02405737101078,393483000
2023-10-06,45.73504638671875,45.762030910222144,44.00006886129196,44.166970312257135,434436000
2023-10-09,45.2463264465332,45.57813158236599,44.341860842790076,44.81558061204782,409675000
2023-10-10,45.77102279663086,46.23174977831537,45.061441940637515,45.283311292435734,368582000
2023-10-11,46.7784309387207,46.83140112460815,46.02287570557261,46.16878961981402,378137000
2023-10-12,46.9173469543457,47.58095729211939,46.302711352295894,46.749446645978935,481325000
2023-10-13,45.43421936035156,47.088247061466205,45.25332622388591,46.93233691107498,474115000
2023-10-16,46.06785202026367,46.197772707429415,44.88554631741198,45.036458356873474,375099000
2023-10-17,43.9121208190918,44.72764209675683,42.45497937899436,43.97408457640043,812333000
2023-10-18,42.171146392822266,43.19354648553622,41.80036652222744,42.56591420178306,627294000
2023-10-19,42.076202392578125,43.27149704183871,41.85732962426039,42.78578325627493,501233000
2023-10-20,41.36262130737305,42.444983530451566,41.05380140770334,41.86532335952727,477266000
2023-10-23,42.94968795776367,43.222529794895785,40.92088476471772,41.20471789682862,478530000
2023-10-24,43.63727569580078,43.67125606240389,42.66585200550872,43.05162238085588,401463000
2023-10-25,41.75439453125,43.62429484406004,41.530527426974515,43.37244053929943,398379000
2023-10-26,40.30224609375,42.231109527965074,39.85650966502812,41.82834703800738,541001000
2023-10-27,40.47614669799805,41.18173216586504,39.991431738659564,41.10577671411972,416784000
2023-10-30,41.136756896972656,41.74140011545999,40.45715708839421,41.06280298137389,388028000
2023-10-31,40.7559814453125,40.85492597583814,39.206895078542935,40.42617778091217,517969000
2023-11-01,42.30007553100586,42.35604230855743,40.84493168976348,40.85992224625753,437593000
2023-11-02,43.48037338256836,43.858149075327375,42.868734368129815,43.30247683018647,409172000
2023-11-03,44.978492736816406,45.28231071974979,43.69724635132194,43.99407230026529,424610000
2023-11-06,45.72404861450195,45.907942145910646,44.87254931814996,45.25832352062085,400733000
2023-11-07,45.92793273925781,46.190774498668894,45.13140131544397,45.69207169045335,343165000
2023-11-08,46.54656219482422,46.83938884160353,45.94091641434092,46.07283861591503,346719000
2023-11-09,46.92234420776367,48.201588985861626,46.722461258073324,47.43903795369881,540496000
2023-11-10,48.30652618408203,48.443446517904555,47.25514775060462,47.47201897601796,421245000
2023-11-13,48.59135818481445,49.087068200389616,48.07066518354385,48.29153566931826,384136000
2023-11-14,49.626747131347656,49.804643679009864,49.01111268540679,49.65073506752464,416954000
2023-11-15,48.85919952392578,49.93056658286776,48.171605113904064,49.90558359837123,475497000
2023-11-16,49.45085906982422,49.495834550251864,48.30153863182137,48.65033211773849,339756000
2023-11-17,49.26896286010742,49.68771478002095,48.97813389873992,49.49482766776376,325205000
2023-11-20,50.379310607910156,50.51822867897837,49.152033232319226,49.28295659470337,414120000
2023-11-21,49.91457748413086,50.48723796925796,49.19300270316688,50.096469472210146,565747000
2023-11-22,48.68730163574219,50.305347385214155,47.66190506313219,49.82263401876184,899420000
2023-11-24,47.74785614013672,48.89218207826851,47.71687235875977,48.44144754881704,294645000
2023-11-27,48.213584899902344,48.50141346161061,47.62393227136599,47.77184390637924,395662000
2023-11-28,47.79282760620117,48.2945345904846,47.44503304136884,48.20758404305151,401491000
2023-11-29,48.11164474487305,48.73328003145955,47.83181088593398,48.35050619942494,382005000
2023-11-30,46.742454528808594,48.08166546718563,46.394659915888205,47.99571376977162,526247000
2023-12-01,46.737457275390625,47.172202455851924,46.15979857134605,46.49760075768486,369317000
2023-12-04,45.483192443847656,46.04985981674189,44.98348694921652,46.04985981674189,437543000
2023-12-05,46.542659759521484,46.576639300091315,45.24830692132301,45.44320886868036,371718000
2023-12-06,45.480194091796875,47.36325259148531,45.389240093841764,47.19133790635441,380590000
2023-12-07,46.57265090942383,46.6056353183363,45.581147431853395,45.67709999626113,350823000
2023-12-08,47.48219299316406,47.7170758334867,46.52667080932443,46.57165024032382,359224000
2023-12-11,46.603633880615234,47.50718021067466,45.80703618949346,47.467203152590486,509728000
2023-12-12,47.633121490478516,47.64211585216739,46.02292867052267,46.02292867052267,372387000
2023-12-13,48.06390380859375,48.5696507647958,47.584144799570055,47.60513418472511,447792000
2023-12-14,48.325767517089844,48.64560684171551,47.39823500078961,48.36574838586443,391232000
2023-12-15,48.86549377441406,49.379236076134234,48.0958792715529,48.169843491403206,479948000
2023-12-18,50.051902770996094,50.40772334929845,49.12536921258584,49.37524392106738,412587000
2023-12-19,49.57913589477539,49.675088445454506,48.870491649793216,49.39922581544832,464444000
2023-12-20,48.08687973022461,49.973933674133676,48.07388575970598,49.63010436855017,397894000
2023-12-21,48.9654541015625,49.07040103134221,48.39473725563784,48.786542939601254,300425000
2023-12-22,48.8055305480957,49.35825100102085,48.44270969078598,49.17034549223245,252507000
2023-12-26,49.25429916381836,49.575137414585996,48.93545881250647,48.94345422311468,244200000
2023-12-27,49.392234802246094,49.65510348950808,49.06040044987627,49.486189463877416,233648000
2023-12-28,49.4971809387207,49.85899903094536,49.38723545621996,49.61812249458572,246587000
2023-12-29,49.4971809387207,49.97194517562977,48.726567424201626,49.78803546733378,389293000
2024-01-02,48.143856048583984,49.27029006493009,47.57114520519551,49.21931693922932,411254000
2024-01-03,47.54515838623047,48.159848009515486,47.29628263742881,47.461200853543446,320896000
2024-01-04,47.97394943237305,48.47569678347226,47.48419329239884,47.743062379627034,306535000
2024-01-05,49.07239532470703,49.52217057126956,48.281791365683425,48.43771523045836,415039000
2024-01-08,52.22681427001953,52.248806418013224,49.45420606560053,49.48719047480535,642510000
2024-01-09,53.113372802734375,54.2977804134657,51.66409858423947,52.37474467579261,773100000
2024-01-10,54.3227653503418,54.57264008297959,53.462196710132666,53.58913578901618,533796000
2024-01-11,54.79452133178711,55.318260772566724,53.53315663291465,54.971434569987615,596759000
2024-01-12,54.682579040527344,54.94245086657465,54.302772237512634,54.59262399501641,352994000
2024-01-16,56.35374450683594,56.80651660434578,54.87248875685251,54.990429652443055,449580000
2024-01-17,56.02490997314453,56.442699756892196,54.71256826860131,56.318761351488625,474394000
2024-01-18,57.0783805847168,57.57113355960741,56.07888171171816,57.23130379027645,491650000
2024-01-19,59.461185455322266,59.470179816121735,57.19631847450879,57.95993551231964,543501000
2024-01-22,59.624107360839844,60.300770075677505,59.04040036289129,60.01890988818667,452955000
2024-01-23,59.84299087524414,59.87997107909174,58.55563444803404,59.540141345229216,294654000
2024-01-24,61.33124542236328,62.81749966312902,59.90795933203634,60.27377702467032,560271000
2024-01-25,61.58612060546875,62.687569516767255,60.81950289051068,62.31875115055073,482777000
2024-01-26,61.00041198730469,61.75203783033358,60.54264514796327,60.92944842366768,390309000
2024-01-29,62.433692932128906,62.45767916479008,60.8764751379027,61.20130919891072,348733000
2024-01-30,62.7425422668457,63.46118374572972,62.228799892784565,62.86848239210444,410735000
2024-01-31,61.49616622924805,62.23779495619412,60.66958101504,61.40920802958089,453795000
2024-02-01,62.99541091918945,63.15933018552209,61.61910217787421,62.068873584965374,369146000
2024-02-02,66.12683868408203,66.5666129335565,63.658071823684544,63.941929855443355,476578000
2024-02-05,69.29725646972656,69.46217469854224,67.17132346877767,68.19080896214494,680078000
2024-02-06,68.18881225585938,69.71904328530657,66.26677937017486,69.59510487406826,683111000
2024-02-07,70.06385803222656,70.1847995704641,67.56611024482635,68.28475157553528,495575000
2024-02-08,69.60608673095703,70.75850859222243,69.42018296485597,70.03886831926252,414422000
2024-02-09,72.09686279296875,72.14883106624032,70.17682001570536,70.49765833259872,436637000
2024-02-12,72.2117919921875,74.57360667156944,71.21429106971823,72.56361295434608,613710000
2024-02-13,72.09186553955078,73.41320187519852,69.58512632462431,70.36473436037795,602580000
2024-02-14,73.86296844482422,74.19879860297466,71.90195366370614,73.1653201816801,504917000
2024-02-15,72.62158203125,73.93792331267274,72.36371572931519,73.8319812576461,420122000
2024-02-16,72.57660675048828,74.36471160286108,72.46466337072968,74.06286100719595,495327000
2024-02-20,69.41719818115234,71.91994112607156,67.70005682448759,71.91094295214619,704833000
2024-02-21,67.43819427490234,68.85348517508466,66.21480851806203,67.97192330584859,673755000
2024-02-22,78.49864196777344,78.53561836150196,74.1828051803666,74.98740205219113,865100000
2024-02-23,78.77750396728516,82.35270728551444,77.53112722629109,80.74951481547919,829388000
2024-02-26,79.05237579345703,80.60559805458351,78.46566428274411,79.66006525277888,503973000
2024-02-27,78.66156005859375,79.4401766634304,77.12333739870063,79.34121962191507,391705000
2024-02-28,77.62408447265625,78.89344471041017,77.08635205553938,77.58110675234951,393110000
2024-02-29,79.07234954833984,79.94990785839042,78.31073041631178,79.05436082688792,507289000
2024-03-01,82.23775482177734,82.25874801625466,79.39517868225165,79.95989790136245,479135000
2024-03-04,85.19427490234375,87.65104302544864,83.67703804923654,84.08782752325428,615616000
2024-03-05,85.9249496459961,86.05789246708638,83.37910949267872,85.23126463609206,520639000
2024-03-06,88.65970611572266,89.68324305114874,86.99046652196165,87.98202031125847,582520000
2024-03-07,92.62689208984375,92.72484713388091,89.56128432084023,90.1170314433978,608119000
2024-03-08,87.48824310302734,97.3557607121787,86.46670414122495,95.09478711569938,1142269000
2024-03-11,85.73504638671875,88.7566684384213,84.12777497843307,86.38974768743492,678364000
2024-03-12,91.87125396728516,91.9182296909345,86.11087110664366,88.00901063110172,668075000
2024-03-13,90.84671020507812,91.4624276728691,88.39482167096672,91.01363415420467,635713000
2024-03-14,87.90404510498047,90.60482099682989,86.56065394827854,89.53630642599725,602318000
2024-03-15,87.79708862304688,89.50531176073564,86.21781230295429,86.89050304320958,642086000
2024-03-18,88.4148178100586,92.36302032319799,87.04543743889901,90.34693832973477,668976000
2024-03-19,89.3573989868164,90.50287458112766,84.97139148245876,86.66061871650409,672171000
2024-03-20,90.33094787597656,90.36893262675873,88.18292203943432,89.7562045087411,479063000
2024-03-21,91.39346313476562,92.60591719212168,90.36393223327248,92.25807569846366,480372000
2024-03-22,94.24616241455078,94.73493865721083,90.7927303211633,91.0995900463856,586719000
2024-03-25,94.9588394165039,96.72203796887115,93.46752046670314,93.89832441902517,552136000
2024-03-26,92.5189437866211,96.33121396198779,92.45997248331167,95.80744995656973,513648000
2024-03-27,90.20899200439453,93.19763126628862,89.08250519129321,93.06969107441357,586067000
2024-03-28,90.31494903564453,91.25852036781959,89.15247543816959,89.95910797996004,435212000
2024-04-01,90.32194519042969,92.18309875741171,89.16347516442184,90.25797890351257,452441000
2024-04-02,89.41136169433594,90.0530682986896,87.5801933164325,88.40781242384669,433064000
2024-04-03,88.923583984375,90.33294713635686,88.3598448243253,88.44380630032965,370067000
2024-04-04,85.86595916748047,90.59281397321942,85.84096900356977,90.36491313450377,434965000
2024-04-05,87.96802520751953,88.44080991811138,85.88697023320091,86.82653804838375,399678000
2024-04-08,87.09341430664062,88.78964187058105,86.69259552509367,88.65969605555898,283220000
2024-04-09,85.3152084350586,87.59517772557601,82.98427507127602,87.40226463843116,501700000
2024-04-10,86.99945831298828,87.36029436616496,83.67096935278308,83.88787363370758,431929000
2024-04-11,90.57483673095703,90.69778195869354,86.88651802850721,87.38028930692866,431637000
2024-04-12,88.14594268798828,90.13404531847848,87.49024241419995,89.65825596730527,426805000
2024-04-15,85.96192932128906,90.57183360831459,85.88996343395554,89.05752248069292,443077000
2024-04-16,87.37528991699219,88.07796585968008,86.02490572525448,86.39373376393459,370453000
2024-04-17,83.99681854248047,88.73466257299502,83.91185045527357,88.29985504936586,495400000
2024-04-18,84.63253784179688,86.15085269192379,82.3645712871811,84.93140562762866,447260000
2024-04-19,76.1653823852539,84.28569253115833,75.57165807203599,83.11222985815499,875198000
2024-04-22,79.48187255859375,80.03662072603697,76.36529285459991,78.0685134774025,596341000
2024-04-23,82.38555145263672,82.7313949346547,80.22753571063816,80.73230354195947,438559000
2024-04-24,79.64080810546875,84.04380588258387,79.14702921409854,83.91186206206669,512208000
2024-04-25,82.5944595336914,83.28513983980214,78.18745857464893,78.83216216037167,424641000
2024-04-26,87.69515228271484,88.29088225677599,83.34912752628662,83.77993152652552,551011000
2024-04-29,87.71713256835938,87.9520187834122,85.22725937914602,87.55520360857133,388971000
2024-04-30,86.36275482177734,88.77865678653,86.26080377564183,87.20037162224358,363709000
2024-05-01,83.00326538085938,85.96092040406639,81.21807385271738,85.0383433055248,559863000
2024-05-02,85.77801513671875,86.19782250273573,83.16219963332766,84.41063276835533,377898000
2024-05-03,88.74866485595703,89.24043810826264,87.00045887297132,87.74911915331617,398341000
2024-05-06,92.09813690185547,92.17810238522513,89.01453944248995,89.34938632493116,376203000
2024-05-07,90.51285552978516,91.73929539036573,88.97055735995299,91.05660706952696,437342000
2024-05-08,90.37093353271484,91.15257599630715,89.37937974936176,89.44235467047578,325721000
2024-05-09,88.70668029785156,91.0306209060013,88.19091589664993,90.48786834493905,378013000
2024-05-10,89.83717346191406,91.35948429960405,89.18646818667818,90.26398145980926,335325000
2024-05-13,90.3579330444336,90.95665993755156,88.48877985590597,90.43689190742707,289680000
2024-05-14,91.31450653076172,91.60937070385219,88.89360196869727,89.55830082348145,296507000
2024-05-15,94.58700561523438,94.81890247189259,91.5573844071605,92.42998889004295,417735000
2024-05-16,94.31613159179688,95.77546736350578,94.06024356723809,94.86688376052464,323952000
2024-05-17,92.43698120117188,94.69695556940256,91.76429043608688,94.32612955185614,359691000
2024-05-20,94.73694610595703,95.15675349579068,93.39755844526998,93.70741519120496,318764000
2024-05-21,95.34266662597656,95.35666020460762,93.13766755607001,93.55647591838027,328946000
2024-05-22,94.9068603515625,95.97637393636285,93.20663672986655,95.4156317928307,548648000
2024-05-23,103.75186157226562,106.27171271407624,101.47388966284153,101.9816621796603,835065000
2024-05-24,106.42063903808594,106.4266330182304,102.95321303565972,104.40155233715765,429494000
2024-05-28,113.84925842285156,114.88678889703833,109.83308596330244,110.19392203047549,652728000
2024-05-29,114.77283477783203,115.4395315931238,110.85062138095752,112.99864721739439,557442000
2024-05-30,110.4498062133789,115.76639034201462,109.61318842752371,114.59792263255132,484553000
2024-05-31,109.58319091796875,112.66578932071855,106.891413703224,112.46887260592086,613263000
2024-06-03,114.94776153564453,114.94776153564453,111.95212126824974,113.5693901392368,438392000
2024-06-04,116.38410949707031,116.547037473925,113.99319767795535,115.66344393803814,403324000
2024-06-05,122.38438415527344,122.39337512542777,117.41464256080789,118.31723225166974,528402000
2024-06-06,120.94303894042969,125.5299513206976,118.26625399255828,123.99164893221229,664696000
2024-06-07,120.83309173583984,121.63672740368239,117.96839619109423,119.71559570112827,412386000
2024-06-10,121.73468017578125,123.04408269345652,116.95685261798424,120.31532701339275,313434100
2024-06-11,120.86500549316406,122.8242751394822,118.6958072896019,121.7246784169854,222551200
2024-06-12,125.15341186523438,126.8327870669311,122.52439319522972,123.01420873797917,299595000
2024-06-13,129.561767578125,129.75169931207168,127.11268237111577,129.34184822861945,260704500
2024-06-14,131.8309326171875,132.7905668615139,128.27225972601377,129.9116488754234,309320400
2024-06-17,130.93125915527344,133.68023590303568,129.53178618492996,132.94052101290185,288504400
2024-06-18,135.529541015625,136.2792618770274,130.64136160940566,131.09119107562512,294335100
2024-06-20,130.73133850097656,140.70762089792785,129.47181280958608,139.74798663394793,517768400
2024-06-21,126.52288818359375,130.5813821684496,124.25373647196925,127.07268651484108,649445800
2024-06-24,118.0660400390625,124.41367504218907,117.99606639814192,123.19412790624048,476060900
2024-06-25,126.04307556152344,126.45292665252727,119.27559817857062,121.15489584492173,414192600
2024-06-26,126.35295867919922,128.0723121328984,122.55436989135586,126.08305489542055,362975900
2024-06-27,123.94385528564453,126.36296048467365,122.87425378862146,124.05381495953473,252571700
2024-06-28,123.49402618408203,127.66247251115811,122.70431926304767,124.53364006899224,315516700
2024-07-01,124.25375366210938,124.79354602821576,118.78578771261802,123.42406065709774,284885500
2024-07-02,122.62434387207031,123.36407395616142,120.98495484371743,121.0849161012404,218374000
2024-07-03,128.2322540283203,128.2322540283203,121.31483142526585,121.61472281837746,215749000
2024-07-05,125.78316497802734,128.8020451346638,125.63321928620486,127.3325834560472,214176700
2024-07-08,128.1522674560547,130.72131795385047,126.99270329559334,127.44253270774867,237677300
2024-07-09,131.33111572265625,133.77021018974597,128.60212062869667,130.30150022676182,285366600
2024-07-10,134.85980224609375,135.0497339856147,132.37072330988062,133.98012482225403,248978600
2024-07-11,127.35259246826172,136.0993287251507,127.00272423823502,135.6994836774376,374782700
2024-07-12,129.19192504882812,131.87092070175893,127.17267226738277,128.2122786505662,252680500
2024-07-15,128.39219665527344,131.34109560506872,127.13266349593106,130.51140270339172,208326200
2024-07-16,126.31297302246094,128.9919682814133,124.53363670793642,128.3922007361648,214769500
2024-07-17,117.94608306884766,121.80464702237855,116.67655910688254,121.30483311779221,390086200
2024-07-18,121.04492950439453,122.35444713942657,116.51661668353269,121.80464878579994,320979500
2024-07-19,117.8861083984375,121.55474064508192,117.3263192631504,120.30520587770535,217223800
2024-07-22,123.49402618408203,124.02382772725001,119.81539537076715,120.30521088452835,258068900
2024-07-23,122.54436492919922,124.64358935199353,122.05454945627272,122.73429664640844,173911000
2024-07-24,114.20747375488281,119.90534904476712,113.39777769436101,119.12564059736765,327776900
2024-07-25,112.23819732666016,116.58657631149408,106.26042793071078,112.99791651674128,460067000
2024-07-26,113.0179214477539,116.15675226350169,111.53847651152583,116.14676147619508,293399100
2024-07-29,111.54846954345703,116.23672666024935,111.25858417462841,113.64769415647501,248152100
2024-07-30,103.69139862060547,111.94831904183755,102.5018390571419,111.4784927394089,486833300
2024-07-31,116.97643280029297,118.29594108970943,110.83871919064549,112.85797146215744,473174200
2024-08-01,109.16935729980469,120.11528690507727,106.77024891874801,117.4862607613273,523462300
2024-08-02,107.2300796508789,108.67954465712373,101.33228124257988,103.721391272762,482027500
2024-08-05,100.41261291503906,103.37151801623692,90.65625074239716,92.02573599453234,552842400
2024-08-06,104.21119689941406,107.66990813072123,100.51257713442128,103.80134584558614,409012100
2024-08-07,98.8731918334961,108.75951041282163,98.65327249174283,107.76987337493198,411440400
2024-08-08,104.9309310913086,105.46073260357065,97.48369942630838,101.9620353134048,391910000
2024-08-09,104.71101379394531,106.5603237294343,103.39150538103131,105.60068194063821,290844200
2024-08-12,108.97942352294922,111.02866364109283,106.22045618169847,106.28043141146973,325559900
2024-08-13,116.09677124023438,116.18674170739067,111.53847094577725,112.3981514576694,312646700
2024-08-14,118.03605651855469,118.55585963676825,114.02754676709954,118.48588599342114,339246400
2024-08-15,122.81427764892578,123.1941334844724,117.42628417440801,118.71580500966671,318086700
2024-08-16,124.53363037109375,124.95347220733727,121.13489440174322,121.89461364819915,302589900
2024-08-19,129.9516143798828,129.9516143798828,123.37406160628171,124.23374212691918,318333600
2024-08-20,127.20264434814453,129.8316704836438,125.84314985736411,128.35221027833737,300087400
2024-08-21,128.45216369628906,129.30185337062085,126.61285232823225,127.27260266623372,257883600
2024-08-22,123.6939468383789,130.70134013517236,123.05418563063326,129.9716160825352,376189100
2024-08-23,129.32183837890625,129.5517637458536,125.1733892777955,125.81315043381734,323230300
2024-08-26,126.41293334960938,131.2111423152786,124.32371486411647,129.5217841101186,331964700
2024-08-27,128.25225830078125,129.15191727923408,123.83389733541988,125.00346773520825,303134600
2024-08-28,125.5632553100586,128.28224429229948,122.59435936439931,128.0723157316594,448101100
2024-08-29,117.54622650146484,124.38368445408784,116.66655680427645,121.31482748729027,453023300
2024-08-30,119.32557678222656,121.70468827145996,117.17637542296369,119.48551326917712,333751600
2024-09-03,107.95980072021484,116.1667439153335,107.25006590844444,115.96682140906611,477155100
2024-09-04,106.17046356201172,113.22783311293709,104.08124520263415,105.37076592928464,372470300
2024-09-05,107.17009735107422,109.60919166518133,104.72101224991617,104.95092237696757,306850700
2024-09-06,102.7917251586914,108.10974457653745,100.91242007486422,107.99978491199205,413638100
2024-09-09,106.43037414550781,106.5103462006769,103.65141005409866,104.8409619618805,273912000
2024-09-10,108.05976104736328,109.3592802066297,104.910932028029,107.7698680771714,268283700
2024-09-11,116.86648559570312,117.14638014948389,107.38001262051282,109.3492805366119,441422400
2024-09-12,119.10585021972656,120.75537880467239,115.34692581517743,116.80650641923144,366052700
2024-09-13,119.06585693359375,119.92561101375162,117.56628692781244,119.04586602282129,238358300
2024-09-16,116.74652099609375,118.14612117800917,114.32721657757573,116.75652026497235,248772300
2024-09-17,115.5568618774414,118.76594842655497,114.7970852268969,118.13612413784692,231925900
2024-09-18,113.33749389648438,117.66624647223807,113.18753538354541,115.85676793047314,310318900
2024-09-19,117.83621215820312,119.62569992209964,117.21638715198857,117.31635695887289,293506400
2024-09-20,115.96675109863281,118.58600287786223,115.35692533181683,117.02644483175867,382462400
2024-09-23,116.22667694091797,116.9564634197924,114.82707671663402,116.51659472951452,206228500
2024-09-24,120.83535766601562,121.76509140434464,115.34692577819862,116.48659840876869,354966800
2024-09-25,123.47459411621094,124.90418446690079,121.57513728542474,121.98501577990396,284692900
2024-09-26,124.00444030761719,127.63339688941237,121.76508462125145,126.76365118817954,302582900
2024-09-27,121.36520385742188,123.99444725769884,119.22581786965418,123.93446689659378,271009200
2024-09-30,121.40518951416016,121.46516987339125,118.11613173565692,118.27608190267567,226553700
2024-10-01,116.96646118164062,122.4049042106216,115.7568089513518,121.7350904738439,302094500
2024-10-02,118.81592559814453,119.34577243311742,115.10699012612709,116.4066204825267,221845900
2024-10-03,122.81478118896484,124.3243504544059,120.30549859251518,120.88533415502995,277118000
2024-10-04,124.88418579101562,125.00415413490973,121.79507530101387,124.90418432860164,243678100
2024-10-07,127.68338775634766,130.60254885006705,124.91417756039569,124.95416700886946,346250200
2024-10-08,132.85189819335938,133.44172537204778,129.38289186465897,130.2226473652744,285722500
2024-10-09,132.61195373535156,134.48142784672734,131.34232891760084,134.0715417617464,246191600
2024-10-10,134.77134704589844,134.9612950129192,130.96244182735123,131.87218458812737,242311300
2024-10-11,134.76136779785156,135.74108264717918,133.62169514533127,133.97158567859756,170209500
2024-10-14,138.0304412841797,139.56000161928338,136.26094423310064,136.43089368651033,232347700
2024-10-15,131.56228637695312,138.53028982768672,128.70310551155586,137.8304782609884,377831000
2024-10-16,135.68109130859375,136.58082718354044,131.54227882589296,133.9415846620271,264879700
2024-10-17,136.8907470703125,140.84961880375567,136.83076670766295,139.30005999950754,306435900
2024-10-18,137.96043395996094,138.86016981880368,137.24063917112105,138.63024003343975,176090200
2024-10-21,143.66880798339844,143.66880798339844,137.96043821210023,138.090405825162,264554500
2024-10-22,143.54884338378906,144.37860733596548,141.73936457126644,142.86904559419827,226311600
2024-10-23,139.51998901367188,142.3891613712536,137.42060018656866,141.9892821435429,285930000
2024-10-24,140.3697509765625,141.30948393843238,138.42031305269128,140.77963709898057,172354900
2024-10-25,141.49942016601562,144.0886893234089,140.7596420534019,140.88959441527413,205122100
2024-10-28,140.479736328125,143.09898064959424,140.00986979275078,142.95902137870084,173586700
2024-10-29,141.20950317382812,142.2192081120129,138.86017082456863,140.2497716969522,157593600
2024-10-30,139.300048828125,140.28977049571748,136.77077537646986,139.49998843906093,179418100
2024-10-31,132.72193908691406,137.57055494467397,132.07213151004177,137.56056330274592,270039600
2024-11-01,135.36119079589844,137.2706470867555,134.53144208222884,134.6613944536623,207127800
2024-11-04,136.01100158691406,138.9201710380497,135.53114345978716,137.17067271068436,187528200
2024-11-05,139.86988830566406,140.32974787080795,137.29062621937655,137.41058693125512,160537400
2024-11-06,145.56825256347656,146.44800513885863,141.91930516184587,142.91901845044762,242043900
2024-11-07,148.83734130859375,148.88731477688594,146.12811118371621,146.3480493601011,207323300
2024-11-08,147.5876922607422,149.72707829956485,146.21807454702503,148.727364912182,175665800
2024-11-11,145.2183380126953,148.80732009469307,143.52883547102425,148.63735542204353,182325600
2024-11-12,148.2474822998047,149.60709303241688,145.9681371384276,146.73792067016035,198634700
2024-11-13,146.2280731201172,149.28719347067064,145.8581688148386,149.02727349633594,191903300
2024-11-14,146.71791076660156,148.9572739334313,145.50826627914395,147.59766330614426,194463300
2024-11-15,141.9392852783203,145.19836028928967,140.03983617411208,144.8284560077565,250132900
2024-11-18,140.10980224609375,141.50940991238423,137.1106625740026,139.45999475223928,221205300
2024-11-19,146.9678497314453,147.08782570288798,140.94958652618317,141.2794937524248,227834900
2024-11-20,145.84817504882812,147.5176944558783,142.68907730947365,147.36774356025674,309871700
2024-11-21,146.62796020507812,152.84617867409492,140.65967008206871,149.30720000657334,400946600
2024-11-22,141.9093017578125,147.11781483152527,141.05955459424152,145.88815647311117,236406200
2024-11-25,135.9810028076172,142.0092725854583,135.78106320516017,141.9492922301626,344941900
2024-11-26,136.88075256347656,139.26007526155422,135.63111085304342,137.66052777043362,190287700
2024-11-27,135.3011932373047,137.18065910710888,131.76221489663718,134.97128602051475,226370900
2024-11-29,138.2103729248047,139.31006372977,136.0110065692894,136.74079305563075,141863200
2024-12-02,138.5902557373047,140.40972595950504,137.78049042793322,138.79019534076207,171682800
2024-12-03,140.2198028564453,140.4997214017946,137.91046723010535,138.22037595856943,164414000
2024-12-04,145.09840393066406,145.74821154635353,140.2497877832653,141.95930442882306,231224300
2024-12-05,145.02841186523438,146.50808533514203,143.91865294893697,145.0784040292141,172621200
2024-12-06,142.4089813232422,145.66826585624298,141.27922253713282,144.56851457164973,188505600
2024-12-09,138.77975463867188,139.91950565348523,137.1001279875636,138.93972344033872,189308600
2024-12-10,135.04058837890625,141.78911819403848,133.76085313448985,138.97971741196267,210020900
2024-12-11,139.27964782714844,140.1394610798945,135.18055019628483,137.33007570041752,184905200
2024-12-12,137.31008911132812,138.4098556769623,135.77043117490655,137.05015122102654,159211400
2024-12-13,134.22076416015625,139.56960518418134,132.51112983721956,138.90974525213795,231514900
2024-12-16,131.9712371826172,134.37070812011547,130.39157963416955,134.1507548377073,237951100
2024-12-17,130.36160278320312,131.5613383936032,126.8323727744144,129.06188284882555,259410300
2024-12-18,128.88192749023438,136.67022414162827,128.2520598203989,133.83084634553458,277444500
2024-12-19,130.65151977539062,134.0007959707685,129.52177635647746,131.7312862928068,209719200
2024-12-20,134.670654296875,135.25052978203578,128.19207015255643,129.7817201303188,306528600
2024-12-23,139.6395721435547,139.75954112073697,135.09056027465786,136.25031123897003,176053500
2024-12-24,140.18946838378906,141.8690952419841,138.61980292789985,139.9695150682445,105157000
2024-12-26,139.89952087402344,140.81933395538283,137.70000300728188,139.6695752314167,116205600
2024-12-27,136.98016357421875,138.98973570413628,134.6806765533369,138.51983681592935,170582600
2024-12-30,137.46005249023438,140.23944563051566,133.99080722961983,134.80062832550155,167734700
2024-12-31,134.26075744628906,138.0399485497518,133.80086613446198,137.99994871496077,155659200
2025-01-02,138.27987670898438,138.84975989825128,134.60068545398187,135.97038221662075,198247200
2025-01-03,144.43853759765625,144.86843662681642,139.69956441393234,139.97950221326124,229322500
2025-01-06,149.39744567871094,152.12686204773377,147.78781099429082,148.55763229845726,265377400
2025-01-07,140.10946655273438,153.09664186378797,139.97948999458222,152.99665754898407,351782200
2025-01-08,140.07948303222656,143.91864297451565,137.5300354006173,142.54894625810496,227349900
2025-01-10,135.8804168701172,139.88953842521914,134.19078233209814,137.42007490895548,207602500
2025-01-13,133.20098876953125,133.46094192558937,129.4817974709377,129.96170394882952,204808900
2025-01-14,131.73129272460938,136.35029670610186,130.021673763493,136.02036676060487,195590500
2025-01-15,136.21034240722656,136.42028814155947,131.26140794998662,133.6208947252083,185217300
2025-01-16,133.54090881347656,138.7197730168145,133.46092441099125,138.6097963703303,209235600
2025-01-17,137.6800079345703,138.46982912838536,135.4304980750839,136.66022586007293,201188800
2025-01-21,140.79933166503906,141.79911388356058,137.0601406758009,139.1296971907641,197749000
2025-01-22,147.03799438476562,147.7578236263026,143.63872531436203,144.6285153116103,237651400
2025-01-23,147.1879425048828,147.19793483530896,143.68870466698334,145.0184168760411,155915500
2025-01-24,142.58892822265625,148.93755110518853,141.8490991802554,148.3376757009225,234657600
2025-01-27,118.39420318603516,128.37202500863236,116.67457662673027,124.77281833637456,818830900
2025-01-28,128.9619140625,128.97190639273322,116.22468308647471,121.78346978934897,579666400
2025-01-29,123.67305755615234,126.86236527865272,120.02385855553806,126.47245082309266,467120600
2025-01-30,124.62285614013672,124.97277839409357,118.07427950119299,123.07319063695674,392925500
2025-01-31,120.04385375976562,127.8221583994493,119.16404813082586,123.75304497053646,388161100
2025-02-03,116.63459777832031,118.54417785753162,112.98539113939225,114.72501007137596,371235700
2025-02-04,118.62416076660156,121.17360082598954,116.67458088005824,116.93452639047727,256550000
2025-02-05,124.80281829833984,124.97277944773282,120.733704904631,121.73348714021286,262230800
2025-02-06,128.65196228027344,128.74195426970414,125.18272455855072,127.39224223836113,251483600
2025-02-07,129.81170654296875,130.3415898450845,124.97276475304243,129.19184651154228,228186300
2025-02-10,133.54090881347656,134.97058996230598,129.93169464945112,130.06165595495793,216989100
2025-02-11,132.77108764648438,134.45071452657314,130.991476437857,132.55113432807275,178902400
2025-02-12,131.11143493652344,132.21120144058102,129.05188607934784,129.9916837727306,160278600
2025-02-13,135.26052856445312,136.4702717517269,131.1414307383845,131.53134519031366,197430000
2025-02-14,138.81976318359375,139.21966995740726,135.47048674490975,136.45026901957874,195479600
2025-02-18,139.36964416503906,143.408773131914,137.89996298841217,141.239247408195,219176600
2025-02-19,139.19967651367188,141.32921755912488,137.1901197103136,139.47961431944915,167536000
2025-02-20,140.07948303222656,140.62936628696042,136.7601988439899,139.9994986264957,143903600
2025-02-21,134.4007110595703,141.42919381606555,134.00080428998024,140.00948969645043,228217600
2025-02-24,130.2516326904297,138.55982089892026,130.05167928786804,136.53026411475935,251381100
2025-02-25,126.60242462158203,130.17164697857655,124.41290666278033,129.9516936613149,271428700
2025-02-26,131.2514190673828,133.7008826502409,128.46203316398234,129.96170661334043,322553800
2025-02-27,120.12384033203125,134.98059773119874,119.98387142553824,134.97060540054449,443175800
2025-02-28,124.89279174804688,125.06275289296238,116.37465068149442,117.99429297871988,389091100
2025-03-03,114.03515625,123.67305612882248,112.25554513947324,123.48310269608358,411381400
2025-03-04,115.96473693847656,119.28401358591904,110.0860202624711,110.62590357369604,398163300
2025-03-05,117.27445220947266,118.25423446970035,114.48505902516025,117.55438999810913,284337900
2025-03-06,110.5459213256836,115.32487918451908,110.1959990692751,113.50527582346177,321181900
2025-03-07,112.66545867919922,113.45528753337068,107.53657110597264,111.22576986878714,341755500
2025-03-10,106.95669555664062,111.82562964494369,105.43702244846195,109.87605754375717,366487400
2025-03-11,108.73631286621094,112.2155506077548,104.74717644545998,106.96669412251354,354865700
2025-03-12,115.7254409790039,116.74531696319002,112.8658000774832,114.10564961231475,323857500
2025-03-13,115.56546020507812,117.74518623487266,113.77568449740161,117.01527472285696,299033100
2025-03-14,121.65469360351562,121.86466627272753,118.13513973204245,118.59508095437823,277593500
2025-03-17,119.51496124267578,122.87453914631989,118.01514995099303,122.72455649146468,255501500
2025-03-18,115.41547393798828,119.00501849033903,114.52558655092061,117.98515020944649,299686900
2025-03-19,117.50521087646484,120.43484254394583,115.6654460375291,117.2552423301898,273426200
2025-03-20,118.51508331298828,120.18487133427746,116.4553449784264,116.53533674228605,248829700
2025-03-21,117.68518829345703,117.97515272195331,115.40547637665556,116.92528940681295,266498500
2025-03-24,121.39472961425781,122.20462527069279,119.32498270837338,119.86491568880827,228452500
2025-03-25,120.67481994628906,121.27474294212928,118.90503833586045,120.53483816820751,167447200
2025-03-26,113.74568939208984,118.82504445296345,112.69581844673802,118.7150653108018,293463300
2025-03-27,111.41598510742188,114.43560190798578,110.64608531130148,111.33599333866172,236902100
2025-03-28,109.65620422363281,112.85580631482036,109.05628121542107,111.47597500465491,229872500
2025-03-31,108.36636352539062,110.94604080353734,103.63696281055644,105.11677236112796,299212700
2025-04-01,110.13613891601562,110.18612804634962,106.45660174663486,108.5063391727533,222614000
2025-04-02,110.4061050415039,111.96591394846298,106.77656451707789,107.27650160670082,220601200
2025-04-03,101.78719329833984,105.61670556208404,101.58721388778805,103.49697720927654,338769400
2025-04-04,94.29813385009766,100.11740141914926,92.09841365005991,98.89756129670621,532273800
2025-04-07,97.6277084350586,101.73719167720878,86.60909899272106,87.44898959160196,611041300
2025-04-08,96.28788757324219,105.83668151314755,94.448115096381,103.79693724960859,476243400
2025-04-09,114.31561279296875,115.08551252786717,97.51772411084168,98.8775535578917,612918300
2025-04-10,107.55646514892578,110.84605211383005,99.13752639108027,109.3562417228181,437812400
2025-04-11,110.9160385131836,111.53596322542542,107.46647578597839,108.4863440509602,313417300
2025-04-14,110.6960678100586,114.27561914894163,109.0562747909433,114.09564149423704,264705000
2025-04-15,112.18588256835938,113.6057097347757,110.48609947397975,110.95604157012,228966900
2025-04-16,104.47685241699219,106.776566115048,100.43735975697352,104.53685005598037,397016900
2025-04-17,101.47722625732422,104.45685460754896,100.03741265575106,104.43685285244638,292517500
2025-04-21,96.89781188964844,99.42749238220217,95.02804439894429,98.75757087400713,288501100
2025-04-22,98.87755584716797,99.79743825075411,97.26775782667495,98.7675690784311,241004800
2025-04-23,102.69707489013672,104.78681586825162,102.0071592730487,104.50684469329865,247526000
2025-04-24,106.4166030883789,106.52658985205171,103.09702130913817,103.4669774804407,220815000
2025-04-25,110.99604034423828,111.90592192622726,105.71670563343305,106.83655988818872,251064700
2025-04-28,108.71631622314453,110.35610916663857,106.0066506499314,109.67619446115806,207708500
2025-04-29,109.00627899169922,110.18613082106049,107.42648359585715,107.65645038374015,170444300
2025-04-30,108.90629577636719,108.90629577636719,104.06690832142748,104.45685864823317,235044600
2025-05-01,111.59595489501953,114.92553765737502,111.28599634849851,113.06577112138011,236121500
2025-05-02,114.485595703125,115.38548400726445,113.35574060530446,114.1656362648126,190194800
2025-05-05,113.80567932128906,114.65557085202862,112.64582923459892,112.89579778060671,133163200
2025-05-06,113.52571868896484,114.72556468927546,110.8060596179303,111.46598025800552,158525600
2025-05-07,117.04527282714844,117.66519758488604,112.2658753138673,113.03578272910664,206758800
2025-05-08,117.35523986816406,118.66507265437788,115.83542678286972,118.23512643493164,198428100
2025-05-09,116.63532257080078,118.21512557823269,115.19550133583151,117.33523143311392,132972200
2025-05-12,122.98452758789062,122.98452758789062,120.26486852149502,121.95465837416761,225023300
2025-05-13,129.9136505126953,131.20349680462547,124.45434579721417,124.96428378706925,330430100
2025-05-14,135.32296752929688,135.4229610498005,131.66342437777934,133.18323739959362,281180800
2025-05-15,134.8130340576172,136.28285028501523,132.64330897356982,134.27309347043854,226632600
2025-05-16,135.38296508789062,136.3328578150344,133.44322189103337,136.20286928250525,226542500
2025-05-19,135.55294799804688,135.85289804232983,132.3733402168265,132.3733402168265,193154600
2025-05-20,134.3630828857422,134.5630546490785,132.6032947519003,134.2730826239034,161514200
2025-05-21,131.78341674804688,137.3827028648009,130.57356230685332,133.04325269152105,270608700
2025-05-22,132.81329345703125,134.23311300774128,131.53345568577518,132.21336282687446,187344000
2025-05-23,131.2734832763672,132.66330787048915,129.14376150329426,129.98365220977007,198821300
2025-05-27,135.48294067382812,135.64292419162265,133.2932139517279,134.13310453484723,192953600
2025-05-28,134.7930450439453,137.23274065219468,134.773043287045,136.01289284806998,304021100
2025-05-29,139.17250061035156,143.47196297724966,137.89266277883826,142.2321134030903,369241900
2025-05-30,135.11300659179688,139.6024320207408,132.9032778793795,138.7025513364048,333170900
2025-06-02,137.3627166748047,138.10261378714853,135.38295485750098,135.4729551269194,197663100
2025-06-03,141.2022247314453,141.9821253260672,137.93263208053457,138.76252943263086,225578800
2025-06-04,141.9021453857422,142.37208748278405,139.52243989492337,142.17211569309742,167120800
2025-06-05,139.97239685058594,143.98188696027037,138.81253909953503,142.15211531599257,231397900
2025-06-06,141.70216369628906,143.2519716576077,141.49218341482276,142.4920575502711,153986200
2025-06-09,142.612060546875,144.98175749406252,141.9221449149421,143.17198765195985,185114500
2025-06-10,143.94189453125,144.27183958658884,141.51219232566982,142.6720500430919,155881900
2025-06-11,142.8219451904297,144.9818270127783,141.8619926278542,144.6018435649776,167694000
2025-06-12,144.9918212890625,144.9918212890625,141.84200506767834,141.9619934165529,162365000
2025-06-13,141.9619903564453,143.57190012016565,140.84205843661482,142.47195608609783,180820600
2025-06-16,144.6818389892578,146.17174515794912,143.19191756263837,143.3419182543515,183133700
2025-06-17,144.1118621826172,145.2118062109318,143.77188503129375,144.48185167828373,139108000
2025-06-18,145.47178649902344,145.64177507521472,143.1119190601379,144.00186822839106,161494100
2025-06-20,143.84188842773438,146.1917466588846,142.6419439392267,145.4417889825313,242956200
2025-06-23,144.161865234375,144.77183143330174,142.02198656661903,142.49196127355907,154308900
2025-06-24,147.8916473388672,147.9516567694991,145.4917888831412,145.55178305584516,187566100
2025-06-25,154.30130004882812,154.44129154756814,149.2515816348226,149.2615908362584,269146500
2025-06-26,155.01126098632812,156.71116205301092,153.99131424314706,155.9711982969104,198145700
2025-06-27,157.74110412597656,158.7010567029259,155.25123904977087,156.03119384319848,263234500
2025-06-30,157.98109436035156,158.65105473929458,155.95121007936535,158.39105963903748,194580300
2025-07-01,153.29136657714844,157.19114075936278,151.4814709885328,156.28118836420296,213143600
2025-07-02,157.2411346435547,157.5911210146133,152.9613771597412,152.97137110311218,171224100
2025-07-03,159.3310089111328,160.97091579811564,157.76110539966962,158.36106240246136,143716100
2025-07-07,158.2310791015625,159.3010108082469,157.33112071622008,158.19107281354107,140139000
2025-07-08,159.99098205566406,160.21097087662494,158.3810721884118,159.32102164925746,138133000
2025-07-09,162.87081909179688,164.41072552837133,161.15091487239096,161.2109090473586,183656400
2025-07-10,164.09075927734375,164.4907306346819,161.6008940928153,164.31074810125853,167704100
2025-07-11,164.91070556640625,167.88053943905462,163.4607903198708,163.71077623333997,193633300
2025-07-14,164.06076049804688,165.48067863727533,162.0108729824689,165.36067502496692,136975800
2025-07-15,170.69036865234375,172.39026971263084,169.19045325951484,171.18034650685541,230627400
2025-07-16,171.36033630371094,171.74031976856003,168.89047429804987,171.05035621730414,158831500
2025-07-17,172.99024963378906,174.15018791751396,170.82037376702192,172.01030913929756,160841100
2025-07-18,172.40028381347656,174.24017641906912,171.2503394915346,173.63021019833226,146456400
2025-07-21,171.37034606933594,173.37023335124513,170.99036260323587,172.7402639749064,123126100
2025-07-22,167.0205841064453,171.38033896465845,164.5707252526767,171.33033873133073,193114300
2025-07-23,170.77037048339844,171.25033914956657,167.96053134785282,169.52044095634585,154082200
2025-07-24,173.73020935058594,173.82020061413024,171.29034448608226,172.43027959809626,128984600
2025-07-25,173.49021911621094,174.71015156060187,172.9502562716434,173.60021352539138,122316800
2025-07-28,176.7400360107422,176.9900219174052,173.96019394928393,174.0101941822023,140023500
2025-07-29,175.50009155273438,179.36988356772682,175.01012896550742,177.94996552058157,154077500
2025-07-30,179.25990295410156,179.87986313645385,176.03007396904806,176.50004870661488,174312200
2025-07-31,177.85997009277344,183.28967198380855,175.92007699286586,182.88968537366165,221685400
2025-08-01,173.710205078125,176.53003812303805,170.88036283204175,174.08017933113513,204529000
2025-08-04,179.98985290527344,180.18983857913796,174.5101661001552,175.150129411279,148174600
2025-08-05,178.24993896484375,180.24982614601393,175.8900714807458,179.6098628583566,156407600
2025-08-06,179.40988159179688,179.88985025482887,176.2400621628547,176.32005948301483,137192300
2025-08-07,180.7598114013672,183.86963665167795,178.78992126086553,181.5597693442696,151878400
2025-08-08,182.689697265625,183.2896695438941,180.3898238761652,181.5397681998595,123396700
2025-08-11,182.0497283935547,183.82962677132744,180.23983292857787,182.0397344504628,138323200
2025-08-12,183.14967346191406,184.46959107996432,179.4498851930147,182.94968779347354,145485700
2025-08-13,181.5797576904297,183.95962838065756,179.33989375414814,182.60969839497247,179871700
2025-08-14,182.00973510742188,183.0096786896392,179.44988197821397,179.73985890356857,129554000
2025-08-15,180.4398193359375,181.88973450248375,178.02995160113952,181.86974661621798,156602200
2025-08-18,181.99972534179688,182.92968080449612,180.5798072904055,180.58981649127065,132008000
2025-08-19,175.63009643554688,182.4897102645763,175.48011099603517,182.41970688751834,185229200
2025-08-20,175.39010620117188,175.99007848098316,168.79048741289236,175.1601234390134,215142700
2025-08-21,174.97012329101562,176.89001313294924,173.80019113380274,174.8401410010552,140040900
2025-08-22,177.97996520996094,178.57992220965232,171.19033968434712,172.60026380920357,172789400
2025-08-25,179.79986572265625,181.89975349617023,176.56005805348863,178.3399565343825,163012800
2025-08-26,181.75975036621094,182.379710508586,178.79991063056144,180.04984011627135,168688200
2025-08-27,181.5897674560547,182.47971666734583,179.0899084065932,181.96973565618129,235518900
2025-08-28,180.1598358154297,184.45959632874283,176.40005338826177,180.80980830742462,281787800
2025-08-29,174.170166015625,178.13994326196564,173.14022534545884,178.099952232122,243257900
2025-09-02,170.77037048339844,172.37028638119727,167.2105736316213,169.99041567915194,231164900
2025-09-03,170.61038208007812,172.40028977270214,168.8704898798795,171.0503597309562,164424900
2025-09-04,171.65032958984375,171.85031526705663,169.40045639085815,170.56039467979372,141670100
2025-09-05,167.01058959960938,169.02047080600087,164.06075893837155,168.02052717453523,224441400
2025-09-08,168.30050659179688,170.95036631358883,167.34056927044318,167.5405549408978,163769100
2025-09-09,170.7503662109375,170.97035502688004,166.7306038641957,169.08046220477644,157548400
2025-09-10,177.32000732421875,179.2798883121013,175.46011154547278,176.63004377208136,226852000
2025-09-11,177.1699981689453,180.27999877929688,176.47999572753906,179.67999267578125,151159300
2025-09-12,177.82000732421875,178.60000610351562,176.4499969482422,177.77000427246094,124911000
2025-09-15,177.75,178.85000610351562,174.50999450683594,175.6699981689453,147061600
2025-09-16,174.8800048828125,177.5,174.3800048828125,177.0,140737800
2025-09-17,170.2899932861328,173.1999969482422,168.41000366210938,172.63999938964844,211843800
2025-09-18,176.24000549316406,177.10000610351562,172.9600067138672,173.97999572753906,191763300
2025-09-19,176.6699981689453,178.0800018310547,175.17999267578125,175.77000427246094,237182100
2025-09-22,183.61000061035156,184.5500030517578,174.7100067138672,175.3000030517578,269637000
2025-09-23,178.42999267578125,182.4199981689453,176.2100067138672,181.97000122070312,192559600
2025-09-24,176.97000122070312,179.77999877929688,175.39999389648438,179.77000427246094,143564100
2025-09-25,177.69000244140625,180.25999450683594,173.1300048828125,174.47999572753906,191127900
