Price,Close,High,Low,Open,Volume
Ticker,ORCL,ORCL,ORCL,ORCL,ORCL
Date,,,,,
2010-01-04,20.104782104492188,20.37985771327853,19.95106301884525,19.95106301884525,26795000
2010-01-05,20.08050537109375,20.10477728715857,19.700254611534177,19.99960052734256,28669900
2010-01-06,19.789247512817383,20.161409157298866,19.72452394983775,20.04005266960349,24560700
2010-01-07,19.72452735900879,19.910608984977458,19.481814341667715,19.78925093317519,30469700
2010-01-08,19.967239379882812,20.023872307183904,19.6193496343115,19.643621550211197,23542400
2010-01-11,19.97532844543457,20.064322377128676,19.716434202085516,19.97532844543457,19002400
2010-01-12,19.870153427124023,19.91060662063162,19.667892088980693,19.870153427124023,26204600
2010-01-13,20.064313888549805,20.218032859178933,19.862052653612285,19.926776187067063,24912300
2010-01-14,20.542625427246094,20.737188385849777,20.307527552527723,20.37238187206228,44685200
2010-01-15,20.461557388305664,20.78582898989352,20.258887444032137,20.64801336593756,42296200
2010-01-19,20.534521102905273,20.672336743042187,20.36427907192687,20.526414118632616,22732200
2010-01-20,20.315629959106445,20.3723772826342,19.869756806032427,20.307522977709823,39971500
2010-01-21,20.129180908203125,20.70476441417525,19.93461792690595,20.421026153273452,41756100
2010-01-22,19.577909469604492,20.307520704908377,19.545483093895736,20.21834701202298,33681500
2010-01-25,19.48063087463379,19.67519378838967,19.310387358692026,19.650872844326965,26366600
2010-01-26,19.359039306640625,19.561709323254846,19.21311819352798,19.39957423771318,28746000
2010-01-27,19.342824935913086,19.49685301975569,19.083407588126217,19.375251331261765,28819300
2010-01-28,19.02665138244629,19.60223475474269,18.880730340049524,19.521166478134198,41245700
2010-01-29,18.69426918029785,19.31849277785891,18.629414880956993,19.17257021777986,49957800
2010-02-01,18.82398223876953,18.9536908681819,18.532138595716116,18.93747844919198,29572800
2010-02-02,19.261749267578125,19.334710562043284,18.84019546539026,18.91315675985542,32150600
2010-02-03,19.253639221191406,19.326600504045274,19.067183296675303,19.253639221191406,23101100
2010-02-04,18.73480987548828,19.277965380222764,18.726702892283416,19.14014975823793,33254900
2010-02-05,19.091501235961914,19.188783454423117,18.702375454613914,18.929366266857784,45919600
2010-02-08,18.742919921875,19.172579278210137,18.726705952815397,19.083405540880705,32929200
2010-02-09,19.059080123901367,19.22932212041115,18.84830321423533,19.026652193376364,34084100
2010-02-10,18.73480987548828,19.14014975823793,18.580780287093713,19.05908147243821,40139200
2010-02-11,18.929372787475586,19.0590814259391,18.507818939344688,18.694274913854876,28159000
2010-02-12,18.978008270263672,19.050969553957437,18.621308832899558,18.734805022116824,33657700
2010-02-16,19.302289962768555,19.334717904289068,19.002339234950608,19.205009230705734,21582200
2010-02-17,19.602230072021484,19.68329832926381,19.40766718238894,19.415774162738014,26147200
2010-02-18,19.87787628173828,19.918409667950197,19.504962634340476,19.545497566801963,31679100
2010-02-19,19.715736389160156,19.894086970044388,19.602241689506055,19.78869770929474,25941000
2010-02-22,20.112966537475586,20.250782173085014,19.813015860486836,19.934617528083603,37081800
2010-02-23,19.845447540283203,20.17782624189644,19.76437922485935,20.11297189880726,25098300
2010-02-24,20.080537796020508,20.12917814811301,19.829225960003267,19.967041579472784,24530400
2010-02-25,20.161605834960938,20.18592523758675,19.62655578345966,19.821120281959523,29145200
2010-02-26,19.98325538635254,20.234565674118333,19.894081665935005,20.234565674118333,21048700
2010-03-01,20.056209564208984,20.19402513363608,19.894074600690747,19.942714935121383,19744300
2010-03-02,19.926509857177734,20.226462070075737,19.87786950106556,20.09675342294391,23535000
2010-03-03,19.86165428161621,20.015683870219267,19.780585995706765,19.86976126483205,20726400
2010-03-04,20.072425842285156,20.153494106529756,19.68330002940932,19.837328030600673,20925500
2010-03-05,20.226463317871094,20.26699669275695,20.13728803762324,20.153502006077236,19312900
2010-03-08,20.023786544799805,20.242668859533495,20.00757258185698,20.242668859533495,16843600
2010-03-09,20.169708251953125,20.348058757834686,19.91029102112394,19.94271894810192,21835800
2010-03-10,20.161605834960938,20.28320748683668,20.007576251252253,20.09675151754395,23095900
2010-03-11,20.38048553466797,20.469660789341912,20.104854334992776,20.104854334992776,24214600
2010-03-12,20.30752944946289,20.421025678936815,20.048112147092365,20.364278337324397,35344700
2010-03-15,20.49398422241211,20.57505095877441,20.169711091967397,20.20213902351142,22025300
2010-03-16,20.437231063842773,20.599367595123173,20.185920831981857,20.575046651556548,25478300
2010-03-17,20.648012161254883,20.83446967425711,20.38048791227215,20.4534492116537,30309400
2010-03-18,20.57505989074707,20.753410499166378,20.48588613278697,20.615594822773982,29185800
2010-03-19,20.4210205078125,20.858786708146898,20.22645758030291,20.71286412595253,45881000
2010-03-22,20.72097396850586,20.83447018490832,20.39670237788936,20.421023327028937,24945500
2010-03-23,21.069564819335938,21.077671801732613,20.7047598889783,20.810147567637497,25834200
2010-03-24,20.883115768432617,21.0776787715431,20.83447540421732,21.061464801388233,28837000
2010-03-25,21.110105514526367,21.280347552748733,20.850686645510187,21.037144199217003,54350900
2010-03-26,20.826358795166016,21.0776690314374,20.566941577563483,20.83446577649717,58562200
2010-03-29,20.729082107543945,20.956073006758476,20.599373464063927,20.793936429283953,28975300
2010-03-30,20.704763412475586,20.73718980133176,20.44534457038095,20.65612150981775,29819400
2010-03-31,20.84257698059082,20.907432849191476,20.51019838525752,20.53451933598277,27196400
2010-04-01,20.63990592956543,21.037140372321236,20.421023569703756,20.899324751390367,26562700
2010-04-05,20.73719024658203,20.86689889728981,20.550734254470733,20.680442905178513,19390200
2010-04-06,20.939861297607422,21.029036579458655,20.510200403345937,20.566949293955282,26937600
2010-04-07,21.00471305847168,21.06956737927605,20.875004416862936,20.883111400244605,29833200
2010-04-08,20.939861297607422,21.142531268179017,20.850686015756185,20.980394673222076,28266100
2010-04-09,21.183053970336914,21.19116095062483,20.793928194007158,20.91552980582916,19663700
2010-04-12,21.280536651611328,21.345515325618123,20.996254371876432,21.166822810189096,24773300
2010-04-13,21.402360916137695,21.629785388389468,21.118078776609956,21.126201300506523,33933000
2010-04-14,21.426729202270508,21.524197950113503,21.280528404325796,21.39424065246497,27920000
2010-04-15,21.280536651611328,21.442982562021417,21.231801484195888,21.353637853520695,23828200
2010-04-16,21.077470779418945,21.418609086747328,21.044980679095648,21.191183032123988,42289300
2010-04-19,21.27240753173828,21.361752212552553,21.012492916254384,21.101837597068656,27078800
2010-04-20,21.239912033081055,21.451092991803435,21.134322328326324,21.42672542183869,23703400
2010-04-21,21.3536319732666,21.38612052671657,21.101838325265856,21.21555213537416,24276800
2010-04-22,21.313018798828125,21.369874927818753,21.00437057750185,21.23179509346437,27275800
2010-04-23,21.50795555114746,21.540445654170124,21.248040923819687,21.25616344957535,27478900
2010-04-26,21.499826431274414,21.613540207763698,21.321135567095403,21.52419400106774,20080500
2010-04-27,21.101835250854492,21.540442277626894,21.03685660420819,21.394239935369427,26235700
2010-04-28,21.00436782836914,21.20742629059479,20.939389182425458,21.134325120256506,31820300
2010-04-29,21.093721389770508,21.231801264256305,20.882540314132598,21.10996644540737,18620100
2010-04-30,21.012493133544922,21.19930657170415,20.86629077352002,21.17493899529556,25567400
2010-05-03,21.126201629638672,21.239913867536117,20.88253055658451,21.158690176518064,19357000
2010-05-04,20.28148651123047,20.85005104554404,20.070305442748676,20.776949846869044,48382700
2010-05-05,20.257112503051758,20.403314842845223,20.00531889597941,20.184011333155027,33663600
2010-05-06,19.420515060424805,20.28148267747832,18.03159564657093,20.192137989819244,56242000
2010-05-07,19.01439094543457,19.69666738283901,18.770721453167063,19.428630321659615,63592900
2010-05-10,19.810388565063477,20.41144159379503,19.48549524537258,19.517985351948443,38947200
2010-05-11,19.64794158935547,19.989079943400974,19.582962929023633,19.69667519730098,29469800
2010-05-12,19.98095703125,20.06218074239922,19.647941209830286,19.664184712689384,27116300
2010-05-13,19.688549041748047,19.940341110467227,19.656060492177755,19.834751387847305,22780300
2010-05-14,19.314926147460938,19.59108584669293,19.11999016257015,19.57484079398199,28736600
2010-05-17,19.28243637084961,19.40427116983223,18.949420530664128,19.40427116983223,22401200
2010-05-18,19.030643463134766,19.45300552815707,18.933174698432136,19.33116918497542,29926200
2010-05-19,18.835708618164062,19.087500747435545,18.697628763554498,18.860074648898156,29806500
2010-05-20,18.153425216674805,18.705744432631473,18.145302693003327,18.640765792472628,40313300
2010-05-21,17.99910545349121,18.16155287441691,17.503642213959917,17.560499895733308,63119700
2010-05-24,18.096572875976562,18.413343619192457,17.747312031295806,17.901636914827296,32817400
2010-05-25,18.031597137451172,18.031597137451172,17.568622412006988,17.682336236304963,41173900
2010-05-26,17.796043395996094,18.372730230758638,17.666086104908526,18.129059148059618,43317600
2010-05-27,18.340242385864258,18.364609961890835,18.08845029710952,18.153428950633753,29881400
2010-05-28,18.332124710083008,18.55955083218754,18.09657760970127,18.259023511878468,35878200
2010-06-01,18.031597137451172,18.551426451224007,17.990984504054197,18.210288076757195,32336200
2010-06-02,18.38897132873535,18.413338898586915,17.7879185486463,18.112811733935935,28371600
2010-06-03,18.55141830444336,18.64076450946712,18.30774880792221,18.44582705319475,28583600
2010-06-04,17.974735260009766,18.648889325089623,17.901635635364997,18.30775257937005,35094700
2010-06-07,17.625473022460938,18.104691059653167,17.617350499042587,17.974732234172468,25656900
2010-06-08,17.674205780029297,17.69045082609969,17.300577466474596,17.584859575855006,29552600
2010-06-09,17.495521545410156,17.942249637005336,17.446786388745867,17.682334998316254,22198300
2010-06-10,18.031597137451172,18.064085694955196,17.64984612958738,17.771680931351195,25018200
2010-06-11,18.429595947265625,18.478329569493184,17.861031340826422,17.89352145512074,30179600
2010-06-14,18.429595947265625,18.746366815565626,18.40522836154489,18.69763319333807,22318600
2010-06-15,18.843830108642578,18.87631866423943,18.40522298898404,18.51081428040412,24304500
2010-06-16,18.82758331298828,18.860071865577016,18.583912197112824,18.73011455679543,20702000
2010-06-17,18.738245010375977,18.827591278920615,18.61641017549673,18.770735125924563,22376600
2010-06-18,18.843830108642578,18.89256371664459,18.657015104410164,18.89256371664459,29538900
2010-06-21,18.754480361938477,19.217453424400478,18.66513413963417,18.981906405434362,19526100
2010-06-22,18.5920352935791,19.079375991084355,18.58391276787912,18.876317496224946,19107800
2010-06-23,18.421470642089844,18.689507847762002,18.380858005343345,18.6570177383648,23533600
2010-06-24,18.04783821105957,18.43771169309775,17.982859555588764,18.267141754228543,30313500
2010-06-25,18.405223846435547,18.88444207021905,18.32400012983921,18.795095827041724,62583800
2010-06-28,18.23465347290039,18.55954675509718,18.185918318660843,18.55142422939059,24643100
2010-06-29,17.666074752807617,17.9503567253389,17.527995026104545,17.88537812154993,34229000
2010-06-30,17.430540084838867,17.836657065930694,17.373683955360146,17.57674244590606,35301600
2010-07-01,17.503633499145508,17.609224734938838,17.25184151636647,17.430532351046327,38318200
2010-07-02,17.73105812072754,17.893505448453745,17.45489859312051,17.63358941424931,31784000
2010-07-06,18.129058837890625,18.445829535845316,17.869144260162358,17.869144260162358,39642400
2010-07-07,18.754480361938477,18.778847935988697,18.356485947730558,18.437709645351458,36663500
2010-07-08,18.860076904296875,18.9575456865298,18.648895833803646,18.795098232546167,27335600
2010-07-09,18.981904983520508,18.998148482457363,18.79509002822259,18.88443624383407,16258800
2010-07-12,19.03074073791504,19.11213857374715,18.810968599463305,18.892364882760827,19312200
2010-07-13,19.299354553222656,19.421452096168462,19.095860718359315,19.12842047715413,22207700
2010-07-14,19.486572265625,19.69006612350841,19.30749667706525,19.41331435258418,34781800
2010-07-15,19.39704132080078,19.45401937272256,19.12842939564422,19.39704132080078,26060700
2010-07-16,18.941205978393555,19.494709441751148,18.924926099463107,19.37261190230749,30343000
2010-07-19,19.201679229736328,19.266797197666417,19.047023473701806,19.112141441631895,19688200
2010-07-20,19.470291137695312,19.510989285652105,18.75399348692591,18.941207451582876,38192700
2010-07-21,19.177261352539062,19.510991166060034,19.09586349624578,19.421454921418903,38740000
2010-07-22,19.787744522094727,19.869142384871612,19.29122050897241,19.307498839499708,32726500
2010-07-23,19.942399978637695,20.007517957282865,19.657508239864427,19.69820794685208,29755500
2010-07-26,20.056358337402344,20.08077816437617,19.820306220129684,19.901704090840525,27093000
2010-07-27,19.999372482299805,20.08891026036354,19.795878661271058,20.023792299735728,23800600
2010-07-28,19.763320922851562,20.01565283216249,19.673783142678303,19.98309307481415,21200100
2010-07-29,19.29121208190918,19.852853829401603,19.234232516081416,19.738897802814925,39976700
2010-07-30,19.242380142211914,19.397035920467175,19.047026210353447,19.185402106153408,48321700
2010-08-02,19.771461486816406,19.8528577776894,19.30749424515278,19.429591786531734,26652000
2010-08-03,19.706348419189453,19.812166116009966,19.58425239038791,19.78774628923556,16366100
2010-08-04,19.934253692626953,20.01565152816013,19.673781860948456,19.771459574095182,19989600
2010-08-05,19.771461486816406,19.893557475660632,19.64936394543745,19.76332154722216,18723600
2010-08-06,19.844724655151367,19.86100453993232,19.45401673562004,19.543554549380026,33734300
2010-08-09,19.747045516967773,20.015657365794606,19.73076563460614,19.861001588429147,20551400
2010-08-10,19.771461486816406,19.885417536066385,19.470289931968235,19.616805739595197,28063400
2010-08-11,19.258655548095703,19.48656919188746,19.17725770727474,19.462149373880766,25666300
2010-08-12,18.672595977783203,19.03888397365475,18.50166033768193,18.916787975030903,33737300
2010-08-13,18.444686889648438,18.67260061554605,18.32259086069928,18.52608475979296,29793400
2010-08-16,18.4935245513916,18.721438271874927,18.19235445730724,18.322590425430512,19511700
2010-08-17,18.76213264465332,18.91678840780026,18.493520820521734,18.607478434041273,22483000
2010-08-18,18.794692993164062,18.924928939079667,18.558639370857698,18.648177165875275,18984200
2010-08-19,18.7214298248291,18.85166573419037,18.574914038664048,18.60747379227162,26754800
2010-08-20,18.737714767456055,18.786552858536496,18.534220909996804,18.680736735773053,21985400
2010-08-23,18.591203689575195,18.96563173770637,18.583063746893824,18.77027777095941,18250200
2010-08-24,18.241193771362305,18.550505380644406,18.216773943513097,18.40398951861976,23293400
2010-08-25,18.249324798583984,18.355140895831976,17.931874954305467,18.086529130857564,18685900
2010-08-26,18.1109561920166,18.501664087820203,18.06211809317494,18.347009849399093,18884700
2010-08-27,18.32258415222168,18.355142356837757,17.86675841985392,18.216766494016422,21375200
2010-08-30,17.92374038696289,18.412125983964565,17.907460504804664,18.184212291354445,23318300
2010-08-31,17.7772159576416,17.850473839399722,17.63070019412536,17.842333902256126,41712400
2010-09-01,18.412120819091797,18.436539082944435,17.988853316920817,18.029551458364935,29085400
2010-09-02,18.29816436767578,18.49351825333195,18.192348261812526,18.40398202607371,18057800
2010-09-03,18.65631103515625,18.672590911231403,18.371419413978806,18.550494945736624,21256900
2010-09-07,19.747045516967773,20.097055225067745,19.543551645052442,19.991237542252154,113824400
2010-09-08,19.649362564086914,19.722620462750363,19.43772880711857,19.592384543467478,54705500
2010-09-09,19.80402183532715,19.94239771833125,19.706344102162824,19.795881894852215,25963700
2010-09-10,20.390090942382812,20.47148882400127,19.844727153835247,19.87728692749681,44266700
2010-09-13,20.43891716003418,20.691249029808773,20.43891716003418,20.463335421684807,46816700
2010-09-14,20.658693313598633,20.82148900156851,20.38194312810543,20.38194312810543,31261800
2010-09-15,20.95172882080078,20.992428526616877,20.487763042242523,20.569160901339682,37563600
2010-09-16,20.642423629760742,20.927313874188748,20.520326036394003,20.902895597543715,52951000
2010-09-17,22.368040084838867,22.49013606503853,21.488946853852806,21.521506609924515,150976500
2010-09-20,22.376184463500977,22.441302436029787,22.00175650959405,22.26222839970929,49729800
2010-09-21,21.83081817626953,22.270365601177648,21.73314200575755,22.245945782282284,82733900
2010-09-22,22.140140533447266,22.245956695501363,21.68431300565985,21.700592892909864,51969100
2010-09-23,22.07501792907715,22.37618801765914,21.94478041079811,21.94478041079811,33123300
2010-09-24,21.94477653503418,22.384324006190674,21.765702501897216,22.33548591579603,58136200
2010-09-27,21.936641693115234,22.075017598714126,21.798265787516346,21.863383769413755,34142900
2010-09-28,22.131994247436523,22.302928356970437,21.806404358418316,22.026176563171198,43256700
2010-09-29,22.11570930480957,22.221525412329267,21.920355416095333,22.03431146304496,36626800
2010-09-30,21.855243682861328,22.31106955312424,21.82268391586069,22.205253415442456,42880900
2010-10-01,22.17268943786621,22.47386101528929,22.091291588357148,22.123851349174714,33690400
2010-10-04,21.936208724975586,22.311326863019595,21.928053813780036,22.034066103931934,36791900
2010-10-05,22.262388229370117,22.303162768559073,22.06667510743203,22.18899561421963,42520100
2010-10-06,22.490726470947266,22.719059279955314,22.2134657583625,22.262393661939218,50631600
2010-10-07,22.580425262451172,22.743518766392775,22.458104745647532,22.53149581141791,40611400
2010-10-08,22.83321762084961,22.898455323265026,22.27054146539818,22.4988742015469,33162900
2010-10-11,22.71090316772461,22.914771236455728,22.613045810362102,22.75167615931486,22649500
2010-10-12,22.79245376586914,22.83322676293261,22.352097931711032,22.629358666834996,27552500
2010-10-13,23.322505950927734,23.57530190522115,22.0014402617815,22.833222304748023,49145300
2010-10-14,23.102325439453125,23.404050812692113,22.922922130337025,23.3714311808221,38136000
2010-10-15,23.567150115966797,23.575305025944758,22.963700776107956,23.216496763864622,54775500
2010-10-18,23.836252212524414,23.836252212524414,23.306195589603686,23.4285161094485,35810300
2010-10-19,23.754695892333984,23.844398299548327,23.20017630383314,23.599757350368225,44673600
2010-10-20,23.35512351989746,23.795479258436938,23.322505440407387,23.65684892097708,39081700
2010-10-21,23.501911163330078,23.76286204742749,23.298043090705228,23.4856013442265,30191100
2010-10-22,23.640539169311523,23.673158804282153,23.428516208171846,23.518218648951272,16499800
2010-10-25,23.51821517944336,23.885178241777954,23.49375045682453,23.771011091612984,30650400
2010-10-26,23.34697914123535,23.518229190813038,23.27358804043406,23.412216885029114,28045400
2010-10-27,23.4040470123291,23.501902781269948,23.12678640801436,23.281724968068936,33890100
2010-10-28,23.94226837158203,24.040124181246945,23.24096166229328,23.501912561919777,35130600
2010-10-29,23.958576202392578,24.227682007182835,23.893338478667363,23.94226793800379,35074300
2010-11-01,23.754695892333984,24.09719415441966,23.59160244467699,24.072730992735185,21100000
2010-11-02,24.080896377563477,24.1135144591334,23.860718494254385,24.048276740603658,24201900
2010-11-03,23.811790466308594,24.113514329616844,23.640540483969136,24.097204511224536,30003800
2010-11-04,24.03196144104004,24.317376977782796,23.730237644926774,24.146128588970868,35709700
2010-11-05,23.852561950683594,24.05643000154414,23.632384082460657,23.893334938699788,28312700
2010-11-08,23.681316375732422,23.80363690984629,23.518221293320607,23.713934458980795,27179000
2010-11-09,23.436677932739258,23.85256906722488,23.330667199034416,23.697628866834492,34625800
2010-11-10,23.395891189575195,23.518211673656264,23.126785502441106,23.355116657955275,27841000
2010-11-11,23.298038482666016,23.30619339060487,22.572268785393845,22.98815975793768,37211000
2010-11-12,23.09417152404785,23.330659199100452,22.906613298903203,23.240956762992262,25818800
2010-11-15,23.15941047668457,23.461135879065665,23.061554682402456,23.118637488298656,21636700
2010-11-16,22.490726470947266,22.914772449652205,22.42548874771497,22.84137981659212,31206600
2010-11-17,22.759830474853516,22.92292554773885,22.417332066106226,22.43364188447274,24642700
2010-11-18,23.08601188659668,23.314344606557693,22.963691397663403,23.134941326481517,32649200
2010-11-19,22.955541610717773,23.134946486195457,22.857685819902446,23.09417194386428,25890900
2010-11-22,22.873991012573242,22.906610642061796,22.661969642455805,22.74351560539811,27618000
2010-11-23,22.172693252563477,22.686440139899993,22.08299079787375,22.629357325239273,31294200
2010-11-24,22.62120246887207,22.73536809846422,22.523346659333097,22.564119654075995,34983800
2010-11-26,22.41733169555664,22.523343957796733,22.295011170609495,22.4907243216029,12887500
2010-11-29,22.19715118408203,22.295008525664464,21.944355255129462,22.156378199066666,32610700
2010-11-30,22.05852508544922,22.12376280721175,21.862811920161626,21.95251437085635,38931000
2010-12-01,22.547805786132812,22.580425420383136,22.35209264680018,22.458104902723964,34781300
2010-12-02,22.914770126342773,22.980007842960674,22.580426634252305,22.67828243148423,32129900
2010-12-03,23.493751525878906,23.567144141685464,22.882147431084007,22.898457246905387,34454600
2010-12-06,23.428516387939453,23.616074624290295,23.355123764082197,23.526373738212396,21150300
2010-12-07,23.68946647644043,23.95041888353757,23.599765593284623,23.697621384980007,32190500
2010-12-08,23.836252212524414,23.877026756065884,23.648693978403045,23.860716938649297,14874800
2010-12-09,23.860719680786133,24.048277936462192,23.68131633475555,23.934112312205457,18260200
2010-12-10,24.41524887084961,24.44786696443179,23.991202766547982,24.00751259103431,28562000
2010-12-13,24.806663513183594,25.051304542417917,24.113511856500033,24.456010230661924,45575200
2010-12-14,24.880062103271484,25.07577528470038,24.757741559302186,24.757741559302186,25351800
2010-12-15,24.863754272460938,25.035004292035012,24.67619598633856,24.945301826763345,30537600
2010-12-16,24.684350967407227,25.092087184686935,24.668041145422382,25.035004363130216,47435600
2010-12-17,25.65474510192871,26.315278457578092,25.58135406224576,26.029862982896297,92487100
2010-12-20,25.826007843017578,26.0461857376505,25.369343789822977,25.71999712822579,33568100
2010-12-21,25.89940643310547,26.09511964378703,25.760776047782237,25.80970396160504,20002800
2010-12-22,25.817848205566406,25.99725151904998,25.736300679295802,25.834158021898464,14019200
2010-12-23,25.719993591308594,25.850469017135985,25.613981335705233,25.71183868277066,13049400
2010-12-27,25.817848205566406,25.932013809111435,25.47534983954163,25.605825259418715,13822100
2010-12-28,25.744464874267578,25.899405074534364,25.613989407324052,25.817857518847095,9736000
2010-12-29,25.68737030029297,25.842310429676825,25.62213259666654,25.711835022423962,9769000
2010-12-30,25.516124725341797,25.7526108437951,25.450885459131545,25.64660014698287,12989400
2010-12-31,25.524274826049805,25.548739547761475,25.222551035220135,25.45903712354154,11716300
2011-01-03,25.785232543945312,26.046183408146305,25.703685010035045,25.76076781715528,20970400
2011-01-04,25.671062469482422,25.89124031950877,25.39380181879509,25.768919810179575,22870800
2011-01-05,25.312255859375,25.638444402843305,25.26332641131251,25.54058706210798,36339600
2011-01-06,25.41826629638672,25.442731020171237,25.29594578824342,25.434576112243064,21859400
2011-01-07,25.304109573364258,25.556905586264975,25.22256202086365,25.475358033764365,27697900
2011-01-10,25.312255859375,25.45903953739349,25.116541177904356,25.157315717956433,29719600
2011-01-11,25.271480560302734,25.36118299033346,25.165469870130654,25.344873174802487,26395300
2011-01-12,25.230710983276367,25.467197118845103,25.230710983276367,25.45904220997862,33963700
2011-01-13,25.426422119140625,25.597670525624718,25.198089355105466,25.25517215726683,43412400
2011-01-14,25.52444076538086,25.597951279416215,25.271238749196986,25.33658125524083,37934100
2011-01-18,25.75313949584961,25.769473953424534,25.508103937567608,25.53260796076226,26975900
2011-01-19,25.810312271118164,25.818480278305096,25.540774265501778,25.61428477229607,26939000
2011-01-20,26.390228271484375,26.422897184398007,25.70412968999168,25.70412968999168,47750700
2011-01-21,26.55357551574707,26.68426048191489,26.414724102345485,26.52090661103664,34482100
2011-01-24,26.463733673095703,26.667929139351763,26.19419416206544,26.61075465806211,20170200
2011-01-25,26.373891830444336,26.496407262384643,26.088017815586134,26.455568785071208,25926600
2011-01-26,26.594425201416016,26.73327665711965,26.267711128573097,26.39022968483327,21485600
2011-01-27,26.888463973999023,27.027318544683474,26.267710978085354,26.643429978658794,25635600
2011-01-28,26.13702392578125,27.198839899610903,25.998170923860016,27.117162946153258,30820300
2011-01-31,26.161521911621094,26.300376447668068,26.006334480298495,26.096180983192035,20820100
2011-02-01,27.149837493896484,27.305024966180945,26.226872878430402,26.275877808743207,32573400
2011-02-02,27.068157196044922,27.411207284314965,26.953808205213683,27.027318715858954,19358200
2011-02-03,26.945650100708008,27.084501599498665,26.725118500472302,26.93748053267486,17600900
2011-02-04,26.643430709838867,26.937472758627106,26.56992019764181,26.888464711903605,38691800
2011-02-07,26.937467575073242,27.190671094089684,26.58625109724673,26.708769632591153,22785100
2011-02-08,26.97831916809082,27.084501742641923,26.725118641716197,26.970152715791798,15418400
2011-02-09,26.863964080810547,27.035487582390545,26.63526607870388,26.98648264809717,17112700
2011-02-10,27.16617202758789,27.16617202758789,26.676104000323107,26.774116982620757,17237600
2011-02-11,27.337696075439453,27.435709048537703,26.97830998111882,27.010982010743646,17402300
2011-02-14,27.1906795501709,27.394875095397577,27.149841064280913,27.1906795501709,16438000
2011-02-15,26.757781982421875,27.076329639595254,26.635266528841328,27.051824056257825,19332100
2011-02-16,27.043657302856445,27.068159770142874,26.635266230607396,26.831292200452037,15829000
2011-02-17,26.961978912353516,27.117169523652315,26.75778336340399,26.929309992511968,14568900
2011-02-18,27.50921630859375,27.533718770030625,26.88029383358172,26.97014034655142,25539900
2011-02-22,26.569927215576172,27.492892086772336,26.561760763520102,27.190683508262463,24887800
2011-02-23,26.2840518951416,26.66794053276085,26.15336686553586,26.586260441896712,22154100
2011-02-24,26.34122085571289,26.471905857807858,25.84298331154575,26.21870230309676,23416200
2011-02-25,26.912965774536133,27.01914830005442,26.357553801360893,26.37388981419262,20850400
2011-02-28,26.872133255004883,27.141669737015942,26.69244018981314,27.002818270841633,19406700
2011-03-01,25.86748504638672,27.019149057084146,25.818478564406394,26.970141017215848,30423200
2011-03-02,26.23503875732422,26.431067821638692,25.76947323482565,25.793977257336994,23091500
2011-03-03,26.97831916809082,27.109004215316293,26.48825101993962,26.520923060690315,24169800
2011-03-04,26.757781982421875,27.035488039291756,26.316721987444595,26.94564461964335,19148900
2011-03-07,26.218698501586914,27.002811516242584,26.047175045414892,26.92930101848661,20474300
2011-03-08,26.741445541381836,26.9619739517901,26.292212923722907,26.414731476861927,21891800
2011-03-09,26.782283782958984,27.068156250046197,26.480072185436835,26.65159878146537,17217800
2011-03-10,25.973669052124023,26.512745090564806,25.73680306330036,26.439234580060322,29054200
2011-03-11,26.063514709472656,26.463739279057584,25.597949197047537,25.916493693361964,23705900
2011-03-14,25.802143096923828,26.022674607332274,25.540773110315897,25.744968607089344,18656500
2011-03-15,25.4591007232666,25.565281721655953,24.356444463909526,24.699493043311985,34600300
2011-03-16,24.666824340820312,25.369256009839972,24.193090702597917,25.254906994441342,45026200
2011-03-17,24.95269012451172,25.36108113511183,24.781166647845943,25.06704066684364,31529500
2011-03-18,25.12421226501465,25.475428742936312,25.001695287524925,25.303903728140384,34862100
2011-03-21,25.663288116455078,26.014504593065325,25.565273600096543,25.687792135016682,23199400
2011-03-22,25.426424026489258,25.761306093601224,25.36924953338588,25.638787542221877,20051900
2011-03-23,25.655128479003906,25.900162512998833,25.181394870828886,25.499939426599973,23159700
2011-03-24,26.25137710571289,26.406567704190874,25.728637042111693,25.957336598881355,38277500
2011-03-25,26.65976333618164,27.85226427953114,26.610758411464474,27.558225383900187,64967600
2011-03-28,26.594425201416016,26.863961663101552,26.46374019543411,26.814956733218533,31399500
2011-03-29,27.08449363708496,27.08449363708496,26.43106859650764,26.463740627480597,29950300
2011-03-30,26.99464988708496,27.30502798170792,26.953811402055365,27.174342960147204,25718200
2011-03-31,27.30501937866211,27.468376383087964,26.912964437505476,26.953802909668013,38234200
2011-04-01,27.78692054748535,27.852261479130544,27.452040093892602,27.52555058935324,43176800
2011-04-04,27.88494300842285,28.121810587404777,27.778760453055657,27.844104522751387,26743000
2011-04-05,27.705238342285156,28.097296364891932,27.697071894877922,28.00744986453519,30286100
2011-04-06,27.427547454833984,27.933951540568415,27.354036933051823,27.933951540568415,24782200
2011-04-07,27.541894912719727,27.82776741701658,27.198844791786886,27.443878812009423,22723600
2011-04-08,27.394868850708008,27.713413330124794,27.207009365815445,27.67257485354398,16136500
2011-04-11,27.64034652709961,27.697623492512598,27.443969251786648,27.443969251786648,15960300
2011-04-12,27.32941436767578,27.517610550519727,27.067575928818083,27.468514672723757,16948600
2011-04-13,27.57488441467285,27.795811157883186,27.403053543740388,27.468511585417495,24345500
2011-04-14,27.656709671020508,27.722170838611408,27.165763399529833,27.272136236184913,17962100
2011-04-15,27.96764373779297,28.06583236698852,27.55852080789121,27.803993941560215,25468400
2011-04-18,27.51760482788086,27.640339814805863,27.231216949003006,27.550332284911676,20226500
2011-04-19,27.550338745117188,27.689442175215223,27.3948731433469,27.443969022445117,20452400
2011-04-20,27.91036605834961,28.12310860301981,27.68125822234168,27.96764301735159,24798400
2011-04-21,28.43404197692871,28.466772558546555,27.90218095039897,27.91036515648346,21125800
2011-04-25,28.4995059967041,28.524052374697767,28.278579230679995,28.393133156464263,12163000
2011-04-26,28.614051818847656,28.86770597657375,28.409490403205588,28.483132637691114,30391000
2011-04-27,28.843168258666992,28.875898844115387,28.499506475540137,28.679518452785448,21990200
2011-04-28,28.875890731811523,28.92498347483172,28.401306740219255,28.663145107525487,22995700
2011-04-29,29.424108505249023,29.497750727792308,28.81042435784131,28.87588549848378,94242100
2011-05-02,29.759605407714844,29.816882376585003,29.317754950910874,29.32593603730917,30058600
2011-05-03,29.571413040161133,29.86598213045463,29.350486222441013,29.825070450438556,24946200
2011-05-04,28.843168258666992,29.595952995817495,28.597695110524892,29.555041324687217,38886400
2011-05-05,28.36857795715332,28.941350592350688,28.286754632707876,28.679512208493563,23245400
2011-05-06,28.532238006591797,29.096829761291584,28.499510537838884,28.736799512761664,23885400
2011-05-09,28.8022518157959,29.006813258917518,28.483136463943758,28.548594502635524,16272500
2011-05-10,29.145925521850586,29.178656115329694,28.826810038832264,29.039555775085276,17015600
2011-05-11,28.622234344482422,29.211372250056012,28.409491834891764,29.072268857302404,20854300
2011-05-12,29.235933303833008,29.252298600690445,28.483148376558134,28.556790651735998,23096900
2011-05-13,28.7940731048584,29.39139225819625,28.753161432698917,29.268657241717808,20438800
2011-05-16,27.96764373779297,28.712247345359756,27.836724525078814,28.70406626016023,31350300
2011-05-17,27.771255493164062,28.057643335805803,27.583059373270018,27.844897724545152,27856100
2011-05-18,27.74672508239746,28.008563584275727,27.45215598744412,27.820367356135794,30005900
2011-05-19,28.229475021362305,28.286751967349065,27.812171111835976,27.86126385333351,22741400
2011-05-20,28.041290283203125,28.31130983517145,27.853094081198357,28.196755896678177,16484100
2011-05-23,27.13302993774414,27.607613988358406,26.969380157485432,27.55851811787281,29985800
2011-05-24,27.034849166870117,27.34578040613506,26.93665739739197,27.22304537632864,21893400
2011-05-25,26.99393653869629,27.31305197484893,26.94484065568791,27.002117625183985,23042300
2011-05-26,27.32941436767578,27.484879965322413,27.010295844042584,27.11666868525365,20948100
2011-05-27,27.57488441467285,27.69761941332745,27.32941129600361,27.345773465402846,16918600
2011-05-31,28.000370025634766,28.00855110957919,27.263947616245748,27.746712724320822,30783300
2011-06-01,26.903926849365234,28.06583456294449,26.863015177446055,28.00855759798554,31762600
2011-06-02,26.77300453186035,26.903923739685776,26.249327700558656,26.895739533431616,38255500
2011-06-03,26.453889846801758,26.80573269089042,26.355698097355415,26.380247595397105,23808200
2011-06-06,26.33932876586914,26.658447220583227,26.241140152843123,26.30660130910029,21677600
2011-06-07,26.052946090698242,26.429338405148737,26.0447634455128,26.380245655396052,28218700
2011-06-08,25.570188522338867,26.061136454103863,25.48018095932249,25.97931153869629,36607500
2011-06-09,25.881113052368164,26.126587720098303,25.59472828103626,25.660187880294977,21647100
2011-06-10,25.512903213500977,25.897478161373396,25.463808904570016,25.70928200990476,23747000
2011-06-13,25.881113052368164,26.06112812083959,25.463809082518836,25.570180346059264,26716600
2011-06-14,26.249324798583984,26.34751341325785,26.044761803207,26.175680996558746,23067400
2011-06-15,25.496538162231445,26.175682091405058,25.414713272794152,25.962938003140078,34512600
2011-06-16,25.20197105407715,25.58654759475733,25.079234491156267,25.496540053631318,29868500
2011-06-17,25.512903213500977,26.028397358975923,25.512903213500977,25.65200505603865,42812400
2011-06-20,26.110227584838867,26.17568719702073,25.57018539416845,25.65201029956584,23408300
2011-06-21,26.71573257446289,26.76482533573706,25.979309941743207,26.25751370061945,26941600
2011-06-22,26.347515106201172,26.658449380900386,26.298419235029723,26.658449380900386,25940800
2011-06-23,26.560260772705078,26.63390302747215,25.635643606056554,26.10204351246122,54354600
2011-06-24,25.48017692565918,25.946576840763893,25.32471132774441,25.7665633039088,75120900
2011-06-27,25.840198516845703,26.04475993688428,25.251062188979326,25.349250796617167,29585600
2011-06-28,26.46207046508789,26.486616841336346,25.668372565892938,25.930210983743642,32746800
2011-06-29,26.53571319580078,26.740274658536613,26.355698109757984,26.51116681910775,27305700
2011-06-30,26.928468704223633,26.953015078979217,26.601169141136005,26.69936088287827,22182400
2011-07-01,27.043025970458984,27.165764102186472,26.57662606407109,26.91210675325116,25382300
2011-07-05,27.051197052001953,27.116655068165326,26.830270394902765,27.010282280371158,21406400
2011-07-06,27.17393684387207,27.206667418464143,26.89573320255821,27.00210600930276,22363900
2011-07-07,27.89400291442871,27.926733499623936,27.32941436593288,27.386691329344323,29886000
2011-07-08,27.771255493164062,27.771255493164062,27.345767392002124,27.60760886463662,23909600
2011-07-11,27.164695739746094,27.590937576796073,26.967970662269938,27.549953446229267,21943300
2011-07-12,26.722049713134766,27.435186453407436,26.65647575392884,27.312230980425923,35092400
2011-07-13,26.795820236206055,27.287638962051854,26.71385201200875,26.93516996960626,36497800
2011-07-14,26.271215438842773,27.131894278907797,26.115474566013543,26.885986485587395,32194500
2011-07-15,26.304004669189453,26.44335127587155,26.099080981560018,26.35318747989995,25404600
2011-07-18,25.81218719482422,26.18105045348516,25.574476533032225,26.090883531713896,25253300
2011-07-19,26.754838943481445,26.779428787954405,26.140067816556275,26.156462088500795,26835500
2011-07-20,26.295806884765625,26.72204536750673,26.279412615908345,26.59089434353553,23074700
2011-07-21,26.615497589111328,26.84501118797681,26.279422764963332,26.38598086335758,24516200
2011-07-22,26.681062698364258,26.779425189927966,26.312199446391304,26.533517397575075,21378100
2011-07-25,26.402372360229492,26.590901814728397,26.263025726121235,26.435160907156593,20806100
2011-07-26,26.353191375732422,26.656477602730796,26.09908483982753,26.43515961214675,33568300
2011-07-27,25.17283058166504,26.099086729264457,25.099059476240278,26.074495318493533,43084500
2011-07-28,25.140045166015625,25.53349838223571,25.107256616275233,25.16463657832092,29323100
2011-07-29,25.066272735595703,25.566287179876284,24.803970588905603,25.017091473952338,38200600
2011-08-01,24.68100929260254,25.58267226209108,24.23017624441462,25.38594571074211,38566100
2011-08-02,24.22198486328125,24.91872587530542,24.19739501567359,24.41871302480668,40691000
2011-08-03,24.746585845947266,24.87773688567168,23.894102524294865,24.180996009983414,44046200
2011-08-04,23.672788619995117,24.484287967253504,23.64000163616063,24.459696556794647,49433400
2011-08-05,23.23834228515625,24.115415259362994,22.54160156059465,24.041642620089213,82201300
2011-08-08,21.328458786010742,22.9842426350952,21.279275972988938,22.517015292050463,80848500
2011-08-09,22.623579025268555,22.623579025268555,21.156324438021358,21.689125797911444,82425600
2011-08-10,21.705520629882812,22.549806941788447,21.40223439166934,21.967822748373585,82821600
2011-08-11,22.705547332763672,22.9760465631298,21.615353275416098,21.72191291500841,58279300
2011-08-12,22.451435089111328,22.81210115883393,22.12355755456506,22.81210115883393,43238500
2011-08-15,22.6563663482666,22.836700225378866,22.262913174748107,22.476034034598275,38334100
2011-08-16,22.59898567199707,22.918666147742858,22.32028931139272,22.47603176312898,37615100
2011-08-17,22.51702117919922,22.992444218604764,22.189143490547835,22.66456652995338,34073800
2011-08-18,20.648113250732422,21.713715906691082,20.262855679183755,21.689124498897396,78449700
2011-08-19,20.312040328979492,20.984189901598214,20.287448918965165,20.344827312221305,46790600
2011-08-22,20.541555404663086,21.000585711179184,20.336631663218277,20.82844895537463,37825100
2011-08-23,21.476009368896484,21.484204942967768,20.62352582862424,20.648117241170443,36867400
2011-08-24,21.869462966918945,21.910447091760116,21.32026725144885,21.402237064575342,31588800
2011-08-25,21.2301025390625,22.172751580795033,21.090754311088524,22.008813500701375,38264000
2011-08-26,21.844863891601562,21.992409190787143,20.88582101033888,21.21369858439373,34449300
2011-08-29,22.877681732177734,22.91866584678098,22.148153860822433,22.172743704206876,28945400
2011-08-30,22.84489631652832,22.984244504536623,22.50881998731923,22.795713499506192,29944300
2011-08-31,23.008831024169922,23.45146693273235,22.713740418461633,22.836695879802512,31444600
2011-09-01,22.820310592651367,23.5006574298294,22.746537912184955,22.976053091796484,34199100
2011-09-02,22.1071720123291,22.500626772518423,21.95143109910327,22.320292884760477,30297500
2011-09-06,21.713720321655273,21.984219608610097,21.074357660014726,21.33666137281576,30907700
2011-09-07,22.648168563842773,22.648168563842773,21.92683776636007,22.115367211180743,26106200
2011-09-08,21.902254104614258,22.566208309659448,21.615362049471273,22.50063275942042,50386300
2011-09-09,21.312070846557617,21.803888178782405,21.12354136429545,21.656342822770547,38961600
2011-09-12,21.926834106445312,21.943228376330808,21.230093270748043,21.246487540633538,37358200
2011-09-13,22.72194480895996,22.779324772181823,21.935038360389775,21.98421962256438,42359400
2011-09-14,23.07440757751465,23.42687658051777,22.67275732583128,22.967847944800166,34972000
2011-09-15,23.73016929626465,23.771153418159724,23.16457934613721,23.45147288973484,28846400
2011-09-16,23.959674835205078,24.01705321196928,23.607205876860974,23.80393397354325,58059500
2011-09-19,23.78754997253418,23.96788231498055,23.090808889421105,23.55803480296629,34514300
2011-09-20,23.23834228515625,24.066234020994933,23.13178111134151,23.967869980815433,50913400
2011-09-21,24.213790893554688,25.37775628510615,24.156410930633417,24.435107353903074,83318400
2011-09-22,23.230154037475586,23.795743967108496,22.812109442828998,23.558031691087425,61371400
2011-09-23,23.689186096191406,23.836731452003324,22.795718386836306,23.03343069640977,43991700
2011-09-26,24.353134155273438,24.41871124663594,23.48425801949111,23.820332795504385,37762600
2011-09-27,24.69740867614746,25.06627203679984,24.394122413783567,24.79577276013612,38514400
2011-09-28,24.140012741088867,24.926919006971442,24.115421333988625,24.787570826957598,31357100
2011-09-29,24.303953170776367,25.099058214515768,23.836727333724188,24.574452421882572,44358800
2011-09-30,23.55802345275879,24.37771808186011,23.55802345275879,23.9842650351179,42188000
2011-10-03,22.902273178100586,23.779346365034762,22.885878906853797,23.435074486071052,45214600
2011-10-04,23.517045974731445,23.582621501003636,22.131761223357035,22.492427399576027,50300200
2011-10-05,24.189193725585938,24.254769247021006,23.271134862051255,23.48425569757616,43277100
2011-10-06,24.64822006225586,24.672811466777375,23.754752689407727,24.148205781090315,34994100
2011-10-07,24.566091537475586,24.919265289129907,24.270410895798527,24.681077757430106,37977000
2011-10-10,25.43670654296875,25.485987697583454,24.820706209413682,24.99318711742543,27708200
2011-10-11,25.403852462768555,25.62561294534962,25.239585090507816,25.379211886958515,25382700
2011-10-12,25.55169105529785,25.91307674330335,25.527050481155346,25.76523799815728,30322800
2011-10-13,25.576330184936523,25.707743447851097,25.108170239982144,25.42848987251521,27161500
2011-10-14,26.159481048583984,26.16769457432284,25.683107521719098,25.921293501866614,23613200
2011-10-17,25.650251388549805,26.077345293746962,25.420278952343434,25.945932025466256,25074700
2011-10-18,26.184118270874023,26.28267900643886,25.272438908105602,25.576331506838496,29754800
2011-10-19,25.863792419433594,26.430512988245173,25.666672562144647,26.14304594223528,25586300
2011-10-20,25.896652221679688,26.077345072389413,25.362784061430116,25.94593180522421,25102300
2011-10-21,26.381229400634766,26.488003625862746,26.1348299935335,26.233390696315542,32837700
2011-10-24,26.997236251831055,27.038302307784758,26.29088881012614,26.29088881012614,27941900
2011-10-25,26.586566925048828,27.062941902089598,26.504434820867495,27.038299764324044,30540900
2011-10-26,26.611215591430664,26.90689311890636,25.921293527804764,26.88225410823498,33683500
2011-10-27,27.64609146118164,27.769292766070652,27.062945302070908,27.177931515626337,35578800
2011-10-28,27.670726776123047,27.76107396989918,27.432542422604694,27.514674526143587,26333800
2011-10-31,26.91510772705078,27.407906730451753,26.90689263488163,27.309347556399487,28859900
2011-11-01,26.0280704498291,26.45516286623553,25.970577330307275,26.249829401331855,31480100
2011-11-02,26.512659072875977,26.80833979806856,26.11841915033266,26.2498324578471,26470800
2011-11-03,27.19436264038086,27.22721674435988,26.430521955137618,26.49622702995585,27467100
2011-11-04,26.73440933227539,27.00545093714804,26.381235616729377,26.956169790860507,23837800
2011-11-07,26.997236251831055,27.038302307784758,26.118409495237053,26.602996475024895,23980000
2011-11-08,27.60502815246582,27.7282263364819,26.98081274081496,27.210788323963005,30171400
2011-11-09,25.94593048095703,26.972597557390692,25.82273074509892,26.972597557390692,36933000
2011-11-10,26.0609188079834,26.30731829970368,25.707745054366498,26.233399705443407,25303800
2011-11-11,26.586566925048828,26.906886517750547,26.282674379811166,26.29910142727522,21664700
2011-11-14,26.529075622558594,26.701554932906408,26.348384354491948,26.529075622558594,16781600
2011-11-15,27.071157455444336,27.23542481876758,26.397664085644447,26.45515719283668,21397300
2011-11-16,26.27446746826172,27.153295929919313,26.27446746826172,26.775480009443495,24295200
2011-11-17,25.31350326538086,26.282677239228555,25.026036169762868,26.1594775029836,41500400
2011-11-18,25.1328125,25.370998467545125,24.878199481846313,25.239585195816137,26601000
2011-11-21,24.566091537475586,24.92747881435091,24.26219893714728,24.79606554395438,25360400
2011-11-22,24.48396110534668,24.574308328213593,24.040441650464484,24.295054699870374,25437400
2011-11-23,23.81867790222168,24.303264922799354,23.810464377025646,24.22934476260481,24399700
2011-11-25,23.60512351989746,24.08971038800841,23.498350859082674,23.555843950795964,13641400
2011-11-28,24.533245086669922,24.689297404855992,24.114364595947546,24.188284774696797,21067200
2011-11-29,24.426467895507812,24.771428166478227,24.385401830670606,24.58252176171513,20155800
2011-11-30,25.748811721801758,25.839157363230807,25.173877507105566,25.206731606948644,31879500
2011-12-01,26.011638641357422,26.10198585070067,25.576331211376907,25.789878163825666,22197000
2011-12-02,25.625606536865234,26.323738777959154,25.625606536865234,26.282672728448702,22391200
2011-12-05,26.200550079345703,26.47980528639821,25.91308291219374,26.12662990589034,19992200
2011-12-06,26.0609188079834,26.373026501836836,25.90486652762644,26.31553339154009,21049900
2011-12-07,25.904863357543945,26.126622246326768,25.3135021432709,25.6995299507146,31366000
2011-12-08,25.247800827026367,25.872014703089288,25.173880659691946,25.6584677270754,24494300
2011-12-09,26.0280704498291,26.15948374204185,25.305295776088965,25.329936355842612,22621000
2011-12-12,25.72417449951172,25.78988114119161,25.27244153378369,25.78988114119161,22536100
2011-12-13,25.321720123291016,26.200547008513034,25.132813731743635,26.0280676683793,25309900
2011-12-14,24.533245086669922,25.256018253076867,24.43468432614754,25.19031160158533,26644600
2011-12-15,23.84332275390625,24.80428344220567,23.662628300327025,24.75500228219132,43170300
2011-12-16,23.991161346435547,24.69750896874496,23.78582788102653,24.032228979459358,46100600
2011-12-19,23.49835205078125,24.180058796439607,23.40800486403891,24.155418227354605,24849700
2011-12-20,23.958309173583984,24.22113576268234,23.711909637946786,23.867961946117656,46428300
2011-12-21,21.1657657623291,21.346458577681055,20.459418414606127,21.08363209478025,183503900
2011-12-22,21.100069046020508,21.24790940369114,20.84545440044547,21.239695876423863,44203700
2011-12-23,21.40395736694336,21.420384418135455,21.149344339745202,21.190410401155614,32292800
2011-12-27,21.0507869720459,21.518948606613296,20.993293850231503,21.403960796414427,21312400
2011-12-28,20.952220916748047,21.157554322557136,20.80438061391437,21.09184769536101,25412300
2011-12-29,21.190412521362305,21.22326662703371,20.94401299510669,21.0836398110702,19249800
2011-12-30,21.067211151123047,21.256117544612966,21.042572140319063,21.132917790883447,19168800
2012-01-03,21.23969078063965,21.896757138678016,21.21505020474955,21.62571707016597,37911800
2012-01-04,21.36288833618164,21.543581174469658,20.985074044127195,21.313608756024838,45418500
2012-01-05,21.839263916015625,22.09387693262671,21.280756731266333,21.362890417241776,50873400
2012-01-06,22.11851692199707,22.29920977309681,21.650356960889326,21.90496997075026,55685000
2012-01-09,22.250221252441406,22.32430646357584,21.94564854332566,22.143208582994944,38481100
2012-01-10,22.200838088989258,22.719434754365924,22.102058818486785,22.373704167470876,48976300
2012-01-11,22.134986877441406,22.307852972782538,22.019743860592886,22.217303990933928,30836000
2012-01-12,22.365467071533203,22.439552292125224,21.91272545242004,22.24199222723578,31775700
2012-01-13,22.505414962768555,22.530110569877436,22.102062800400986,22.258465171953628,31482600
2012-01-17,22.76881980895996,22.949916148493458,22.620649362947155,22.785283540754246,35769400
2012-01-18,23.328577041625977,23.419126007730267,22.72766488673113,22.809980415842585,35343800
2012-01-19,23.509674072265625,23.70723417387329,23.25449247061424,23.44382070506307,36353100
2012-01-20,23.633150100708008,23.83071178209083,23.270957348331965,23.36973661895518,37014000
2012-01-23,23.369731903076172,23.797779509581048,23.279184518288208,23.649609063477985,27438400
2012-01-24,23.468509674072266,23.6578378550148,23.25448589863248,23.320339247224133,23700900
2012-01-25,23.468509674072266,23.575520776758317,23.01576652869545,23.2627177634649,39274500
2012-01-26,23.28742027282715,23.740161982571436,23.172175701020784,23.509674409026847,34646400
2012-01-27,23.39442253112793,23.567286968148156,23.155703180879943,23.246252116500568,24561500
2012-01-30,23.5425968170166,23.616682036512593,23.06515960808009,23.20509818156499,23294900
2012-01-31,23.221561431884766,23.657840903820446,23.08985471772831,23.64960903792718,32744000
2012-02-01,23.773082733154297,23.822473926118317,23.13924479079406,23.443815963733172,38240800
2012-02-02,23.715465545654297,24.07765984273675,23.633148445853546,23.7648567475756,27334400
2012-02-03,23.962411880493164,24.05295925845299,23.690766606478164,23.978874040988195,26277200
2012-02-06,23.871864318847656,23.92948580909609,23.71546200955345,23.896559916126066,16582600
2012-02-07,23.830707550048828,23.87186531048802,23.666073368156226,23.79778008564314,20291700
2012-02-08,23.649608612060547,23.86363241122776,23.361499591255928,23.806010921080404,29842600
2012-02-09,23.781309127807617,23.789540991407897,23.33679948386457,23.74838324347394,31795300
2012-02-10,23.460289001464844,23.575532023962424,23.279192598958872,23.501446775194427,30232000
2012-02-13,23.402658462524414,23.600218526339816,23.336805107919282,23.534365171734684,20015200
2012-02-14,23.24626350402832,23.41912959579712,23.073398982327838,23.312116879447785,30267900
2012-02-15,23.03223991394043,23.3368127601522,22.98285027430848,23.131020763272673,34620600
2012-02-16,23.830707550048828,23.87186531048802,23.155708660343493,23.18040425864776,36380600
2012-02-17,23.699005126953125,23.896565238982483,23.575528683125096,23.896565238982483,34061000
2012-02-21,23.657835006713867,23.855395028703448,23.452043120882955,23.70722461969439,20612200
2012-02-22,23.501445770263672,23.937725375456555,23.46028799829401,23.64138439305623,25207600
2012-02-23,23.715465545654297,23.773087044494396,23.31211348370551,23.550832916120882,25319100
2012-02-24,24.07765769958496,24.316377110751922,23.740159033503907,23.921255380891708,24952400
2012-02-27,24.085891723632812,24.184670987396288,23.67430779445946,23.871867892054496,30419400
2012-02-28,24.192903518676758,24.192903518676758,23.87186854752835,24.069428650547998,29889400
2012-02-29,24.07765769958496,24.234060018278214,23.888329485942993,24.201132553261548,33160700
2012-03-01,24.555097579956055,24.67034057971281,24.06119654232006,24.201135143482457,32909600
2012-03-02,24.662099838256836,24.90081918907377,24.497467264997706,24.571552472487955,28177200
2012-03-05,24.892595291137695,25.040765753536355,24.629181833570318,24.892595291137695,33786600
2012-03-06,24.645645141601562,25.02430158779897,24.456315348434835,24.645645141601562,28971600
2012-03-07,24.87613296508789,24.925524168727517,24.555097991771053,24.736194361578576,23691100
2012-03-08,24.752653121948242,25.057225869581174,24.571556788532988,25.02429840710504,30927300
2012-03-09,24.802040100097656,24.93374836588577,24.61271192125796,24.73618675223743,30056300
2012-03-12,24.456317901611328,24.629183979494154,24.03650364832773,24.464549769136053,40933900
2012-03-13,24.802040100097656,24.884357177439856,24.620943785998946,24.686797133859173,32329200
2012-03-14,24.563331604003906,24.82674509518868,24.439856726269575,24.69503834959629,30994400
2012-03-15,24.74441909790039,24.80204058213954,24.48100570133989,24.66210201895831,35528500
2012-03-16,24.481006622314453,24.8267371108234,24.349299919079403,24.785579354837854,38651200
2012-03-19,24.497472763061523,24.604483881193506,24.225827464653364,24.357534180847143,32519400
2012-03-20,24.77735710144043,24.810283004988175,24.32461375962916,24.44809021562119,46126400
2012-03-21,24.209365844726562,25.64167768584501,24.151744347623158,25.4111916974314,94678000
2012-03-22,23.567289352416992,24.143507340914656,23.50966786758077,24.143507340914656,59763200
2012-03-23,23.501445770263672,23.781323015848788,23.476751735109218,23.616690357901778,36696300
2012-03-26,24.003576278686523,24.02827188136405,23.58376045357776,23.690773161778843,30044300
2012-03-27,24.159971237182617,24.299909802777105,23.871862240950705,24.011800806545192,31710000
2012-03-28,24.168201446533203,24.324602161431294,23.987103568130514,24.184663605423584,29405300
2012-03-29,24.118816375732422,24.34930392938874,23.954183754607634,24.044731146702464,34035400
2012-03-30,24.003576278686523,24.27522162786652,23.904797008112812,24.250526025188996,32006100
2012-04-02,24.30814552307129,24.43162037816291,23.87186602700839,23.97064685312247,28525300
2012-04-03,24.192903518676758,24.448086692220084,23.970649384072242,24.3740014573292,29995400
2012-04-04,24.003576278686523,24.266989760307347,23.81424803503008,24.02827188136405,31154000
2012-04-05,24.332836151123047,24.390457637441028,23.97887379794945,23.995337528345374,43273500
2012-04-09,23.928665161132812,24.12662704036498,23.920416552840493,24.00290106250252,21528500
2012-04-10,23.384267807006836,23.887420288171207,23.16156011997319,23.821433000153203,41175000
2012-04-11,23.211055755615234,23.549240884417227,23.128572805770006,23.499750799857804,30390100
2012-04-12,23.6729679107666,23.689463556399073,23.227552440200807,23.35952704482888,29414300
2012-04-13,23.55748748779297,23.73070512889109,23.499748798514023,23.672966439612146,16685800
2012-04-16,23.623472213745117,23.730702544954113,23.35127444159622,23.57398213878926,21476800
2012-04-17,24.151376724243164,24.28335133148536,23.67296837967485,23.68946402563406,24985300
2012-04-18,24.02764129638672,24.20910750195192,24.002897048908483,24.02764129638672,21151400
2012-04-19,23.928665161132812,24.299843094720188,23.648218772238618,23.912167944548173,26462100
2012-04-20,23.82143783569336,24.3575864295917,23.82143783569336,24.019401313193235,35727900
2012-04-23,23.491498947143555,23.63997075358623,23.31003427996984,23.590480675859073,23045500
2012-04-24,23.664716720581055,23.796691310816737,23.52449352179799,23.532742130345373,20486900
2012-04-25,23.81318473815918,23.912164878453126,23.59047706260635,23.656464347222638,26902800
2012-04-26,23.93691635131836,24.101883815175036,23.70596001400541,23.788444532564416,20548300
2012-04-27,24.118385314941406,24.28335438134409,23.969913469831315,23.969913469831315,16847800
2012-04-30,24.250354766845703,24.266851984619905,24.08538730888752,24.110131562287542,18568500
2012-05-01,24.39057731628418,24.5637949517382,24.159622566693802,24.291597158820085,19965400
2012-05-02,24.506059646606445,24.57204852927486,24.07714292209265,24.266856239979674,22579000
2012-05-03,24.23386001586914,24.59679097753843,24.200867150223626,24.53080367298596,19175800
2012-05-04,23.43376350402832,24.044146458007738,23.43376350402832,24.002904983071037,33934300
2012-05-07,23.029590606689453,23.466757469202246,22.97185191363824,23.37602433825812,33670500
2012-05-08,23.037837982177734,23.112073890199078,22.70790148722805,22.85637173000943,24660200
2012-05-09,22.914113998413086,23.021342778682193,22.608921730589337,22.78213938888429,25521100
2012-05-10,22.287235260009766,22.889369651641342,22.056278891745173,22.848128173465525,52653300
2012-05-11,22.270734786987305,22.526435375509916,22.081021497866054,22.2459889597388,25588900
2012-05-14,22.237741470336914,22.5264365097268,21.990289478437813,22.04802817166351,22485200
2012-05-15,22.320226669311523,22.707903461181022,22.221246498853123,22.287233803579205,26392900
2012-05-16,22.039783477783203,22.60892504817928,22.006790607190414,22.402714493873912,29672800
2012-05-17,21.652109146118164,22.0397844387411,21.652109146118164,22.023288789356318,29440600
2012-05-18,21.124208450317383,21.68510137692694,20.89325207663651,21.68510137692694,68182500
2012-05-21,21.660348892211914,21.82531633137346,21.058214671413122,21.066463279360367,30712700
2012-05-22,21.742834091186523,21.850062851394963,21.503629172878323,21.718088266556354,22122800
2012-05-23,22.006786346435547,22.147009559144912,21.478887933064463,21.54487523473585,33179600
2012-05-24,21.544879913330078,21.982045291862963,21.363413614381294,21.95730103165119,34232000
2012-05-25,21.56137466430664,21.7180951232542,21.478891702687378,21.59436910756366,18642900
2012-05-29,21.8253116607666,22.089262338809732,21.577859768348326,21.784070203117142,24139900
2012-05-30,21.586111068725586,21.72633424480028,21.42939067822776,21.60260828314872,21538300
2012-05-31,21.83356285095215,22.039773310125987,21.58611092924792,21.62735239177831,32192300
2012-06-01,21.445890426635742,21.67684673606583,21.363405918034914,21.429393210263346,30739700
2012-06-04,21.610864639282227,21.726342035128496,21.313920966235795,21.478890023097485,28945200
2012-06-05,22.031524658203125,22.221239475935906,21.503626387234206,21.503626387234206,28412000
2012-06-06,22.70789337158203,22.74088622265493,22.171744988985594,22.26247808264236,27639000
2012-06-07,22.41920280456543,22.897611037464618,22.41920280456543,22.889362429779677,32896100
2012-06-08,22.402708053588867,22.493441174843188,22.105764437310153,22.303727897003444,22343200
2012-06-11,22.114011764526367,22.61716584667467,22.081018905330044,22.584171414217213,20470800
2012-06-12,22.295486450195312,22.394466638575278,22.048032832721947,22.270740616469457,26186900
2012-06-13,22.287235260009766,22.584177364051044,22.097521943182535,22.171756289246698,19638800
2012-06-14,22.19649887084961,22.559429804062614,21.866562373956565,22.344970687766807,34311700
2012-06-15,22.848127365112305,22.89761745182466,22.262488641513677,22.361470388199884,40136400
2012-06-18,22.369718551635742,22.625419163350198,22.015036195211025,22.625419163350198,38322000
2012-06-19,23.06258773803711,23.714213847624396,22.707906904638538,23.41727014469736,81048700
2012-06-20,23.499752044677734,23.573987962079975,23.046089503452045,23.128574030928036,29281700
2012-06-21,22.938858032226562,23.623476902499057,22.889367947447983,23.499750903921893,32721900
2012-06-22,23.095582962036133,23.211060373402557,22.922366844986495,23.02134703379722,22163000
2012-06-25,22.78213882446289,22.889367602075435,22.46869795465133,22.71615152133331,24918800
2012-06-26,22.955354690551758,23.054336430951263,22.69965408997334,22.790385647639713,20614200
2012-06-27,23.23579978942871,23.475003157370622,22.897614686753432,22.897614686753432,19388200
2012-06-28,23.23579978942871,23.31003569716341,22.872868859754764,23.120322409957534,27175800
2012-06-29,24.497806549072266,24.506053584104045,23.747200500287075,23.7636961436118,35545300
2012-07-02,24.580286026000977,24.580286026000977,24.044139148507245,24.35757992648022,24445300
2012-07-03,24.72051239013672,24.728760998332966,24.423570361377593,24.44006600450894,14468000
2012-07-05,24.51430320739746,24.687520842198957,24.50605459876299,24.605036329115446,19244600
2012-07-06,24.068893432617188,24.316345440539067,23.870931511627386,24.225613876707175,25259400
2012-07-09,24.002897262573242,24.21735632443876,23.936909979942385,24.110126006875543,21873200
2012-07-10,23.961658477783203,24.415322502941237,23.796691028575804,24.217360619935643,23424100
2012-07-11,24.160030364990234,24.234419911806178,23.895534899207917,23.953393085283132,27247300
2012-07-12,23.82114601135254,24.35840263814958,23.647571448325326,24.341872853468924,23562000
2012-07-13,24.449323654174805,24.51544752273611,23.76328792665722,23.862474517757875,22026800
2012-07-16,24.39973258972168,24.58983852601237,24.201360972307377,24.325343036126633,16819600
2012-07-17,24.73035430908203,24.837805020894983,24.275752839578395,24.556778141977876,23897100
2012-07-18,25.209749221801758,25.42465219123527,24.647695544286016,24.664226905746457,24988700
2012-07-19,25.515573501586914,25.713945112660753,25.25934212449712,25.292404847934808,26180000
2012-07-20,24.895660400390625,25.482509523867254,24.879129039485477,25.341996109208193,25013000
2012-07-23,24.507183074951172,24.63116513767595,24.06084733383848,24.407998055378336,23403200
2012-07-24,24.234426498413086,24.52371908393252,24.0277891625446,24.457595199515314,23707500
2012-07-25,24.184831619262695,24.432795767501318,24.069115226953688,24.217892769986296,22389100
2012-07-26,24.796476364135742,25.094034584990972,24.548512231101387,24.622901786315197,26746600
2012-07-27,25.432918548583984,25.490776738717383,24.82953802788218,25.04443942651554,23852100
2012-07-30,25.275876998901367,25.623027760654818,25.127097875790227,25.36679792447321,20919700
2012-07-31,24.961788177490234,25.366797124002584,24.93699113224832,25.25934483780522,20951600
2012-08-01,25.060970306396484,25.226280769184445,24.82127186952309,25.077501667978762,17344400
2012-08-02,24.73035430908203,25.12709758172349,24.581575187712076,24.689027476042654,22103400
2012-08-03,25.39159393310547,25.515577589342325,25.11056704493257,25.234550701169425,17767200
2012-08-06,25.623027801513672,25.829665122493623,25.44118752659767,25.556903921860794,18658400
2012-08-07,26.03630256652832,26.20161305470064,25.747010000485584,25.8048681983906,21692700
2012-08-08,25.75527000427246,26.292526607606867,25.68088045864737,25.904049095522637,22436100
2012-08-09,25.928842544555664,26.077620038679775,25.74700075754216,25.755266436635235,14578500
2012-08-10,26.127214431762695,26.13548011095654,25.689142893591512,25.78006378820671,13848800
2012-08-13,25.92057991027832,26.07762310194292,25.788332182288514,25.994969454337244,14362100
2012-08-14,25.912315368652344,26.14374811454369,25.821394460470835,26.036297422025186,13806800
2012-08-15,26.077627182006836,26.19334514449092,25.895786921699735,25.895786921699735,16230100
2012-08-16,26.474369049072266,26.62314815271836,26.069361719285023,26.152015375517355,20333700
2012-08-17,26.614885330200195,26.697538990413495,26.375185301332596,26.523964412144554,20814500
2012-08-20,26.482641220092773,26.573562150638686,26.366923242165864,26.532232161819298,11189200
2012-08-21,26.242935180664062,26.67274111159344,26.218138138931355,26.46610382670632,19673100
2012-08-22,26.201616287231445,26.325598380397707,26.052837144824792,26.23467744303412,18087900
2012-08-23,26.11069107055664,26.242938825128796,25.879256711796575,26.085894025380266,14201700
2012-08-24,26.40824317932129,26.44957000184228,25.8296582049241,25.90404774667566,14811400
2012-08-27,26.309062957763672,26.50743459154725,26.242939079835814,26.50743459154725,14708300
2012-08-28,26.102420806884766,26.449571495828202,26.085889446335717,26.21813717769347,15993500
2012-08-29,26.02803611755371,26.35865550763902,26.00323907210321,26.160283873587836,15845300
2012-08-30,25.763532638549805,25.937107173475507,25.755266959288992,25.870983315906127,17984700
2012-08-31,26.160280227661133,26.25120113845716,25.73047429219296,26.00323544806365,21240300
2012-09-04,26.09415626525879,26.28426219031639,25.804863749096093,26.143748772552645,16654700
2012-09-05,26.507429122924805,26.540491843326524,26.127217297408727,26.160278441293165,22994600
2012-09-06,26.970304489135742,27.102552250755846,26.58182530992372,26.59835667425565,22699700
2012-09-07,26.945497512817383,26.97856023123156,26.672737968486352,26.97856023123156,19068700
2012-09-10,26.7058048248291,27.069485324632378,26.697537567427403,26.937237583518925,18589900
2012-09-11,26.714067459106445,26.829783832083425,26.58181972527066,26.689271994335577,21554800
2012-09-12,26.66446304321289,26.862836143608106,26.647934841793965,26.862836143608106,20602100
2012-09-13,26.9620304107666,27.102545395528956,26.523960402398092,26.71406631457753,27451700
2012-09-14,27.23478889465332,27.276115712095137,26.94549486649248,26.98682483696836,23162900
2012-09-17,27.35877799987793,27.383576620613454,27.069487033255633,27.119081121691625,25017900
2012-09-18,27.292652130126953,27.499289408683605,27.226526687532193,27.358774419687066,25285000
2012-09-19,27.09428596496582,27.342253285813385,26.91244725685586,27.28439193205628,20913400
2012-09-20,26.66446304321289,27.176925572136586,26.606604879146257,26.94548976283659,38005700
2012-09-21,26.838048934936523,27.515818910574634,26.68100259590014,27.300914389693613,62905800
2012-09-24,26.63141441345215,26.81325308096473,26.51569803784375,26.65620987878687,18511200
2012-09-25,25.870990753173828,26.63968180372067,25.829663921506448,26.59835497205329,30757800
2012-09-26,25.39985466003418,25.68914717395267,25.267606923931563,25.63955466704353,29234500
2012-09-27,25.804866790771484,25.97017726992635,25.375062382700452,25.424654895839886,23400200
2012-09-28,26.003238677978516,26.12722232683422,25.680884974595873,25.730477488227606,27014800
2012-10-01,26.17680549621582,26.449566588600078,26.069354825617122,26.20986663466272,28412900
2012-10-02,26.160280227661133,26.457836849009002,25.9536429405919,26.275998180451726,21859900
2012-10-03,26.300800323486328,26.490906297492195,26.193349600597124,26.292534640722884,19700800
2012-10-04,26.366918563842773,26.43304243527523,26.160281268551657,26.32559173539153,25156900
2012-10-05,25.94537353515625,26.523958486494216,25.854454213930175,26.490895768581343,31239000
2012-10-08,25.77180290222168,25.9371117872925,25.507307424894442,25.788334263683982,22261500
2012-10-09,25.33372688293457,25.705674568654214,25.160152347276824,25.672611851471522,23311300
2012-10-10,25.325456619262695,25.44139999657174,25.201231346487283,25.325456619262695,23103700
2012-10-11,25.441396713256836,25.747820487526997,25.358580928500974,25.44967860765439,20436300
2012-10-12,25.673282623291016,25.83063544295029,25.408268345723627,25.408268345723627,18639800
2012-10-15,25.92173194885254,25.987985515267376,25.689845256205412,25.722971249608023,26143200
2012-10-16,26.393795013427734,26.410357223227567,25.90517428310991,26.004553860348512,22024500
2012-10-17,25.863765716552734,26.253006883281518,25.847201926562157,26.112217827581524,28326200
2012-10-18,25.772666931152344,25.87204650763555,25.47452504248294,25.789229140826286,26013900
2012-10-19,25.24263572692871,25.880327372493305,25.176382152039523,25.73125643409017,26239700
2012-10-22,25.507646560668945,25.58218201974311,25.101843272159396,25.333731542568973,17338400
2012-10-23,25.333728790283203,25.540771358638178,25.21778545747944,25.275757123881323,21384700
2012-10-24,25.34201431274414,25.63187426588463,25.151535501678268,25.59046479851618,21642700
2012-10-25,25.557340621948242,25.855480910157418,25.433113790617163,25.56562251601097,20696000
2012-10-26,25.665002822875977,25.75610208057336,25.350298737500196,25.51593188468383,19815600
2012-10-31,25.739538192749023,25.996270596640365,25.55734125766643,25.87204534182906,21844400
2012-11-01,26.0708065032959,26.103934080927175,25.61531336813471,25.838919778316317,22886100
2012-11-02,25.847196578979492,26.344099118621866,25.822352478743632,26.335817225340037,17251200
2012-11-05,25.880332946777344,25.963150328129064,25.48281141182128,25.631882382332346,13590100
2012-11-06,26.195024490356445,26.426912730590526,25.94657404551303,26.029391386997304,15018800
2012-11-07,25.49936866760254,25.963143672835624,25.47452298568282,25.921734202969425,22295700
2012-11-08,25.192941665649414,25.65671661117532,25.1846597727424,25.449674027328633,17902800
2012-11-09,25.134967803955078,25.449671808941847,25.068714246083683,25.176375685271168,15537900
2012-11-12,25.09356117248535,25.300603761629983,24.91964615581647,25.18466041718406,10964600
2012-11-13,24.86167335510254,25.259194729110117,24.754010329052868,24.911363131951106,20901000
2012-11-14,24.497278213500977,24.969335047231016,24.447588436163482,24.927927162718028,22562900
2012-11-15,24.80370330810547,24.903082868303756,24.480715788436964,24.497279575006555,26295000
2012-11-16,24.845109939575195,24.952771387618487,24.662913035344413,24.86995561817421,25491700
2012-11-19,24.961055755615234,25.060436900256338,24.720887157114596,25.05215500656877,22551100
2012-11-20,25.010744094848633,25.010744094848633,24.66291250005955,24.861673185709098,17448200
2012-11-21,25.176380157470703,25.2840431953923,24.952773767580954,25.002465129518477,17423900
2012-11-23,25.607025146484375,25.722968480325715,25.32544712463302,25.38341879155369,8211500
2012-11-26,25.640159606933594,25.64844150203109,25.32545549127866,25.44139886342364,15644900
2012-11-27,25.855484008789062,26.310978759168645,25.805794218067458,25.838921798288503,24696300
2012-11-28,26.335813522338867,26.35237730657354,25.664996056928622,25.797503171587206,21603200
2012-11-29,26.368946075439453,26.617396567487567,26.34410039439076,26.435199645292933,22205300
2012-11-30,26.6505184173584,26.700209768781466,26.294404963539886,26.37722230296897,26610600
2012-12-03,26.75818634033203,26.915537576537453,26.675367406103405,26.807874541649895,22159300
2012-12-04,26.816152572631836,26.890688018701773,26.50972731700061,26.683645463976244,17391100
2012-12-05,26.501453399658203,26.60083296532548,25.930015368437353,26.460045510565124,30775300
2012-12-06,26.526296615600586,26.59255176331291,26.418635159787392,26.49317062135409,25132600
2012-12-07,26.435199737548828,26.642240761905004,26.310974491091237,26.625680133700822,18421100
2012-12-10,26.559425354003906,26.691932496019245,26.435200105815746,26.435200105815746,20712600
2012-12-11,26.78302764892578,26.915534770658727,26.51801340545989,26.650520527192835,25716300
2012-12-12,26.59981346130371,26.96624839972291,26.508204329586224,26.824669784277294,20205300
2012-12-13,26.32498550415039,26.658105837754615,26.14176725568226,26.591483041794266,20608200
2012-12-14,26.616474151611328,26.74139629962847,26.183416317679114,26.266697220206844,21930800
2012-12-17,26.916278839111328,27.041200959624078,26.483219512075696,26.64978128045886,24047300
2012-12-18,27.38265037536621,27.440946516104866,26.941261225186036,27.057856683564744,37797600
2012-12-19,28.390342712402344,28.606870768135327,28.173814656669357,28.19879780778053,60937600
2012-12-20,28.26542091369629,28.52359179332028,28.257094255534785,28.39034302442753,28119900
2012-12-21,28.11552619934082,28.24877501822291,27.649156921704716,27.90732472128115,45601600
2012-12-24,27.990604400634766,28.015587558877918,27.832369260022507,27.865682255614786,6451900
2012-12-26,27.990604400634766,28.1904760203842,27.765746445740067,28.040570717121067,13282100
2012-12-27,27.707447052001953,27.998927787095504,27.48258912340047,27.93230498060344,21600200
2012-12-28,27.49924087524414,27.890660517903022,27.482584382269167,27.515897368219115,16792100
2012-12-31,27.74908447265625,27.865676757321793,27.224416014759807,27.407634277463657,25320000
2013-01-02,28.89002799987793,28.931670825549602,28.25709707862821,28.382019201840098,33758400
2013-01-03,28.57356071472168,28.93999402779203,28.431982113532353,28.84005824730033,21819500
2013-01-04,28.823410034179688,28.940002341062367,28.64852157385567,28.69016122961347,21687300
2013-01-07,28.67350196838379,28.74845461228475,28.490283688425496,28.681828627971992,14008300
2013-01-08,28.681825637817383,28.740121779562628,28.365361776029324,28.440314412116276,17408900
2013-01-09,28.698484420776367,28.98163849336315,28.63186161499803,28.731797412116393,18932700
2013-01-10,29.073238372802734,29.081565029535284,28.656835644359898,28.78175773365303,17843600
2013-01-11,29.031606674194336,29.148198961737034,28.964980694511897,29.114885971895813,15105200
2013-01-14,29.114887237548828,29.148200228838196,28.815076669747935,29.00662478121094,14589400
2013-01-15,28.89836311340332,29.048268417873768,28.748457808932876,28.79009746530752,16263600
2013-01-16,28.8483943939209,29.039939359907176,28.781771577313695,28.840067733183336,17608200
2013-01-17,28.83173179626465,28.989966908924206,28.81507530141093,28.94832408333913,17827100
2013-01-18,29.239816665649414,29.256473165452103,28.656851880165195,28.806757201486924,30088900
2013-01-22,29.08990478515625,29.13154443682285,28.75678121801988,29.10656128120325,19309500
2013-01-23,28.89002799987793,29.314760677277103,28.89002799987793,29.114885915518393,17235800
2013-01-24,29.098224639892578,29.4813176055808,28.98996220625775,29.04825834033836,18662000
2013-01-25,29.464672088623047,29.48132858697912,29.048269160427875,29.148204973662093,18061300
2013-01-28,29.597919464111328,29.806120918118467,29.464670660622843,29.489653818495036,20119500
2013-01-29,29.79778480529785,29.872737440031024,29.206493562903617,29.44800796114399,18284800
2013-01-30,29.464672088623047,29.88107501681822,29.38971943447183,29.78113602668178,14249900
2013-01-31,29.57292938232422,29.722834664367905,29.35640129542871,29.373057790867083,19077700
2013-02-01,30.15589141845703,30.239173888477772,29.82277106907825,29.872737374189303,27725700
2013-02-04,29.2564697265625,29.981009909851313,29.173187237338304,29.822777945678528,23595800
2013-02-05,29.547945022583008,29.747819782790447,29.264790965481698,29.323087108687716,16662700
2013-02-06,29.231487274169922,29.497984921282043,29.156534612363227,29.40637893632057,15603500
2013-02-07,28.781768798828125,29.30643415100563,28.690159655047378,29.273124334368745,26869300
2013-02-08,29.06492042541504,29.131543229941148,28.731796872079542,28.94832495791646,19255700
2013-02-11,29.114887237548828,29.181513220127563,28.773437019087076,29.13154373319351,12648800
2013-02-12,29.239816665649414,29.356408987365757,29.023285345116918,29.0565983447223,14666300
2013-02-13,29.139869689941406,29.364724408954427,29.048260564542844,29.323084763837247,13176800
2013-02-14,29.06492042541504,29.20649587059655,28.890028812617995,29.039934093928803,15886800
2013-02-15,28.989959716796875,29.13986495638876,28.856710967926396,28.98162988298579,18406000
2013-02-19,29.481325149536133,29.489651809292194,28.99829628423653,29.089905426062444,16446000
2013-02-20,29.156517028808594,29.639545708461085,29.1481903722528,29.56459309185641,16263700
2013-02-21,28.548580169677734,29.106561675657694,28.45697102862865,29.106561675657694,20923100
2013-02-22,28.94000244140625,28.964985599567136,28.423663719034614,28.74012764541285,13754700
2013-02-25,28.548580169677734,29.506308055497662,28.540253509992286,29.20649747639223,19992900
2013-02-26,28.581893920898438,28.790095364481264,28.38202231412399,28.548580927468727,15839500
2013-02-27,28.881704330444336,29.12321876597244,28.36536564306507,28.523597595530777,15671400
2013-02-28,28.515268325805664,29.031606965926862,28.498611830717678,28.898358182124564,23816400
2013-03-01,28.84005355834961,29.00661528335618,28.315385236494148,28.415321000737823,20376000
2013-03-04,29.189842224121094,29.214828558045955,28.648520368245837,28.75678283327971,14750500
2013-03-05,29.531280517578125,29.71449873332925,29.323079154915728,29.331408988486604,15410100
2013-03-06,29.86441993713379,29.92271609569822,29.547952807139463,29.564609306286783,21340800
2013-03-07,29.931034088134766,30.08926919575475,29.78112881612713,29.931034088134766,15098100
2013-03-08,29.739486694335938,30.055953706343235,29.706173708461233,29.931031597763695,14985000
2013-03-11,29.881072998046875,29.964352307298654,29.681198208179794,29.731167699872067,14111600
2013-03-12,29.50630760192871,29.85608448757375,29.281449671056137,29.85608448757375,18411100
2013-03-13,29.63123321533203,29.856087995723712,29.439685077083762,29.831104837214003,21228800
2013-03-14,30.230865478515625,30.25585182568109,29.664556988620923,29.814462363999148,21040700
2013-03-15,30.2641544342041,30.33910706231596,30.0642797002721,30.072609535007373,56178100
2013-03-18,30.014318466186523,30.330782347724586,29.981005475424098,30.064284775428504,20654800
2013-03-19,29.722835540771484,30.172551400162796,29.489650951561952,30.13091174878992,20548800
2013-03-20,29.789453506469727,30.039294524362468,29.481316356965372,29.964341901304554,41088100
2013-03-21,26.899627685546875,27.432622908678866,26.79969187543516,27.299374102895868,132669500
2013-03-22,26.633129119873047,27.06618851737936,26.34997502061515,26.98290920808669,64333500
2013-03-25,26.025182723999023,26.81634891418903,25.95023007067782,26.69142676635296,39694400
2013-03-26,26.266695022583008,26.47489646725744,26.15842938181976,26.15842938181976,29420300
2013-03-27,26.608139038085938,26.741387804419368,26.058487479847877,26.158423260372654,35028500
2013-03-28,26.92460823059082,26.97457453645032,26.474892416446686,26.55817171081348,23676700
2013-04-01,26.99123191833496,27.032871566887714,26.68309470676273,26.949592269782208,18677600
2013-04-02,27.26605987548828,27.432618473109642,27.091168264943278,27.191107235798025,22619600
2013-04-03,26.98291015625,27.43262288989587,26.816348354909763,27.424296229434816,25545200
2013-04-04,26.957918167114258,27.07451045052861,26.84132588369991,26.94959150839957,18163800
2013-04-05,26.67476463317871,26.749717270666288,26.374955671679164,26.458236556493222,24415300
2013-04-08,26.949600219726562,26.949600219726562,26.56650866853865,26.70808573921334,14134400
2013-04-09,27.515907287597656,27.54922028555681,27.032878347896947,27.0661913458561,30087400
2013-04-10,28.090530395507812,28.273748630345658,27.607504835800313,27.607504835800313,35941000
2013-04-11,27.99892234802246,28.24876338341161,27.948956047085307,27.99892234802246,23080700
2013-04-12,27.865684509277344,28.04057298492789,27.499251058833,28.015589824664204,18408200
2013-04-15,27.31602668762207,27.89899132074941,27.31602668762207,27.807382184227755,19617500
2013-04-16,27.83237075805664,27.890670091932055,27.407641160552096,27.440954157937394,17310600
2013-04-17,27.0578556060791,27.590850686980044,27.024542619297474,27.565864358443186,25277000
2013-04-18,26.749719619750977,27.316027780077242,26.566502927831085,27.191108824562264,24892500
2013-04-19,26.957918167114258,27.032870803152264,26.37495516159178,26.441579550464372,30391400
2013-04-22,27.082843780517578,27.19943607897529,26.783033197682403,27.057860624248605,18754900
2013-04-23,27.03286361694336,27.48257931362242,26.957911000830183,27.249394808781698,23964900
2013-04-24,27.074514389038086,27.34101516019757,27.016218238850612,27.057861069186167,22601800
2013-04-25,26.87464141845703,27.132812339691736,26.824671930730446,27.116155843782877,25910200
2013-04-26,26.949600219726562,27.091175701950014,26.791365060885667,26.81635139890935,22376200
2013-04-29,26.84965705871582,27.066185142015232,26.766374582907115,26.97457600707646,31381300
2013-04-30,27.29937744140625,27.374330102381723,26.833008152583332,26.833008152583332,50028100
2013-05-01,27.61583709716797,27.998926959655847,27.249403730036295,27.274386884619787,32712000
2013-05-02,28.057222366333008,28.13217500501197,27.46593109281098,27.57419672132538,22992700
2013-05-03,27.799055099487305,28.273754093378145,27.715772623514233,28.257097598183528,23976800
2013-05-06,27.90730857849121,27.90730857849121,27.549205166121265,27.84901245250769,17964500
2013-05-07,27.699121475219727,28.140510740826535,27.640825319236185,27.923979438400046,17955000
2013-05-08,27.865684509277344,27.957293666114023,27.557547217383185,27.557547217383185,21382700
2013-05-09,28.0655460357666,28.31538705083497,27.71576607315019,27.732422564408196,18722100
2013-05-10,28.332048416137695,28.340375074748724,28.023911217106996,28.17381648731683,17364100
2013-05-13,28.132177352905273,28.315395635389912,28.023914892256926,28.273755983071176,12193400
2013-05-14,28.040571212768555,28.523600126688287,27.940635401127363,28.023917891580165,23560400
2013-05-15,28.30706787109375,28.398673831859607,28.073880108784937,28.098866440722635,18360500
2013-05-16,28.62352752685547,28.823402268303685,28.39034297591692,28.39034297591692,25526300
2013-05-17,29.173173904418945,29.17317390441894,28.68181856171614,28.80674065000864,26986800
2013-05-20,29.06492042541504,29.17318287988267,28.78176635815036,28.989967784759635,18326400
2013-05-21,29.231487274169922,29.41470559789796,29.064928627401756,29.064928627401756,19682900
2013-05-22,28.41533088684082,29.27312295714764,28.248769103885007,29.206496973204604,33742400
2013-05-23,28.506940841674805,28.65684613293249,28.198803599379275,28.27375624500812,20442500
2013-05-24,28.35704231262207,28.431994976124614,27.832373668104267,28.057231658611897,22642500
2013-05-28,28.756776809692383,28.964978213010518,28.53191891288064,28.87336908724633,21432200
2013-05-29,28.64851951599121,28.781768310985978,28.415331742073974,28.648519515991214,16004800
2013-05-30,28.59856414794922,28.97332756170477,28.59856414794922,28.72348634483555,17928400
2013-05-31,28.132177352905273,28.698485519765217,28.107194196894397,28.415331436335247,24412100
2013-06-03,28.64019203186035,28.648521869239055,28.0905403102447,28.19047612047424,19782700
2013-06-04,28.448644638061523,28.940000163598697,28.28208285066044,28.598549929032313,20324900
2013-06-05,28.41533088684082,28.823407096237474,28.31539508782804,28.39867439085506,22005600
2013-06-06,27.774070739746094,28.2987392564636,27.590855633403322,28.2987392564636,29158700
2013-06-07,28.157167434692383,28.340382564668644,27.749091163072674,27.97394912781387,20548900
2013-06-10,28.35704231262207,28.39035531349045,28.16549732298282,28.29874614955372,16901500
2013-06-11,27.957292556762695,28.440321482043085,27.89066973973568,28.03224521148199,15274500
2013-06-12,27.915645599365234,28.20712630433104,27.898989105238414,28.173816492978816,13731100
2013-06-13,28.523588180541992,28.581884310992493,27.824031438235146,27.874000911578793,15727400
2013-06-14,28.12384605407715,28.581888507831238,28.0655499150667,28.44031307792052,17551400
2013-06-17,28.540254592895508,28.840065183376655,28.315396650034646,28.34037980694076,19398200
2013-06-18,28.64851951599121,28.806751467265663,28.490284387814896,28.53192404058166,16949300
2013-06-19,28.390342712402344,28.806745507728337,28.382016054332354,28.673496740300067,19408400
2013-06-20,27.657480239868164,28.332054090926675,27.50757493963294,28.215461785610845,35222400
2013-06-21,25.100765228271484,25.683729898675185,24.967516433056513,25.575464259781185,140813500
2013-06-24,25.12574577331543,25.35060367332516,25.009153494103277,25.084106127439853,78919200
2013-06-25,24.950851440429688,25.425551898748214,24.89255531093015,25.400567162483956,64051500
2013-06-26,25.100765228271484,25.17571787413627,24.867580630870755,25.142406469557997,52429800
2013-06-27,25.358928680419922,25.933563344652743,25.225679924500678,25.242334827652734,43014900
2013-06-28,25.57546615600586,25.65874705630259,25.19237623847237,25.217360985096708,39787100
2013-07-01,25.075773239135742,25.800313109345264,25.04246025784086,25.725360489882156,33962900
2013-07-02,25.067447662353516,25.275649052259357,24.94252714610012,25.05911941614322,33114500
2013-07-03,25.56713104248047,25.650410326792034,25.01747950608139,25.025806163752122,18629700
2013-07-05,25.97520637512207,25.983534621500922,25.433883068101338,25.808644624446195,22193800
2013-07-08,26.358295440673828,26.358295440673828,26.025173537089195,26.108454410097988,28904300
2013-07-09,26.250041961669922,26.316666369148226,26.008527491779095,26.233385462687554,28854300
2013-07-10,26.107919692993164,26.283478101903935,25.9574415123615,26.216599087681136,28458600
2013-07-11,26.63459587097168,26.75163375841784,26.392158424665638,26.392158424665638,33193000
2013-07-12,26.124643325805664,26.751634765625,26.1162832485988,26.668035588078084,157674700
2013-07-15,26.759990692138672,26.793430997771825,26.18315977066062,26.316917804150158,36543400
2013-07-16,26.751628875732422,26.877028411704487,26.63459100964792,26.743268800366195,22531400
2013-07-17,26.885387420654297,27.119463157421208,26.7934281843408,26.810148335401685,22357000
2013-07-18,26.759990692138672,27.136186157903953,26.59279394753752,26.718191904618767,23615600
2013-07-19,26.63459587097168,26.776712394572513,26.34199955783466,26.776712394572513,28512000
2013-07-22,26.64295768737793,26.668036325169986,26.500839559976605,26.57607866239623,16760100
2013-07-23,26.810150146484375,26.91046787058362,26.592792951574037,26.642953408145136,16771000
2013-07-24,27.077665328979492,27.21978502348642,27.00242624107414,27.06930684767572,20003600
2013-07-25,27.060941696166992,27.09438199516597,26.72654667878333,27.09438199516597,21050300
2013-07-26,27.20305824279785,27.253215496483502,26.88538181693975,27.052580103656755,17308500
2013-07-29,27.152904510498047,27.219785117330204,26.89374694258773,27.0776654223333,16119300
2013-07-30,27.211423873901367,27.34518190062148,27.16126660703314,27.25322265930586,18340700
2013-07-31,27.044219970703125,27.37861656312151,26.709826567326992,27.236500084221163,30540500
2013-08-01,27.37861442565918,27.445495014538356,27.08601982191779,27.26993506325152,15797000
2013-08-02,27.22814178466797,27.33682116900835,27.152902701515803,27.269940566631917,18998100
2013-08-05,27.403705596923828,27.504026526167827,27.211428599438023,27.24486890918602,11151300
2013-08-06,27.58761978149414,27.77153826719785,27.336823875834607,27.378622661937367,18620900
2013-08-07,27.437137603759766,27.587615763045232,27.320099744102738,27.39533882374547,17416900
2013-08-08,27.604333877563477,27.67121128284691,27.386975135047223,27.512374654886774,14204600
2013-08-09,27.520736694335938,27.67957653188353,27.336821414236205,27.512378213485224,11646000
2013-08-12,27.79661750793457,27.871856600179424,27.378623259694955,27.4287837175392,11746400
2013-08-13,27.79661750793457,27.972174326824884,27.679579628674364,27.91365538719478,12738700
2013-08-14,28.064136505126953,28.131017122576736,27.77990025905211,27.804978896074093,19684400
2013-08-15,27.361902236938477,27.78825814244835,27.203065575714113,27.78825814244835,19574600
2013-08-16,27.094385147094727,27.462218911746778,27.00242590867101,27.2532218022539,19504100
2013-08-19,26.801790237426758,27.336822322850455,26.75998826465577,27.086026431438444,13385600
2013-08-20,26.918825149536133,27.102740415539458,26.75162684395294,26.801787292340627,13870200
2013-08-21,27.00242805480957,27.269944121099062,26.835229716117873,26.910468809076985,11955400
2013-08-22,27.086029052734375,27.194705263136477,26.860311771906563,27.102746016609245,10271600
2013-08-23,26.559350967407227,27.303380108416402,26.559350967407227,27.069304384694654,27128400
2013-08-26,27.035865783691406,27.253221370945298,26.550992561122378,26.550992561122378,18888600
2013-08-27,26.567718505859375,26.918833784598373,26.417240301468134,26.4590390940116,16061600
2013-08-28,26.46739387512207,26.67639098506114,26.46739387512207,26.576073265222377,15919100
2013-08-29,26.500837326049805,26.734913096493127,26.383797846306546,26.39215792303975,14012100
2013-08-30,26.63459587097168,26.835231338295593,26.509196312111797,26.5342765427881,14044300
2013-09-03,26.768348693847656,27.060943355423195,26.60115037764336,26.893745039218903,14647300
2013-09-04,27.019145965576172,27.161265657836314,26.71818961871262,26.759988402656383,13040800
2013-09-05,26.968978881835938,27.1863376073803,26.885381334498575,27.069299765491188,11437900
2013-09-06,26.918825149536133,27.136180714464583,26.626228912026153,27.002422707806513,12625400
2013-09-09,27.37861442565918,27.495652267155737,26.960620312290338,27.01078075394972,12400500
2013-09-10,27.470579147338867,27.579258531531366,27.378619913717724,27.420418695624797,15918900
2013-09-11,27.604333877563477,27.779890654105035,27.37025817550806,27.478934357723926,19692300
2013-09-12,27.412063598632812,27.67957966271169,27.37026481156606,27.59597889953514,16250100
2013-09-13,27.136173248291016,27.47892824536278,27.04421404606955,27.453849622590216,17638400
2013-09-16,27.56253433227539,27.713012476271093,27.403694519700938,27.453854964046897,25316900
2013-09-17,27.80497932434082,27.947099044088926,27.529104745719717,27.57926520957965,20282300
2013-09-18,28.314929962158203,28.348370267953804,27.69630025015499,27.76317767270311,39152100
2013-09-19,28.33164405822754,28.42360328498457,27.796612036051084,28.12264697524971,63316300
2013-09-20,28.46541404724121,28.53229467269011,28.14773745444644,28.37345478177085,53470400
2013-09-23,28.373441696166992,28.70783829110296,28.21460506754566,28.256403844652084,26293100
2013-09-24,28.122648239135742,28.3316453315063,28.08084945847014,28.2814880703246,18958300
2013-09-25,28.314929962158203,28.49884845499093,28.172813446091524,28.22297071574184,19653100
2013-09-26,28.264774322509766,28.64096662275413,28.16445339933755,28.406890846772168,15621000
2013-09-27,28.23969078063965,28.38181048530654,28.013973500787337,28.114294417861526,14068700
2013-09-30,27.7297306060791,28.03068690677673,27.621054422304532,27.99724979817657,25132600
2013-10-01,28.005611419677734,28.047410201898572,27.63777767147464,27.75481553731005,16300300
2013-10-02,28.15608024597168,28.197879014325544,27.80496357590768,27.846765533303152,19451600
2013-10-03,27.788259506225586,28.147731632002397,27.65450147203979,28.030693750720214,15480100
2013-10-04,27.863765716552734,28.098692753413978,27.73791503309582,27.838596219980797,15054900
2013-10-07,27.553333282470703,27.888941543884485,27.511383049943376,27.570114015601153,14150100
2013-10-08,27.15898895263672,27.62044782493135,27.07508850334569,27.544939340927613,23780400
2013-10-09,27.007970809936523,27.234505907577073,26.84855864519581,27.226117141263394,19656000
2013-10-10,27.679183959960938,27.687572725251272,27.133821398770134,27.25128331641807,21580700
2013-10-11,27.905723571777344,28.006407986779376,27.637238199634783,27.75470335047049,14018800
2013-10-14,27.92249298095703,27.981223932251844,27.595276766429688,27.695957939992685,12882400
2013-10-15,27.47781753540039,27.905714965093516,27.435867309053553,27.80503378174168,20677000
2013-10-16,27.704357147216797,27.855380547339898,27.595283980328414,27.61206471374183,16398300
2013-10-17,27.578500747680664,27.729524134117643,27.28484594105174,27.368746399917903,22821900
2013-10-18,27.60367774963379,27.67918945462565,27.310019696621946,27.477823841114734,17472700
2013-10-21,27.64562225341797,28.02318070009232,27.544941067837204,27.880546086638816,16568800
2013-10-22,27.60367774963379,27.80504016254686,27.561724313062207,27.763089926573123,19741200
2013-10-23,27.435863494873047,27.595275613068132,27.21771722724118,27.57010612087856,24610300
2013-10-24,27.746309280395508,27.897332690860022,27.461043194028964,27.469435161609134,26573600
2013-10-25,27.813425064086914,28.09869107707334,27.695959952365534,27.863764054227616,19820600
2013-10-28,27.805038452148438,28.07352378658216,27.763088218755225,27.88894211953251,17632800
2013-10-29,28.283273696899414,28.300054427731702,27.888937724430658,27.888937724430658,15954700
2013-10-30,28.132246017456055,28.484634909845404,28.03995361229226,28.375561776415765,14959100
2013-10-31,28.10708236694336,28.45107936639549,28.056740171683053,28.107082366943363,16171500
2013-11-01,28.132246017456055,28.375561776415765,28.048345576723506,28.274880607417376,15115800
2013-11-04,28.283273696899414,28.325223923681563,28.073519362391533,28.274884931781845,12725000
2013-11-05,28.10708236694336,28.26649451770502,28.03157067435156,28.14903259602829,11161500
2013-11-06,28.585325241088867,28.81186034439237,28.20776673558302,28.241328202871916,25184600
2013-11-07,28.526586532592773,28.9125336998905,28.476244345320406,28.67760989381307,17101200
2013-11-08,28.820240020751953,28.820240020751953,28.32521973646653,28.459462362683084,14028300
2013-11-11,28.837020874023438,29.05516714294325,28.76150919641222,28.786681889347083,11415100
2013-11-12,29.11391830444336,29.239769054102705,28.75314039434187,28.91255262414994,16145000
2013-11-13,29.365612030029297,29.365612030029297,29.021614988558575,29.030003755161307,14815800
2013-11-14,28.845422744750977,29.00483491863324,28.576937398950434,28.66922663608367,25790900
2013-11-15,29.298494338989258,29.30688630769179,28.786696269074906,28.8286465107927,21477700
2013-11-18,29.30687713623047,29.474681251186357,29.21458471297487,29.26492690764082,15093200
2013-11-19,29.164247512817383,29.35722435845304,29.055177539925023,29.35722435845304,14532900
2013-11-20,29.15586280822754,29.340447712068197,29.088739861158835,29.231374523380694,12165500
2013-11-21,29.315261840820312,29.40755425129113,29.12228825556171,29.2313613952633,11773000
2013-11-22,29.222976684570312,29.340438604882433,29.097122798180305,29.214584718492425,13826300
2013-11-25,29.18102264404297,29.332046024308173,29.029999263777764,29.298484561894302,14753800
2013-11-26,29.30687713623047,29.49985074822069,29.038391832539965,29.105511558163947,28403700
2013-11-27,29.608919143676758,29.701211552097224,29.382384104989274,29.41594556270522,16120200
2013-11-29,29.608919143676758,29.71798908035843,29.399164833847248,29.449503819824397,11851500
2013-12-02,29.432727813720703,29.692821122978476,29.332043435365822,29.676040393252663,20284400
2013-12-03,29.424341201782227,29.457902667339752,29.23136757572274,29.357221471264694,16545300
2013-12-04,29.424341201782227,29.516633631766663,29.214586842943977,29.281709774059024,20004000
2013-12-05,29.239755630493164,29.50824094722684,29.214586132236082,29.50824094722684,20839500
2013-12-06,29.76833724975586,29.793506747802986,29.44950973857014,29.491463169445232,15995300
2013-12-09,29.869016647338867,29.99487053120519,29.701215736313397,29.768335460604142,16795000
2013-12-10,29.197813034057617,29.759956513360063,29.172643529219602,29.718003071165672,25491700
2013-12-11,28.996437072753906,29.41594569428948,28.878971970222647,29.32365328545617,17184000
2013-12-12,28.190988540649414,28.442696367385725,27.930895147232253,28.400742929197694,30946000
2013-12-13,27.880542755126953,28.274881885710446,27.87215399091311,28.241320427661467,18221200
2013-12-16,28.140642166137695,28.42590818788007,27.981226824206963,28.02318025140798,22756300
2013-12-17,28.216154098510742,28.350396745163483,28.006399763078512,28.216154098510742,21782100
2013-12-18,29.030000686645508,29.164243342283505,28.27488694890578,28.417518370259806,40179900
2013-12-19,30.708040237426758,31.010087059532246,29.78512223708032,29.801902971708166,62855300
2013-12-20,30.51506233215332,30.875840074815848,30.51506233215332,30.74998938356451,40783000
2013-12-23,30.984899520874023,31.06041118244334,30.640902662746257,30.64929142487796,18002800
2013-12-24,31.31214141845703,31.36248363445792,30.942974769579774,31.010094523648984,9670100
2013-12-26,31.622573852539062,31.67291606339827,31.29535748345002,31.320530189178776,11516900
2013-12-27,31.865882873535156,32.06724847299942,31.698078740747874,31.790371173810758,15373100
2013-12-30,31.874277114868164,31.974958321485513,31.723253704643213,31.84071564579643,11683000
2013-12-31,32.10081481933594,32.167937769585755,31.781990407444596,31.83232941953353,11746400
2014-01-02,31.748424530029297,31.9078367138706,31.505108670009946,31.69808232432247,18162100
2014-01-03,31.66425323486328,31.86625945866793,31.613754086997123,31.689506019576363,11693900
2014-01-06,31.538000106811523,31.815755034382157,31.495913205282214,31.681085297515832,15329400
2014-01-07,31.857820510864258,31.925156946188643,31.56323163326497,31.69790129313578,16792200
2014-01-08,31.748432159423828,31.90835152090951,31.61376237849356,31.807349987907017,16111600
2014-01-09,31.689517974853516,31.857852812287195,31.52959538419782,31.857852812287195,13623500
2014-01-10,32.0766716003418,32.101921166768086,31.638994254538186,31.773663960110138,15402900
2014-01-13,31.773666381835938,32.15242596099381,31.731582697658236,31.942004329326025,20848300
2014-01-14,32.16084671020508,32.194514947403896,31.740003377559276,31.7989211872673,13486400
2014-01-15,32.32918930053711,32.463859057777206,32.085099362170595,32.152435846180786,17010900
2014-01-16,32.228187561035156,32.63219682994406,32.12718283572274,32.312354954681915,13463000
2014-01-17,32.16084671020508,32.37968704121759,32.009342853590205,32.08509478189764,14051100
2014-01-21,32.0766716003418,32.42176292154362,31.815747641080304,32.42176292154362,13540000
2014-01-22,31.967260360717773,32.21976572761401,31.94201078726213,32.00934405340382,14006300
2014-01-23,32.110347747802734,32.2029305844563,31.92517565293594,32.12717865571805,14174200
2014-01-24,31.23497772216797,31.950409761143558,31.23497772216797,31.91674154004915,26815600
2014-01-27,30.713146209716797,31.45382812435547,30.713146209716797,31.361242082330726,19073800
2014-01-28,31.22657012939453,31.251822909555028,30.788895943151925,30.80572684888636,13899900
2014-01-29,31.117151260375977,31.352822455410244,30.898310970033393,31.293904656651677,16553600
2014-01-30,31.47908592224121,31.61375567461398,31.209746417495673,31.30232926349307,12975500
2014-01-31,31.058231353759766,31.310736647127932,30.873059306926237,31.16764828072593,17039700
2014-02-03,30.166046142578125,31.21815433224564,30.149212026249916,31.21815433224564,21272600
2014-02-04,30.267044067382812,30.317546410423382,29.829366726701558,30.006123321954053,16228000
2014-02-05,30.25864028930664,30.511145680367424,29.854631021453336,29.89671471816676,11458400
2014-02-06,30.906728744506836,30.999314771545123,30.393299475133887,30.401714927237762,14762200
2014-02-07,31.30232048034668,31.335988711687914,30.898311336589668,31.041399714400278,13114700
2014-02-10,31.3949031829834,31.51273876940675,31.20131568946234,31.344404052104206,10976900
2014-02-11,31.849424362182617,31.89992671927969,31.470664710904327,31.563250760192343,12066100
2014-02-12,32.043006896972656,32.19451073375858,31.697915537800146,31.815751141793776,12343200
2014-02-13,32.33760070800781,32.39652172953183,31.79892174647292,31.84942410315927,11683200
2014-02-14,31.967260360717773,32.26185263108,31.91675800302655,32.26185263108,15641400
2014-02-18,31.958829879760742,32.08508089845689,31.75682375475711,32.0345817752898,10560300
2014-02-19,31.874670028686523,32.236595516573786,31.815752224684367,31.841005005527798,12491400
2014-02-20,32.21133804321289,32.27867128378913,31.73157706503432,31.84941264412678,11786000
2014-02-21,32.06825256347656,32.39651297708309,32.05142165990814,32.2618432730826,13243600
2014-02-24,32.1019401550293,32.371279725487256,32.01777274330404,32.11877427953054,10388100
2014-02-25,32.19450759887695,32.346011420910465,31.891499954809927,32.07667200635735,11766400
2014-02-26,32.404930114746094,32.682688199760776,32.27867585596139,32.33759365385313,11482900
2014-02-27,32.7837028503418,32.9099539490655,32.28710748948877,32.404943132609745,14055700
2014-02-28,32.918357849121094,33.137194915212454,32.53118284946305,32.78368814442356,19257800
2014-03-03,32.41334915161133,32.817361540091085,32.30393220672844,32.590105775613544,13293700
2014-03-04,33.170867919921875,33.24661984039446,32.87627890185043,32.94361215850412,13682100
2014-03-05,33.24662399291992,33.414961971748916,33.078286014090935,33.17087206298587,11929200
2014-03-06,33.212947845458984,33.541205060073345,33.17927961555517,33.39811989915083,13081900
2014-03-07,32.68269348144531,33.322373909408036,32.48910273048242,33.30553979146433,13821500
2014-03-10,32.70793914794922,32.78369106426202,32.53118574681245,32.67427091608146,8670300
2014-03-11,32.74160385131836,32.842605325257594,32.50592946442152,32.82577121113789,12841500
2014-03-12,32.421775817871094,32.674281214909556,32.219769573772126,32.674281214909556,13226200
2014-03-13,31.689517974853516,32.53962046270597,31.580097761896653,32.50595221090675,15361200
2014-03-14,31.64740753173828,31.98408337792268,31.563240175581594,31.72315943659083,14308300
2014-03-17,32.16926574707031,32.388102869834796,31.81575567395247,31.81575567395247,14981300
2014-03-18,32.691097259521484,32.775264608400306,32.11875029696555,32.29550365607821,29707200
2014-03-19,32.447017669677734,32.79210904598979,31.479080009670536,31.81575272197669,45154900
2014-03-20,32.295509338378906,32.56484875511489,31.992501691856152,32.40492947979637,18960200
2014-03-21,31.56325340270996,32.69952924089545,31.56325340270996,32.57327815375271,33897900
2014-03-24,32.13560104370117,32.27027079808542,31.462252271779924,31.554838329940385,22539000
2014-03-25,32.320762634277344,32.40492999931455,32.0682541176074,32.093506895741896,19750600
2014-03-26,32.89311218261719,33.212950762456536,32.28709683424048,32.32076506710127,31357500
2014-03-27,33.027793884277344,33.29713342330916,32.657449610023164,32.81737216873495,26283600
2014-03-28,33.30553436279297,33.549624217021616,32.98569259555471,33.263450680183006,18405100
2014-03-31,34.43339157104492,34.87106889800858,33.35603397284447,33.45703544498103,48340300
2014-04-01,34.92156982421875,35.350828471487,34.4754738530347,34.542810305582776,35431800
2014-04-02,34.61856460571289,35.03098916839341,34.382890216259305,34.820567555782816,22754900
2014-04-03,33.978878021240234,34.6269769145495,33.95362845746803,34.54280956145634,22497000
2014-04-04,33.75094985961914,34.384096750178074,33.480807443942126,34.2743503874494,23836200
2014-04-07,33.32041549682617,33.700301101690776,32.957410977213854,33.59899848841702,27311900
2014-04-08,33.97045135498047,34.06331021780645,33.227557909905485,33.29509192108369,22197600
2014-04-09,34.510719299316406,34.54448467807052,33.91978169638291,34.16459920936764,20314000
2014-04-10,33.59055709838867,34.65424256180918,33.328855198652164,34.51917134073432,26397800
2014-04-11,32.9067497253418,33.66652718332849,32.89830918485359,33.35417243929441,18655800
2014-04-14,33.40483093261719,33.55678644963992,32.99117675210665,32.99117675210665,16022000
2014-04-15,33.53990936279297,33.750958379589065,33.12625509326998,33.51458451129022,14553400
2014-04-16,33.87759017944336,33.89447448777838,33.35418628211519,33.71719086043689,13614800
2014-04-17,33.83537292480469,33.91979122593303,33.2528756978231,33.73406709902856,14644100
2014-04-21,33.97045135498047,34.139287993102215,33.81849580438894,33.97045135498047,8593600
2014-04-22,34.15616226196289,34.29123346497225,33.88601985594417,33.99576621474912,10396100
2014-04-23,33.59055709838867,34.054864219561495,33.55678848803198,34.00421130402645,10048500
2014-04-24,33.55678176879883,33.649643818509574,32.94051924476996,33.56522230952195,13966400
2014-04-25,33.30352783203125,33.607438861550285,33.11780370946924,33.607438861550285,11647800
2014-04-28,33.87759017944336,34.00421766142725,33.47237644046036,33.55679476178295,20141200
2014-04-29,33.8607063293457,34.282804382375986,33.826937712218665,33.97889326893777,14996300
2014-04-30,34.510719299316406,34.552928438022185,33.7847105203139,33.84380395857217,16480900
2014-05-01,34.586708068847656,34.772428982460504,34.30812186790056,34.37565908765205,13945500
2014-05-02,34.45164489746094,34.78932141404263,34.45164489746094,34.747112252014,10710100
2014-05-05,34.789310455322266,34.83151960405491,34.41786543798273,34.72177646142036,13722700
2014-05-06,34.620479583740234,34.85685667434056,34.58671418824229,34.61203903995386,12647500
2014-05-07,34.662696838378906,34.84841781096931,34.18150526607388,34.7386746245509,12570400
2014-05-08,34.502281188964844,34.831517033272085,34.23213879259217,34.68800529410283,10212900
2014-05-09,34.64580535888672,34.83152629304623,34.223707349798,34.443196897569145,10262400
2014-05-12,35.414024353027344,35.57442044053488,34.77243356229257,34.79776163321125,18751400
2014-05-13,35.363372802734375,35.53221266054557,35.152323785558494,35.47311919336452,10319200
2014-05-14,35.35493469238281,35.47312163487939,35.211419676242215,35.43935301692247,14015200
2014-05-15,35.39712905883789,35.59973424118621,35.15231151151163,35.32115131036944,19267000
2014-05-16,35.194522857666016,35.4308998789936,34.882171303468844,35.36336266708528,15497400
2014-05-19,35.59130859375,35.625077211722456,34.95816149835334,35.017254969628816,11929700
2014-05-20,35.08478546142578,35.54064883501534,34.99192339002819,35.51532398658038,10580200
2014-05-21,35.18610382080078,35.27896593375285,35.01726390819279,35.17766005397596,11151700
2014-05-22,35.051025390625,35.40558623651645,35.04258162552121,35.11855940969121,12276200
2014-05-23,35.582855224609375,35.65038921586094,35.02568611029012,35.16075731314474,12044200
2014-05-27,35.380245208740234,35.75169019468991,35.228289709862786,35.675712445251186,12680200
2014-05-28,35.093238830566406,35.616639618419605,35.08479828478711,35.44780294000795,11308800
2014-05-29,35.62506866455078,35.63350920684251,35.1269929401897,35.278948464255926,9629500
2014-05-30,35.47311782836914,35.625073372516766,35.32960282762869,35.523770749869115,13496500
2014-06-02,35.43090057373047,35.473109721825054,35.126989554886926,35.42245681190061,11284900
2014-06-03,35.295833587646484,35.38869243641631,35.10166890691547,35.3211584354608,10968400
2014-06-04,35.202972412109375,35.2789501778329,34.890620806513596,35.2789501778329,8936300
2014-06-05,35.5406608581543,35.73482882968139,35.23675291306883,35.32961179552784,10647800
2014-06-06,35.98807144165039,35.98807144165039,35.66727610398705,35.70104471223619,11447800
2014-06-09,36.047176361083984,36.14003845312899,35.80235870393857,36.00496719752337,10307400
2014-06-10,36.01339340209961,36.199117512237045,35.869881659067204,35.93741564980261,13457200
2014-06-11,35.928985595703125,36.19912807819806,35.76014573905569,35.836123513529415,9622700
2014-06-12,35.45623016357422,35.97963075476652,35.321158939384205,35.90365298988763,11060900
2014-06-13,35.574424743652344,35.6081933620604,35.211420146647505,35.49844696241057,10324600
2014-06-16,35.582855224609375,35.65038921586094,35.262059910197834,35.45622456302939,8150200
2014-06-17,35.726375579833984,36.047170971566544,35.439348802042176,35.61662919470269,12792400
2014-06-18,36.140037536621094,36.18224669911129,35.70949570630419,35.777032942570635,10307000
2014-06-19,35.88676452636719,36.46081796775111,35.81923053227288,36.241328461505084,27255800
2014-06-20,34.46009063720703,34.56139328541948,33.70875649062121,33.98733957829373,65103700
2014-06-23,34.69643783569336,34.89060565739954,34.4009706641416,34.552926129611265,16956600
2014-06-24,34.409427642822266,34.94127202606307,34.325009330718345,34.60359555729521,16459200
2014-06-25,34.15616226196289,34.47695757674193,34.09706881191826,34.38409552085709,13889400
2014-06-26,33.89445877075195,34.232135119812675,33.75094382662909,34.232135119812675,16642500
2014-06-27,34.21525573730469,34.32500209619078,33.793157825044425,33.793157825044425,15320500
2014-06-30,34.21525573730469,34.46007329930001,34.18149035179101,34.27434918739301,14098200
2014-07-01,34.417869567871094,34.536056486644696,34.113958507966395,34.113958507966395,13147000
2014-07-02,34.56983947753906,34.78088855466647,34.417883884379066,34.55295516492647,13400200
2014-07-03,34.89905548095703,34.9159397838734,34.58670392788301,34.59514446916544,7863600
2014-07-07,34.61966323852539,34.80592805355336,34.50113225795377,34.72126076048292,11959400
2014-07-08,34.34025955200195,34.585786558280375,34.18786169722164,34.450322157334114,12350600
2014-07-09,34.086280822753906,34.47574402827025,33.85768713719878,34.382611592814776,14711600
2014-07-10,34.137081146240234,34.30641255312143,33.77301975185044,33.77301975185044,9566900
2014-07-11,33.97620391845703,34.28099967780208,33.84920460882106,34.28099967780208,11942300
2014-07-14,34.281002044677734,34.44186504889343,34.08626889519712,34.2302016713706,13586800
2014-07-15,34.323341369628906,34.55193825350882,34.1709434470423,34.18787690841053,11813800
2014-07-16,34.086280822753906,34.61120850809786,33.97621815333195,34.55194300003128,14722600
2014-07-17,33.78994369506836,34.46726590202713,33.74761166270726,34.043939118962015,24447800
2014-07-18,33.86613845825195,34.001602882895895,33.7730060607355,33.84920500145563,19123500
2014-07-21,33.874610900878906,34.069344081305665,33.79841194367241,33.891544361338944,15864700
2014-07-22,34.23021697998047,34.45881391750662,33.83228861876144,33.9846865771122,13728100
2014-07-23,34.128597259521484,34.416459523985125,34.06933178416657,34.2301947558833,9191700
2014-07-24,34.264068603515625,34.4333967218345,34.1624678568521,34.1624678568521,10797700
2014-07-25,34.145538330078125,34.40799885669885,34.09473795570303,34.09473795570303,7483800
2014-07-28,34.331809997558594,34.56040690482374,34.060881047406085,34.128614899808134,9658200
2014-07-29,34.399539947509766,34.6450670602938,34.289474064706766,34.46727056250028,9450400
2014-07-30,34.67892074584961,34.73818622249272,34.35719479542307,34.46725740648814,11406300
2014-07-31,34.19633102416992,34.661989757959944,34.16246411232754,34.416462721418895,13689500
2014-08-01,33.53594207763672,34.314861664353884,33.50207516611168,34.026999375843964,15074700
2014-08-04,33.95082092285156,34.05242171872407,33.46822844650656,33.55289577640031,12356200
2014-08-05,33.832279205322266,34.18787541910963,33.70528309518401,33.87461124203502,8806600
2014-08-06,34.00160217285156,34.16246516446742,33.679872959893274,33.73913844257946,8184800
2014-08-07,33.58675765991211,34.23021641334786,33.5190270293931,34.120150505310235,9180500
2014-08-08,33.815338134765625,33.84073993485866,33.49361214436917,33.63754168274759,8862000
2014-08-11,33.798404693603516,33.98466948898107,33.70527552564139,33.857673407363635,10292800
2014-08-12,33.78147888183594,33.900009865395205,33.63754609485178,33.64601443923576,6704300
2014-08-13,34.06934356689453,34.120140717780316,33.88307873437386,33.96774280566837,10629700
2014-08-14,34.052406311035156,34.204804206160055,33.849208040959645,34.11167180028074,9707000
2014-08-15,34.10321807861328,34.36568195047037,33.849222554409046,34.06935437718682,13418800
2014-08-18,34.40799331665039,34.518059161877886,34.20479831132035,34.24713033495358,7633600
2014-08-19,35.0599250793457,35.20385786929526,34.40800142661129,34.47573526417041,14378600
2014-08-20,34.92444610595703,35.20384322507307,34.7889817169169,35.20384322507307,9627100
2014-08-21,35.203857421875,35.39858735779186,34.84826123866331,34.84826123866331,9569200
2014-08-22,35.24618911743164,35.39011867444654,34.94139331466236,35.00065880634227,9260700
2014-08-25,35.33932113647461,35.593316559398836,35.25465384234852,35.33932113647461,8856700
2014-08-26,35.423988342285156,35.559452795172916,35.3731879613045,35.43245345758494,7320800
2014-08-27,35.25465393066406,35.39011837187813,35.06838911284707,35.34778633957256,8440000
2014-08-28,34.94140625,35.2800658664391,34.89060585415642,35.2800658664391,8737100
2014-08-29,35.16151809692383,35.330849439379826,34.9159910415757,34.9159910415757,8970900
2014-09-02,35.271575927734375,35.288509381099345,35.10224462381067,35.220775567639464,8538600
2014-09-03,35.474788665771484,35.517120701656424,35.237723451306636,35.39012136427428,10041600
2014-09-04,35.17845916748047,35.63565292213972,35.02606124926072,35.46632154303695,12248100
2014-09-05,34.94140625,35.35626484534035,34.93293790249527,35.229268700323786,15155600
2014-09-08,34.40799331665039,34.86518692323255,34.094732466092864,34.721254167207924,19658500
2014-09-09,34.46726608276367,34.63659744282305,34.230204116516774,34.29793472270429,14044100
2014-09-10,34.46726608276367,34.551933377656894,34.34873509964022,34.45880096813788,9134500
2014-09-11,34.441864013671875,34.45032912743854,34.03547072861025,34.07780275689707,12389100
2014-09-12,34.28945541381836,34.49265360772031,34.20479138369922,34.49265360772031,11912300
2014-09-15,34.42494583129883,34.518078272690204,34.04395094821056,34.28948134283724,14018100
2014-09-16,34.873661041259766,34.992195259658025,34.28947121292652,34.551934994788986,13220100
2014-09-17,34.831336975097656,34.99220326486181,34.518075971983805,34.873669019346345,14083300
2014-09-18,35.17845916748047,35.36472400746626,34.88213167634619,35.0091277883777,26454500
2014-09-19,33.696800231933594,34.42492257670422,33.25654013440424,34.357191993090616,86679100
2014-09-22,33.51055145263672,33.64601590112269,33.22268909588813,33.595215521792746,24572600
2014-09-23,32.87556457519531,33.51901996325616,32.85016276809344,33.44282100140563,34353300
2014-09-24,33.37507629394531,33.493610485814344,32.655422178236165,32.82475350832258,18937000
2014-09-25,32.8162727355957,33.31579819379499,32.72314360756301,33.31579819379499,13287800
2014-09-26,32.9771614074707,33.0279585611304,32.613100067514694,32.82476348703668,16006400
2014-09-29,32.54536819458008,32.70623447018757,32.40143861085514,32.65543408372294,16586000
2014-09-30,32.409889221191406,32.65541946795224,32.29135826888651,32.56228708264805,21143300
2014-10-01,32.2490348815918,32.519963767891205,32.13050389755169,32.44376481676155,17452400
2014-10-02,32.401424407958984,32.638486314757785,32.10509379473423,32.29982690929182,14808100
2014-10-03,32.92635726928711,33.12108720547378,32.51149882298028,32.59616288924332,15289500
2014-10-06,33.18962860107422,33.325512307907026,33.07922207685909,33.096207945178584,14168000
2014-10-07,32.66307067871094,33.18962278517679,32.63759350055769,33.07072172777568,14309200
2014-10-08,33.138671875,33.16414905829337,32.30638374361023,32.968816427023405,16005500
2014-10-09,32.90087890625,33.30003551624688,32.70554301914008,33.1131974238079,15004900
2014-10-10,32.35734939575195,33.2066236921205,32.34885807826698,32.832944168019104,18234100
2014-10-13,32.46774673461914,32.93484681693504,32.15351624138457,32.36583475513939,20723700
2014-10-14,32.66307067871094,33.155651054490754,32.629098948024904,32.832926092418546,19508500
2014-10-15,32.52719497680664,32.63760150876515,31.576008962265433,32.25542754408058,24561500
2014-10-16,31.898731231689453,32.4252801818764,31.864759495619825,32.26391929513027,21419300
2014-10-17,32.16200256347656,32.28939494784183,31.71188842090568,32.00913299812741,21122700
2014-10-20,32.10256576538086,32.111060322063764,30.421003151544983,30.837148956455604,16654100
2014-10-21,32.56966018676758,32.67157541057894,32.30638729123046,32.51870581458546,15381900
2014-10-22,31.9666805267334,32.63760792556419,31.91572614790634,32.58665030701315,16810200
2014-10-23,32.46774673461914,32.69705111824115,32.28090540580341,32.340357570200304,9659100
2014-10-24,32.89238739013672,32.90088194586897,32.484736187530636,32.544185118761284,8975900
2014-10-27,32.63759994506836,32.88389018158991,32.56965647028041,32.697048865646224,7525300
2014-10-28,32.82444763183594,32.89238788008707,32.56117147551871,32.56117147551871,11631800
2014-10-29,32.764984130859375,32.90086780666516,32.66306894421325,32.89237325458346,10923800
2014-10-30,32.697052001953125,32.832935724839835,32.60363133502035,32.61212589004524,9644400
2014-10-31,33.16415023803711,33.16415023803711,32.977312154367375,33.01977520794126,16142800
2014-11-03,33.11319351196289,33.15565656251338,32.917857647929075,33.13867069434857,10318600
2014-11-04,33.232093811035156,33.24907968045819,33.03676117225532,33.0622383565282,12671000
2014-11-05,33.367977142333984,33.55481522438848,33.215107559010946,33.410440195540765,12280300
2014-11-06,33.80961608886719,33.85207916225175,33.2151233423089,33.30854404758983,11603400
2014-11-07,33.920005798339844,33.945486223909164,33.6397470348656,33.707687277028874,13728500
2014-11-10,34.3531379699707,34.38710971148165,33.87754330798827,33.945486791010154,11058100
2014-11-11,34.370121002197266,34.472032978589894,34.268205786081325,34.42107537053192,7061000
2014-11-12,34.08986282348633,34.472036827281315,34.01342802272733,34.44655964026954,10965100
2014-11-13,34.58244323730469,34.624906295401935,33.877544161940364,34.11533987906391,11868700
2014-11-14,34.684356689453125,34.8796893567286,34.50600989407862,34.701342561354096,11476500
2014-11-17,34.95611572265625,34.99008745825804,34.5060015649631,34.573941796443656,11987600
2014-11-18,35.04104995727539,35.22789130674041,34.91366077877778,34.981601026031754,9328200
2014-11-19,34.75230407714844,35.049552036898945,34.6588866220863,34.947640024279224,9202600
2014-11-20,34.75230407714844,34.828738896544344,34.48903110790379,34.57395724513281,9062200
2014-11-21,35.193904876708984,35.2448624706775,34.96460056343427,35.09199292849436,12641400
2014-11-24,35.185428619384766,35.36377541500199,35.125979687512356,35.236386235157035,9542100
2014-11-25,34.947628021240234,35.36377048634927,34.947628021240234,35.25336395409197,12404200
2014-11-26,35.55910873413086,35.593080478601536,34.97311072076904,34.97311072076904,11590000
2014-11-28,36.01771545410156,36.102641570576374,35.57609252104047,35.65252732175727,11890100
2014-12-01,35.737449645996094,35.99223118501153,35.67799748849355,35.67799748849355,10802400
2014-12-02,35.8223762512207,35.97524582473159,35.55060884047314,35.584580576747356,9083200
2014-12-03,35.72047424316406,35.78841449493529,35.363777392262165,35.61855900592124,10326000
2014-12-04,35.57609176635742,35.77142442188479,35.236384067940804,35.77142442188479,9177100
2014-12-05,35.610069274902344,35.68650408637576,35.32131590263877,35.68650408637576,8925300
2014-12-08,35.134483337402344,35.69500434877024,35.10051482135349,35.59309232117379,12766500
2014-12-09,35.55910873413086,35.61006635083688,34.726820432942425,34.80325523813951,13897500
2014-12-10,34.75230407714844,35.50816095327438,34.71833556609151,35.414740258487775,12547600
2014-12-11,34.61641311645508,35.363775279635185,34.573950056669304,34.92215233047075,12395800
2014-12-12,33.928504943847656,34.63340084531383,33.903024514830925,34.174795239424256,14108200
2014-12-15,34.913658142089844,35.37226692538405,34.6249048236887,34.99858425467461,22343100
2014-12-16,34.50601577758789,35.125985628925314,34.48902990279071,34.7268256705025,16424500
2014-12-17,34.95611572265625,35.355275516669735,34.54846461460382,34.871189623374796,18151000
2014-12-18,38.51457977294922,38.531565643995584,37.00287288678244,37.22368597066159,54495600
2014-12-19,39.066619873046875,39.19401232069662,38.20035965231237,38.302271666597456,41782200
2014-12-22,38.76935958862305,39.10906724647791,38.56553240213155,38.701416113218144,21264400
2014-12-23,39.075096130371094,39.491241824538015,38.607996068563146,38.66744499062653,14042400
2014-12-24,39.26193618774414,39.66958731437267,39.19399595316764,39.372342713619524,10238200
2014-12-26,39.151527404785156,39.49123827725287,39.12605022325312,39.22796218910424,6901500
2014-12-29,38.73539733886719,39.143048571978085,38.72690278249929,39.08359963629883,9701400
2014-12-30,38.50608825683594,38.77785571271581,38.46362519930289,38.68443504230893,9968400
2014-12-31,38.19184875488281,38.69292049118111,38.19184875488281,38.59949984276099,13269200
2015-01-02,37.648319244384766,38.37869218764189,37.342580075721024,38.2343171578414,15070200
2015-01-05,37.12034606933594,37.68238834178112,37.11183170470814,37.605746066060526,18369400
2015-01-06,36.73713302612305,37.62277633909411,36.6093980713883,37.520587725602816,19229500
2015-01-07,36.74563980102539,37.06072316132719,36.62641599717938,36.89892430031092,13502200
2015-01-08,36.96705627441406,37.418392251573856,36.9415099356366,37.15440475482777,17516900
2015-01-09,36.95002365112305,37.55464414737959,36.83931743750012,37.452455545544545,15957500
2015-01-12,36.847835540771484,37.27362517736669,36.49868816870409,36.83931792886999,16055700
2015-01-13,36.55830764770508,37.426919114526534,36.251738512530686,37.188474649103156,12878200
2015-01-14,36.669002532958984,36.762673518788695,36.158053049754635,36.158053049754635,12707400
2015-01-15,36.302818298339844,37.16291176842122,36.251722382373195,37.02665924102665,13431000
2015-01-16,37.05220413208008,37.14587835011337,35.97921592669048,36.183596334082786,17786700
2015-01-20,37.38433074951172,37.49503371419022,36.813770957058004,37.0947936716659,16308400
2015-01-21,37.035194396972656,37.40988821269253,36.79674992467998,37.20550770051567,15876600
2015-01-22,37.51206970214844,38.60209347868558,36.77119657754237,37.42691306659093,17969100
2015-01-23,37.63129425048828,37.929349003332455,37.40136741207172,37.45246334789243,14150300
2015-01-26,37.38433074951172,37.6483182406096,37.07776169667296,37.61425429062372,12059500
2015-01-27,36.95853805541992,37.358778064753984,36.26024338120148,36.626419443374445,14984100
2015-01-28,36.35392379760742,37.45246201476689,36.33689181960677,37.41839805876559,15132500
2015-01-29,36.49868392944336,36.63493646738764,36.03883039568764,36.464619982828104,12805100
2015-01-30,35.67264938354492,36.209145147249494,35.61303910407959,35.84296585995298,22590000
2015-02-02,36.34539794921875,36.37094428388931,35.39163022215725,35.94515471395799,16889500
2015-02-03,36.65196228027344,36.7371188839818,36.22617276469921,36.56680242804887,12657100
2015-02-04,36.12397766113281,36.754147516295724,36.03882106515864,36.59234868453844,12912000
2015-02-05,36.75415802001953,36.8222859150814,36.19211587982643,36.19211587982643,9630300
2015-02-06,36.60089111328125,37.018166549993715,36.515734452002,36.83933236367786,9522100
2015-02-09,36.95853805541992,37.15440087882102,36.30282169089445,36.30282169089445,12705700
2015-02-10,37.46098327636719,37.520593580916106,37.094803834984994,37.29066672829115,12714800
2015-02-11,36.924476623535156,37.46948682117129,36.694549837310475,37.435422871689774,12836900
2015-02-12,37.375816345214844,37.52058652081995,36.9670586558574,37.02666894918969,12519700
2015-02-13,37.40986633300781,37.665339387423366,37.29916015163849,37.29916015163849,10155700
2015-02-17,37.33323669433594,37.38433262187385,37.07776355368084,37.188466523903806,10118600
2015-02-18,37.55463409423828,37.56315170374606,37.17142612780998,37.222518790791774,8661100
2015-02-19,37.56316375732422,37.78457294783077,37.46948951377701,37.58019573328892,8465700
2015-02-20,37.27362823486328,37.54613336475601,37.009637469053345,37.52058702399025,14731200
2015-02-23,37.28214645385742,37.367306346077655,36.87338871675347,37.009641295788114,10995500
2015-02-24,37.36730194091797,37.43542659814535,36.94151227556549,37.29065967121383,10522500
2015-02-25,37.23955154418945,37.54612052259016,36.94150017547559,37.324711398476474,11785400
2015-02-26,37.375816345214844,37.5972287906068,37.22253180564113,37.29917407542799,8519300
2015-02-27,37.31621170043945,37.56317052363675,37.196991095728436,37.27363337711664,9549500
2015-03-02,37.49502944946289,37.50354706024909,37.02666156023951,37.30768424288356,11091000
2015-03-03,36.94150924682617,37.36729887726925,36.7626751331671,37.32472056392836,10058700
2015-03-04,37.13737106323242,37.179949375399545,36.46462268603409,36.78822370583482,14697600
2015-03-05,37.29917526245117,37.37581753467712,36.83932162909549,37.17995467199246,10983500
2015-03-06,36.08992004394531,37.1373618564656,36.021792162553986,37.1373618564656,15086600
2015-03-09,36.35392379760742,36.43908368761066,35.92813409314415,35.979230027146095,11474200
2015-03-10,35.6130485534668,36.23470109606326,35.57898459944351,35.97071357367641,13960700
2015-03-11,35.31499481201172,35.90258336289795,35.263898884254,35.70672051260254,11108800
2015-03-12,35.442726135253906,35.56194670598321,35.13615709708318,35.30647359034658,13716700
2015-03-13,36.08992004394531,36.166562286252464,35.34904395213745,35.37459353191729,18405400
2015-03-16,36.96705627441406,37.069244878041026,36.39649971826995,36.46462437118221,17423200
2015-03-17,36.5072021484375,36.90744544215636,36.49868778514261,36.71158260120292,21509000
2015-03-18,37.5801887512207,38.26996578279151,36.91595480607538,37.72495564724833,37900300
2015-03-19,37.605743408203125,37.8867661488227,37.46949084416504,37.46949084416504,15729600
2015-03-20,37.818626403808594,38.09113144657984,37.520575028438905,37.58018530351284,20724700
2015-03-23,37.68238067626953,37.9974640796841,37.60573841613983,37.75902293639923,10749200
2015-03-24,37.2225341796875,37.8952826742224,37.2225341796875,37.75051573790144,14913400
2015-03-25,36.55830764770508,37.256602567372106,36.55830764770508,37.196992263145745,17491000
2015-03-26,36.6093864440918,36.81376360616333,36.158047318194036,36.430552366633684,14065600
2015-03-27,36.31134796142578,36.72010571585717,36.1239994391172,36.55830678655658,18030800
2015-03-30,36.99260711669922,37.15440927803339,36.720101974840915,36.81377622645174,12730100
2015-03-31,36.74563980102539,37.10330146701395,36.72860782904739,36.88189232833291,13264200
2015-04-01,36.566810607910156,36.72009512768736,36.379465388140076,36.60939216780588,12050900
2015-04-02,36.42152786254883,36.840265784468926,36.30188938768707,36.73771898600227,11183900
2015-04-06,36.712093353271484,36.83173187216597,36.07116992213237,36.13098918157961,9766500
2015-04-07,36.712093353271484,37.156467323383225,36.695001670585825,36.73773250725255,8075400
2015-04-08,36.840274810791016,37.03682424763579,36.61808622311971,36.61808622311971,6947100
2015-04-09,36.91719055175781,37.01119317725411,36.52409162686891,36.72064108931336,9399500
2015-04-10,37.182098388671875,37.506833797716205,36.81463866831967,36.81463866831967,12542800
2015-04-13,36.814640045166016,37.421380054829065,36.77190921245057,37.21628314147143,10943400
2015-04-14,36.51553726196289,36.797545085213216,36.32753204646268,36.780453405630965,10510500
2015-04-15,37.592288970947266,37.763199241116865,36.600994408403146,36.703541222485796,18188700
2015-04-16,37.139366149902344,37.56664832813841,36.95990841742023,37.33591556070242,11960800
2015-04-17,36.746273040771484,37.08810014046152,36.626634533851416,36.797548083696434,12473500
2015-04-20,37.01973342895508,37.43847146322032,36.95991417547502,37.01118921841714,10426300
2015-04-21,37.10518264770508,37.48973725858983,37.08809422935847,37.18209356988203,9312900
2015-04-22,37.21628952026367,37.387203100705115,37.03683172775758,37.1821061521943,7343900
2015-04-23,37.07954788208008,37.284644767391676,36.737724086433275,37.18209469478368,11311000
2015-04-24,36.814640045166016,37.24192229308166,36.53263219678737,37.09664463363982,17767100
2015-04-27,37.26755142211914,37.558103428373634,36.80608589573183,36.831721782785266,12916000
2015-04-28,38.028114318847656,38.096481032939,37.130822385777066,37.35300768676523,18287700
2015-04-29,38.22467041015625,38.369948073029335,37.32737832032163,37.942665815021904,36608700
2015-04-30,37.27609634399414,37.95120296848136,37.182093743128284,37.64355927834013,20196300
2015-05-01,37.917015075683594,37.92556254377846,37.1222700578648,37.1222700578648,11942000
2015-05-04,38.10502624511719,38.32721155195294,37.80593001285666,38.07084288717186,9168200
2015-05-05,37.532474517822266,38.13067037148371,37.506838623777035,38.00248764135242,11410200
2015-05-06,36.96845626831055,37.80593228886701,36.74627094809868,37.771748928863765,12732100
2015-05-07,37.15646743774414,37.31028932248338,36.763368514479495,36.89155124515875,8787100
2015-05-08,37.6093864440918,37.80593916993277,37.335926034102485,37.455567815889886,9582900
2015-05-11,37.464111328125,37.77175509859629,37.25901439450909,37.57520563632967,7429400
2015-05-12,37.233367919921875,37.33591472763723,36.985543479697554,37.301734631668275,8515100
2015-05-13,37.421382904052734,37.660659937934234,37.27610523354961,37.39574375049036,7451200
2015-05-14,37.92557144165039,37.942663121946154,37.600836035840274,37.69483864751463,7293000
2015-05-15,37.7290153503418,37.97683652113744,37.5495543688568,37.95120063516992,9369500
2015-05-18,37.80593490600586,37.95120930621943,37.498291164489046,37.549562948138615,6070900
2015-05-19,37.874298095703125,37.9939366032228,37.7375679071228,37.95975324110151,8640000
2015-05-20,37.848663330078125,38.1135762446373,37.67774977429176,37.78884407453864,9055700
2015-05-21,37.840126037597656,37.98540374005967,37.558121365615584,37.78885423900409,8036400
2015-05-22,37.541011810302734,37.831563817021085,37.49828424517738,37.771744573864744,7484300
2015-05-26,37.02828598022461,37.45556828365722,36.87446409019645,37.378657338643144,10440400
2015-05-27,37.72046661376953,37.814469205696014,37.09663508359851,37.207729352230174,11096800
2015-05-28,37.48120880126953,37.814488517465676,37.29320352140271,37.66921408113635,7273200
2015-05-29,37.165016174316406,37.464112482655636,37.05392186268815,37.42138490430793,10358700
2015-06-01,37.421382904052734,37.652115726683505,37.29319691595616,37.46411048011656,9764300
2015-06-02,37.344459533691406,37.609372373058335,36.86590236530313,37.18209023482366,8275900
2015-06-03,37.57521057128906,37.677757421612476,37.25047507537505,37.37866108320852,9220900
2015-06-04,37.4042854309082,37.69483746702759,37.18209685392624,37.378649541219744,13783100
2015-06-05,37.438480377197266,37.61793818036575,37.165019936205596,37.45557206224744,12850700
2015-06-08,36.83174133300781,37.50684830293064,36.81465290583785,37.43848481453285,9112200
2015-06-09,36.80609893798828,37.06246767907974,36.5924577770945,37.04537599501958,7634200
2015-06-10,37.54956817626953,37.64357080592179,36.7975536588621,36.9855556582613,15518400
2015-06-11,37.840126037597656,37.95976458085707,37.62648485037562,37.74612339363503,12519300
2015-06-12,37.89138412475586,37.93411169108166,37.51537697722268,37.5837404313631,11742300
2015-06-15,37.36155700683594,37.59228978846798,37.09664086646481,37.515378861257304,16727800
2015-06-16,38.147762298583984,38.35285923197542,37.395744556022265,37.52393054688006,18271600
2015-06-17,38.37850570678711,38.6605136604592,37.917039924363365,38.3357781180233,27080800
2015-06-18,36.52409362792969,36.729187313062546,35.01151384547709,35.81480342207394,79138400
2015-06-19,35.541343688964844,36.831734867576856,35.51570779280404,36.660824546630934,37430200
2015-06-22,35.455894470214844,35.8575377036319,35.421711096335024,35.72080746801857,22368300
2015-06-23,35.64388656616211,35.94298611433695,35.447337111026954,35.840436021297265,17394300
2015-06-24,35.20804977416992,35.69515116385448,35.20804977416992,35.498601766254055,17768200
2015-06-25,35.08841323852539,35.43878449017095,35.08841323852539,35.24223508167752,13587200
2015-06-26,35.02861022949219,35.35334248451056,35.01151854345347,35.12260961284649,39687300
2015-06-29,34.54148483276367,34.95167853450253,34.50730474087197,34.72094579973837,18195500
2015-06-30,34.4389533996582,34.82350812913896,34.27658729605758,34.695322132676935,16691500
2015-07-01,34.3876838684082,34.780782835525486,34.122767646269764,34.70387188457597,13948600
2015-07-02,34.49021530151367,34.54148707262789,34.310757582805785,34.507306978519765,11644100
2015-07-06,34.43875503540039,34.55883982997009,34.11280825580747,34.250048488467876,12434100
2015-07-07,34.447330474853516,34.54168374655703,34.172850014660675,34.3444011202975,16437100
2015-07-08,34.112815856933594,34.51596056173205,34.0527734462699,34.22432459333729,14598700
2015-07-09,34.46449279785156,34.72181787168194,34.43876127208828,34.51595912144398,13348300
2015-07-10,34.61888122558594,34.867630162605955,34.49021707966106,34.79043232946406,10470900
2015-07-13,34.99629211425781,35.04775842862582,34.63603772987752,34.75612252467096,10717000
2015-07-14,34.97915267944336,35.08208535527209,34.80760476386231,35.00488748443392,9298800
2015-07-15,34.98772430419922,35.09922977026454,34.85048403883218,34.85048403883218,9326700
2015-07-16,35.1335334777832,35.184999793807414,34.79043452048454,35.184999793807414,14861000
2015-07-17,34.6531867980957,35.047751986192864,34.44732485053021,34.95339872989471,14574400
2015-07-20,34.25005340576172,34.644618722300116,34.19858708410056,34.618887197502396,17488100
2015-07-21,33.941253662109375,34.301511280894914,33.78685800721056,34.10422539914039,14679100
2015-07-22,33.81259536743164,34.02703345049876,33.66677904153743,33.76113232161744,16797000
2015-07-23,33.45234298706055,33.96699310880444,33.41803210639344,33.924106144003396,18083800
2015-07-24,33.45234298706055,33.59815932179723,33.28079185579069,33.53811691666264,12030300
2015-07-27,33.03205108642578,33.297955569565815,32.99774346930004,33.212181618651734,15756800
2015-07-28,33.6925163269043,33.76971418089429,32.972004113686346,33.27221944456568,14289200
2015-07-29,34.12997055053711,34.19858904461999,33.67535952996612,33.76971282238776,13016400
2015-07-30,34.00988006591797,34.39586598397038,33.924102872522155,34.33582358462599,13634200
2015-07-31,34.25861740112305,34.41301303955902,34.052758731251465,34.104221762687075,13706100
2015-08-03,34.06134033203125,34.31866534710194,33.84690227412816,34.26720230732686,12444500
2015-08-04,34.018455505371094,34.31009141326647,33.906946792099696,33.9584131071631,9697300
2015-08-05,34.001304626464844,34.32725145477741,33.992728542170234,34.22432208291345,11982000
2015-08-06,33.72682189941406,34.17285351087712,33.581005571546704,33.99272630395901,10613000
2015-08-07,33.932682037353516,34.0441874800439,33.64962220883482,33.76113092359055,10655100
2015-08-10,34.21574020385742,34.35298044691268,34.05276843774976,34.104231483854555,9525800
2015-08-11,33.598148345947266,34.03560375138066,33.46948749357509,33.906939626943874,10600500
2015-08-12,33.6925163269043,33.76113809581364,33.02347044036836,33.229332475030354,11062300
2015-08-13,33.71825408935547,33.93269222794242,33.443773533729484,33.64105622858152,7785700
2015-08-14,33.804019927978516,33.88121777023636,33.60673728044526,33.73540144156351,7185000
2015-08-17,34.0699348449707,34.07851093139382,33.5295497824506,33.80403035692221,7631200
2015-08-18,34.16427993774414,34.335827801473165,33.88979615723302,33.898375513658934,9950600
2015-08-19,33.906959533691406,34.25863797194886,33.718256185011704,34.05277917846799,11112900
2015-08-20,33.13498306274414,33.88122689074137,33.1092482603536,33.6153224131486,13071200
2015-08-21,32.20860290527344,33.25506191086493,32.20860290527344,32.869072665190544,19411300
2015-08-24,30.947708129882812,31.393736497993554,30.141418780612913,30.64749282696067,32522300
2015-08-25,30.40732192993164,31.91696464945868,30.347279526272736,31.71110591464688,21393600
2015-08-26,31.659629821777344,31.75398307613381,30.535973394904683,30.90480705899019,20554300
2015-08-27,31.582443237304688,32.17429121781724,30.88766261247762,32.037050964130316,28218200
2015-08-28,32.13140106201172,32.15713585656824,31.548129223733696,31.616750979797192,21559100
2015-08-31,31.814023971557617,32.174278265433756,31.676783773119407,31.874066353870305,15352800
2015-09-01,30.887653350830078,31.350840295161746,30.78472400944463,31.162137047965885,19948700
2015-09-02,31.522401809692383,31.522401809692383,30.973440777897665,31.196454970039575,15049300
2015-09-03,31.651060104370117,31.968427528418168,31.539551392977195,31.57386226910813,11787800
2015-09-04,31.110685348510742,31.462363762759157,30.95628962790741,31.179303850964278,13147900
2015-09-08,32.32011413574219,32.44019896100028,31.505248614548766,31.505248614548766,18949600
2015-09-09,31.814023971557617,32.74897384593806,31.745402236306294,32.508804316687296,14710200
2015-09-10,32.26007080078125,32.54312741335886,31.762572799431656,31.762572799431656,16930600
2015-09-11,32.525978088378906,32.560288978800386,32.07994960116606,32.12283657815961,12948600
2015-09-14,32.2171745300293,32.54311801742768,32.054199514265065,32.431612584822204,15021500
2015-09-15,32.58600616455078,32.74897789783987,32.07993225668327,32.39729964132617,14877900
2015-09-16,32.8261833190918,33.04062140980544,32.534547384838625,32.81760396310652,19574000
2015-09-17,31.513818740844727,32.82617862113114,31.307956763512973,32.82617862113114,37299000
2015-09-18,31.20503807067871,31.719688281717527,31.102105410817952,31.127840211816263,34919800
2015-09-21,31.59102439880371,31.788307070247267,31.239342752066058,31.39373845529422,14964400
2015-09-22,31.042064666748047,31.299393058189732,30.853361324308278,31.170728862468888,19979700
2015-09-23,30.87050437927246,31.06778700068688,30.733264152546557,31.042052208631013,16991600
2015-09-24,30.9305477142334,31.076364028033925,30.355851997803466,30.750417252626878,18059500
2015-09-25,30.92197608947754,31.153569650526308,30.801891266429887,31.050640269637753,19387000
2015-09-28,30.398740768432617,30.999168041425364,30.364433162712054,30.638913640868957,21742700
2015-09-29,30.45878791809082,30.58745209381862,30.227197637086235,30.287240046541633,19785900
2015-09-30,30.982013702392578,31.042056104616815,30.690377774989635,30.78473105621787,16215000
2015-10-01,31.084945678710938,31.239338086816367,30.75041952363041,31.076366323109532,18331300
2015-10-02,31.642480850219727,31.659636288339907,30.570290508197832,30.63033290558584,18772800
2015-10-05,32.242919921875,32.36300476069443,31.754001208357913,31.959859997172238,12741700
2015-10-06,32.362998962402344,32.46592833836824,32.17429237974331,32.182871736445556,12427300
2015-10-07,32.30293655395508,32.57741690130171,32.037032285935105,32.38013435615031,16335700
2015-10-08,32.5002326965332,32.58600988600633,32.02846960665923,32.07135656536319,13247600
2015-10-09,32.81026840209961,32.896386566623505,32.431358333410685,32.70692988974301,14656400
2015-10-12,32.758583068847656,32.8274742781304,32.45717458365851,32.65524132731807,11022500
2015-10-13,32.56912612915039,32.89636840351642,32.500234920640324,32.646630791893124,11575600
2015-10-14,32.08688735961914,32.36246215906203,31.983548862997797,32.00938266588524,14069700
2015-10-15,32.33662414550781,32.43996263917122,32.086886441172375,32.33662414550781,12205500
2015-10-16,32.18162155151367,32.55192145742016,31.983554694761487,32.55192145742016,19694700
2015-10-19,31.751020431518555,31.949087162637177,31.49267266419296,31.74241026280474,18100500
2015-10-20,31.742422103881836,31.862984221269823,31.535741841880057,31.535741841880057,13678100
2015-10-21,31.535734176635742,31.966314939831474,31.492676757330273,31.845752851747953,11062600
2015-10-22,32.543304443359375,32.603585505132806,31.733810267993654,31.733810267993654,14701400
2015-10-23,32.784427642822266,32.861932331921636,32.54330340343371,32.827485073417165,16469100
2015-10-26,33.04276657104492,33.25805695083945,32.67246685499269,32.67246685499269,12330600
2015-10-27,33.01694107055664,33.11166938707329,32.75859320692025,33.008330898633,14110500
2015-10-28,33.481964111328125,33.49057428194416,33.042769853281335,33.26667371014816,14020000
2015-10-29,33.46474838256836,33.50780581595156,33.18056340911033,33.18056340911033,11432900
2015-10-30,33.44751739501953,33.61975037573925,33.15472231331727,33.5164086162649,16471500
2015-11-02,34.231170654296875,34.257004448851134,33.49918467131496,33.62835692915679,19789700
2015-11-03,34.61868667602539,34.67896770728276,34.08476756271591,34.179492551070474,17153100
2015-11-04,34.85982131958008,34.93732599530704,34.49813502290144,34.747869391292056,16863300
2015-11-05,34.747867584228516,34.96315797393271,34.57563790052168,34.58424807067876,16358800
2015-11-06,34.980384826660156,34.997608453634044,34.55841746354816,34.72203699219369,16481800
2015-11-09,34.532588958740234,34.877055013644444,34.25701742884558,34.799550315544586,14604900
2015-11-10,34.3775749206543,34.592865354631556,34.265626260237475,34.300073518090954,11294000
2015-11-11,33.6197509765625,34.10199938911099,33.568080095901905,33.79198396036022,18861500
2015-11-12,33.266666412353516,33.67141004393404,33.16332467720648,33.28389003487802,14591600
2015-11-13,32.1213264465332,33.24083584942821,32.052435228006345,33.137497379102555,23987600
2015-11-16,32.827476501464844,33.059990508048614,32.34522814861304,32.45717678191333,16741000
2015-11-17,32.836090087890625,33.1719425592777,32.69830437437104,32.92220492693891,14820000
2015-11-18,33.32695388793945,33.35278768418265,32.85331567474665,32.887759641380676,11958900
2015-11-19,33.6025276184082,33.86087545363542,33.25806164805794,33.30111907308398,12306100
2015-11-20,33.87809371948242,34.08477392599982,33.75753163445996,33.80058905267221,12023200
2015-11-23,33.705867767333984,34.04172029829513,33.6283630844144,33.96421561537555,9111900
2015-11-24,33.9814338684082,34.119219584574864,33.39584375343223,33.39584375343223,13766300
2015-11-25,33.8091926574707,34.10198764355986,33.791972321585874,33.990039034959445,8014700
2015-11-27,33.740299224853516,33.8780848982983,33.65418441085162,33.705851985224925,6869900
2015-11-30,33.559471130371094,33.83504260031695,33.559471130371094,33.68003323783852,18969800
2015-12-01,33.78335189819336,33.826409299161185,33.50778058991634,33.6627898614558,12718200
2015-12-02,33.32695388793945,33.92115419702816,33.283896465843874,33.7144772569411,13694200
2015-12-03,32.5605354309082,33.55086973030984,32.5088645298242,33.55086973030984,20322500
2015-12-04,33.72309112548828,33.79198563645293,32.620805230622665,32.7413673397397,18206600
2015-12-07,33.430294036865234,33.79198362778788,33.15472257952936,33.72308912091846,13798500
2015-12-08,33.3527946472168,33.47335676828235,32.94804756786407,32.97388465457199,15219700
2015-12-09,33.223602294921875,33.88669356043527,33.008311984410675,33.26665970001022,17516100
2015-12-10,32.88776397705078,33.43029676517645,32.81887274962992,33.249453597491616,18358300
2015-12-11,32.0438232421875,32.594966155963064,31.888813887054262,32.396899376641905,20346800
2015-12-14,32.42273712158203,32.44857091960837,31.733805180217352,31.992156300764588,20142700
2015-12-15,32.90498352050781,33.18055496612549,32.68108295284498,32.81025522012597,19262900
2015-12-16,33.507808685302734,33.705875523883684,33.02555684892833,33.301128388264594,23478000
2015-12-17,31.802688598632812,32.896363896347836,31.466836201119893,32.80163562318885,42879900
2015-12-18,31.303220748901367,31.931871565648997,31.268776783862652,31.76824877016513,28726800
2015-12-21,31.363506317138672,31.725195925306114,31.08793484666398,31.621857445145867,15042300
2015-12-22,31.509897232055664,31.61323568507226,31.217102210950152,31.337664286981212,13924800
2015-12-23,31.802688598632812,32.052426176039276,31.56156447427888,31.570174642261602,12832300
2015-12-24,31.871593475341797,32.06105010296476,31.630469247509833,31.630469247509833,4953900
2015-12-28,31.6821346282959,31.742415674780585,31.40656319148858,31.716581879164476,10921900
2015-12-29,31.897424697875977,32.043820584989376,31.845753822092682,31.880201072614877,10708600
2015-12-30,31.79408073425293,32.000760937935816,31.716579353576034,31.931869726755117,9585600
2015-12-31,31.458234786987305,31.819924397004943,31.372119933925095,31.72519608759387,10332400
2016-01-04,30.913461685180664,31.138285409682148,30.576224449120783,31.138285409682148,18784400
2016-01-05,30.818342208862305,31.233403668067403,30.688637358331793,31.008579947978696,25340700
2016-01-06,30.973989486694336,31.25069711560766,30.57622268245833,30.697281857781014,18165700
2016-01-07,30.29951286315918,30.852928080978817,30.16115905870427,30.481101613015955,22591400
2016-01-08,29.962282180786133,30.507048548716345,29.92769289750356,30.37734368433013,21962200
2016-01-11,30.21303367614746,30.36868208758831,29.849856248528305,30.048739596788447,18726600
2016-01-12,30.58487319946289,30.740521677718938,30.256284899691817,30.541638244084137,18457300
2016-01-13,29.469396591186523,30.610816556474603,29.287804502324075,30.42922446761215,28322900
2016-01-14,30.083330154418945,30.34274308506185,29.408852576410144,29.564500994518763,19523600
2016-01-15,29.50398063659668,29.841217881634204,29.10621379878911,29.227272984329204,25425000
2016-01-19,29.87580680847168,30.048749913741467,29.60774812898811,29.867161137585107,21423100
2016-01-20,29.348323822021484,29.59909109137787,28.647909219589863,29.296443213612903,25278700
2016-01-21,29.50398063659668,29.884456132426017,29.045684206019065,29.32239185828654,20380300
2016-01-22,30.091997146606445,30.25629464804306,29.85852435399919,29.87581900144603,15892700
2016-01-25,29.69422721862793,30.213053396327847,29.659637927150232,29.901759668877734,16793600
2016-01-26,30.46381378173828,30.46381378173828,29.503982605730855,29.676925724594327,19728900
2016-01-27,30.187101364135742,30.740516618582802,30.03145291149562,30.29086589969079,20567600
2016-01-28,30.550289154052734,30.740523629520915,30.213048564008513,30.411932010270984,15472800
2016-01-29,31.397703170776367,31.397703170776367,30.705930727790903,30.826993214344192,19059300
2016-02-01,31.406343460083008,31.596581179166044,30.999927714265585,31.04316595850439,14144000
2016-02-02,30.56757164001465,31.077751914705544,30.481101748825644,30.99992769318948,17404500
2016-02-03,30.861574172973633,30.9480473635757,30.21304008722535,30.749163973113355,13855300
2016-02-04,31.518766403198242,31.59659064808973,30.835642842330284,30.870232128641142,16925900
2016-02-05,30.870223999023438,31.33716934540315,30.58486741003082,31.242050482405613,17312200
2016-02-08,30.792388916015625,30.87021311296836,29.815263620634344,30.377327631805652,20118800
2016-02-09,30.334104537963867,30.792400932975806,29.936334432409474,30.37733948678506,17819800
2016-02-10,30.437870025634766,31.250698304154778,30.38598610625956,30.62810446611334,13368700
2016-02-11,30.12657356262207,30.360046255421548,29.806630968170328,29.910395509876107,18889700
2016-02-12,30.731874465942383,30.74052013713859,30.187104819347688,30.472461448054833,15837900
2016-02-16,30.870223999023438,31.051812756410538,30.628102357225604,30.92210461621116,19676300
2016-02-17,31.674400329589844,31.795459477400865,31.10369056232761,31.10369056232761,13186500
2016-02-18,31.674400329589844,31.881929354804626,31.47551697266968,31.743575571789975,12866600
2016-02-19,31.80410385131836,31.812752817875367,31.492807027551095,31.579280200049915,13203400
2016-02-22,32.0894660949707,32.41805761183355,31.907877348262883,32.0894660949707,10109900
2016-02-23,31.60523223876953,32.089472288737745,31.458232738856154,32.089472288737745,9417100
2016-02-24,31.674400329589844,31.760870206993605,30.9307475089057,31.207455074935,10978200
2016-02-25,32.2451286315918,32.25377430485602,31.56200499214862,31.81277239882264,11566000
2016-02-26,31.959768295288086,32.55642193968147,31.85600373485198,32.36618416336869,16551100
2016-02-29,31.80410385131836,32.27969805352627,31.674399040491497,31.994341532201524,22300200
2016-03-01,32.85041427612305,32.85041427612305,32.028937117755795,32.12405597695615,13030800
2016-03-02,32.65153121948242,32.76394472909082,32.36617790877221,32.65153121948242,12791200
2016-03-03,32.763946533203125,32.78124117398867,32.3402393791113,32.52182815943637,8832200
2016-03-04,32.763946533203125,32.99741923588483,32.66018198710529,32.859065408215905,10638400
2016-03-07,33.17036056518555,33.248184795236696,32.44400218424662,32.461296824104124,13011000
2016-03-08,32.9887580871582,33.24817097999935,32.80716609341689,32.95416882181568,12384400
2016-03-09,33.27413558959961,33.38654913478459,32.96283857131279,33.230900625641176,16786500
2016-03-10,32.90229797363281,33.52489180227815,32.43535260214881,33.52489180227815,17620600
2016-03-11,33.680545806884766,33.69784044926405,33.10118683233376,33.24818964324983,13143300
2016-03-14,33.46436309814453,33.67189218077064,33.33465494754174,33.645951870096205,14704500
2016-03-15,33.498958587646484,33.61136882048282,32.971483515388954,33.16171799328978,17502900
2016-03-16,34.778724670410156,35.40996416117114,34.182071159638355,34.19936579894052,49082300
2016-03-17,35.115970611572266,35.418618627987186,34.649025130289836,34.718203704679524,22163500
2016-03-18,35.868247985839844,35.87689695176708,35.15053884873752,35.340773217154634,34354000
2016-03-21,35.980674743652344,36.31791196987994,35.773142366719476,35.81637731648438,17275100
2016-03-22,35.78179168701172,36.101734276750285,35.617494258231304,35.729907767615494,11970500
2016-03-23,35.237030029296875,35.75585614586466,35.08138153460334,35.712621185920014,13666800
2016-03-24,35.42725372314453,35.51372360864761,34.882484208353986,35.107307889830814,11956200
2016-03-28,35.12461471557617,35.54832521825228,35.07273408571661,35.54832521825228,14647000
2016-03-29,35.193790435791016,35.28026034429581,34.90843380021715,34.9430230830653,15159200
2016-03-30,35.42725372314453,35.548312882294724,35.3234859022032,35.418604755425406,9803600
2016-03-31,35.37537384033203,35.66073043248788,35.280254976280084,35.565611568435926,10196500
2016-04-01,35.591552734375,35.643436652002286,35.12460737157489,35.176491289202175,9574100
2016-04-04,35.513736724853516,35.695325530644574,35.36673720548435,35.5829152976973,10243500
2016-04-05,35.046783447265625,35.505083143728726,34.98625385881836,35.32349107977175,9111300
2016-04-06,35.237030029296875,35.271619316698995,34.75278990151521,34.93438201106834,12516200
2016-04-07,34.56254577636719,35.09866638707827,34.424191963970294,35.09866638707827,12838600
2016-04-08,34.899776458740234,35.055424880894336,34.700893096790985,34.700893096790985,8011000
2016-04-11,34.925724029541016,35.52237753814296,34.91707835922895,35.09866712331861,10399600
2016-04-12,35.081939697265625,35.16873520505487,34.70873060195713,34.98646960506257,9245000
2016-04-13,35.85441207885742,35.923845188240584,35.26421575000218,35.4291222818341,12752300
2016-04-14,35.79366683959961,35.9846104267882,35.74158950986908,35.85442206882939,9150500
2016-04-15,35.602718353271484,35.915175695892664,35.602718353271484,35.689510588038914,10340300
2016-04-18,35.79366683959961,35.802344739098864,35.41177304339909,35.446491263219436,8849300
2016-04-19,35.63744354248047,36.0106561846242,35.55932919154545,35.94121973449877,9884400
2016-04-20,35.672142028808594,35.92384407823056,35.654786235182144,35.75025634377022,8481200
2016-04-21,35.57667541503906,35.84573328451795,35.48120198616166,35.61139031661278,11954100
2016-04-22,35.32497787475586,35.95857043482189,35.29893755659465,35.40309220741668,15003300
2016-04-25,35.394405364990234,35.43780478471511,35.125347503796895,35.22949882713268,10876200
2016-04-26,35.281585693359375,35.45517017559673,35.09063878980417,35.429133165443474,8365800
2016-04-27,35.455162048339844,35.58535369108627,35.16006386090415,35.16006386090415,8742100
2016-04-28,35.00384521484375,35.55932348302469,34.86497233688687,35.029882224004844,9233800
2016-04-29,34.59592819213867,34.8649862230626,34.17063811128849,34.8649862230626,12883300
2016-05-02,34.97779846191406,35.09063099904688,34.569871046129464,34.63062626360613,10454200
2016-05-03,34.439693450927734,34.81290611675848,34.30950175413565,34.74346966222606,11439600
2016-05-04,34.101173400878906,34.34419418739825,33.96230390702358,34.18796559294727,9046200
2016-05-05,34.04910659790039,34.248731349938474,33.96231437907024,34.23137224399026,8962700
2016-05-06,34.20533752441406,34.214015422512134,33.823447100787284,33.823447100787284,7587400
2016-05-09,34.16194534301758,34.48308058417654,34.04043489019589,34.14458623391283,7949400
2016-05-10,34.73478317260742,34.76950139128947,34.35289269983966,34.35289269983966,9290200
2016-05-11,34.413639068603516,34.78685154608729,34.40495786071187,34.595904703399576,7180100
2016-05-12,34.56119918823242,34.743464889975996,34.36157437524014,34.62195442214695,10006700
2016-05-13,34.37893295288086,34.7868637836141,34.29213739798449,34.52648042983687,9392600
2016-05-16,34.691383361816406,34.80421259415503,34.24873439801922,34.51779559779616,7797100
2016-05-17,34.370243072509766,34.73477768930187,34.25741384597194,34.54383082760548,9483700
2016-05-18,34.25741195678711,34.543828922625686,33.98835078568105,34.361563279736515,10379700
2016-05-19,33.710628509521484,34.05780417350631,33.46760753127961,33.98836771634434,15124400
2016-05-20,34.20533752441406,34.35288827937039,33.80608799368,33.918920534421765,16153200
2016-05-23,34.00571060180664,34.23137235806359,33.97099238979452,34.11854313539058,8904800
2016-05-24,34.630615234375,34.78684383267642,34.06645603929655,34.21400343163123,11329800
2016-05-25,34.83024978637695,34.96911932295351,34.760813362633215,34.760813362633215,7972200
2016-05-26,34.674041748046875,34.89102573481699,34.6480014182137,34.812911367143236,7574000
2016-05-27,34.77818298339844,34.78686419444654,34.54383994877847,34.56988027101085,8240600
2016-05-31,34.8910026550293,34.90836175979771,34.6740188117902,34.78685133732952,12567400
2016-06-01,34.943084716796875,34.97780293434021,34.56119425655453,34.7695002509031,9268800
2016-06-02,33.554378509521484,33.89287274621047,33.05097775803567,33.589096716082,51063400
2016-06-03,33.936275482177734,34.03174891342528,33.58042207265299,33.62382149479174,20740000
2016-06-06,34.23136901855469,34.404956750769685,33.95362997137494,34.014385181013594,16116900
2016-06-07,33.962310791015625,34.49175187831347,33.892874374558595,34.32684204468332,20009500
2016-06-08,34.0925178527832,34.144595193763,33.762704625981655,33.988366481735994,11671000
2016-06-09,33.892887115478516,34.031756689685466,33.63250707770445,34.01439757904562,12316100
2016-06-10,33.62382888793945,33.84081280269899,33.51099632520919,33.658543798008026,10441700
2016-06-13,33.51967239379883,33.754015406246246,33.31136970111997,33.4155210474594,13036300
2016-06-14,33.70194625854492,33.83213463255384,33.47628111280346,33.52835844895428,12092200
2016-06-15,33.363433837890625,33.780042410776794,33.33739683674481,33.67589109528291,14476100
2016-06-16,33.53703689575195,33.675906483503866,33.05099499407633,33.29401594491414,17916500
2016-06-17,34.439693450927734,34.682714419966395,33.78006037651938,34.27478683778184,34512400
2016-06-20,34.483089447021484,35.0212087239299,34.457052432128094,34.63064025687956,17149200
2016-06-21,34.708744049072266,34.8215732865463,34.50043806058472,34.65666672422254,20111100
2016-06-22,34.726097106933594,35.01251740464461,34.6045866694481,34.84761085533018,12643400
2016-06-23,35.43780517578125,35.472520076669014,34.943078934927385,35.06459267622275,15430000
2016-06-24,34.04910659790039,34.62194385054778,33.866840951810524,34.179298237056535,44204500
2016-06-27,33.39816665649414,33.74534227455755,33.13778659840262,33.73666106310432,22506100
2016-06-28,33.962310791015625,34.01438479244783,33.484947016060545,33.60645743394978,14750900
2016-06-29,35.194786071777344,35.32497772931314,34.27477650301717,34.5091161891234,23009700
2016-06-30,35.52460861206055,35.724233426572596,35.125358983036456,35.134036883270916,20100900
2016-07-01,35.59428787231445,35.75980098326411,35.44619439570531,35.524596042595014,11381600
2016-07-05,35.193565368652344,35.35036864259587,34.97578341296288,35.13258668690641,12501400
2016-07-06,35.30681610107422,35.341662017949005,34.86254229173408,35.01934559458108,12124300
2016-07-07,35.30681610107422,35.568157154545574,35.21099149121333,35.41135385169858,11676700
2016-07-08,35.60300064086914,35.87305151878438,35.489756392821455,35.61171378185104,14235600
2016-07-11,35.52460861206055,35.83821531058097,35.49847582821402,35.6291463936277,12912000
2016-07-12,36.082115173339844,36.221498824223616,35.768511928118784,35.91660207254908,13321000
2016-07-13,36.1169548034668,36.282471198554894,35.934018778137535,36.204069570115415,9612700
2016-07-14,36.29990768432617,36.47413397543524,36.15181749689203,36.21279620031669,9259800
2016-07-15,36.38702392578125,36.50898133743805,36.11697299776244,36.50898133743805,11666300
2016-07-18,36.273780822753906,36.44800714229254,36.22151525305577,36.33475953612883,8738900
2016-07-19,35.785945892333984,36.10826237642528,35.72496386476953,35.9775918250717,12723000
2016-07-20,35.93404006958008,36.15182213060783,35.93404006958008,36.13439916695475,11409700
2016-07-21,35.77724075317383,36.16053602748124,35.66399313820697,36.012445804370735,11424700
2016-07-22,35.785945892333984,35.89919015887758,35.672698302700226,35.82078849268347,10426300
2016-07-25,35.85563278198242,35.85563278198242,35.62042779411967,35.63785075504543,8974400
2016-07-26,35.66397476196289,35.92531578847241,35.55073052843724,35.76851250180238,11031900
2016-07-27,35.6552734375,35.81207676151718,35.49847011348282,35.74238491835844,9566900
2016-07-28,35.88175964355469,36.06469904155648,35.472331760144634,36.02113998488162,17048600
2016-07-29,35.751094818115234,36.04727847849971,35.646557062857404,35.9950096008708,13230800
2016-08-01,35.846920013427734,35.95145444729075,35.63784782261197,35.63784782261197,12435400
2016-08-02,35.4636116027832,35.82077386445884,35.350367382485445,35.82077386445884,10268200
2016-08-03,35.4636116027832,35.58556896192774,35.36778701400141,35.38520996860617,12350500
2016-08-04,35.6291389465332,35.67269468487037,35.37651101185188,35.37651101185188,9142100
2016-08-05,35.82949447631836,35.907896126847746,35.681400992834185,35.77722560160227,9615300
2016-08-08,35.85563278198242,36.06470499000154,35.8207868601309,35.87305574290818,11427800
2016-08-09,35.80335998535156,35.951453475486645,35.759804249343475,35.794650167385804,9533700
2016-08-10,35.79465103149414,35.93403138393855,35.5942919825484,35.829496950377674,11077400
2016-08-11,35.96016311645508,36.07341068799042,35.82949590907396,35.82949590907396,9473700
2016-08-12,35.79465103149414,35.890475646879,35.716249375551044,35.829496950377674,6301200
2016-08-15,36.05599594116211,36.27377799282227,35.716256472266714,35.716256472266714,12774900
2016-08-16,35.99500274658203,36.10825029833486,35.92531424610348,35.97757979069013,8109100
2016-08-17,35.89919662475586,36.04729016450269,35.77723919384126,36.04729016450269,9876400
2016-08-18,35.83819580078125,36.00371220327923,35.672682721371984,35.672682721371984,8544600
2016-08-19,35.99500274658203,36.012425702473934,35.72495191489115,35.75108801027353,9109900
2016-08-22,35.907901763916016,36.0559919475589,35.812077140104726,35.812077140104726,9834700
2016-08-23,36.15180206298828,36.27375941777164,36.02984470820492,36.038554523651435,10631800
2016-08-24,35.77724075317383,36.125693419337594,35.698839069441526,36.021155625633924,9830300
2016-08-25,35.80335998535156,35.89047478045739,35.71624851333538,35.82078294437272,7567200
2016-08-26,35.9427375793457,36.22150157922686,35.77722446596603,35.81207038133735,9228200
2016-08-29,35.98630905151367,36.17795500600103,35.94274998072558,36.13439925830347,9168500
2016-08-30,35.98630905151367,36.06471072660549,35.84692866502717,36.055997583211656,6840300
2016-08-31,35.907901763916016,35.99501324569536,35.79465417913086,35.95145750480569,9694700
2016-09-01,35.85563278198242,35.94274426352121,35.524603170572995,35.69882945674058,10652500
2016-09-02,35.93404006958008,36.082130275995496,35.74239079248668,35.94274988986135,9020200
2016-09-06,35.93404006958008,36.038574528408056,35.777236719792846,36.038574528408056,8308300
2016-09-07,35.93404006958008,35.98630896053933,35.672702260964876,35.838215431033376,10415300
2016-09-08,35.47233963012695,35.71625445079228,35.36780185862164,35.65527574562595,16732100
2016-09-09,34.871253967285156,35.48975739395196,34.871253967285156,35.132595034680286,14477500
2016-09-12,35.43748474121094,35.4984634309507,34.56635680425509,34.81027156321414,14927200
2016-09-13,35.00192642211914,35.30681992002841,34.818990323373576,35.16743956054276,13395200
2016-09-14,35.06290817260742,35.33295909646046,34.8625490961062,34.8625490961062,11626900
2016-09-15,35.59428787231445,35.74237802583424,34.92351896516689,35.001920612056594,18403700
2016-09-16,33.904293060302734,34.80155697198281,33.721357016178324,34.50537338112424,50703500
2016-09-19,34.174354553222656,34.45311527602287,34.017551231261294,34.087243073506315,19801900
2016-09-20,34.03497314453125,34.49666995438285,34.0262633260636,34.453114215864936,12121300
2016-09-21,34.41826629638672,34.47924831447703,34.13950559835804,34.13950559835804,10994000
2016-09-22,34.41826629638672,34.67089421744072,34.39213351941204,34.56635978645238,9679300
2016-09-23,34.174354553222656,34.33986769391968,34.00012827070004,34.31373491462276,14017300
2016-09-26,34.000125885009766,34.061104581150495,33.76492091857137,33.97399310754651,9840900
2016-09-27,34.2353401184082,34.40085661538403,33.8520448784732,33.88689080658291,10644600
2016-09-28,34.35728073120117,34.40954959778833,34.113365999972416,34.174344682779605,8103500
2016-09-29,34.07853317260742,34.51409725879189,34.04369057126126,34.19178076548066,8795200
2016-09-30,34.21791076660156,34.357291129930466,34.052397623614105,34.19177798694301,12861900
2016-10-03,33.96528625488281,34.200487918766626,33.85203867083839,34.148222359276886,10403500
2016-10-04,33.860748291015625,34.14822215888216,33.76492366839344,34.008841795910804,9199300
2016-10-05,34.104671478271484,34.27018464538973,33.87817627790917,34.06982555158644,8269200
2016-10-06,33.860748291015625,34.18306808039749,33.651679408103575,34.069820497017645,9789100
2016-10-07,33.85200119018555,34.105607792349595,33.76455224818023,33.9656874835631,11442000
2016-10-10,33.7733039855957,34.10561605041327,33.74706996383467,33.9831861675763,9475400
2016-10-11,33.23984909057617,33.79953367014335,33.06495120392249,33.72082828676385,14964000
2016-10-12,33.27482986450195,33.36228214343001,32.91628386080527,33.16989046575163,8944900
2016-10-13,33.25734329223633,33.39726361889662,32.89879724667158,33.108679404643894,14117600
2016-10-14,33.58965301513672,33.747063788828264,33.3972613281885,33.45847625840593,11601200
2016-10-17,33.48471450805664,33.703340217820454,33.4147526796697,33.703340217820454,9419000
2016-10-18,33.598392486572266,33.834508618374436,33.545924459036065,33.755803241107046,7121900
2016-10-19,33.53717803955078,33.79078462945029,33.50220046601817,33.68584523692617,8310900
2016-10-20,33.30982208251953,33.5371914129824,33.23986023562974,33.33605610712097,11197000
2016-10-21,33.169891357421875,33.33604568790672,33.029971043339,33.22236272618924,13413400
2016-10-24,33.467227935791016,33.598401375297584,33.336051160320466,33.336051160320466,13550500
2016-10-25,33.54593276977539,33.607147707708535,33.31856014091178,33.46722737300936,11627100
2016-10-26,33.50221252441406,33.79079679171585,33.36229217203289,33.36229217203289,9723100
2016-10-27,33.42350769042969,33.720838861330144,33.36229274371174,33.58966206924061,7588900
2016-10-28,33.37977600097656,33.624639095437516,33.25734612172809,33.493462318549,7803300
2016-10-31,33.598392486572266,33.677097863839656,33.40600415900104,33.502199990768204,10485300
2016-11-01,33.63337326049805,33.738315987075175,33.43223803850317,33.738315987075175,12018200
2016-11-02,33.25734329223633,33.65961715035294,33.21361881564818,33.633379795629075,9488400
2016-11-03,33.50221252441406,33.563427470083056,33.222371819651705,33.222371819651705,12393100
2016-11-04,33.47597122192383,33.73832477070621,33.37977536549881,33.50220857838043,14288900
2016-11-07,34.184322357177734,34.23679373805384,33.860757181685585,33.8695007438495,9506900
2016-11-08,34.21929931640625,34.411687685418634,34.088122547383605,34.24553333582526,7574700
2016-11-09,34.58658218383789,34.75273983697557,33.57215915400978,33.720826352292804,19497300
2016-11-10,34.612823486328125,35.0325844428804,34.36796042636664,34.67403841732761,26707200
2016-11-11,34.49913024902344,34.813951737136414,34.26301413293871,34.57783562105168,12217700
2016-11-14,34.36795425415039,34.69151930788985,34.20179994784374,34.446659627866794,15417100
2016-11-15,34.2542724609375,34.298000268924696,33.82576796475537,34.00941274883343,13594300
2016-11-16,34.7177619934082,34.8052109394415,34.03564753768736,34.193058309318054,12597000
2016-11-17,35.198734283447266,35.233715192683086,34.69152110741729,34.805207394452125,13316600
2016-11-18,34.85769271850586,35.40863058374484,34.69153500107259,35.22498240468887,12890600
2016-11-21,34.8839111328125,35.006340973420905,34.69151947702046,34.95387294799614,8073100
2016-11-22,35.05882263183594,35.08505665225344,34.813962878702064,35.05882263183594,10993100
2016-11-23,35.06755828857422,35.06755828857422,34.84018904562571,35.023833819079876,11070100
2016-11-25,35.21623229980469,35.28619079733491,35.015097032455024,35.015097032455024,4013100
2016-11-28,35.24247741699219,35.44361274767795,35.02385162242528,35.09381347794984,12118300
2016-11-29,35.461090087890625,35.62724776528629,35.09380049021026,35.27744528905045,10157400
2016-11-30,35.14625930786133,35.59225751487811,35.14625930786133,35.557276609237036,14374600
2016-12-01,33.843257904052734,35.137521604785015,33.633375771194075,35.0763066776936,22740200
2016-12-02,33.6683464050293,33.95693383262003,32.91627371781234,33.633365504237275,19120300
2016-12-05,34.07938003540039,34.201809911076616,33.703343510986876,33.75581155144017,13681500
2016-12-06,34.51661682128906,34.52536037899224,34.000660181776816,34.11434311173058,13524700
2016-12-07,35.259944915771484,35.303669379013776,34.534109485253886,34.542853043517255,15170600
2016-12-08,35.28618621826172,35.408619410988216,35.05007340076912,35.25995220208774,10109700
2016-12-09,35.43485641479492,35.65348213058021,35.224974259817024,35.33866056609521,11219100
2016-12-12,35.426116943359375,35.5922746571997,35.28619658936795,35.28619658936795,10891400
2016-12-13,35.64473342895508,35.854615573305686,35.39113014681762,35.39113014681762,12493100
2016-12-14,35.74966812133789,35.93331287132636,35.522295571479326,35.74092122697877,25102400
2016-12-15,35.7321891784668,35.977048923991156,35.62724976409405,35.81089457323731,17783500
2016-12-16,34.193058013916016,35.17250354803724,33.89572692962268,35.17250354803724,46224200
2016-12-19,34.01816177368164,34.27176506167569,33.74706469262725,34.1318447408652,15135100
2016-12-20,34.10560989379883,34.20180573750986,33.93070866304818,34.07062898045599,14006400
2016-12-21,33.95694351196289,34.15807874490666,33.764551838728295,34.15807874490666,11966400
2016-12-22,34.07063293457031,34.31549602042454,33.755811349874804,34.04439891450032,11226300
2016-12-23,33.913204193115234,34.12308625048343,33.78203082622698,33.9219510858184,8143600
2016-12-27,33.948204040527344,34.14059575583667,33.89573266290735,33.904479560492675,5073700
2016-12-28,33.825775146484375,34.03565399114453,33.78205066517718,33.99192950983734,8264100
2016-12-29,33.834503173828125,33.96567989348625,33.76454470304967,33.76454470304967,5711800
2016-12-30,33.6246337890625,33.983179808548975,33.528437945987,33.88698396547347,10820200
2017-01-03,33.844112396240234,33.96702173923477,33.62463046974188,33.756320965252264,11051300
2017-01-04,34.01092529296875,34.1689492197995,33.84411686343423,33.84411686343423,9545500
2017-01-05,33.92314147949219,34.195300397998935,33.721218416998774,33.94947825098222,12064700
2017-01-06,33.756324768066406,34.01970243972952,33.694870089645974,34.01970243972952,14829700
2017-01-09,34.26551055908203,34.63424186462781,33.77387328372468,33.82654679235425,15587900
2017-01-10,33.9406852722168,34.300635500814714,33.9406852722168,34.23918082878788,11316600
2017-01-11,34.33576583862305,34.353324801131905,33.923138592238956,33.923138592238956,10403100
2017-01-12,34.41476821899414,34.52011861049835,33.8792317595525,34.265518761086994,11526900
2017-01-13,34.467445373535156,34.52890340317201,34.26552237310495,34.37965392953208,9455300
2017-01-17,34.32697677612305,34.485004053273805,34.14261273579013,34.30064001294088,11081400
2017-01-18,34.40598678588867,34.53767728596783,34.265518482017555,34.48500041613046,10394000
2017-01-19,34.423545837402344,34.57279529450542,34.32697325028186,34.34453220694272,12232400
2017-01-20,35.002986907958984,35.143455247920805,34.63425877144522,34.643036577492474,25439100
2017-01-23,34.836181640625,35.1961319694362,34.61669965112964,34.90641413576824,13251200
2017-01-24,35.20490264892578,35.29269743636928,34.89762926544529,34.985420703860086,12216500
2017-01-25,35.24879837036133,35.45072133876616,35.07321216117458,35.39804447130162,13164800
2017-01-26,35.231239318847656,35.336589704462206,35.07321206591164,35.30147179291457,10556500
2017-01-27,35.31901931762695,35.459487569326356,35.23122791620006,35.29268256700434,9232700
2017-01-30,35.31901931762695,35.33657826771779,34.950291412801256,35.213668966109225,10589600
2017-01-31,35.21367645263672,35.336585780376154,34.827386166566484,35.30146787272831,10766700
2017-02-01,34.976646423339844,35.310259951177514,34.862514862679504,35.310259951177514,11837000
2017-02-02,35.09955978393555,35.117118745191675,34.83618206315249,34.91519571429035,10120300
2017-02-03,35.494632720947266,35.494632720947266,35.07322764231015,35.178578074711965,12941200
2017-02-06,35.20490264892578,35.50339822817627,35.18734704046578,35.50339822817627,7871300
2017-02-07,35.17856216430664,35.380485130514394,35.15222540537513,35.25757579012953,8848700
2017-02-08,35.134666442871094,35.424380838146114,35.12588529054341,35.16978435412514,8883300
2017-02-09,35.31901931762695,35.51216441959887,35.13465536521411,35.13465536521411,10977100
2017-02-10,35.81067657470703,35.92480477998439,35.30147683167072,35.406830581351315,13168700
2017-02-13,36.074039459228516,36.161830865602596,35.8194396921052,35.89845329745287,12779800
2017-02-14,36.08283615112305,36.14429083756449,35.77556271891583,35.92480885769384,9623000
2017-02-15,36.35498809814453,36.416442772899074,35.89846526494753,35.95991993970207,9243600
2017-02-16,36.51301956176758,36.64471007940685,36.31987436230438,36.39888800308215,10132700
2017-02-17,36.92564392089844,36.92564392089844,36.43400315460761,36.469121069848825,18545300
2017-02-21,37.11000442504883,37.20657700826854,36.81150887192809,36.864185739782954,12394700
2017-02-22,37.320701599121094,37.329482750764235,36.98709151529961,37.10121969443576,11602800
2017-02-23,37.71577453613281,37.74211464541347,37.31192858346684,37.36460545299965,15484000
2017-02-24,37.900150299072266,37.91770926102373,37.46996745286476,37.52264433871916,11426700
2017-02-27,37.48751449584961,37.979151878058836,37.32948723755993,37.979151878058836,13876500
2017-02-28,37.39094543457031,37.53141374973096,37.24169596588342,37.41728219709143,14450300
2017-03-01,37.6806526184082,37.75088843698728,37.4787296635356,37.53140652746991,11402200
2017-03-02,37.654319763183594,37.689437676112505,37.426060027202695,37.60164624281874,9431600
2017-03-03,37.47874069213867,37.654326941226714,37.39094924210922,37.54897653138555,8917100
2017-03-06,37.373390197753906,37.52263968130132,37.13634926437563,37.27681759352249,9196000
2017-03-07,37.39971160888672,37.53140207859817,37.329479147660976,37.382156005351106,9492900
2017-03-08,37.408504486083984,37.56653175966325,37.32070969574617,37.469959164806056,9217100
2017-03-09,37.259246826171875,37.42605521662916,37.09244178474267,37.42605521662916,10308400
2017-03-10,37.4699592590332,37.478737063574656,37.18024147373305,37.41728238469804,12244500
2017-03-13,37.382171630859375,37.557754531830156,37.33827255658752,37.53141776649037,12440800
2017-03-14,37.5665283203125,37.610424036948196,37.232914845629914,37.38216430102548,10291000
2017-03-15,37.79479217529297,37.92648268858082,37.434841901205566,37.663105011033984,18393200
2017-03-16,40.147640228271484,41.25383119609585,40.077407741679686,40.727072476026976,67535400
2017-03-17,40.08617401123047,40.367110574811974,39.603314501888995,39.726223829827404,31688700
2017-03-20,39.708675384521484,40.340784494375924,39.64722070428885,40.09496242441648,21452600
2017-03-21,39.366275787353516,39.857916474848,39.25214425562604,39.77890285273331,21974500
2017-03-22,39.32238006591797,39.90181217828459,39.18191177652692,39.62087559950248,14339700
2017-03-23,39.462852478027344,39.5594250650155,39.21703043414062,39.225811586973286,16190500
2017-03-24,39.19948196411133,39.58576903337192,39.138027279206895,39.43651954929748,13110200
2017-03-27,39.366275787353516,39.445289409468195,38.944870919084615,39.07655805659029,8933100
2017-03-28,39.234596252441406,39.53309186941334,39.20825948739448,39.35750897039501,14008800
2017-03-29,39.08534622192383,39.26971025693069,39.041450501545356,39.08534622192383,10636200
2017-03-30,39.22581481933594,39.2872694981146,38.95365599258131,39.02389182491624,7792500
2017-03-31,39.16435241699219,39.37505317438725,39.03266193184916,39.06777984109105,10652800
2017-04-03,39.16435241699219,39.55063937156857,38.979988417014475,39.225807083651425,16044300
2017-04-04,39.14680862426758,39.278499160415485,38.962444552884065,39.16436758568926,9161300
2017-04-05,39.05900192260742,39.48040678517756,38.98876610433166,39.27848383117696,9445100
2017-04-06,38.7868537902832,39.09412720696008,38.751735871511826,39.09412720696008,11557800
2017-04-07,38.88343048095703,38.97122193808762,38.62005276053584,38.707844217666434,13446600
2017-04-10,38.795257568359375,39.192027920727426,38.75998834515816,38.98041594497838,11668600
2017-04-11,38.94514465332031,39.192025839158205,38.583643543353546,38.69826683094049,15422400
2017-04-12,38.95395278930664,39.156745710265184,38.82169492789765,39.08621065071563,8457000
2017-04-13,38.795257568359375,39.192027920727426,38.77762295675877,38.96278133337778,11838300
2017-04-17,39.05094909667969,39.11266854718449,38.79525230832675,38.901056600126736,10999300
2017-04-18,39.25373458862305,39.30663840618596,38.91868380430556,38.98040324306705,10446700
2017-04-19,38.962772369384766,39.27137295620965,38.865787073081776,39.18319991849219,10712000
2017-04-20,39.26255798339844,39.35073103012731,38.94514174209015,39.02449580241722,10880900
2017-04-21,39.17438888549805,39.447720289255116,39.14793865281306,39.315462398914434,11556000
2017-04-24,39.535892486572266,39.66815038531868,39.34191513199968,39.65051577458862,10848900
2017-04-25,39.43008041381836,39.65932358120821,39.32427277029312,39.65932358120821,12436800
2017-04-26,39.403629302978516,39.71222990417769,39.3595444637951,39.4565331280732,10122400
2017-04-27,39.47416305541992,39.624052163560556,39.368358781234924,39.57115170819668,8221000
2017-04-28,39.64169692993164,39.64169692993164,39.2537455828506,39.447722938120165,12962700
2017-05-01,39.721038818359375,39.83566207164426,39.562330733336324,39.68576960758602,9118300
2017-05-02,39.79159164428711,39.98556564684419,39.65051811358274,39.676968349509096,11649600
2017-05-03,39.57997512817383,39.81803731458914,39.474170833141876,39.72104864270239,10695900
2017-05-04,40.09136199951172,40.36468999614454,39.63287231329145,39.641687934958796,15505200
2017-05-05,40.188350677490234,40.36469001859374,39.994373366127576,40.30297057651605,8443400
2017-05-08,40.170719146728516,40.30297366268343,40.0472768896633,40.10018071411982,7559600
2017-05-09,40.100181579589844,40.276524301459936,40.01201190038363,40.11781618812262,6530600
2017-05-10,40.144264221191406,40.170717814271,39.932655657299534,40.135448599136524,6906100
2017-05-11,39.818031311035156,40.03845885446725,39.65050758887142,40.03845885446725,8996400
2017-05-12,39.74749755859375,39.809217003716114,39.60642069721977,39.685774750013884,7965100
2017-05-15,39.959110260009766,39.99437947900407,39.7563172959793,39.888575185479006,9694000
2017-05-16,39.932655334472656,40.0031904007139,39.809216445957404,39.99437477873028,7944500
2017-05-17,38.998046875,39.93266102085123,38.97159664182523,39.93266102085123,18489200
2017-05-18,38.94514465332031,39.156756617830204,38.442570021499634,38.84815933985543,12777600
2017-05-19,39.06858444213867,39.25374279714241,38.94514217534499,38.9804113944289,11519200
2017-05-22,39.350730895996094,39.36836550528176,39.04213027868368,39.086218483626745,9805800
2017-05-23,39.28901290893555,39.53589072121665,39.25374368905027,39.39481720513346,6873700
2017-05-24,39.52706527709961,39.57115010927395,39.23609933052619,39.36835719050631,7653600
2017-05-25,39.853294372558594,39.941464030936615,39.527062600411675,39.66813607189063,7597600
2017-05-26,39.90620040893555,40.07372749214663,39.7298610674926,39.86211557357481,6899700
2017-05-30,40.04729080200195,40.08256003055875,39.77396268933367,39.77396268933367,10769800
2017-05-31,40.02082824707031,40.16190175442748,39.90620497126207,40.04727847861924,14757600
2017-06-01,40.373504638671875,40.382320259391,39.99436904206703,40.135442517771835,8138900
2017-06-02,40.258888244628906,40.62038929790179,40.100180137001054,40.45286556805352,11794600
2017-06-05,40.48814010620117,40.5586785529271,40.26771250537004,40.28534711705153,8617300
2017-06-06,40.21480941772461,40.41760239368214,40.205990430728434,40.32061371747244,7449500
2017-06-07,40.02964782714844,40.25007539588063,39.80040127213061,40.22362180048148,7688700
2017-06-08,40.04729080200195,40.4352455892092,39.950305468658904,40.02965955118231,12889500
2017-06-09,39.70341110229492,40.26770511875651,39.39481386312301,40.02964631337112,12188400
2017-06-12,39.54470443725586,39.54470443725586,38.56600885857534,39.36836507325,16189900
2017-06-13,39.65932083129883,39.88856734625054,39.341904649647034,39.73867487671178,10705800
2017-06-14,39.50943374633789,39.923835237175766,39.227286762315664,39.81803095903177,12024600
2017-06-15,39.39482498168945,39.51826391219691,39.12149351880967,39.280201676164566,10394600
2017-06-16,39.75630569458008,39.76512131502722,39.262546863118544,39.456524147524306,15930900
2017-06-19,40.32060623168945,40.33824083894979,39.862116533293054,39.915020355074056,12787700
2017-06-20,40.41759490966797,40.84081539375077,40.205982985897855,40.34705648059212,15299600
2017-06-21,40.84964370727539,41.034802080694924,40.62921611126408,40.69093556907059,30757300
2017-06-22,44.350032806396484,45.71668326477017,40.849644777206564,40.849644777206564,63193900
2017-06-23,44.923133850097656,45.70785536352233,44.14722795845486,44.29712043640577,42812500
2017-06-26,44.843788146972656,45.58442496242738,44.76443408233615,44.95841143221605,29453400
2017-06-27,44.74679183959961,45.36398964111316,44.543998900887246,44.74679183959961,17876400
2017-06-28,44.85260009765625,45.04657743165239,44.79969963453565,45.02894282279294,15981600
2017-06-29,44.26184844970703,44.870227218267644,44.06787114808314,44.75560396153924,13929100
2017-06-30,44.20895767211914,44.54400855644633,44.15605720222306,44.24422689435529,13146400
2017-07-03,43.521217346191406,44.20013462464808,43.4859481298789,44.12959619202306,10883200
2017-07-05,43.60939025878906,44.11196485642555,43.565305416856674,43.90917189277029,15775300
2017-07-06,43.071537017822266,43.57411150549139,43.00100195885565,43.42422240302665,14411900
2017-07-07,43.512393951416016,43.59174799834968,43.053907639640656,43.053907639640656,10889400
2017-07-10,43.75047302246094,43.935634779263566,43.39779084896631,43.44187570022082,10098500
2017-07-11,43.97971725463867,43.98853287902991,43.565312275624514,43.67111658561127,9751100
2017-07-12,44.482276916503906,44.50872714420779,44.05023747108286,44.10314128994786,14461400
2017-07-13,44.39411163330078,44.685077642655585,44.305941949927835,44.570454363504496,11959900
2017-07-14,44.57926940917969,44.6586234625837,44.32357264116038,44.32357264116038,9875900
2017-07-17,44.64122772216797,44.76513563448342,44.46422317115098,44.526175439236006,8093600
2017-07-18,44.65007400512695,44.87133304045846,44.39341271386762,44.5527194893979,14104800
2017-07-19,45.136837005615234,45.225339257129235,44.570414493178866,44.65891674469287,13312800
2017-07-20,45.25189971923828,45.366951988992966,44.99523842305626,45.26074859531748,8772500
2017-07-21,44.95983123779297,45.26959588492774,44.82707785428776,45.021783491990995,8791900
2017-07-24,44.92443084716797,45.0483387368446,44.79167745816018,44.95983310136129,7639100
2017-07-25,45.28730010986328,45.34040349654433,44.95098878931867,45.05719218653565,10536200
2017-07-26,45.28730010986328,45.305001238756965,45.154546707378344,45.26960235711473,5724500
2017-07-27,44.65007400512695,45.45545675868784,44.419962717741015,45.40235337479609,16508800
2017-07-28,44.51731872558594,44.68547775880694,44.28721080663227,44.41996420659379,8996400
2017-07-31,44.189857482910156,44.69432784392823,44.16330747742873,44.67662671489223,10066600
2017-08-01,44.39342498779297,44.44652838636678,44.09251248149982,44.38457610943694,6066200
2017-08-02,44.04825210571289,44.52617246427607,43.880096443023696,44.48191795333324,8720700
2017-08-03,44.455360412597656,44.61466717178324,44.012842387336505,44.180998021523685,9490100
2017-08-04,44.21639633178711,44.43765532469174,44.13674295929567,44.41110532590936,7025300
2017-08-07,43.93318557739258,44.33145244425942,43.83583107925353,44.25179907088605,8280300
2017-08-08,43.45527267456055,44.10135202109278,43.34022040837363,43.84469073286983,14684300
2017-08-09,43.41986846923828,43.71192860100072,43.24286058955025,43.34906396690527,15872400
2017-08-10,42.570228576660156,43.331360046933085,42.52597745362797,43.331360046933085,13391100
2017-08-11,42.69413757324219,42.87114207003705,42.464026325577876,42.641034198517104,11704600
2017-08-14,43.2340087890625,43.331363292712304,42.897697527910765,42.90654640272232,9229100
2017-08-15,43.2163200378418,43.419877962337324,43.16321664948178,43.269420050056574,10663500
2017-08-16,43.588043212890625,43.649995491527925,43.15437388628352,43.34023409834141,9881200
2017-08-17,42.968509674072266,43.64113912116001,42.968509674072266,43.5172312090104,9661600
2017-08-18,43.030452728271484,43.260563996846145,42.756093707621645,42.87999821709508,10248400
2017-08-21,43.27827453613281,43.33137455108769,42.95966094182188,43.05701547076637,7293400
2017-08-22,43.59688186645508,43.6765352597566,43.357925062695706,43.47297733824054,9233000
2017-08-23,43.428714752197266,43.74732824139246,43.31365913084472,43.41986587800598,6895400
2017-08-24,43.5349235534668,43.596875808966224,43.26056452943925,43.42872016920274,7365500
2017-08-25,43.579185485839844,43.756190031066325,43.49953209002981,43.756190031066325,7853300
2017-08-28,43.579185485839844,43.711938894759705,43.402177564468076,43.711938894759705,6211300
2017-08-29,43.765045166015625,43.87124857537424,43.145519088490246,43.260574751380304,7245900
2017-08-30,44.07479476928711,44.207551527710365,43.68538012133397,43.80928462858521,6957400
2017-08-31,44.543861389160156,44.712017005777554,44.11019228421263,44.14559453280921,12958100
2017-09-01,44.80052185058594,45.03063310367123,44.561561722910184,44.561561722910184,8716800
2017-09-05,45.074893951416016,45.20765073191922,44.66777810955245,44.72087812083759,15610700
2017-09-06,45.145687103271484,45.340396113250186,44.95983034437067,45.20764273238299,15615600
2017-09-07,45.782920837402344,45.82717197083613,45.163394840894036,45.30500049356922,11516800
2017-09-08,45.65016555786133,45.915675723679136,45.47315765526781,45.844871212183754,10356500
2017-09-11,46.455543518066406,46.56174689821568,45.85371873697955,45.91567099007868,16526300
2017-09-12,46.703346252441406,46.80954961831446,46.437836149686696,46.58829063666152,13352400
2017-09-13,46.729915618896484,46.88922242180901,46.42015426664742,46.48210653709724,14463000
2017-09-14,46.72105026245117,47.03081150544412,46.30508227087977,46.694496887234386,21901600
2017-09-15,43.136661529541016,44.871331496580844,42.90655025007246,44.827080366266074,66367900
2017-09-18,42.77378845214844,43.4198642809666,42.561378341782934,43.26055754222851,29434700
2017-09-19,42.51713180541992,42.9242475700363,42.3755261752862,42.915398695216176,23070700
2017-09-20,42.455177307128906,42.64988292817142,42.20736493539716,42.48172730632917,21257300
2017-09-21,42.455177307128906,42.64988292817142,42.322420558838886,42.322420558838886,15656300
2017-09-22,42.62333297729492,42.86229309880126,42.41092285501894,42.41092285501894,15341900
2017-09-25,42.455177307128906,42.95964754880002,42.1631138113486,42.94194642395173,15663600
2017-09-26,42.410926818847656,42.66758808921055,42.384376817135866,42.57023358140775,18679900
2017-09-27,42.62333297729492,42.80034084983418,42.43747623039366,42.525978478591114,14499200
2017-09-28,42.55254364013672,42.702998178974035,42.49058799786485,42.658747042618664,12997700
2017-09-29,42.79148864746094,43.14550439293766,42.446325152500535,42.649883024499125,44896600
2017-10-02,43.189754486083984,43.36676235459691,42.98619661894462,43.11895336436538,26097300
2017-10-03,43.0924072265625,43.331367382764434,42.95965383499132,43.32251850711763,12710800
2017-10-04,43.27827453613281,43.534932486087364,43.154366623565465,43.357927934710546,15204500
2017-10-05,43.28711700439453,43.393320394725826,42.92425232596312,43.331368135687164,13886100
2017-10-06,42.83574295043945,43.10125307025179,42.67643620332318,43.04814969583158,16340400
2017-10-09,42.80034637451172,42.99505539705242,42.63218735462846,42.80034637451172,10173000
2017-10-10,42.83588409423828,43.05801583509966,42.64929424538545,42.791458423958275,15630500
2017-10-11,42.8980712890625,43.066893544294956,42.791449025915064,42.791449025915064,12588300
2017-10-12,42.853660583496094,43.07579235309091,42.747038283139894,42.8892024801021,11715600
2017-10-13,43.19129180908203,43.280143140536396,42.942505369440994,42.97804386834612,10142300
2017-10-16,43.41342544555664,43.457851113246925,43.084671437295086,43.191293717644015,9378100
2017-10-17,43.70664596557617,43.80438448695972,43.28015337273494,43.377891894118484,14191300
2017-10-18,44.053165435791016,44.21309715987468,43.67998237436608,43.98208165667726,12064100
2017-10-19,43.84880447387695,44.13313283221329,43.70664029470879,43.92877203650038,10048600
2017-10-20,43.75996398925781,44.23976948403229,43.679996406795404,44.0176376871325,15501500
2017-10-23,43.81327438354492,44.1242575259789,43.733306805567324,43.786616264577695,14633400
2017-10-24,44.4085807800293,44.55074496997869,43.75995645154384,43.83104024124936,17562400
2017-10-25,44.159786224365234,45.00388743081175,44.10647339182952,44.328605109870125,20635800
2017-10-26,44.55963134765625,44.69290836679646,44.221990131470186,44.52408945343422,16952900
2017-10-27,45.208248138427734,45.28821569238361,44.452998264519756,44.68401714904164,15099500
2017-10-30,45.03054428100586,45.092740893840464,44.63959365897957,44.98611861318988,9049800
2017-10-31,45.22602844238281,45.563666282774044,44.82619058985453,45.074977080555804,14453100
2017-11-01,44.9950065612793,45.46592478480534,44.932809942680066,45.40372816620611,10128000
2017-11-02,44.67514419555664,45.048327362565345,44.53297998656811,44.90616315357681,10389800
2017-11-03,44.58628463745117,44.81730016353006,44.56851369091257,44.74621976683712,15814500
2017-11-06,44.78175735473633,44.9150343567708,44.44411618188558,44.51519657174507,9678000
2017-11-07,44.86172866821289,44.94169623191407,44.49743274234337,44.80841582925829,6796500
2017-11-08,44.906158447265625,45.08386453724264,44.60405911114322,44.71956857804754,7977900
2017-11-09,43.75107192993164,44.62182800227418,43.12910233841223,44.55074421377523,16195400
2017-11-10,43.82215881347656,43.86658449313142,43.31569860859458,43.53783039633096,9944200
2017-11-13,43.89323806762695,43.91989279476752,43.591138732007465,43.626677238374306,6566700
2017-11-14,43.715538024902344,43.83104750759224,43.448980548239845,43.8221603376749,8498900
2017-11-15,43.37788772583008,43.608906643166875,43.29792016051526,43.43120056586046,9425100
2017-11-16,43.715538024902344,44.08871781433739,43.546715691095066,43.63557044295737,11738500
2017-11-17,43.4845085144043,43.74218214812507,43.404540951851686,43.53782135259316,10035100
2017-11-20,43.55558776855469,43.67998098859618,43.466733047481455,43.573358712769334,11525100
2017-11-21,43.20907211303711,43.62667752868582,43.093562645556425,43.53782617798484,18313300
2017-11-22,43.16464614868164,43.38677791340859,43.02247856537312,43.14687520076807,10618900
2017-11-24,43.54669952392578,43.653325186574655,43.2623712024507,43.43119347358093,6008300
2017-11-27,43.43120193481445,43.733301258919106,43.31569247250519,43.48451138706364,13395600
2017-11-28,43.54669952392578,43.71552179505602,43.404535363188245,43.43119347358093,13930600
2017-11-29,43.11133575439453,43.413435107166,42.82700735054631,43.404547937973405,14377600
2017-11-30,43.59113311767578,43.83103579942779,43.44008177458986,43.44008177458986,24701100
2017-12-01,44.07981872558594,44.426343663850204,43.448965459029914,43.582242456344844,15899500
2017-12-04,43.00470733642578,44.26641402544525,42.96916544363219,44.26641402544525,13473900
2017-12-05,42.64041519165039,43.22684291692188,42.6226442436771,43.04024965793323,17858900
2017-12-06,43.02248001098633,43.17353137859629,42.32054618685418,42.880315812362646,12974500
2017-12-07,43.11133575439453,43.36900942958883,42.91585870570066,43.20018710954887,13482800
2017-12-08,44.070945739746094,44.150913319651146,43.27127333015769,43.448979439886934,14732300
2017-12-11,44.84395980834961,44.870614534336354,44.03540035528953,44.07982602842131,15852800
2017-12-12,44.77287673950195,45.05720511946987,44.38192606441148,44.42635173825741,17464000
2017-12-13,44.47077178955078,44.879493360396246,44.43522989918303,44.71956163266381,17196900
2017-12-14,44.59516525268555,44.78175848337438,44.37303352090186,44.550739584221056,22259300
2017-12-15,42.91585922241211,43.07579437518511,41.76077464418865,43.07579437518511,75176000
2017-12-18,42.39162826538086,43.404548644255186,42.36497353629322,43.03136887918022,25156800
2017-12-19,42.489356994628906,42.96027517706252,42.41827660363006,42.61375022097279,28664300
2017-12-20,42.56045150756836,42.693728545347646,42.462712979519644,42.54268055797204,11432200
2017-12-21,42.00955581665039,42.74703485958307,41.96513014418179,42.74703485958307,18396800
2017-12-22,42.08064651489258,42.116188414488974,41.84962755697813,41.91182418654076,11197300
2017-12-26,42.1428337097168,42.27611410863404,41.98289858680065,42.08952087225764,7650200
2017-12-27,42.09840393066406,42.178371484316486,41.89404315787698,41.982894488841445,8132200
2017-12-28,42.222801208496094,42.24945593245543,42.02732419423068,42.02732419423068,7777600
2017-12-29,42.00955581665039,42.54267405465826,42.00955581665039,42.23168756845495,9750000
2018-01-02,41.4320068359375,42.47158159517814,41.02328192008088,42.267220831980254,25380000
2018-01-03,42.39162826538086,42.71149857228054,42.151725535206104,42.23169311193102,24165000
2018-01-04,42.809234619140625,42.81811839850138,42.40051297930983,42.640415695591855,19815100
2018-01-05,43.0669059753418,43.209070163726906,42.89808367137963,43.0224769125339,14496400
2018-01-08,43.520050048828125,43.600017610723455,42.59598119791791,42.91585144549924,15075000
2018-01-09,43.76088333129883,44.028478750071734,43.636002293388465,43.93035963590092,14153700
2018-01-10,43.528968811035156,43.94820382736683,43.33273396730046,43.58248926077771,13476600
2018-01-11,43.66276931762695,43.72520814254579,43.20785399017741,43.591408716199275,11687800
2018-01-12,44.16227340698242,44.44771236795559,43.760881992433816,43.867919476136095,15978200
2018-01-16,44.233646392822266,44.652881475234175,44.09984694870661,44.46556157294002,17152600
2018-01-17,44.840187072753906,44.85802722114255,44.46555076191312,44.51907120707906,23183100
2018-01-18,44.804508209228516,45.2059030541623,44.688548942323095,44.76882791130985,17119200
2018-01-19,45.11671447753906,45.13455122730332,44.84019721893689,45.04535386783741,14011500
2018-01-22,45.232662200927734,45.259424126066556,44.84018912638387,44.98290691736896,16840000
2018-01-23,45.5983772277832,45.73217664688889,45.10778502882998,45.26834297069257,14141400
2018-01-24,45.892730712890625,46.38332287041099,45.67865234093359,45.81245174873927,17205600
2018-01-25,46.02652359008789,46.427918383565995,45.973006552730844,45.973006552730844,13904300
2018-01-26,47.05231475830078,47.05231475830078,46.169246121590525,46.25844686415037,14909200
2018-01-29,46.329803466796875,47.087994456948955,46.276286424601444,46.98095356723737,12234900
2018-01-30,45.4556770324707,46.37442636717135,45.268360495335756,46.15142951744063,16863500
2018-01-31,46.017616271972656,46.249531429101644,45.366466073988754,45.366466073988754,16806800
2018-02-01,46.05329513549805,46.36548926085566,45.72325745707913,45.812458209081846,11674100
2018-02-02,44.71531295776367,45.85705532325944,44.63503398502346,45.71433752757247,17562200
2018-02-05,42.895668029785156,45.22375535321912,42.868909500487284,44.63504389003616,19725800
2018-02-06,44.06416320800781,44.162278928784254,41.753916529723575,42.217750220642266,25921200
2018-02-07,43.591407775878906,44.46555470854697,43.546809102279035,43.88576514642728,15138000
2018-02-08,41.780670166015625,43.81439938604975,41.753911645539475,43.78764086557361,21255400
2018-02-09,42.57454299926758,42.949179342947936,40.96004515650684,42.44074697861513,23191000
2018-02-12,42.949180603027344,43.252456355795616,42.56562587444804,43.01161942836251,16261600
2018-02-13,43.25246047973633,43.4219368214248,42.610228612013934,42.824303632813994,12633100
2018-02-14,44.10877227783203,44.171211116070296,42.94026770014462,42.98486638422031,14271400
2018-02-15,45.17022705078125,45.214825726089536,44.09092345608097,44.33176038593869,14132500
2018-02-16,45.232662200927734,45.616216902199014,45.03642736498607,45.089944409942646,11098800
2018-02-20,44.50123977661133,44.875876160844456,44.29608313394171,44.77775702681528,14144900
2018-02-21,44.09092712402344,44.902635331739525,44.09092712402344,44.483400263111506,13050800
2018-02-22,44.233646392822266,44.652881475234175,44.07308842094797,44.233646392822266,9513200
2018-02-23,45.045345306396484,45.10778412668756,44.260395762173744,44.412035327638144,8866800
2018-02-26,45.64297866821289,45.723257644013174,45.04534893932477,45.125627915125044,12956000
2018-02-27,45.2504997253418,45.8481327797548,45.08102342170903,45.553775438925925,14339600
2018-02-28,45.19699478149414,45.937345872523004,45.19699478149414,45.54487268614309,14947900
2018-03-01,44.340675354003906,45.45565916437009,44.081998293360414,45.45565916437009,16539800
2018-03-02,44.884796142578125,44.95615675266755,43.85009111490958,44.00173071001903,17291000
2018-03-05,45.75001525878906,45.92841334404781,44.46555176705446,44.51015384036449,18771500
2018-03-06,45.93732833862305,46.196005373090635,45.687573079225494,45.99084878106262,13907100
2018-03-07,46.13357162475586,46.21385059590156,45.51809837841863,45.54486030390758,11727300
2018-03-08,46.49928665161133,46.52604517471017,45.910575324812484,46.329806931557016,15864400
2018-03-09,47.248558044433594,47.27531656873426,46.56172756521005,46.695523589374154,16218600
2018-03-12,47.18612289428711,47.667793382516905,46.98096284980095,47.25748009886666,14108400
2018-03-13,46.90068435668945,47.70347072230237,46.68660595092951,47.48939571920326,12864400
2018-03-14,46.668766021728516,47.40911696739049,46.54388836888453,47.1682800357653,10885500
2018-03-15,46.71336364746094,46.980959097920994,46.481448497771765,46.579567623561296,14155200
2018-03-16,46.62417221069336,46.99880520831319,46.606332058045574,46.740131501573345,21011500
2018-03-19,46.338722229003906,46.90067495413637,45.94624579757037,46.76687555202764,25777400
2018-03-20,41.967987060546875,42.59237863201954,41.41495608131581,41.744990313782374,68601000
2018-03-21,41.941226959228516,42.868894207448115,41.932305184204374,42.18206384497746,34597700
2018-03-22,40.93328857421875,41.941234977041546,40.790570770491165,41.673639520384924,25610100
2018-03-23,39.95210647583008,41.28116546411518,39.92534454670965,41.01356999153827,21398900
2018-03-26,41.45956039428711,41.60227819553905,40.48729430992679,40.63001211117872,20754800
2018-03-27,40.47837829589844,41.7628385820498,40.13942222216618,41.59336224651416,18925300
2018-03-28,40.12157440185547,40.460530410800146,39.70233942770442,40.38916981832323,22156900
2018-03-29,40.808414459228516,41.29008836456628,40.1483424330996,40.4159413156169,14256400
2018-04-02,40.148338317871094,40.89760762626447,39.62206578694408,40.71921292642002,15343300
2018-04-03,40.04130172729492,40.43377824225689,39.5061108102788,40.43377824225689,15734600
2018-04-04,40.59432601928711,40.6924451316497,39.28310747066604,39.30986599125209,18505900
2018-04-05,40.9957275390625,41.19196579584814,40.63001295310981,40.790570908177905,12313000
2018-04-06,39.98777389526367,40.80840020044391,39.78261391630866,40.594321849763006,13893600
2018-04-09,40.05023193359375,40.71922242199902,40.03239177891688,40.23754845370844,15200000
2018-04-10,40.87085723876953,41.093854060632154,40.54974127086151,40.630020262838514,14868900
2018-04-11,40.68353271484375,41.02248877008294,40.46053593688706,40.49621623799872,14911400
2018-04-12,40.92436218261719,41.18303581186709,40.71920559261752,40.754882484564284,13970300
2018-04-13,41.102760314941406,41.5041517205639,40.68352535932838,41.30791690525029,12493600
2018-04-16,41.246070861816406,41.550602254194416,40.8430141047354,41.22815684852962,11639000
2018-04-17,41.79244613647461,42.034280247593614,41.550612025355605,41.568526042855105,10762700
2018-04-18,42.168636322021484,42.356728392469186,41.810362783002304,41.810362783002304,11312900
2018-04-19,41.93574905395508,42.19549714661294,41.82826838058766,42.08801647324551,8563200
2018-04-20,41.40729904174805,41.75661380517387,41.183378971167485,41.622263812875005,15675600
2018-04-23,41.022151947021484,41.622259449983,40.95049930865596,41.5416480963538,14904400
2018-04-24,40.78031539916992,41.532686848243216,40.55639536571654,41.13858881939475,13357000
2018-04-25,40.97737121582031,41.05798257455418,40.35039436086234,40.6817950948798,12637500
2018-04-26,41.16545867919922,41.38937871563971,41.11172005717261,41.28189805483788,12175800
2018-04-27,40.78031539916992,41.308766814789834,40.72657677786019,41.308766814789834,14420800
2018-04-30,40.90570831298828,41.21919839639751,40.80718637257232,40.896753015404435,13896600
2018-05-01,41.15650939941406,41.15650939941406,40.65492721441168,40.65492721441168,8838000
2018-05-02,40.76240158081055,41.27294240292682,40.72657697201612,41.10276098997188,10715200
2018-05-03,40.35935592651367,40.65492865157593,39.84881842406586,40.628059335683695,15370200
2018-05-04,40.94154357910156,41.12963561237026,40.12647468485486,40.242914074532685,10571800
2018-05-07,41.26398849487305,41.41625591279363,41.00424040455197,41.14754910666895,9006000
2018-05-08,41.147552490234375,41.19233923943729,40.798237713646884,41.09381385798969,9830600
2018-05-09,41.720787048339844,41.81035370527337,41.18337685649185,41.407296915574605,11822400
2018-05-10,42.03428268432617,42.18654671677446,41.747665221217915,41.91784327220417,10974200
2018-05-11,41.93574905395508,42.231325176651744,41.774526335529444,42.19549714661294,9498100
2018-05-14,41.93574905395508,42.32984713413496,41.819309664703454,41.926793754819876,9689500
2018-05-15,41.926795959472656,41.93575125907876,41.42521376280146,41.65808913680108,11304900
2018-05-16,41.85513687133789,42.034273601258825,41.60434749949795,42.034273601258825,9874200
2018-05-17,41.684967041015625,42.150721263550665,41.57748293191165,41.819317052271174,10162300
2018-05-18,41.487911224365234,41.90888205874228,41.41625857707187,41.819311978689086,13517300
2018-05-21,42.285064697265625,42.35672075885533,41.64017722670359,41.67600184074938,13416300
2018-05-22,41.53268814086914,42.58063570675558,41.478949517886896,42.31193234159836,18505100
2018-05-23,42.007415771484375,42.070113131584364,41.219215994406134,41.27295805309892,9204400
2018-05-24,41.613311767578125,42.0432379620031,41.32669430462814,41.79244853610928,12497700
2018-05-25,42.09697341918945,42.24923742768736,41.63121926071192,41.64017797694659,11354300
2018-05-29,41.43416976928711,41.91783795824845,41.23712242384857,41.69391788003478,12427800
2018-05-30,42.141754150390625,42.30297686517737,41.58643336431903,41.76557009372085,11906500
2018-05-31,41.84617614746094,42.24922946659523,41.83721743291438,42.03426815195674,13062400
2018-06-01,42.41044998168945,42.419408695775665,42.00739668326604,42.16861936933473,10863200
2018-06-04,42.383583068847656,42.60750309918466,42.3029717212564,42.526891751593396,12178400
2018-06-05,42.213409423828125,42.47315408904404,41.92679202881488,42.39254614989862,13430900
2018-06-06,42.76872634887695,42.822468386884076,42.186532895753025,42.473150264960594,13299100
2018-06-07,42.706024169921875,43.019510814208424,42.47314544838201,42.92994417776889,13714100
2018-06-08,43.153873443603516,43.33301017166173,42.46419926146615,42.46419926146615,14515400
2018-06-11,43.1628303527832,43.34196708752464,42.96578301964175,43.127005739234136,12521100
2018-06-12,43.39570999145508,43.521104683230014,43.13596189177893,43.18074522216297,14713600
2018-06-13,43.2344856262207,43.592755672431615,43.07326290956365,43.091176924386545,18053300
2018-06-14,41.11172103881836,42.114881869335115,40.89675629533328,42.10592315428436,37001300
2018-06-15,41.45207595825195,41.64017138516322,40.475784464921325,41.08484723599448,28120400
2018-06-18,41.66706085205078,41.73871352150065,40.71763821040067,41.04008376480072,21474100
2018-06-19,41.443119049072266,41.5685137176393,40.99527899461946,41.05797632890298,22764900
2018-06-20,38.353031158447266,40.11752248815969,38.12911107769185,38.97104935130246,59129000
2018-06-21,38.603816986083984,39.266621867204336,38.496336313949236,38.67547304533979,32635100
2018-06-22,39.499507904052734,39.67864468386871,38.6575694806925,38.693397520005675,29735100
2018-06-25,39.66071319580078,39.830894599207646,38.95312852314299,39.024781153460324,24640500
2018-06-26,39.77716064453125,40.171258733207466,39.741332613720026,39.82194397467074,20717500
2018-06-27,38.91729736328125,40.07272540348749,38.90833864974582,39.92045802411821,26360100
2018-06-28,39.26661682128906,39.42783951714791,38.836690771248314,38.971040739965005,20918400
2018-06-29,39.46367263793945,39.88464002770762,39.18601053327406,39.445758623114365,22144900
2018-07-02,40.26083755493164,40.278751574228195,39.20393433368361,39.37411239187616,20655500
2018-07-03,40.0548210144043,40.296655086728165,39.87568428489599,40.296655086728165,16783300
2018-07-05,40.67283630371094,40.72657834383566,40.296652273083936,40.439960963334514,21916200
2018-07-06,41.201290130615234,41.371468142429485,40.547443979856645,40.71762199167089,20764300
2018-07-09,41.85513687133789,41.90887891533885,41.25503275536405,41.317730098324034,25125700
2018-07-10,42.088008880615234,42.419409556817385,41.810346823027906,41.94470020306173,27422000
2018-07-11,42.67020797729492,42.777688654166816,41.83722504385221,41.935750421296916,22802600
2018-07-12,43.12700653076172,43.17178986108175,42.76873305470331,42.804561085658975,24857900
2018-07-13,43.55693054199219,43.71815325673359,42.840387041335354,42.96578172685668,25771400
2018-07-16,43.574920654296875,43.718791491841245,43.1163334315465,43.718791491841245,22949600
2018-07-17,43.9705696105957,44.05149717400766,43.29617439221327,43.42206095082042,18823100
2018-07-18,43.73677444458008,44.06048467674361,43.520969909905205,43.8716548513653,19234700
2018-07-19,43.55693054199219,43.80870704661528,43.35011645508274,43.520965410032495,16656500
2018-07-20,43.62887191772461,43.79971745917191,43.48500108541341,43.60189720858851,17232900
2018-07-23,43.763736724853516,43.763736724853516,43.206237833431565,43.71877774541066,17990200
2018-07-24,43.763736724853516,44.15039012233252,43.66482834213934,43.835673836082286,19885500
2018-07-25,44.0155143737793,44.033498652072616,43.61087668755541,43.62886096584874,16354900
2018-07-26,43.94357681274414,44.21333412409398,43.84466499821412,43.925592534634106,15229900
2018-07-27,43.72777557373047,44.168378414526416,43.502977225934416,44.05148574338087,14856100
2018-07-30,42.918495178222656,43.68281153028646,42.675712579107106,43.68281153028646,20167300
2018-07-31,42.8735466003418,43.23322537446537,42.61277966060976,43.07137026912486,18808100
2018-08-01,42.576805114746094,43.35910582402198,42.39696918310387,43.08035464173569,22933600
2018-08-02,43.07136917114258,43.22423041665018,41.92939303708533,42.29806222759587,14227400
2018-08-03,43.583900451660156,43.59289087541531,43.07136054386077,43.08934139137107,14295800
2018-08-06,43.763736724853516,43.84466425991075,43.35910247971758,43.422045736967625,13529300
2018-08-07,43.59290313720703,44.01552520572892,43.58391271092305,44.00653134929375,11608000
2018-08-08,43.5119743347168,43.71878843484106,43.39507821546357,43.538949042947884,10849400
2018-08-09,43.64684295654297,43.79970416879899,43.404060357533254,43.404060357533254,14708000
2018-08-10,43.44902420043945,43.808702927423944,43.36809665837547,43.49398318377488,10502200
2018-08-13,43.17026901245117,43.69180277520314,43.13430388720812,43.46700444922045,12152100
2018-08-14,43.36810302734375,43.47600528922522,43.10733608349172,43.26919119138946,11513700
2018-08-15,43.01742935180664,43.39508908221774,42.73867805306134,43.251218218706086,14091000
2018-08-16,43.25120162963867,43.56592138108861,43.197252220359154,43.287170189258774,11874300
2018-08-17,43.48499298095703,43.6108795069985,43.15229238639735,43.35011260011227,11412000
2018-08-20,43.53895568847656,43.70081082286992,43.39508483903265,43.52097483367874,11936700
2018-08-21,43.529945373535156,43.7367594107391,43.49397682006924,43.682810010690275,10187600
2018-08-22,43.880638122558594,43.979549947385664,43.377092003658106,43.46700997341871,11639400
2018-08-23,44.02450942993164,44.36620389315578,43.77273636763528,43.88063861859791,11026700
2018-08-24,44.29426574707031,44.411161850495105,44.0335022657928,44.060476970371354,14011700
2018-08-27,44.35721969604492,44.689920350813246,44.3212511306237,44.429153396736176,12253300
2018-08-28,43.73677444458008,44.447138184033264,43.70080587875052,44.41116961820371,15475700
2018-08-29,43.96156311035156,44.150392893955846,43.736764768874906,43.736764768874906,17307700
2018-08-30,43.50297164916992,43.961558710620096,43.44002839426794,43.961558710620096,15154900
2018-08-31,43.68281555175781,43.72777453421813,43.47599805816948,43.50297619176607,17844100
2018-09-04,43.68281555175781,43.90761389420988,43.30515255276009,43.48499191275184,17289000
2018-09-05,43.1972541809082,43.60189191962264,42.97245581830583,43.5299547971175,16437700
2018-09-06,42.9005126953125,43.3591032117628,42.72966719848512,43.11632060249211,18456100
2018-09-07,42.99043655395508,43.15229163609433,42.55882414496723,42.675716814172965,20513900
2018-09-10,43.93458938598633,44.10543489446125,43.16128252525148,43.16128252525148,20390600
2018-09-11,43.988548278808594,44.10544440462885,43.62887290496739,43.62887290496739,14877200
2018-09-12,44.36619567871094,44.483091763198274,43.718775432504266,43.8356715169916,17058700
2018-09-13,44.02450942993164,44.734873061582896,43.952575739340126,44.31225105259911,22124400
2018-09-14,44.285274505615234,44.46511386984074,44.00652331955817,44.00652331955817,20066100
2018-09-17,44.222328186035156,44.90571360667616,44.159384927429414,44.339224279224524,29225000
2018-09-18,44.08745193481445,44.54604249625676,42.58580058181272,42.720677535651134,33451100
2018-09-19,44.4471321105957,44.54604393803565,43.75475274866684,43.988541534310635,20904800
2018-09-20,45.34633255004883,45.930809749576404,44.56403509526605,44.653953081277386,26973500
2018-09-21,45.948787689208984,45.96677197130119,45.27439254643106,45.70600845634188,50751900
2018-09-24,46.07468032836914,46.39838713429572,45.598105400742845,45.68802681640407,23906100
2018-09-25,46.506282806396484,46.695112593346686,45.83188777001672,46.20954734391713,18665800
2018-09-26,46.425357818603516,46.856970254010754,46.36241455282438,46.533260069917645,18131000
2018-09-27,46.479312896728516,46.77604841171378,46.15560610331433,46.362420206114145,17993500
2018-09-28,46.3624153137207,46.76704962032719,46.29947204690855,46.3444310331814,16234200
2018-10-01,46.57821273803711,46.749061662108815,45.98474529107547,46.05668240229519,19217800
2018-10-02,45.16648483276367,46.57821822018079,45.076566863306155,46.44334126599451,22406800
2018-10-03,44.73487091064453,45.049587223382815,44.59100010622838,44.59100010622838,21207600
2018-10-04,44.48309326171875,44.76184098699797,44.21333252994505,44.671923029840194,19034000
2018-10-05,44.375186920166016,44.752849880799204,44.168372877737184,44.43813017524653,16900200
2018-10-08,44.384185791015625,44.635958839798036,43.97055765940151,44.30325824959977,16295800
2018-10-09,43.94357681274414,44.42015160728418,43.90761168667439,44.1593847199142,19009800
2018-10-10,42.62177276611328,44.04249669556989,42.594794628930856,43.88963544885692,20885400
2018-10-11,42.06426239013672,43.06236752364313,41.80349893438618,42.55882146000047,26387600
2018-10-12,42.60379409790039,42.936494772343174,41.956373602637555,42.62177838167452,23152800
2018-10-15,42.54057693481445,42.99198374613792,42.31487352915272,42.39612689294937,15693400
2018-10-16,43.542701721191406,43.71423507405782,42.856564865765016,42.946844852755596,13600200
2018-10-17,43.20866775512695,43.5517379534009,42.82045755696567,42.82045755696567,15071100
2018-10-18,42.77531814575195,43.46145510778123,42.549614699247925,42.946851525268954,15084800
2018-10-19,42.964908599853516,43.55173894361501,42.74823177392212,42.883655220624405,17768400
2018-10-22,43.280887603759766,43.77743789468097,43.07324086572042,43.199634232878196,16480200
2018-10-23,43.32603454589844,43.62396130057065,42.54058408257093,42.57669746009521,18921500
2018-10-24,42.21556854248047,43.605902514648065,42.16140192276035,43.22672240076294,20028200
2018-10-25,43.29895782470703,43.59688809238168,42.685044040373235,42.81143744703689,19349300
2018-10-26,42.72114562988281,43.39825593058124,42.170428700947646,42.64892232200141,23088700
2018-10-29,42.4503059387207,43.416316443982744,41.836392269811554,43.163529678183,19248700
2018-10-30,43.849666595458984,43.894806597289495,42.36002242732244,42.50447594351829,24438200
2018-10-31,44.093421936035156,44.64413885269031,43.8677185075018,44.28301198945254,21082900
2018-11-01,43.86772918701172,44.45455962164553,43.6420257035313,44.20176937825341,17764900
2018-11-02,44.08440017700195,44.25593356178247,43.55173988914927,44.1746801807893,17289300
2018-11-05,44.25593566894531,44.35524574421669,43.78647205018342,44.23787897853583,13125800
2018-11-06,44.46357727050781,44.66219739794618,44.084397147901285,44.32815383017054,12362700
2018-11-07,45.37542724609375,45.592104107691355,44.6622068487508,44.76151693348462,14329800
2018-11-08,45.52890396118164,45.592100656872255,45.20389041536612,45.33931387410979,11966600
2018-11-09,45.69141387939453,45.88100397951738,45.42057038722448,45.51987702731608,15316100
2018-11-12,44.43648910522461,45.48375280500503,44.3371790523553,45.294159320454185,14374400
2018-11-13,44.69831085205078,45.140691140571406,44.45455415057774,44.662200916549004,13550600
2018-11-14,44.093421936035156,45.11360239731501,44.00314194220622,45.11360239731501,16094000
2018-11-15,45.709468841552734,45.76363547155973,44.28302122269869,45.17680850139305,24922800
2018-11-16,46.19697952270508,46.449769723289876,45.51986918692523,45.619179253873405,20929600
2018-11-19,44.734432220458984,46.13379320693075,44.599012189229995,46.088653196521086,19520500
2018-11-20,43.632999420166016,44.30107980786493,43.29895578235469,43.93995285389231,19389600
2018-11-21,43.894798278808594,44.400375157798294,43.813544913327405,44.021191637565835,13859500
2018-11-23,43.96703338623047,44.34621353462642,43.371176407350134,43.371176407350134,7807300
2018-11-26,43.56979751586914,44.38233140750462,43.42534742890747,44.38233140750462,21603800
2018-11-27,42.82948684692383,43.31700714157839,42.24265992391648,43.262837071962956,28054600
2018-11-28,43.506591796875,43.56076185973898,42.76628482420564,43.09129831346751,29352900
2018-11-29,43.244781494140625,43.67813169581198,42.829484537406145,43.67813169581198,17052100
2018-11-30,44.02119445800781,44.09342120704566,43.07324076263228,43.41631093264014,22884500
2018-12-03,44.98721694946289,45.249030355249836,44.427469868491166,44.63511664602779,21966600
2018-12-04,44.012176513671875,45.33931401522878,43.97606313203295,44.707343612393984,24643500
2018-12-06,42.14334487915039,43.12741197530559,41.21344784621916,43.10935528756427,39877000
2018-12-07,41.52944564819336,42.4683730720078,41.35791222121201,42.215582800080995,23978000
2018-12-10,42.13431167602539,42.50446858121943,40.93357130430222,41.53845480077282,26375500
2018-12-11,41.94473648071289,42.549623635237936,41.58361295684245,42.41420016131026,22680200
2018-12-12,42.72114562988281,43.43436930650249,42.441272132434804,42.53155557223791,21404000
2018-12-13,42.6399040222168,42.92880422138452,42.20655372346522,42.86560751806421,23295400
2018-12-14,42.07113265991211,42.45934297053903,41.89959923306202,42.23363946175418,21434300
2018-12-17,41.285675048828125,42.63989576155839,41.10511159833848,41.908615336857956,30441100
2018-12-18,41.394020080566406,43.642028431914,41.02386648227599,43.425351558883534,42855600
2018-12-19,41.93570327758789,42.829487044618716,41.3037329050032,41.58360643336596,34397300
2018-12-20,41.74612808227539,42.38712530638441,41.05998739520325,41.57459118852601,35165200
2018-12-21,39.72380828857422,41.71902601469959,39.5974149041444,41.60166269713557,58768400
2018-12-24,38.54112243652344,39.56130306244605,38.53209581326817,39.51616305824662,17230400
2018-12-26,40.256465911865234,40.27452260043733,38.27930500669701,38.820991888015065,21428900
2018-12-27,40.59953689575195,40.70787358532855,39.23628615573797,39.678666424447734,19048700
2018-12-28,40.464111328125,41.321785065187186,40.39188802018309,40.75301144781484,39141200
2018-12-31,40.76205062866211,41.0780341289927,40.48217706839655,40.798160568727134,14932600
2019-01-02,40.825233459472656,40.93357013078703,40.13006655094744,40.15714985778586,14320400
2019-01-03,40.428001403808594,41.07802845058885,40.093961257640466,40.40091809151321,19868700
2019-01-04,42.17044448852539,42.387121381210264,40.85233676958264,40.960673493943894,20984000
2019-01-07,42.83852005004883,43.43437708359551,41.95376284532568,42.36905641089664,17967900
2019-01-08,43.22673416137695,43.66008445684405,42.61282038180807,43.2718741714119,16255700
2019-01-09,43.136451721191406,43.5427187090727,42.08016099666212,42.10724431453351,19100200
2019-01-10,43.17256164550781,43.31701173584143,42.32391779529301,42.77532475808081,16652700
2019-01-11,43.596885681152344,43.894812488387416,42.76629507136004,43.03713856265424,16397400
2019-01-14,43.49757766723633,43.64202776573096,42.9920006005241,43.199647401862514,14869400
2019-01-15,43.85106658935547,43.987022758765555,42.971868838596386,43.02625338091859,12142100
2019-01-16,43.56102752685547,44.22269064057358,43.551961706647134,44.03234990736646,14114000
2019-01-17,44.0323371887207,44.33144347485037,43.334417910956375,43.51569277159431,12711200
2019-01-18,44.65774917602539,44.9296649575796,44.29519249555528,44.35863939599803,15930600
2019-01-22,44.358638763427734,44.56710764156634,44.10485116527581,44.26800132340111,13318700
2019-01-23,44.63056564331055,44.84809691967329,44.25894654339334,44.58524345793745,15551200
2019-01-24,44.59429931640625,44.80276818368418,44.295189556227136,44.64868039455043,11442200
2019-01-25,45.13813400268555,45.22877490193077,44.820899499319204,44.95685566179188,16656600
2019-01-28,44.88433837890625,45.0746790469111,44.60335682785422,44.820891489571295,11799100
2019-01-29,44.965911865234375,45.24688994881972,44.58522708500168,44.76650538713172,10838600
2019-01-30,45.645713806152344,45.7726076106694,44.95685678506427,45.19251967139324,13483800
2019-01-31,45.52788162231445,45.77260686601466,45.382859639854715,45.53694744111638,20403600
2019-02-01,46.053585052490234,46.31643499909689,45.58226278006964,45.790731648287036,14849600
2019-02-04,46.252986907958984,46.452393410493436,45.663836675847186,45.663836675847186,12221200
2019-02-05,46.4433479309082,46.561175945599516,46.126109883606645,46.37989755536972,13345500
2019-02-06,46.46145248413086,46.66992478981316,46.198602562906956,46.39800559373928,9220900
2019-02-07,45.51881790161133,46.21673725185325,45.47349572414888,46.03545891479357,14905000
2019-02-08,46.252986907958984,46.252986907958984,45.15625805921243,45.40098327843295,11535600
2019-02-11,46.43425750732422,46.6608545106535,46.18046997002611,46.189532328817094,9714500
2019-02-12,46.42520523071289,46.72431154211472,46.39801123324245,46.64273646489665,14188500
2019-02-13,46.60647964477539,46.7243110790552,46.1804795413888,46.452395310221995,11342600
2019-02-14,46.660858154296875,46.90558335191405,46.307367354715225,46.443326950367926,11155300
2019-02-15,46.87840270996094,46.87840270996094,46.289248947914174,46.343633489172866,13822200
2019-02-19,47.15030288696289,47.295324824697666,46.44332137270533,46.660852550509624,12357500
2019-02-20,46.92372512817383,47.32253475602598,46.678999859629165,47.13219403302362,13440900
2019-02-21,47.231895446777344,47.44942670519688,46.688060385534484,46.796829472341265,14759500
2019-02-22,47.567256927490234,47.676022553896026,47.31346931334441,47.48568184328666,11689700
2019-02-25,47.639766693115234,48.06576681076109,47.5491257954058,47.811979212368094,14722200
2019-02-26,47.67601776123047,47.92980880746069,47.34972091481431,47.54912396691364,12041300
2019-02-27,47.476619720458984,47.71227915512256,47.36785063590939,47.603513528169906,10674200
2019-02-28,47.25001525878906,47.594440266546805,47.17750254709497,47.31346215272319,31856900
2019-03-01,47.594444274902344,47.793850791258514,47.46755047634721,47.58538191397556,15757700
2019-03-04,47.168453216552734,47.90262560848003,46.74244956166342,47.739475419696774,14850100
2019-03-05,47.4584846496582,47.66695351171725,47.15031253670212,47.16844071482853,16291900
2019-03-06,47.44942092895508,47.811977592314584,47.25001787594428,47.4131680286964,12389300
2019-03-07,47.657894134521484,48.156406962613815,47.30439982532475,47.31346564375363,16624100
2019-03-08,47.830101013183594,47.8391633729476,47.250013175591825,47.449416208766344,15071100
2019-03-11,47.73040771484375,48.201730045509976,47.050616490197704,47.07780703275252,20027700
2019-03-12,47.8572998046875,48.301431576847186,47.65789673711916,47.73946836185382,18048500
2019-03-13,48.092960357666016,48.46457939079641,47.80291640291043,48.092960357666016,19490800
2019-03-14,48.08389663696289,48.40113460341483,47.90261829293275,48.02044973519186,24000300
2019-03-15,47.984195709228516,48.39207113873967,46.22580363906564,46.58836034476378,43340200
2019-03-18,48.45551300048828,48.90870710664533,47.83916873950697,47.9207438169191,21953600
2019-03-19,48.981224060058594,49.28939621720555,48.718370625927996,48.763689348944354,19214000
2019-03-20,47.712276458740234,49.11717754093919,47.59444501926903,48.84526176012596,24111600
2019-03-21,48.981224060058594,48.99028642162309,47.4494256358883,47.703216708454406,16686300
2019-03-22,47.830101013183594,48.83619236920517,47.8029104762953,48.60052952418586,16201500
2019-03-25,47.802913665771484,47.98418853391663,47.340653762250504,47.639763518363665,11755900
2019-03-26,48.292362213134766,48.528025081503856,48.092959160203144,48.30142803139328,11657600
2019-03-27,47.866355895996094,48.62772202382957,47.41316185460941,48.2923559437342,12636000
2019-03-28,48.210784912109375,48.310488162772685,47.848231723220394,48.03857240670684,9103100
2019-03-29,48.6821174621582,48.7093114638318,48.26517965086606,48.46458619435237,11485700
2019-04-01,49.47067642211914,49.534123328240824,48.809009902398095,48.83620390330529,15191700
2019-04-02,49.0809211730957,49.398155652042696,48.83619595036666,49.316580577799684,10812100
2019-04-03,48.99934768676758,49.29845399695405,48.81806935395328,49.08998512437642,12853400
2019-04-04,48.78181457519531,49.080924352662166,48.410195536813205,48.818070934451306,9978800
2019-04-05,48.88151931762695,49.11717874474837,48.70930679233041,48.70930679233041,10016300
2019-04-08,48.69117736816406,48.88151806877577,48.33768650771469,48.70023972922316,10126700
2019-04-09,48.79087829589844,49.03560006636203,48.46457799181822,48.491768531292706,9789000
2019-04-10,49.13684844970703,49.30983220948265,48.79998040313374,48.81818976833348,8477300
2019-04-11,48.97297286987305,49.337149793544654,48.72715162302684,49.20968769660551,8147600
2019-04-12,49.61939239501953,49.61939239501953,49.04580945542153,49.25521197903436,9014000
2019-04-15,49.73774337768555,49.84699609529467,49.446400482007036,49.619384240978256,7694900
2019-04-16,49.701316833496094,49.99265968337016,49.46460207037869,49.77415080942424,7265200
2019-04-17,49.601173400878906,49.919832071294735,49.5192329968384,49.783263573533496,7792200
2019-04-18,49.637596130371094,49.77416116605708,49.37356553239749,49.56475866620674,8233000
2019-04-22,49.728641510009766,49.783269610354814,49.34625522683923,49.52834542157446,6088100
2019-04-23,50.01998519897461,50.202075396500604,49.8196891074695,49.84700142151983,10923400
2019-04-24,50.238494873046875,50.55715011861521,50.03819530550009,50.074614040159815,8769800
2019-04-25,50.083717346191406,50.27491396798425,49.69222810157984,50.211182918413876,8226100
2019-04-26,50.4478874206543,50.52072487558314,50.0837070921721,50.27490367481981,7101600
2019-04-29,50.14744567871094,50.52072898286628,50.14744567871094,50.33863880382144,6443000
2019-04-30,50.375064849853516,50.420586532955184,49.92894402006081,50.12924359340632,10562300
2019-05-01,49.96535873413086,50.45699773437208,49.89252126856533,50.36595437549669,7792700
2019-05-02,49.710426330566406,50.120128352543624,49.582964251080426,49.90162292287657,9652200
2019-05-03,49.88341522216797,50.09281771303436,49.77415903060883,49.89251816825724,11066500
2019-05-06,49.93804168701172,50.07461019495781,49.00938833607143,49.073119380291224,9305400
2019-05-07,49.164161682128906,49.74684748711297,48.84550646786617,49.34625186445677,11712400
2019-05-08,49.155052185058594,49.555647754327865,48.99117139011187,49.48281030187115,10729800
2019-05-09,49.39177703857422,49.482820399643096,48.32655512712561,48.67252267765263,10711800
2019-05-10,49.75595474243164,50.047297649818866,48.718041727648064,48.95476001057607,11200300
2019-05-13,48.64521789550781,49.118651087145416,48.60879915620904,48.90924854580069,10664700
2019-05-14,49.28251266479492,49.72862989092535,48.581467836366336,48.83639196558372,11520800
2019-05-15,49.67401123046875,49.901623079718014,49.01848799324489,49.08221903318819,8573000
2019-05-16,49.746849060058594,50.21117921333036,49.66490864907425,49.99267029301162,10013800
2019-05-17,49.61939239501953,50.0017787060303,49.337152398976926,49.337152398976926,9057100
2019-05-20,48.854610443115234,49.49192435814574,48.736251301146936,49.118641039397815,9820200
2019-05-21,49.31893539428711,49.40998222072657,49.19147331035318,49.35535412486289,8482000
2019-05-22,49.34625244140625,49.66490765939466,49.20058098845706,49.37356475349629,8389700
2019-05-23,48.3265495300293,48.90923530878032,47.8075913181804,48.90923530878032,11213900
2019-05-24,48.04430389404297,48.681617691446526,47.880423104051175,48.59967729645063,9090700
2019-05-28,47.11565017700195,48.50863350563174,47.11565017700195,48.32654681481344,28230400
2019-05-29,47.06104278564453,47.170299015888915,46.478356783337915,46.824327899613415,12448700
2019-05-30,47.088348388671875,47.370584906347304,46.85163008078989,47.27954154059687,8569500
2019-05-31,46.06864547729492,46.7605875727852,45.98670505738375,46.65133483726426,11847100
2019-06-03,45.74088668823242,46.50566277330347,45.422227960155105,46.03222962796598,17434400
2019-06-04,47.361473083496094,47.5617726183092,46.09595178208124,46.24162322383228,17073200
2019-06-05,47.4343147277832,48.47222782508349,47.20670284622363,48.053419323471786,15855300
2019-06-06,47.880435943603516,48.017004462912304,47.21580966066964,47.42521217668318,10266900
2019-06-07,48.49042892456055,48.63610037543141,48.05341457194796,48.071623937441984,11591800
2019-06-10,49.17327117919922,49.537451592370886,48.77267550317584,48.87282529045214,12984600
2019-06-11,49.10953140258789,49.719532965309455,49.01848805201151,49.61938319582672,11288400
2019-06-12,48.81818389892578,49.20967652094787,48.64520015994799,48.87281198795708,10235400
2019-06-13,49.01849365234375,49.14595574694562,48.65431326226846,49.14595574694562,11289100
2019-06-14,48.50864028930664,49.009389178327034,48.50864028930664,48.80908962271887,12973000
2019-06-17,48.372074127197266,48.75446039019514,48.2081933078892,48.56326725869621,15207900
2019-06-18,48.162662506103516,48.79997282370337,47.716541810702864,48.12624378136045,20999700
2019-06-19,47.962379455566406,48.37208156684897,47.57088671290551,48.02611050920125,35449500
2019-06-20,51.88639831542969,52.32341264612251,50.55714248568937,50.96684450605175,54173900
2019-06-21,51.094303131103516,52.03206624167013,51.03967851413522,52.02295982345479,45169000
2019-06-24,51.65879440307617,52.16864279732812,50.89401833861655,51.212673585024014,19544200
2019-06-25,51.04879379272461,52.059391127770894,51.03969084539092,51.777151137281734,25462100
2019-06-26,51.58594512939453,51.75892887027813,51.203558921205214,51.37654266208882,15045200
2019-06-27,51.68610382080078,52.250580285549496,51.6769974010814,51.89550632428689,12605800
2019-06-28,51.868194580078125,51.968344359600486,51.31282105587705,51.80446353366963,42570500
2019-07-01,52.8150520324707,52.88788949139333,51.922813999155736,52.032070187539674,20413000
2019-07-02,53.22475814819336,53.31580497884643,52.596550645553734,52.69670042273138,17569600
2019-07-03,53.58893966674805,53.670880079541426,53.15192528954389,53.215656335818565,9989100
2019-07-05,53.97132110595703,54.18983001151092,53.115501794790184,53.28848555158781,13838900
2019-07-08,54.19894027709961,54.32640237543624,53.72550714536235,53.88938797838993,16105600
2019-07-09,54.262664794921875,54.28998057919306,53.72550067867226,53.898487911091756,14348600
2019-07-10,54.76342010498047,55.08207535000401,54.39923970516925,54.572223484884645,16059100
2019-07-11,54.61774826049805,54.81804435323017,54.080584084700604,54.79073203901253,11150200
2019-07-12,54.453857421875,54.70878156927587,53.989527327016525,54.70878156927587,11234300
2019-07-15,54.19894027709961,54.490283208463815,53.94401608042635,54.490283208463815,10721600
2019-07-16,53.57733154296875,54.37262621504193,53.55904846592633,54.08924375159499,9698900
2019-07-17,53.010555267333984,53.88812179692635,53.010555267333984,53.75100050105405,9090900
2019-07-18,53.12940216064453,53.14768523675347,52.65405264323274,52.73632474215286,11882300
2019-07-19,52.599205017089844,53.50419458563958,52.5809219416361,53.30308772992857,11663500
2019-07-22,52.654048919677734,53.09283574098201,52.608342976207695,52.91000847996189,8761700
2019-07-23,52.516937255859375,53.1476877189452,52.516937255859375,53.074558898234265,8141100
2019-07-24,53.1202507019043,53.220805854853246,52.45293426258969,52.51692327135004,10778700
2019-07-25,53.28480911254883,53.59561444698582,53.092842034933724,53.35793793334204,8175900
2019-07-26,53.47677993774414,53.613901281158704,53.202540738055625,53.33051879876756,6057200
2019-07-29,53.07455825805664,53.741874867019035,52.836881747547096,53.741874867019035,7439300
2019-07-30,52.553504943847656,53.156832552670856,52.498655711358104,52.80031777219947,6367200
2019-07-31,51.46568298339844,52.910014678819174,50.84407231538703,52.910014678819174,11966700
2019-08-01,51.081748962402344,51.968455530775074,50.75266055057726,51.46568311810469,10215200
2019-08-02,51.0451774597168,51.3651225559439,50.27730574163173,51.3651225559439,12644400
2019-08-05,49.143775939941406,50.368713985221994,49.07978692532628,50.368713985221994,16204600
2019-08-06,49.32661056518555,49.77453722159971,49.00666544427563,49.54600399605255,13149500
2019-08-07,48.759849548339844,49.42716615403868,48.42162134811228,48.56788247419504,16344100
2019-08-08,49.95736312866211,50.04877502151657,49.10721927398294,49.10721927398294,12460700
2019-08-09,49.27177047729492,49.79282601236801,48.924398958199305,49.58257583919296,8471300
2019-08-12,48.67757797241211,49.171210585947435,48.449044742494685,49.07065540684131,6580100
2019-08-13,49.33574676513672,49.5825630317554,48.449036861411074,48.57701489140451,11014800
2019-08-14,47.82743835449219,48.78727730853838,47.754309527693,48.76899423005342,12489200
2019-08-15,48.07424545288086,48.19308369664536,47.498340796172876,48.129094677804474,11257000
2019-08-16,48.98838424682617,49.08893942786637,48.45818546939255,48.613589882038426,9913100
2019-08-19,49.24433898925781,49.701405445222704,49.14378381100309,49.56428760071743,8273100
2019-08-20,48.43075942993164,49.216914262498726,48.3576306130469,48.92439202067937,7577800
2019-08-21,48.66843795776367,49.299188414116685,48.60444544550667,48.93353385304401,6113100
2019-08-22,48.62272262573242,49.107215383469686,48.34848348175542,48.97923734875641,6744900
2019-08-23,47.15098190307617,48.74157137328812,46.84931633867766,48.50389832718013,11374500
2019-08-26,47.65373992919922,47.82742389157368,47.379500809135486,47.66287972210752,8582300
2019-08-27,47.891422271728516,48.101672421143874,47.73602135191119,47.93712821949007,13853100
2019-08-28,47.489200592041016,47.717733796538674,47.18753508827693,47.717733796538674,7499000
2019-08-29,47.68116760253906,48.27535532853607,47.61717858431046,48.12909421727927,6858000
2019-08-30,47.58976364135742,48.03768684355553,47.30638116547865,47.99198089251457,7920000
2019-09-03,47.434349060058594,47.53490422308826,47.12354377757589,47.48005500130668,10128000
2019-09-04,48.42162322998047,48.567884361747545,47.73602352098346,47.85485829313515,10558300
2019-09-05,49.21691131591797,49.66483793340317,49.02494426005573,49.11635614747395,10414500
2019-09-06,48.59531021118164,49.49116013402751,48.57702713269818,49.454593977060576,11636100
2019-09-09,49.8568115234375,49.98478957745164,48.86040647657545,49.01580740298106,17803800
2019-09-10,50.706947326660156,50.706947326660156,49.49114903375367,49.85680354712973,19976400
2019-09-11,51.456546783447266,51.456546783447266,50.42357552956374,50.524130716287885,16749400
2019-09-12,49.26262283325195,50.16761596450005,48.357633189144224,49.67398334745563,28184400
2019-09-13,49.134647369384766,50.02135747035446,48.7507131940003,49.3631806129633,14736700
2019-09-16,48.577003479003906,48.97008075714489,48.25705847918634,48.81467989641606,15204200
2019-09-17,48.330204010009766,48.631869531870244,47.85485449768246,48.61358645595686,11111400
2019-09-18,48.04681396484375,48.302769994291204,47.40692040408575,48.28448692259648,8911800
2019-09-19,48.78727340698242,49.0615125880444,47.89142355570507,47.89142355570507,14855000
2019-09-20,48.878684997558594,49.591707510394635,48.832975564979776,49.0980749305204,59517000
2019-09-23,49.381465911865234,49.51858377189497,48.50389905396834,48.604450756467195,13863100
2019-09-24,48.76898956298828,49.811104014059495,48.558739411242605,49.4911554019019,15354800
2019-09-25,49.21691131591797,49.317466484361994,48.34848443688502,48.73242203574947,11607200
2019-09-26,49.32661056518555,49.66484224973635,48.87868739591167,49.46373189536996,13324300
2019-09-27,49.44544219970703,49.91164838307143,49.015798677309,49.53685408283266,12391100
2019-09-30,50.30473709106445,50.53327033750707,49.408887183466256,49.59171447804847,17445100
2019-10-01,49.18035125732422,50.8623559989798,49.1346453079542,50.3138776322588,16443200
2019-10-02,48.586158752441406,48.96095305353173,48.156515229067196,48.90610383124785,15923700
2019-10-03,49.235198974609375,49.25348205122316,48.394194886076704,48.50389334575942,11268500
2019-10-04,50.40528869628906,50.4418548500357,49.21691659664602,49.36317772449224,13659500
2019-10-07,50.094478607177734,50.60639424960251,50.048772662904454,50.34129489082146,12352100
2019-10-08,49.40887451171875,50.01220198810803,49.152918457232296,49.628267906378355,14771500
2019-10-09,50.06998825073242,50.49236749651164,49.638431949184834,49.72107098610978,12803100
2019-10-10,50.951473236083984,51.05247339143286,49.90471091857967,49.99653401802378,13789000
2019-10-11,52.236968994140625,52.64098365639543,51.15348085886461,51.34630412801712,18675200
2019-10-14,51.842132568359375,52.53079002597104,51.79622277172386,52.18187276938673,11079600
2019-10-15,51.74114227294922,52.17270217867004,51.74114227294922,51.99824350533522,9150100
2019-10-16,51.3095817565918,51.42894654855469,51.0065707400085,51.226942706859404,8912300
2019-10-17,50.55664825439453,51.640136428766226,50.49237382902447,51.42894502804348,9917700
2019-10-18,50.088356018066406,50.74028429328087,49.748619290555006,50.4556414280794,12562900
2019-10-21,50.62092208862305,50.77701611907222,50.33627570624149,50.55664766400357,8256600
2019-10-22,49.68434143066406,50.89637829605401,49.60170239426506,50.70355504535402,7777100
2019-10-23,49.702701568603516,50.161806506603234,49.46396503933575,49.58333330396963,10491000
2019-10-24,49.82206726074219,50.1801720613298,49.528240375151924,50.014894000348676,6449200
2019-10-25,49.73943328857422,49.96898578520458,49.59251983083851,49.620068512265476,6307000
2019-10-28,50.17099380493164,50.20772304555265,49.83125708592028,49.904712064469116,7280200
2019-10-29,50.31790542602539,50.78619447009824,50.097536995738324,50.24445045016072,8333900
2019-10-30,50.36381149291992,50.66682244048446,49.99652963541802,50.66682244048446,6284900
2019-10-31,50.03325271606445,50.36380529633833,49.80370026985928,50.24444054625013,8260600
2019-11-01,50.50155258178711,50.63928548990569,50.088357360124725,50.327093933837816,7313600
2019-11-04,50.91474914550781,51.190211466312505,50.740286990266526,50.740286990266526,8757000
2019-11-05,51.11674118041992,51.27283867788424,50.96982774305549,51.199380207855704,10759300
2019-11-06,51.144309997558594,51.3187686785355,51.05248687386495,51.15349055858095,10572100
2019-11-07,51.40139389038086,51.99823177416544,51.291209674327405,51.383029270589766,9677700
2019-11-08,51.86968994140625,51.86968994140625,51.208577550440594,51.40140083024106,5869600
2019-11-11,51.814598083496094,51.9798761876455,51.585045550254556,51.603410173237116,5018000
2019-11-12,51.96149444580078,52.20022746053549,51.805396953222576,51.90640059500391,6184900
2019-11-13,51.612579345703125,51.93395492294994,51.57585010784185,51.612579345703125,6802300
2019-11-14,51.50239562988281,51.72276755647591,51.08920045670384,51.245297967768316,9056100
2019-11-15,51.8054084777832,51.93396082490681,51.66767907419072,51.78704735945885,7216900
2019-11-18,51.594215393066406,51.9339555936313,51.383027526676116,51.9339555936313,6923300
2019-11-19,51.66768264770508,52.29206579471672,51.658498585214396,51.851325367889714,7199500
2019-11-20,51.64012145996094,51.98903866720328,51.24529095988292,51.62175684336516,9117000
2019-11-21,51.63094711303711,51.96150326855977,51.52994345410595,51.62176655435842,8067100
2019-11-22,51.777862548828125,52.39306508459648,51.649313706256805,51.805407728609616,6346900
2019-11-25,51.933956146240234,52.04414035972651,51.67685497784825,51.84213304942417,7977700
2019-11-26,51.8880500793457,52.209425708960126,51.80541103203839,52.10842203972969,12076900
2019-11-27,51.9798698425293,52.25533214825508,51.768681958049754,52.246151589231296,5790000
2019-11-29,51.54829788208008,51.86967341538201,51.502388092377636,51.72275998671875,6479400
2019-12-02,50.89638137817383,51.84213657213965,50.850471577992685,51.63094868915181,14314000
2019-12-03,50.12507629394531,50.49236163826353,50.005708031638,50.15262146882676,11963700
2019-12-04,49.959808349609375,50.40973281231552,49.74862045983085,50.40973281231552,11436800
2019-12-05,50.20772171020508,50.345454607524054,49.85880093897194,50.04244363449954,10557400
2019-12-06,50.345458984375,50.62092130026756,50.14345165146354,50.52909819317445,9088600
2019-12-09,50.786190032958984,50.94228403221679,50.28117179373022,50.35463026586995,11996700
2019-12-10,51.254486083984375,51.33712513080616,50.712741999862345,50.86883953394503,10719700
2019-12-11,51.704402923583984,51.87886155101617,51.09838450398072,51.236113893208355,12159600
2019-12-12,51.851322174072266,52.02578082102032,51.19939038243831,51.695224645587516,15413200
2019-12-13,50.0516242980957,50.86883411977378,49.968985260069516,50.50154872794783,21427700
2019-12-16,49.574161529541016,50.48318750632637,49.30787977767729,50.13426671087368,19951000
2019-12-17,48.51821517944336,49.638432468889356,48.50903462088582,49.48233495186656,19778400
2019-12-18,49.02323532104492,49.225242658312986,48.61922414920225,48.72022781783629,14123100
2019-12-19,48.88550567626953,49.21605835926305,48.70186296169972,48.94059603875506,11910100
2019-12-20,49.216041564941406,49.537417081446804,48.98648912573423,49.50068785052751,27423700
2019-12-23,49.31706619262695,49.647622406232,49.22524657893388,49.261975825488605,10591500
2019-12-24,49.06915283203125,49.546622566133735,48.99569783592764,49.381344446533106,3331700
2019-12-26,49.18851089477539,49.27114993736117,48.92222914614417,49.07832667222544,6702000
2019-12-27,49.08750534057617,49.399696878020514,48.97732112227027,49.27114803954811,7262000
2019-12-30,48.38966751098633,49.1150542487912,48.31620902998136,49.03241520900719,5936100
2019-12-31,48.646759033203125,48.66512365113045,48.2519285044974,48.27029312242473,7094500
2020-01-02,49.53742980957031,49.54661036831286,48.87631749392625,48.91304673428273,13899600
2020-01-03,49.36296081542969,49.6292425170026,48.61921306628882,48.655942301545636,11026700
2020-01-06,49.62007141113281,49.76698487745139,48.98650424169562,48.995688303605526,10982400
2020-01-07,49.73025894165039,49.88635648025745,49.22524408652132,49.48234179399934,12015400
2020-01-08,49.92393112182617,50.35740826318715,49.5273431817863,49.748692462846506,11856700
2020-01-09,50.15451431274414,50.54187738302633,49.83170823589163,50.03461471172555,10671000
2020-01-10,50.21906661987305,50.40352670246901,50.0069387562869,50.31129490202931,9734800
2020-01-13,50.33897018432617,50.53265170314925,50.13606372558749,50.22829201504123,10858900
2020-01-14,50.615657806396484,50.89234618886189,50.26518397885568,50.283630340124525,12627200
2020-01-15,50.50498580932617,50.89235240673193,50.43120387351999,50.615663990461584,9090800
2020-01-16,51.122920989990234,51.141367351462115,50.66177250804429,50.70788665258214,9866000
2020-01-17,50.84623718261719,51.36272127719872,50.5879916170424,51.307385706084425,11166600
2020-01-21,50.929237365722656,51.05835837240218,50.65254547337104,50.70788455549808,8773000
2020-01-22,50.46809005737305,51.32582649940437,50.357411890587066,51.10447368411605,6380500
2020-01-23,50.707889556884766,50.72633591941317,50.06228094152636,50.18218053881901,6583200
2020-01-24,49.86860275268555,50.91079943650286,49.693367574354056,50.78167840843922,6426000
2020-01-27,48.5958251953125,49.361333355209794,48.54048962982457,49.04775225040473,8259100
2020-01-28,49.30600357055664,49.50891006437036,48.56816657253083,48.752626701608364,8620300
2020-01-29,49.06621170043945,49.74870965759893,49.04776533426155,49.60114224646029,6332500
2020-01-30,49.16764831542969,49.18609467536478,48.21768012933137,48.71572129272854,7176200
2020-01-31,48.374481201171875,49.33367098202174,48.226913813216825,49.1953250165646,8884700
2020-02-03,48.96474075317383,49.25987546881008,48.59582059948685,48.63271331851221,8892500
2020-02-04,49.84092712402344,50.32052195157296,49.57346016895636,49.57346016895636,9769800
2020-02-05,50.48654556274414,50.75400905187809,50.33897816525206,50.42198152794984,9612900
2020-02-06,50.45886993408203,51.049139473481965,50.45886993408203,50.72633691858637,8832000
2020-02-07,50.46809005737305,50.69866429408504,49.979270283110736,50.05305572763472,7864800
2020-02-10,50.71712112426758,50.79090306573803,50.21907982577567,50.46810047502163,7198200
2020-02-11,50.864681243896484,51.22437651299767,50.8277885193005,50.88312408791061,8466600
2020-02-12,51.39961624145508,51.54718363465847,50.95691406184492,51.233602484315746,7541100
2020-02-13,51.01224899291992,51.31660517732825,50.73555707473285,51.01224899291992,8480100
2020-02-14,51.15981674194336,51.50106565366818,50.94768884988285,51.07680986954717,7496800
2020-02-18,51.1413688659668,51.42727868153867,50.8185628080748,51.11369756379766,7185700
2020-02-19,51.13214111328125,51.43650079241372,51.086026969914286,51.270487061665754,6819200
2020-02-20,51.19670104980469,51.52872850761793,50.61565651691509,51.09525134283604,6114600
2020-02-21,50.43119430541992,51.0399101130392,50.20984150342953,50.80011446930942,9078600
2020-02-24,48.55894470214844,49.370563633360845,48.42982015018418,48.973975590895655,10992500
2020-02-25,47.00025177001953,49.084644849139096,46.85268439861773,48.946298899200805,12202600
2020-02-26,48.005558013916016,49.010861881874156,47.258499697678495,47.323060206037695,16413100
2020-02-27,46.8342399597168,49.30599617086287,46.815793597748986,46.92647176955586,16161100
2020-02-28,45.61680221557617,46.01339015000658,44.178021354185226,45.41389929718813,24426000
2020-03-02,46.94491958618164,46.94491958618164,44.88819414158736,45.86583024647213,17328500
2020-03-03,45.054203033447266,47.811872366095386,44.500826290004156,46.68666900037305,21830500
2020-03-04,46.612892150878906,46.65900629813871,45.035765093919615,45.97650495652824,14813700
2020-03-05,44.2702522277832,45.819711337218294,44.03967799743016,45.40467701892612,15843000
2020-03-06,43.689205169677734,44.54694160744106,42.84991509295361,42.951368319527454,24581400
2020-03-09,42.43487548828125,43.87365980586664,41.18977617838001,41.457243102762206,25949300
2020-03-10,44.805179595947266,45.109535706114166,42.573219542163535,43.76298324164103,27067700
2020-03-11,41.245121002197266,43.790659052960955,40.83008666830001,43.172721781156795,24139200
2020-03-12,36.707427978515625,40.02770002053718,36.62442108950797,37.92486000510481,24123800
2020-03-13,44.205692291259766,44.26103137383576,40.04613115214583,40.99609938580736,28339400
2020-03-16,39.4005241394043,43.87366263414465,38.05396801045768,39.20683911923441,27493700
2020-03-17,43.21883773803711,44.00278877628152,38.422892661555316,40.23059392692433,25588900
2020-03-18,43.59698486328125,44.08580120630645,39.25296631444924,40.276713152397136,29557000
2020-03-19,41.56792449951172,44.242587141900124,41.38346440033256,42.85914167548207,20159100
2020-03-20,42.10285949707031,43.071270644327996,41.05143796071905,41.52181140140217,26340800
2020-03-23,40.75630569458008,42.8775917409492,40.47961728105317,41.50336757755839,23063700
2020-03-24,44.1226921081543,44.279480921770514,41.78005669860611,41.807728003226245,19323700
2020-03-25,42.370323181152344,44.95275761209761,41.94606740285963,43.440187567181376,25625800
2020-03-26,46.55754470825195,46.79734386022427,42.600890365258316,42.77612901899577,22417900
2020-03-27,45.95805740356445,47.590519862666085,44.78673988809768,45.27555613188045,20025300
2020-03-30,46.4468879699707,47.581313113913666,45.73671869743054,46.48378070268868,20611900
2020-03-31,44.57461929321289,47.20316454786167,44.27025956989349,47.14782545681701,15802000
2020-04-01,44.92508316040039,45.18332869636314,42.46255201623082,42.9329219081869,17918200
2020-04-02,45.93039321899414,46.01340009573029,44.36248750191349,44.43627295602745,16434400
2020-04-03,45.56147384643555,46.16096479387471,45.14643948695681,45.46924203417144,13362500
2020-04-06,47.489078521728516,47.84877382246078,46.437656887985675,46.48377455692811,13845800
2020-04-07,46.81580352783203,48.26381334402984,46.76968937227314,48.09779956939021,14063000
2020-04-08,48.30775451660156,48.817427019648754,47.149406311949676,47.24207275432256,15710700
2020-04-09,49.28075408935547,49.68849128375314,48.21507259116062,48.40967772791609,15521200
2020-04-13,49.08615493774414,49.243688565602945,48.55794854375084,48.83595135085297,12694800
2020-04-14,50.0406379699707,50.1333044040641,49.530965512461314,49.771900362102855,11674600
2020-04-15,49.26222229003906,49.530959867278135,48.93788627267982,49.30855550180503,10398100
2020-04-16,49.76263427734375,49.92016791959431,49.17882585459619,49.252961828594906,14098300
2020-04-17,50.615177154541016,50.70784712274649,50.01283826869568,50.522510721333376,13608800
2020-04-20,49.95723342895508,50.57810980790951,49.855298237261245,50.08696784202082,10358900
2020-04-21,47.54786682128906,49.42902271725501,47.37179567457483,49.32708753441989,14111700
2020-04-22,48.43748474121094,48.72475634360305,47.97414549960953,48.2150803498432,9668300
2020-04-23,48.15947341918945,49.10468572974183,47.677600268613894,48.400408226978605,10330200
2020-04-24,49.12322998046875,49.160297972075924,48.15021817826898,48.567224246354094,9403500
2020-04-27,49.45682907104492,49.70703268273628,49.16956100706427,49.44756384172206,9123200
2020-04-28,49.29930114746094,50.179646505183115,49.234433929681245,49.947976860256134,8350500
2020-04-29,49.9294319152832,50.30010114488223,49.75336076135101,49.99429911883797,9064100
2020-04-30,49.08615493774414,49.66995977215939,48.92861777488786,49.54949412791353,11808800
2020-05-01,47.992679595947266,48.595018490316484,47.54787434725991,48.539420043604245,8702400
2020-05-04,47.95561218261719,47.992680170867985,47.35326974603442,47.91854419436638,7567900
2020-05-05,48.23360824584961,48.98421899494836,48.178009806285026,48.3911454062766,7271800
2020-05-06,48.05754852294922,48.6506222090407,47.90928010142635,48.585754995561814,7050000
2020-05-07,48.743289947509766,49.03982679846815,48.437487866520605,48.55795706690935,7154700
2020-05-08,49.64216613769531,49.83676777106368,48.900824057007824,49.29002732374455,8130800
2020-05-11,49.605098724365234,49.88310510096566,49.169562235353894,49.23442944722788,8138600
2020-05-12,48.43748474121094,49.88310444760656,48.41895074734713,49.85530168931192,8598800
2020-05-13,47.862945556640625,48.64135563182212,47.52007196918119,48.58575364966705,10274300
2020-05-14,49.03055191040039,49.141752323856,47.13086197846223,47.39033078819113,13794000
2020-05-15,49.03981399536133,50.03136302969425,48.669144795935146,48.83594717292594,39055700
2020-05-18,49.252960205078125,49.99430224563952,49.178824233523144,49.95723425986202,9901900
2020-05-19,48.502349853515625,49.34562709534127,48.4838158604538,49.280759887123736,9805100
2020-05-20,49.02129364013672,49.36416369237267,48.78962401713985,49.19736128101509,9115900
2020-05-21,48.39114761352539,49.058353663715444,48.298477651695116,48.891551267418535,7464000
2020-05-22,48.761817932128906,48.780351924904046,48.26141426719081,48.50234910327229,7211700
2020-05-26,48.91008758544922,49.74409960659087,48.78962193183813,49.716300384218734,11200600
2020-05-27,49.29930114746094,49.345634369446685,48.71549265244544,49.113964724519704,9228100
2020-05-28,49.68850326538086,50.17964530467468,49.317833963364606,49.81823769783646,9465400
2020-05-29,49.82749557495117,49.98502919851002,49.1046875892155,49.68849240769552,14734800
2020-06-01,49.169559478759766,49.47536152687895,48.919355874845316,49.37342633250665,7363200
2020-06-02,49.3734245300293,49.38269329372353,48.78035091351205,49.336360080245164,8756300
2020-06-03,49.568031311035156,49.6884969630369,49.10469209103482,49.41976290203496,9188700
2020-06-04,48.97495651245117,49.75336658115891,48.771089649573874,49.32709532650888,9696000
2020-06-05,50.02210998535156,50.2908476255031,48.87303051056299,49.1973666038505,12210100
2020-06-08,51.05997848510742,51.07851247732858,49.37342407795489,49.43829128323017,11519500
2020-06-09,50.20743179321289,51.0229097067693,49.92942900347695,50.9673077348232,8852500
2020-06-10,50.14257049560547,50.652242925946595,49.94796887338393,50.503974518301945,7436700
2020-06-11,47.54786682128906,49.63289308292524,47.47373085740995,49.34562152538967,12805700
2020-06-12,48.05754852294922,49.113961468174416,47.242070437074425,48.604288990126925,11537200
2020-06-15,49.34562683105469,49.512429232720045,47.1771991444028,47.223532359310354,16038100
2020-06-16,50.58737564086914,50.96731365581256,49.836764839884374,50.46690645515605,19380200
2020-06-17,47.74247741699219,49.79970484718221,47.723943422531256,49.14176041631195,28692600
2020-06-18,49.75336456298828,50.040636154250755,47.557137632684416,47.816606466729404,19259500
2020-06-19,50.41130828857422,50.466906732287356,49.09542307239938,50.23523712348876,33051200
2020-06-22,51.07851028442383,51.32871386617142,49.929431096024615,50.12403270349583,16705900
2020-06-23,51.14337921142578,51.86619076140166,51.08778077027208,51.24531440020427,18695000
2020-06-24,50.4483757019043,51.597458584422846,50.34644403744516,51.078517357640614,18287400
2020-06-25,50.531776428222656,50.58737840967142,49.61436671180408,50.411310770913786,16008700
2020-06-26,50.20743179321289,50.58736976401805,49.69775942286412,50.36496541123093,17969400
2020-06-29,50.744903564453125,50.930239936609084,49.9016264293909,50.25376518298751,14366900
2020-06-30,51.2175178527832,51.37505149093742,50.503975029089915,50.78197785436059,18885900
2020-07-01,51.4213981628418,51.782802258927084,50.67078720828115,50.6800524390789,17856800
2020-07-02,51.83839797973633,52.292472034843165,51.56966388079372,51.69939831511047,15478900
2020-07-06,52.44999694824219,52.66313609478772,52.04225971767197,52.079327702723155,15309700
2020-07-07,52.181270599365234,52.774344307768914,52.09786938818359,52.21833505489186,13232100
2020-07-08,52.50560760498047,52.52414160056973,51.88473466023222,52.47780837909568,12582200
2020-07-09,53.31180953979492,53.56201314287816,52.653868695574765,52.81140586862616,15692600
2020-07-10,53.18207931518555,53.30254851171964,52.53340364884548,53.256215293052065,12615800
2020-07-13,52.82994079589844,53.59908566322155,52.79287634174878,53.191348387591205,15965600
2020-07-14,53.23009490966797,53.313848696385435,52.560064615928255,52.73687658791303,15510300
2020-07-15,52.690345764160156,53.825674046820104,52.46700470687951,53.43482187166582,10570800
2020-07-16,51.94587707519531,52.56937834486052,51.72253598601868,52.50423334807951,8779300
2020-07-17,51.089725494384766,52.22505028207753,50.959439063063186,52.187829137356495,14344800
2020-07-20,51.55501937866211,51.666689903722435,50.89429352636204,51.07110903681138,11469300
2020-07-21,52.029624938964844,52.42978152388696,51.722530088874734,51.92725880562074,11875100
2020-07-22,52.122684478759766,52.280887657115485,51.83420196813709,51.83420196813709,13842400
2020-07-23,51.890045166015625,52.44840504413051,51.74114990850691,52.113389827250174,12576000
2020-07-24,51.78767395019531,52.15060585815755,51.42473849229071,51.620166369606224,8939700
2020-07-27,51.49919128417969,52.066855505888086,51.48057893511387,51.7969817693476,10319600
2020-07-28,51.50849533081055,51.87143081019334,51.36890803868724,51.415437136061676,13030100
2020-07-29,51.83419418334961,52.02031407995685,51.50848347680149,51.703911320707064,7242700
2020-07-30,51.415428161621094,51.629464812137975,51.08041303909312,51.182779165414665,7633200
2020-07-31,51.60154724121094,51.620159586602064,50.559280748901266,51.18277834476538,9355800
2020-08-03,52.09476852416992,52.19713466173051,51.63877842950849,51.9086485967818,9164900
2020-08-04,52.113380432128906,52.12268483094574,51.675999138949145,51.90864815873543,6364300
2020-08-05,51.64808654785156,52.41117511014873,51.53641600335365,52.41117511014873,6629000
2020-08-06,51.4433479309082,51.74113837957211,51.12694513546003,51.638775797171895,8169600
2020-08-07,51.39682388305664,51.40613183233335,50.95944256555678,51.192091598279255,8772300
2020-08-10,51.1269416809082,51.75974722904705,51.071108194270145,51.406123313866225,10046900
2020-08-11,50.503448486328125,51.610856517208305,50.38247000482185,51.40612779843872,8075100
2020-08-12,50.41038513183594,50.903603440627265,50.22426876619315,50.73609587159506,9068200
2020-08-13,50.27079391479492,50.438301470689275,49.95439114809913,50.16842779175483,8260300
2020-08-14,50.43830871582031,50.77332387573175,50.03815211369748,50.280105534776645,5454400
2020-08-17,50.24288558959961,50.61512190399514,49.93578716902942,50.438309920902945,9523700
2020-08-18,51.35028839111328,52.97883141734482,51.061802348487404,51.7597493597295,21102600
2020-08-19,52.299495697021484,52.857851874771015,51.6108530978512,51.722527173354706,16751500
2020-08-20,51.424739837646484,51.93657054169368,51.26654020180823,51.7318382600748,10974800
2020-08-21,51.35960006713867,51.60155705328971,50.93152669157,51.536415607005026,9552000
2020-08-24,52.122684478759766,52.215746216010864,51.592245001226516,51.890035460545455,7892100
2020-08-25,52.1971321105957,52.81132535599817,52.131990671685,52.25296915106581,7427000
2020-08-26,53.499961853027344,53.499961853027344,52.16920938228291,52.42977510804262,11597600
2020-08-27,53.21148681640625,54.393344323479475,52.6531305602824,53.46274819664473,15834700
2020-08-28,53.86290740966797,54.123473201751125,53.23940612868554,53.35108022524347,8613800
2020-08-31,53.24870300292969,53.751222133148445,53.08119544287612,53.164949222902905,18683500
2020-09-01,53.658172607421875,53.98387983229914,53.11842869906206,53.38829887827071,10169500
2020-09-02,54.933082580566406,55.202956281575034,53.71400405177251,53.71400405177251,14342800
2020-09-03,53.13703155517578,54.89586102264447,52.71826618429201,54.64459967014894,15387400
2020-09-04,51.862125396728516,53.29524438557089,51.331685850848615,52.93231243838388,14697200
2020-09-08,51.48058319091797,51.91796455526573,51.061814177174675,51.50849994185322,16472800
2020-09-09,52.99745559692383,53.41622460716035,51.9831055721033,52.26228372894669,13993200
2020-09-10,53.35107421875,54.14207945562921,52.81132679598177,53.45343680415634,20500900
2020-09-11,53.04397964477539,57.56667742458389,52.92300115335603,56.49649045037018,40220600
2020-09-14,55.33324432373047,57.23166125641733,55.23087818276072,56.63608030889419,50107400
2020-09-15,56.71052551269531,57.39916819421542,55.268102256068346,55.84507084873064,30385600
2020-09-16,56.23591995239258,57.129291314235026,55.51005616463837,56.87802995310267,21223300
2020-09-17,56.003273010253906,56.40342961316407,54.90516933946914,55.29601799350658,22831200
2020-09-18,55.60311508178711,56.10563781066305,55.30532462392188,55.81715175150636,49311700
2020-09-21,56.598854064941406,58.25531397370018,55.86368229984014,58.125031088733856,32560400
2020-09-22,56.41273498535156,56.533713473187525,55.333243643746,56.18939390774623,13306000
2020-09-23,54.86794662475586,56.291761108584716,54.81211312927325,55.93813358744407,15513500
2020-09-24,55.184349060058594,55.74270886054732,54.24444854331915,54.66321750620008,9560500
2020-09-25,55.6496467590332,55.82646229218557,54.86794588335694,55.15643195590807,9371900
2020-09-28,55.44491958618164,56.338291026355904,55.34255344304744,55.863685008177825,9356300
2020-09-29,55.34254455566406,55.984654509559526,55.27740312048373,55.44491068235942,6340600
2020-09-30,55.55659103393555,56.198701101408865,55.24949259952922,55.38908344243075,11001500
2020-10-01,55.5379753112793,56.08702715009498,55.323938635123,55.993965410499385,7357700
2020-10-02,54.74696731567383,55.38907731207971,54.4491733137803,54.635293233735425,7329800
2020-10-05,55.42630386352539,55.52866645048603,54.98892256946449,55.31462977784453,6899200
2020-10-06,55.3797721862793,56.32898063148292,55.28671399652973,55.3797721862793,9743600
2020-10-07,56.613136291503906,56.90279052409146,55.72548944328011,55.84695780718033,8690900
2020-10-08,56.8934440612793,57.27653329789767,56.650510901311314,56.80000905305709,7202800
2020-10-09,57.13637924194336,57.351282606502174,56.865412735375585,57.13637924194336,7355700
2020-10-12,57.426025390625,57.771742726068126,57.061623906962474,57.22046768136113,8275000
2020-10-13,56.96819305419922,57.72502586324516,56.88410012382556,57.528810213812285,8896300
2020-10-14,56.95885467529297,57.491442114106164,56.85607401792245,57.32325623192122,6651100
2020-10-15,56.5477294921875,56.75329078468871,56.13661047150214,56.314138410460515,6251600
2020-10-16,56.33282470703125,57.09900315066858,56.30479135419392,56.72525600358439,6070800
2020-10-19,55.7067985534668,56.762631210200254,55.49189519224086,56.42625949199725,8311000
2020-10-20,55.82826614379883,56.37019914108773,55.7161434273765,55.98710636170406,9241200
2020-10-21,55.75351333618164,56.17397796342699,55.333052273253045,55.44517498574622,10114900
2020-10-22,55.77220153808594,55.94038739045901,54.83783727570966,55.53861047249187,11900600
2020-10-23,55.96842575073242,56.211358912391184,55.79089424383072,55.96842575073242,9739300
2020-10-26,53.71659469604492,54.64161317657102,52.81960243415299,54.28655381382872,18876900
2020-10-27,53.33351516723633,54.174440886227266,53.277452026910176,53.85675688634619,10806500
2020-10-28,51.94131851196289,52.88502501261599,51.88525536332627,52.57668660590816,13910600
2020-10-29,52.343082427978516,53.03450993357127,51.5208409415688,51.57690407620464,13573700
2020-10-30,52.42716979980469,52.92238162824228,51.8104896413351,52.09079815621834,12602300
2020-11-02,52.744850158691406,53.69790189614793,52.436508318198456,52.735504522382946,11413200
2020-11-03,53.0718994140625,53.72595523412402,52.8569960208441,53.25877301469686,8911200
2020-11-04,52.78224563598633,54.277227225099196,52.65143162816135,54.193134287941774,12054900
2020-11-05,52.94108581542969,53.866108123200206,52.71683679513715,53.688576609209406,9017100
2020-11-06,53.0718994140625,53.24008529820168,52.46456466739767,53.04386962147846,7510400
2020-11-09,53.10927200317383,55.20224980243308,53.04386678110172,54.37066250235563,11486600
2020-11-10,52.9504280090332,53.48301898787592,52.51127917163685,53.17467702982578,9015900
2020-11-11,53.445640563964844,53.84741751232653,53.07189340501353,53.314830127627005,7724400
2020-11-12,52.744850158691406,53.71658960444895,52.41782060989743,53.50168274114518,7324000
2020-11-13,53.1746711730957,53.3428570290866,52.8382994611139,53.14664138520284,5870300
2020-11-16,53.398921966552734,53.82872869552225,53.14664317407489,53.2774536077337,6309200
2020-11-17,53.370880126953125,53.6231588793164,53.08122951685622,53.25875742511937,5569700
2020-11-18,52.55799102783203,53.52973073960489,52.54864895328207,53.37088695772044,8998800
2020-11-19,52.744850158691406,52.77287993898498,51.91326674303355,52.40847853790488,9643100
2020-11-20,52.04408264160156,52.735510100293,52.025394931323916,52.6607628234987,8395800
2020-11-23,52.399147033691406,52.85698350429645,52.109492843082464,52.18424012704555,8235900
2020-11-24,53.79136276245117,54.099704751345286,52.660782598474654,52.88502807738163,10427200
2020-11-25,53.64186096191406,53.968887081676925,53.501704873834335,53.93151521393073,6848900
2020-11-27,53.968875885009766,54.07165651970251,53.39891670371513,53.6325077591744,5627000
2020-11-30,53.93150329589844,54.379997688598884,53.445633479393805,53.828722662595226,26676900
2020-12-01,54.88455581665039,55.38910978625306,54.20246679987987,54.37999828273109,11855300
2020-12-02,55.202239990234375,55.379767909400606,54.32393533969798,54.46409139883534,9330400
2020-12-03,55.37977600097656,56.04317384061407,55.18356034096837,55.33305849587706,9783900
2020-12-04,56.024478912353516,56.5757539559101,55.37976887062803,55.41714429562227,10872700
2020-12-07,55.87498092651367,56.24872804882482,55.7161407163373,56.02447906257479,14922900
2020-12-08,55.155521392822266,55.79088937782725,54.39868861974045,55.11814953112305,15237800
2020-12-09,55.809574127197266,55.97775997102139,54.94061512221147,55.02470804412353,12204100
2020-12-10,55.575992584228516,55.88433453877836,55.16487354247928,55.60402237489042,14219900
2020-12-11,56.6318244934082,56.99622602392617,55.51992862259813,56.9401628791091,16209900
2020-12-14,56.77198028564453,57.612909684849924,56.7065750617416,56.83738907386485,16193600
2020-12-15,57.79978942871094,58.108127865005095,56.90280035035988,57.080328324934236,15506700
2020-12-16,58.65939712524414,59.042486394729245,57.79043792982131,57.80912564593246,16119900
2020-12-17,59.43491744995117,59.84604004909954,58.612675815971585,58.8556125453442,15320500
2020-12-18,60.78974533081055,61.04202770980002,59.26673393143322,59.31345143837608,33728700
2020-12-21,60.24781036376953,60.9112081300967,59.68718967157676,59.696531745837426,18210200
2020-12-22,60.87383270263672,61.66804089449057,60.201089297751814,60.322554084720764,17136000
2020-12-23,61.013980865478516,61.854902884052095,60.87382481950538,60.9766054446435,13075200
2020-12-24,60.69629669189453,61.28494356300688,60.52811085320057,60.78039317555802,3796500
2020-12-28,60.61221694946289,61.37839541865985,60.50009066300694,61.116774545563445,6463500
2020-12-29,60.2291259765625,60.985958829341776,60.004880525486115,60.96727467868306,7770200
2020-12-30,60.173057556152344,60.64958530723981,60.12633649341763,60.546804672130094,6192000
2020-12-31,60.444026947021484,60.51877067090883,59.80865895786031,60.11699374940053,6928600
2021-01-04,59.56572341918945,60.45336664221797,59.023790420738834,60.444028131945025,11249900
2021-01-05,58.827579498291016,59.60310363123432,58.37908503131739,59.500322980910056,11005700
2021-01-06,58.68688201904297,59.418473781211055,58.067842009987885,58.4055008472826,8685400
2021-01-07,59.155853271484375,59.78427469573906,58.94950540412376,58.94950540412376,7382800
2021-01-08,59.446624755859375,59.596694978797366,59.00579191062311,59.25903608269779,7751700
2021-01-11,59.11833572387695,59.624823999834724,58.94012847624256,59.04330241148832,6284700
2021-01-12,58.54619216918945,59.1089581149371,58.321088653255096,59.09019889228326,7758200
2021-01-13,58.208534240722656,58.705641095533664,58.12411953160799,58.452396968189646,8298000
2021-01-14,57.77708435058594,58.31170969577166,57.69266963408524,58.217917156529126,10258600
2021-01-15,57.945919036865234,58.15226693545319,57.41129364321128,57.777089588558056,7532600
2021-01-19,57.4863166809082,58.42425624400494,57.308105874028314,58.24604543712505,8903400
2021-01-20,57.739566802978516,58.1803960105145,57.355011685194945,57.56135597754691,7025000
2021-01-21,57.41128921508789,58.01157006145547,57.13928583846631,57.823984980432655,6943600
2021-01-22,56.61404037475586,57.355013590055805,56.03251876761376,57.15804353551305,9896700
2021-01-25,57.12052917480469,57.16742544422467,56.060656311724244,56.63280010133365,8524700
2021-01-26,57.96466827392578,58.1897753588652,57.064247090079554,57.27059495311104,8186500
2021-01-27,58.66812515258789,59.25902814157705,57.561356065001284,57.5894966878761,14789000
2021-01-28,57.42066955566406,59.315308178250575,57.37376970831827,58.66812749562114,11166400
2021-01-29,56.67970275878906,57.68329806490124,56.473354856537675,57.36439838776564,11451800
2021-02-01,57.69266128540039,58.16163106966068,56.97045096624039,57.13927679685503,10553500
2021-02-02,58.49930191040039,59.015168063523674,57.96467653269637,58.0397134310193,10528000
2021-02-03,58.311702728271484,58.85570940915326,58.133495493821734,58.3210841278484,9933500
2021-02-04,59.41848373413086,59.45600218410498,58.386751405536835,58.602477125953534,9928700
2021-02-05,59.6529655456543,60.09379836480015,59.35282511754192,59.55917300360273,9170200
2021-02-08,59.1933708190918,59.90620336596747,58.94012668879293,59.83117005585434,7003400
2021-02-09,59.71862030029297,59.88744973625756,59.005787686852784,59.16523929991093,5437400
2021-02-10,59.343441009521484,59.934343980141655,59.02454139118188,59.87806631409734,9577500
2021-02-11,58.80882263183594,60.000006535411266,58.414886079036805,59.6154513837024,7690800
2021-02-12,59.16524124145508,59.20275611226799,58.44302720345246,58.45240502666664,6663400
2021-02-16,58.2835693359375,59.334060743144626,58.246050891191146,59.19337194227953,7526000
2021-02-17,58.23667907714844,58.292956750074026,57.55198349068997,57.992816317049936,6244500
2021-02-18,58.217918395996094,58.349229384913684,57.83336325218482,57.97405564200001,6262400
2021-02-19,57.33625030517578,58.48991561511634,57.28935403949476,58.39611950579857,10905100
2021-02-22,60.45022201538086,60.9379547571598,58.41489420627238,58.949519648202106,20940300
2021-02-23,60.49711608886719,61.17243387852615,60.075046048286666,60.42207918870227,18175400
2021-02-24,60.6847038269043,61.10678104178394,60.10318571507581,60.48773732232565,10609300
2021-02-25,61.24747085571289,62.24168473845405,60.57215306520469,60.62842716244281,15356100
2021-02-26,60.50649642944336,62.166646669985305,60.49711502810908,61.47257324541135,20512600
2021-03-01,62.0634651184082,62.58871619008119,60.750348173093215,60.919177596861026,11758900
2021-03-02,62.523067474365234,63.235896535580245,61.904023801512146,62.044716195879886,13282000
2021-03-03,62.75755310058594,63.34845257630949,62.09160957034331,62.13850942095054,15827600
2021-03-04,61.5382194519043,63.132713954195,61.25683470165937,62.5418145657744,19951100
2021-03-05,65.62763977050781,67.26903419089845,63.13271681667638,63.13271681667638,34211500
2021-03-08,67.68173217773438,68.41332399869005,65.74957152997408,66.09661179505574,23300500
2021-03-09,68.13192749023438,68.67593413987171,67.53164675818999,67.90682400469542,17296400
2021-03-10,67.64421844482422,69.05112809267563,67.06269321425047,68.93857274471901,21378600
2021-03-11,63.226497650146484,63.87367096256679,61.369374511243414,63.451601099861826,38095400
2021-03-12,62.992027282714844,63.65796354330258,62.32608386621581,62.80443506823931,11606300
2021-03-15,63.52665710449219,63.57354979452394,62.74816545966468,62.79505814969644,8919600
2021-03-16,62.70125961303711,63.845547047795115,62.541811601547515,63.77989156330463,14512500
2021-03-17,62.11036682128906,62.701266244195764,62.054092730320384,62.654373553692494,11892400
2021-03-18,62.59809494018555,62.85134267202194,61.9884326907008,62.34485436426133,13750300
2021-03-19,62.14788818359375,62.68251354061964,61.866503403722355,62.644995092909305,30963600
2021-03-22,62.20417022705078,62.391755333664086,61.77271875710969,62.11037767374413,10263700
2021-03-23,63.0952033996582,63.723628466326616,62.21354490674648,62.21354490674648,12390100
2021-03-24,62.68251037597656,63.22651710644289,62.59809208391227,62.945132340777725,11391100
2021-03-25,64.37078857421875,64.46458825370533,62.61684620002897,62.804431247180425,14844700
2021-03-26,65.8902587890625,66.0028141204175,64.04251657914224,64.31451992964989,12617000
2021-03-29,66.71565246582031,67.84118446990257,65.81523115610199,65.85274960516264,15183700
2021-03-30,66.1716537475586,66.64062363335019,65.60888415987863,66.43427573865587,12000200
2021-03-31,65.81523132324219,66.68751558735833,65.57137213759734,66.31233825171147,9971700
2021-04-01,67.35344696044922,67.37220976159095,65.96530022426312,66.08722980803655,13228700
2021-04-05,69.55760955810547,70.25168291220662,67.58793052082395,67.7098672580512,25010200
2021-04-06,69.67017364501953,70.01721397925671,68.61968555161133,69.0511370408202,14699800
2021-04-07,69.77378845214844,69.87740880246434,69.18974713099276,69.33104826204847,12356800
2021-04-08,70.9135971069336,71.14909656979502,69.84914212207431,69.96217726464891,13507700
2021-04-09,71.19619750976562,71.29981784571495,70.55563869974846,70.97953484726983,13285700
2021-04-12,71.70488739013672,71.77082695994237,70.8382438038529,70.88534657666013,10634900
2021-04-13,72.22298431396484,72.54326736838479,71.49764902242813,71.74257051264641,13142400
2021-04-14,72.36428833007812,72.87296812837236,72.07227124076785,72.57152904644333,12730700
2021-04-15,73.7490005493164,73.99392196282326,72.37368477433063,72.53382265794693,13604200
2021-04-16,74.3707275390625,74.73810612638479,73.34395333010359,73.76784948874523,13334100
2021-04-19,74.18233489990234,75.55765097657411,73.79611230977176,74.23885247431222,19967200
2021-04-20,74.6438980102539,74.81345788889568,74.08812280001672,74.13521837432857,12562300
2021-04-21,72.21355438232422,74.73810157240499,72.09109006943001,74.2200070975088,18672800
2021-04-22,70.52737426757812,72.04399122299125,70.41433195008315,71.69544946753614,16769300
2021-04-23,70.62159729003906,70.64985608257209,69.56655685193098,69.9810383074154,10664700
2021-04-26,70.17884063720703,70.68752034451897,69.89623840418707,70.62158078173076,9402200
2021-04-27,70.85707092285156,71.05488958518518,69.91507318590725,70.0752110763384,9300200
2021-04-28,70.43318939208984,70.90418840609489,70.32957622093338,70.80057523493842,6107800
2021-04-29,71.46937561035156,71.49763439442702,70.3107151551476,71.00779151420949,7940400
2021-04-30,71.39402770996094,71.51648485998902,70.82883035978438,71.17736501250823,7825300
2021-05-03,72.84469604492188,72.98599716092076,71.66719872305339,71.85559541980302,15319600
2021-05-04,73.97508239746094,74.13522029063078,72.46788742994842,72.59976654042624,15316500
2021-05-05,74.59680938720703,75.19968741480727,73.8714670438651,74.38956871768076,12271900
2021-05-06,75.11490631103516,75.32214698728475,74.00334856404726,74.58738981648945,14089700
2021-05-07,75.73661804199219,75.86849714769721,74.02218248095458,75.1808356506305,14073400
2021-05-10,75.50112915039062,76.03806763766826,74.04102960745449,74.20116751718024,17356700
2021-05-11,73.1838150024414,75.26562938101081,72.76933365013635,75.12432826664562,12980400
2021-05-12,72.29834747314453,73.6548269112027,72.09110676045513,73.07078555606667,12302600
2021-05-13,73.60771179199219,73.89031402315413,72.42079248273464,73.03309252566999,11399300
2021-05-14,74.31422424316406,74.46494737813323,73.5888889200302,73.5888889200302,9033400
2021-05-17,74.49320983886719,74.91710609981911,74.27654711839455,74.30480591087468,6637900
2021-05-18,74.12580871582031,74.86056584530174,73.8432065028477,74.40840374192011,6643100
2021-05-19,74.17291259765625,74.20117138474275,73.05193998427467,73.29685426360673,8165000
2021-05-20,74.15406799316406,74.7192652359973,74.11638721872546,74.37072346259492,8802700
2021-05-21,74.44608306884766,75.21852095750046,74.39898749218298,74.59680616266903,8629000
2021-05-24,74.77579498291016,75.24679395979467,74.54971748633032,74.87941533277467,7044700
2021-05-25,74.2576904296875,75.05838714528907,74.08813053334704,74.99244758487184,7160600
2021-05-26,74.66275024414062,74.76637058070415,73.99393264524078,74.0316062341065,12851100
2021-05-27,74.39899444580078,75.40693187260068,74.26710813294414,74.8888301727568,12867800
2021-05-28,74.17291259765625,74.75695388264714,74.10697303216321,74.37073129413535,6929700
2021-06-01,74.95477294921875,75.19969441663375,73.92799868334696,74.96419494058532,10485300
2021-06-02,75.6141586303711,76.23588061480417,74.89824549219523,75.07722018330284,12249300
2021-06-03,76.38660430908203,76.73514611044882,75.03013225482357,75.17143337358705,12038700
2021-06-04,78.08221435546875,79.09015193716434,76.65038054466618,76.69747613297002,14502900
2021-06-07,79.0712890625,79.36330604905353,78.04450783460285,78.12929136458838,10445600
2021-06-08,79.70243072509766,80.09806805784265,79.1278115188798,79.15607030166551,10726800
2021-06-09,79.61766052246094,79.90968476285089,79.15608355696382,79.69302208042438,9720300
2021-06-10,77.52642059326172,79.56113207202941,76.97063816284461,79.27853704860563,16680800
2021-06-11,78.09163665771484,78.41191253219984,77.09311387759362,77.22500021124128,11066500
2021-06-14,77.82787322998047,78.28002822141065,77.36628905984989,78.18582986376886,10173200
2021-06-15,76.90470123291016,77.72424192127261,76.63152100345602,77.24382102210338,17298000
2021-06-16,72.60918426513672,73.99392203068523,71.49762669435178,73.4663984328888,36560600
2021-06-17,73.06136322021484,73.23092314917515,72.11936521196297,72.52442464298626,14836100
2021-06-18,71.80850219726562,72.44906104887316,71.56358073394915,72.43963905766427,22521200
2021-06-21,73.46641540527344,73.57003575091106,72.10994329425371,72.16646086937469,8924300
2021-06-22,74.11640167236328,74.5968226565525,73.1555668908591,73.53236033497885,9845800
2021-06-23,73.57001495361328,74.29535716803174,73.53233418522657,74.19173685168624,7295900
2021-06-24,73.23091888427734,74.38015753731399,73.1084617376112,74.08814047156253,9624000
2021-06-25,73.9091567993164,74.05045792633254,73.06135722409347,73.50409740153621,12845000
2021-06-28,73.94683074951172,74.38957088606456,73.786692840891,73.9374087587478,5605400
2021-06-29,73.57001495361328,74.03159178932485,73.3062567617781,73.98449621899526,5392900
2021-06-30,73.32511138916016,73.6736531913675,73.08019711537781,73.08961191961089,7899800
2021-07-01,74.92648315429688,75.00184468029431,73.39102979317012,73.45696933170021,13108000
2021-07-02,77.07424926757812,77.48873054322928,74.74751386687221,74.84171219673695,15258100
2021-07-06,78.26117706298828,78.77927152838004,76.64093973613151,76.86701719035932,14200400
2021-07-07,81.0965805053711,82.11393977083462,78.14813022030955,78.34594887967097,20976600
2021-07-08,80.6255874633789,81.85018746614533,79.74953641734902,80.08864901010776,16383300
2021-07-09,82.66972351074219,83.27260148819654,80.80456482701803,80.89876316345669,15685300
2021-07-12,82.0291748046875,83.69650784309846,81.92555446585635,82.45307096399799,16076800
2021-07-13,82.0197525024414,82.82987122829661,81.51107280107605,81.67121071070777,12789300
2021-07-14,83.46631622314453,83.83504994350412,81.934655296538,82.33175203948169,13330500
2021-07-15,81.53756713867188,83.92961201851459,80.84737607745241,83.29614701345439,18306300
2021-07-16,82.71940612792969,83.65542931295062,81.80229643677542,82.01975833593562,14617500
2021-07-19,82.2372055053711,83.07867549710959,81.49028132587836,82.17102271546075,15619900
2021-07-20,83.82559204101562,84.19432572455467,82.27501056521707,82.350650093477,12813900
2021-07-21,84.79944610595703,85.32890849303257,83.63651154762007,84.04306508437709,13108100
2021-07-22,85.74491119384766,86.1703709724981,84.78998186155846,85.09253280075916,13638900
2021-07-23,82.90850830078125,86.22711248145913,82.36958911827405,86.02856406826012,12680900
2021-07-26,83.0692138671875,83.29612524591097,81.94409929148826,82.67211715107577,10454100
2021-07-27,83.01250457763672,83.76887839714414,82.36958286369415,82.97468480465373,8465200
2021-07-28,82.42632293701172,83.15433385396096,82.36959687458032,83.10706453972992,6396800
2021-07-29,82.85177612304688,83.44742858388467,82.56813862047224,82.89905264683503,6201400
2021-07-30,82.38848114013672,83.3434104783874,82.13320671402948,82.64376277962737,7962800
2021-08-02,82.82339477539062,83.1354024512597,82.34120175026418,82.94631082469957,5579100
2021-08-03,84.84671783447266,85.25327138283993,83.02195524018015,83.08813804045462,9889800
2021-08-04,85.13981628417969,85.1776288429643,84.41179829335655,84.89399137177594,7509900
2021-08-05,84.55361938476562,85.5841811109234,83.92015444042732,85.26272387232207,8231300
2021-08-06,84.63872528076172,84.97909607950004,83.97689717954015,84.37399404027309,6513900
2021-08-09,84.99799346923828,85.53691259622173,84.24161245684078,84.58198319108126,5798700
2021-08-10,84.75215911865234,85.20598911822083,84.08087447127346,84.24160307415647,5473300
2021-08-11,84.74270629882812,85.48963051629804,84.629254203718,84.9979879395928,8009800
2021-08-12,84.91289520263672,85.07363103306422,83.83505697375654,84.25106724223092,5687200
2021-08-13,85.45182037353516,86.3594733035867,85.04526682236146,85.67873901608624,6640400
2021-08-16,85.86781311035156,85.88671938667208,84.65760945111937,84.96016036592742,7122800
2021-08-17,85.99073028564453,86.77547427669086,85.4423616585342,86.02855005533895,6738500
2021-08-18,84.09032440185547,86.08527190513969,84.01468487249339,85.5558024129876,7666300
2021-08-19,83.87288665771484,84.51580841526001,83.4190637779092,83.47578983453874,8099400
2021-08-20,84.09032440185547,84.52524087561368,83.48522259372385,83.95795883216309,8716400
2021-08-23,84.26053619384766,84.6859960566834,83.87288889418348,84.61035650357066,7147300
2021-08-24,83.72160339355469,84.76162183296742,83.64596385273612,84.34561157184888,6320100
2021-08-25,83.78778839111328,84.05251957755416,83.2488692720347,83.72160559450306,5748500
2021-08-26,83.88233184814453,84.31724838694835,83.63650694764372,83.9674209213658,9093200
2021-08-27,84.4780044555664,84.63873312169794,83.77835651040456,83.94854192553971,5426800
2021-08-30,84.5725326538086,85.07363925900745,84.43071751528336,84.58198940083842,5357000
2021-08-31,84.26997375488281,84.61980122828719,83.66487184272331,84.57252471096257,8113300
2021-09-01,85.0452651977539,85.25327034276012,84.02416017931711,84.39289394968843,8208000
2021-09-02,84.90345001220703,85.56527800646136,84.53471624206759,85.25327028914826,7717400
2021-09-03,85.0925064086914,85.54633628342546,84.43067868864293,84.46849123260472,8456900
2021-09-07,83.88233184814453,85.72600056844152,83.71214648831838,85.13035541574179,11046000
2021-09-08,84.59143829345703,84.71434713989483,83.1732293328113,83.33395795047238,8851200
2021-09-09,84.65762329101562,85.87728389449056,84.53471444138195,84.71434934263362,11034700
2021-09-10,84.78997802734375,85.61254173737265,84.62924942608916,84.76161500516741,10547400
2021-09-13,84.04306030273438,85.57472853826644,83.41905212681039,85.20599479490599,18883400
2021-09-14,81.67937469482422,82.20883702541484,80.10989398055206,81.49028306629421,22714200
2021-09-15,82.94630432128906,83.54194939029672,81.47136233890694,81.83064649993793,14951100
2021-09-16,82.49249267578125,83.1732341706283,81.4902939269143,82.8895894766473,12410500
2021-09-17,81.67937469482422,82.79503261527107,81.2633644559983,81.50918934379392,58069000
2021-09-20,81.47138214111328,82.64377350164898,80.29899799396195,80.39354382280918,13897700
2021-09-21,82.18047332763672,82.88012821689559,81.42409960634451,82.01028797800392,11124400
2021-09-22,83.61760711669922,84.14706951547998,82.48303555924652,82.84231979846275,9908000
2021-09-23,84.5441665649414,85.14926851202118,83.8256125111493,84.09034371132367,9720200
2021-09-24,85.03581237792969,85.14926447926882,84.09033972872304,84.4023402207895,7617800
2021-09-27,86.0758285522461,86.3311029868304,84.28888587000495,84.88453102629077,11533000
2021-09-28,85.5558090209961,87.23874900568255,85.13980600413919,85.6976313461582,15041800
2021-09-29,86.27436828613281,87.05911221655009,86.03800015384203,86.17982247589309,12007300
2021-09-30,82.37902069091797,86.58637786676633,82.3695711590531,86.27437019403075,15649900
2021-10-01,84.84671783447266,85.34781720989143,82.82340683935672,82.9746859333465,13320900
2021-10-04,84.39289093017578,85.4990922017107,84.10924624924606,84.60089606773971,10853900
2021-10-05,86.50128936767578,86.95511940642378,84.30779314272527,84.4779785055828,9788600
2021-10-06,86.35946655273438,86.51074563594273,84.76162271330259,85.48963346443753,10268300
2021-10-07,87.27657318115234,87.81549227327976,86.65256501766015,86.70929106523668,9124400
2021-10-08,89.5536117553711,90.15132899029386,87.39043634691501,87.64659880803136,13202300
2021-10-11,90.40750885009766,91.84014113242853,89.3733547691639,89.45874709145058,12959300
2021-10-12,90.67315673828125,91.57447747139743,90.37904292318643,90.91983681075162,9964100
2021-10-13,91.46060943603516,92.02037524282323,91.03366242080496,91.17597809254836,9453900
2021-10-14,90.39801788330078,92.36195440543061,89.53464845957065,91.84013978889503,7911200
2021-10-15,90.4454574584961,91.11907741818149,89.87620186818934,90.21774943159134,7422800
2021-10-18,91.56499481201172,91.69782087255567,90.22723732420523,90.60674345653541,7344100
2021-10-19,92.08680725097656,92.2955359807876,91.38472562763899,92.02988386592891,5616500
2021-10-20,91.6883316040039,92.95018642281444,91.31831511404856,92.28604887889853,6574100
2021-10-21,91.36575317382812,91.86859570879298,90.80598001559072,91.62191564388442,6224400
2021-10-22,93.21583557128906,93.23480762006317,91.28985050848138,91.35626353690657,6819600
2021-10-25,92.8742904663086,93.87997564113988,92.55171493418457,93.39611234295387,5083100
2021-10-26,92.01091766357422,93.50995572673885,91.97296632497188,93.26328288354026,7089700
2021-10-27,91.10958099365234,92.31451235463254,91.08111930202679,91.849613929825,5941200
2021-10-28,91.2993392944336,92.69401287826088,91.01470789615537,91.69781746124139,5177200
2021-10-29,91.02420806884766,92.00143155031085,90.56879922661886,90.88189235324629,7578600
2021-11-01,89.54410552978516,91.10956341341797,89.09819371623152,91.0811017272843,7327600
2021-11-02,90.9577865600586,91.00522030185496,88.70921873076387,88.92743710615458,6229600
2021-11-03,91.22344207763672,91.90655168356804,89.8951742037122,91.55550723649844,5746400
2021-11-04,90.7300796508789,91.65986931088578,90.43596583732044,91.29934246721805,5857500
2021-11-05,90.08492279052734,91.60294733957653,89.2784767728934,91.27087494542359,6160200
2021-11-08,90.26519012451172,90.36955449355624,89.47771615389495,90.36955449355624,5056400
2021-11-09,89.74335479736328,90.71109566703515,89.24051231576827,90.23671487481698,6102600
2021-11-10,89.02230834960938,89.99004205847275,88.57638921097968,89.27847081303652,5828800
2021-11-11,89.22154998779297,89.90465956115357,88.9938492094985,89.28796301639873,3620600
2021-11-12,88.74717712402344,89.6295258625419,88.64281274990464,89.45874845384549,6435300
2021-11-15,89.20256042480469,89.42077877278726,88.15892413615975,89.01281100449702,5700900
2021-11-16,90.71110534667969,91.43216625456802,89.20257050244471,89.31642451057778,7392900
2021-11-17,90.4454574584961,91.21395214348635,89.96158694942045,90.85342529193683,6257600
2021-11-18,89.80978393554688,90.44545252272523,88.70921691433317,90.27467513110507,5725300
2021-11-19,89.15512084960938,91.99191575672401,89.126659162275,89.95207704887532,8936600
2021-11-22,89.76234436035156,90.76802943869214,88.62383322405947,88.92743667630252,6488200
2021-11-23,88.17792510986328,89.45875210816821,87.53276678826461,89.33541567847956,8905500
2021-11-24,88.78511810302734,88.89896486988799,87.4283886362807,87.50429130650582,10908500
2021-11-26,87.59917449951172,89.25950756930469,87.35249441665442,88.13047876553259,4519300
2021-11-29,88.17792510986328,89.30694674380233,88.11151207257275,88.39613627304152,9552500
2021-11-30,86.09062194824219,88.72817792751758,85.9672855512641,88.25379714740399,23271200
2021-12-01,85.15135955810547,87.65608977828522,85.06597448259976,86.99195950720615,12084900
2021-12-02,85.37906646728516,86.37526918397592,84.43979437683343,84.81930051835742,7089800
2021-12-03,83.71871948242188,86.13806439785377,83.22536664757835,85.72060698788714,10808600
2021-12-06,84.38284301757812,84.60105409064873,83.34868930569178,83.81358037475435,8398500
2021-12-07,85.43598937988281,86.0811475906818,84.63902583078904,85.36957635399807,6803700
2021-12-08,84.38284301757812,85.54981551072143,83.40561991305927,85.43596877293683,7695800
2021-12-09,84.22157287597656,85.37906330747197,83.71873033342007,84.55364526156879,8615800
2021-12-10,97.37140655517578,100.89131144498602,94.97104071364976,98.94635438516755,45824600
2021-12-13,95.7205581665039,99.01276210835697,95.36951376527254,97.19114155605307,16317600
2021-12-14,94.77178955078125,96.26134487745882,94.2974087812855,94.87615389914839,9511600
2021-12-15,98.33914184570312,98.44350620137345,95.10386129687636,95.4264440067146,14452200
2021-12-16,97.93119812011719,98.67123119593012,97.03935967568704,98.62379020861765,9053200
2021-12-17,91.66936492919922,94.8287361257075,90.90086297244608,92.68453973473339,28872300
2021-12-20,86.94451904296875,91.47959867697068,86.83066503647703,91.47959867697068,17205400
2021-12-21,86.82118225097656,87.13426810012177,85.11340835347049,87.10580640824286,15823000
2021-12-22,85.25572967529297,87.15325313614795,84.92366451733885,86.5934799511874,10539000
2021-12-23,85.12290954589844,85.7301165166213,84.49672328569658,85.41702338652037,9655400
2021-12-27,84.95211791992188,85.70164048242485,84.4587578147032,85.10391601796672,7666200
2021-12-28,84.10772705078125,85.19880446512703,83.98438339583872,85.10392250333203,5610500
2021-12-29,83.69026184082031,84.62005141567467,83.2253706726315,83.96540357992541,5628500
2021-12-30,83.50051879882812,84.35440577197352,83.27281078033782,84.10772570451434,7382400
2021-12-31,82.74150085449219,83.58589812581614,82.71303916375851,83.53846438741895,5908200
2022-01-03,83.39614868164062,83.43410001543825,81.36579937356697,82.85535484235889,10644400
2022-01-04,84.28797912597656,84.99006793880913,83.23486038368117,83.39614812238186,11959000
2022-01-05,82.02992248535156,84.06027161686211,81.80222174084392,83.95590726761357,11236700
2022-01-06,82.22039031982422,83.24886120078106,81.46809058516028,81.8966164862086,7918400
2022-01-07,83.33456420898438,83.80118239483471,82.16324903102243,82.32513593514258,9836800
2022-01-10,85.02010345458984,85.11533061331879,82.80127505590946,83.21075837727379,11025500
2022-01-11,84.25828552246094,84.7534711458776,83.23933958693979,84.41064753529412,7249800
2022-01-12,84.09639739990234,85.24866290408622,83.48693477397644,84.64872517507506,5840300
2022-01-13,83.6012191772461,84.6773001325656,83.37267248853637,84.49637066729751,6044300
2022-01-14,83.50597381591797,83.89640735474005,82.52512025565191,83.30599459866275,6054800
2022-01-18,81.46809387207031,82.82033864120042,81.26810736045387,82.7251114666107,6824700
2022-01-19,79.4016342163086,82.55370701371992,79.25879707436034,81.67759803934995,10501800
2022-01-20,78.77310180664062,80.94431279926835,78.58264024083459,79.91584214001337,10836900
2022-01-21,78.2969741821289,79.41114731600113,78.11603747538533,79.38257989185578,11609000
2022-01-24,78.48741912841797,78.48741912841797,75.79244770421487,77.3446787071376,16770400
2022-01-25,77.20184326171875,78.18269690200951,76.37335163803888,77.44943971224961,13469900
2022-01-26,75.79246520996094,78.11604617065588,75.4972587737759,78.00177646135488,13971300
2022-01-27,75.973388671875,77.27802332642733,75.42106095546305,76.28764484831974,10331900
2022-01-28,76.6399917602539,76.65903428629662,74.82112174509125,76.17336632049071,7854700
2022-01-31,77.28754425048828,77.74463751512967,76.29716582327667,76.6495070344864,10594200
2022-02-01,77.17327880859375,77.51610244087485,75.84960149826242,77.51610244087485,8016900
2022-02-02,78.5636215209961,78.9254877076209,76.98282273998484,77.28756133760749,9287600
2022-02-03,78.03033447265625,78.81120887524568,77.73512080672694,77.73512080672694,8207200
2022-02-04,78.1922378540039,78.9540698895902,77.58277513168237,78.11605319737153,5570200
2022-02-07,76.88758850097656,78.32554274865907,76.81141112393368,78.2207906816868,6292200
2022-02-08,76.9352035522461,77.00186329613602,75.99244224141216,76.45906044864168,6585300
2022-02-09,79.46827697753906,79.65873856835576,77.75416625238965,77.84939341511459,8755900
2022-02-10,77.94462585449219,79.78253855443616,77.72560409193427,78.801684907771,6336300
2022-02-11,75.94483184814453,78.496959403374,75.735327701277,77.93510671265038,7670500
2022-02-14,75.1829833984375,75.92577264659626,74.697322726837,75.78292828097472,5389800
2022-02-15,75.9638900756836,76.11625940139096,75.43061196644646,75.60202382518258,5712800
2022-02-16,75.41153717041016,75.97338247150313,74.48781850826563,75.67817611095369,6227000
2022-02-17,71.9261703491211,75.21156186198796,71.73571602896936,75.0020577506011,9247100
2022-02-18,71.01199340820312,72.1166490705917,70.73582949260599,71.89762001154283,7790100
2022-02-22,70.58345794677734,71.33576493993394,70.10731483202258,70.29776917177755,8039000
2022-02-23,69.0121841430664,70.83104706154235,68.89790718011216,70.53584065561971,6807100
2022-02-24,71.24052429199219,71.3643261408671,66.87905926286959,67.55518155501443,11240500
2022-02-25,72.7070541381836,73.16415473748367,70.77391420240727,71.08817041034061,8291800
2022-02-28,72.34517669677734,73.04034148614309,71.44050053608846,71.96426080098026,9234400
2022-03-01,72.38328552246094,72.84990378692379,72.01189443732567,72.35471809519946,8752100
2022-03-02,74.54496765136719,75.09729542867855,72.61182769614503,72.80228204297147,8527200
2022-03-03,74.51640319824219,75.26871024934015,73.7355287205175,75.19252560142361,8203000
2022-03-04,72.84037017822266,74.19262211828043,72.16424784087737,73.96406819678583,8841300
2022-03-07,70.77391052246094,72.74514267779709,69.93590127691257,72.6499155102932,11110100
2022-03-08,69.83113861083984,71.64048358017637,69.62163451491921,70.3167992709838,9134100
2022-03-09,72.4689712524414,73.27841298990279,71.12625162025093,71.34527335614335,8959500
2022-03-10,72.99273681640625,73.18319114538885,71.45003059632622,71.51669033800681,13812600
2022-03-11,74.1069107055664,76.0876677161789,70.46917776557954,73.04034756169038,22795800
2022-03-14,73.39269256591797,74.84968919858704,71.84046877226159,74.20213433236005,13306200
2022-03-15,76.75426483154297,77.6494161677202,73.3926957708665,74.32593942617542,16847200
2022-03-16,76.14480590820312,77.35421348619678,74.04025421646661,77.13518445702631,14071300
2022-03-17,76.75426483154297,77.41134462217238,75.47820483478282,75.97339045276081,10462400
2022-03-18,77.7827377319336,78.07794413138936,75.07824112420042,75.8305481000925,24176000
2022-03-21,77.09709167480469,78.06842769002081,76.44001185659185,77.40182297528347,8131300
2022-03-22,77.89702606201172,78.3065094816854,76.97330714330354,77.57324492615966,9292300
2022-03-23,76.55428314208984,77.52561908527895,76.39239624001391,77.37324981365448,7451100
2022-03-24,78.3160171508789,78.8683449053575,76.6495162562526,76.80188553970903,7025700
2022-03-25,77.83036041259766,78.88739149316729,77.35421727534184,78.1255668327786,5682300
2022-03-28,79.61112213134766,79.71587419097756,77.83986927898167,77.83986927898167,6626700
2022-03-29,80.26820373535156,80.47770785937124,79.14450574181912,80.45865806698743,5762000
2022-03-30,79.3825912475586,80.3348776039205,79.15404455633487,79.95396160830208,5533100
2022-03-31,78.78263854980469,79.90633652827856,78.64931180100584,79.1445046812103,9433300
2022-04-01,78.09700012207031,79.3825851513585,77.58276465728149,79.07785383133931,6147500
2022-04-04,80.05870819091797,80.27773723460204,78.08747585923254,78.3255474319741,7882400
2022-04-05,78.98262023925781,80.4872269228435,78.72549889506898,79.42067102211108,5143400
2022-04-06,78.20173645019531,78.53503512914997,77.48752188156408,78.01127487267387,5492400
2022-04-07,77.95318603515625,78.40251265010413,77.22661518345777,77.67594179840565,7112200
2022-04-08,77.37957763671875,78.2304273376165,76.72948948722266,78.11570332519155,6182500
2022-04-11,76.25147247314453,77.56120344316307,76.19410682849072,77.08319773584809,5738400
2022-04-12,75.84040069580078,77.42737613218921,75.54403214503635,76.43312320975052,6174700
2022-04-13,76.24192810058594,76.44268966923237,75.17119244068166,75.77348444041093,4728600
2022-04-14,75.95510864257812,76.8250825843731,75.83082977680257,76.31839767048756,5590400
2022-04-18,74.77920532226562,76.46178725858462,74.48284415221048,75.6682961262185,4955900
2022-04-19,76.06026458740234,76.27058826223538,74.79832983219224,74.80789198844505,5412400
2022-04-20,76.7581787109375,78.25911675773392,76.28017287063557,76.28017287063557,9472600
2022-04-21,75.9837875366211,78.0105269900612,75.84038437115612,77.90536515497274,5616100
2022-04-22,72.85762786865234,76.19410561009768,72.80983167495809,75.78302041662879,9357100
2022-04-25,73.5937728881836,73.67024826948557,71.4140604108169,72.84807774672718,7305900
2022-04-26,71.23241424560547,73.2782781382151,71.20373506948854,72.99147178946897,7555200
2022-04-27,71.47142791748047,72.67599725935457,71.14638018680763,71.29934554095709,7279200
2022-04-28,72.79072570800781,73.25916936948762,71.31846690670984,72.197995865265,6177900
2022-04-29,70.17124938964844,72.5325990905689,69.93224650160045,72.02590684112413,7946900
2022-05-02,70.74484252929688,71.3184479018579,69.33950462556015,70.67792202406122,7379900
2022-05-03,70.06607818603516,70.94560694618113,69.6071894929482,70.60144224981299,5211500
2022-05-04,71.9016342163086,72.03547526174862,69.58808780937126,70.15213117318419,6759900
2022-05-05,69.59764099121094,71.4331813437441,68.82326670671335,70.74485188809692,7197200
2022-05-06,69.30126190185547,69.7314713929696,68.47909154332223,68.95709722647933,6222500
2022-05-09,68.39306640625,69.39687414638051,68.03933951089589,68.4886661014354,7019700
2022-05-10,69.33951568603516,70.38157205525411,68.13493910586115,69.31083650690064,8129000
2022-05-11,67.90550231933594,70.22861078329379,67.75254425714645,69.12919599201027,6932100
2022-05-12,67.61869812011719,67.80989750688786,65.9361158001368,67.76209401330065,11698900
2022-05-13,68.0393295288086,68.81370372191665,67.42748281683934,67.83856801023632,6700100
2022-05-16,66.64356994628906,67.79078828018534,66.33764651600804,67.58046455428153,6942100
2022-05-17,68.71810150146484,68.7372258152929,67.59000768063525,67.9246175285283,5952500
2022-05-18,65.29560089111328,67.81947115168468,64.82714991473708,67.68563009951728,7977300
2022-05-19,64.09101867675781,64.9131892380249,63.785095255853065,64.51166611567298,9451600
2022-05-20,65.61105346679688,65.66841910507378,63.9093545049269,64.89404498552891,7531100
2022-05-23,66.95904541015625,67.3701306412283,65.64930704748744,66.26115381553112,7370200
2022-05-24,65.99346923828125,67.42748641353738,65.30513982715213,66.60531598288745,6644100
2022-05-25,66.75828552246094,67.13112942801784,65.74490836164951,65.85007021129775,7103300
2022-05-26,68.50778198242188,68.94754636116456,66.83476199438871,67.04507838038784,6758900
2022-05-27,69.57852172851562,69.64544224746322,68.40263156789497,69.17699861483001,6566700
2022-05-31,68.75634765625,69.7697248403198,68.37394158455135,69.05271619105577,16890300
2022-06-01,68.4504165649414,70.04695389403524,68.02021434124634,69.80795103780724,5804700
2022-06-02,69.92267608642578,69.97047957590583,67.88637434649439,68.3357008899685,6200400
2022-06-03,68.63206481933594,69.75059649708372,68.09670072614837,69.36819044746885,8169500
2022-06-06,69.76016235351562,71.547899242552,69.43511464127957,69.43511464127957,5274700
2022-06-07,69.49247741699219,69.91311751205842,68.44085894485454,68.44085894485454,5675700
2022-06-08,68.2400894165039,68.97622226079746,67.81944937069557,68.84238125161463,5253500
2022-06-09,66.17511749267578,68.02978214497485,66.15599317806854,67.65693094802316,6824900
2022-06-10,64.18660736083984,65.21910146434118,64.01452501025629,64.98966076149259,10256100
2022-06-13,61.232540130615234,63.19235934976502,60.95529227057693,62.88643595832857,16547200
2022-06-14,67.60914611816406,69.24392519011624,65.98392191133328,68.83283988240031,29661300
2022-06-15,66.6340103149414,68.27835155023803,65.64931946430893,67.35101906564934,11765500
2022-06-16,65.68754577636719,65.92654863858382,64.60725546491183,65.48678424735984,10686000
2022-06-17,64.7410888671875,66.31850903098488,64.42560337567049,65.7257793766609,16445600
2022-06-21,64.7028579711914,66.47147776992423,64.42561376368147,65.59194894914094,10047700
2022-06-22,63.60344314575195,64.59769596877857,63.46003996375785,63.98584919980662,8219900
2022-06-23,64.65506744384766,64.88451549911328,63.393132315047914,63.526973367057714,8775800
2022-06-24,67.59001159667969,67.66649426884587,64.98010422966334,65.32426896062205,20132600
2022-06-27,67.31278228759766,67.73342244450984,65.90744402619742,66.31852931834995,8840600
2022-06-28,65.56327819824219,67.94374507337467,65.51547470005572,67.46573926666912,7252100
2022-06-29,66.1655502319336,67.0068376650388,65.75446502505287,65.99346788268612,8077900
2022-06-30,66.79652404785156,67.15980578075936,65.20954150631968,65.20954150631968,9888600
2022-07-01,67.75255584716797,67.8577177239456,66.7391784249281,66.77741977046459,7805600
2022-07-05,68.82324981689453,68.83281197192883,67.09287173883433,67.28407107679703,9040400
2022-07-06,68.50778198242188,69.54026877461465,68.17317214978459,69.13874572799588,6043700
2022-07-07,68.67031860351562,68.8137218098436,68.04890957195441,68.67031860351562,7814500
2022-07-08,68.70855712890625,69.06227675705671,68.19230998355691,68.53647474712314,4927300
2022-07-11,68.72775268554688,69.1118690200679,68.08436203790973,68.18038928993757,4543300
2022-07-12,67.61381530761719,69.08305333493928,67.28731389798514,68.75655192530724,7140800
2022-07-13,67.24890899658203,67.72905257910958,65.95252278903959,66.30783167761744,6454800
2022-07-14,66.69194030761719,66.81678232727475,65.52039612701968,66.4134634785571,4915500
2022-07-15,67.93070983886719,68.05555185524636,67.22009941077647,67.46977611712542,5134100
2022-07-18,67.42176055908203,68.8621912976859,67.36414567398894,68.4204600836832,4642300
2022-07-19,69.37113952636719,69.42876173554957,67.4697751307626,67.8346815990076,7160300
2022-07-20,69.70722961425781,70.19697803425356,69.29431323878904,69.66882458160687,5655700
2022-07-21,71.57981872558594,71.66624106893254,69.26552273493681,69.2847325843989,7005100
2022-07-22,71.92550659179688,72.3000179816433,71.31092342248947,71.84868186403112,6659800
2022-07-25,71.8871078491211,72.43447131695052,71.38775435043526,72.11757474967804,5721600
2022-07-26,71.09005737304688,72.30962617058833,70.78276577451219,71.82948258997729,7284400
2022-07-27,72.85699462890625,73.09706643591626,71.36854649488012,71.42616138411128,6677200
2022-07-28,73.98052215576172,74.21098901800131,72.3192221796947,72.63611869428006,5688100
2022-07-29,74.74874877929688,75.0560477028699,73.94211108414642,73.95171600711048,5926600
2022-08-01,74.3646469116211,74.71994850487054,73.65402907230164,74.11497017547075,5227500
2022-08-02,73.31793212890625,74.19179706759654,73.03944793942507,73.9325154000335,6403400
2022-08-03,74.29742431640625,74.67193574340926,73.26991729142696,73.67323616259789,6127800
2022-08-04,74.32623291015625,74.75835923217868,74.04774873487575,74.37424287570867,3656200
2022-08-05,74.27821350097656,74.32623079157042,72.98182724545119,73.2411015659923,4858100
2022-08-08,73.43314361572266,74.35501820073256,73.24108183150729,73.86526980899332,4733500
2022-08-09,73.72124481201172,73.85569175974646,72.82817742669093,73.18348632671227,4243700
2022-08-10,74.46066284179688,74.88319151154515,74.1341614170616,74.5086728010988,5258500
2022-08-11,74.09574890136719,74.90238646974998,74.01892418254738,74.8543691888855,5554600
2022-08-12,76.0067367553711,76.26601108738323,74.57591081457097,74.90240496054258,6692300
2022-08-15,75.96832275390625,76.26600944841364,75.38254696210069,75.70904110105587,3733500
2022-08-16,76.3620376586914,76.49648461180973,75.71864696995806,75.76666426224389,6185100
2022-08-17,76.1027603149414,76.60210643345064,75.81467122545654,75.86268851584065,5185100
2022-08-18,76.16997528076172,76.70773373209157,75.87228861326261,76.13156291617967,4120500
2022-08-19,75.53618621826172,75.98751499758615,75.32492188567078,75.89148775361093,4679000
2022-08-22,73.42356872558594,74.83519227969751,73.14508451937793,74.83519227969751,5757700
2022-08-23,73.37556457519531,73.95173555638743,73.22191507279128,73.22191507279128,4432300
2022-08-24,73.14505767822266,73.51956901518021,73.02982792925617,73.43314670345535,3876400
2022-08-25,73.83648681640625,73.85569666439115,72.9626292197631,73.30832589297715,3523400
2022-08-26,71.6854248046875,74.19177441847397,71.60860008764688,73.92289523524003,4904100
2022-08-29,71.24370574951172,71.88709637938466,71.12846865441423,71.16688101944672,4295500
2022-08-30,71.1956787109375,71.70462965669753,70.54268324763576,71.46455790293084,5099100
2022-08-31,71.20529174804688,72.16557887256157,71.0996595782375,71.50297841219545,8612900
2022-09-01,72.30963897705078,72.37685879718497,70.60992629786915,71.17649963306667,8139800
2022-09-02,71.71424102783203,73.72123755314387,71.52218653810974,72.73214301089666,11027700
2022-09-06,70.89800262451172,72.20399374533932,70.62912339253126,71.73344776296392,7090100
2022-09-07,71.53178405761719,71.70463602874607,70.50427715324246,70.75395385074177,5792600
2022-09-08,71.6854248046875,71.82946931753662,70.68672546238412,71.09004423723503,6897100
2022-09-09,72.89539337158203,72.99142061115458,71.48377023799829,71.68542963902328,7762400
2022-09-12,74.0189437866211,74.30702556888184,73.24110612377324,73.58681012361443,15628900
2022-09-13,73.02023315429688,76.25640337159354,72.77055645282951,73.03943567299008,29476500
2022-09-14,69.25590515136719,72.85698161319435,68.9197988204696,72.78015689033725,21601400
2022-09-15,67.45056915283203,69.22709896214889,66.98003048825194,68.66053304530486,12478100
2022-09-16,66.09657287597656,67.02805267647635,65.53960451516491,66.81678831020915,23412000
2022-09-19,66.3270263671875,66.3846412458381,65.2130971969594,65.49157399470984,8364000
2022-09-20,65.4051513671875,65.74125036840665,64.77135839939533,65.55879348499822,8624300
2022-09-21,64.09916687011719,66.14457584958879,64.08956194728131,65.9813287934264,6768200
2022-09-22,63.40776443481445,64.28162932817473,63.22530751720954,64.19519966800026,7190700
2022-09-23,61.98654556274414,62.841200638020005,61.33354626969118,62.754770974887755,9282500
2022-09-26,60.93022537231445,62.34184510702957,60.87260681985881,61.77527915897188,6897800
2022-09-27,59.94112014770508,61.842491864980495,59.57621368036948,61.61202500805324,9284800
2022-09-28,60.565311431884766,60.83419066687316,59.77787624667174,60.13318147336424,8549900
2022-09-29,58.961631774902344,60.11397341065037,58.366251111467186,59.81628674213751,8882100
2022-09-30,58.64472961425781,59.67223646056328,58.63512835560641,58.82718283426942,9794400
2022-10-03,60.57492446899414,60.72857029002625,58.395071864647484,58.56792387120927,9661400
2022-10-04,63.081268310546875,63.21570793200378,61.26632243126381,61.26632243126381,9892600
2022-10-05,63.993534088134766,64.52169494293076,62.399461253821286,62.74515788211299,9201600
2022-10-06,62.706756591796875,64.15678497724826,62.629931858069554,63.69585122770407,6992000
2022-10-07,60.77657699584961,62.053760713979166,60.248419775193476,61.9289186906612,7137900
2022-10-10,60.08517074584961,61.362354500060555,59.55701351027264,61.08387032855824,6407200
2022-10-11,60.239601135253906,60.90560405399202,59.50603286310911,59.69907462596496,7376900
2022-10-12,61.56196212768555,62.04457394413221,60.00795148960152,60.44230286081071,9008600
2022-10-13,62.93256759643555,63.42483363040682,60.10446620341349,60.30716224938502,10147100
2022-10-14,62.07353210449219,64.29354949982235,61.977011209928314,63.434501019281115,8044500
2022-10-17,64.68927764892578,65.22015353530347,63.57927648225243,63.588923415407585,11368300
2022-10-18,64.69892883300781,66.19502817603208,64.02327534110245,65.63519678898435,6688600
2022-10-19,63.99433517456055,64.85338369077033,63.49241471947263,64.17772267262467,5506000
2022-10-20,66.84172821044922,67.48842619615523,64.85337013209958,65.18154259144735,17600500
2022-10-21,70.17174530029297,70.25861924435718,67.86486173112769,68.5598238273579,15652600
2022-10-24,70.38410186767578,71.12732815007189,69.28374757276475,70.39375616544069,11489400
2022-10-25,70.59644317626953,71.5327111094078,70.08487592143825,70.89566009194732,9137700
2022-10-26,72.218017578125,73.08672014804439,70.02696360672817,70.08487465669931,10693600
2022-10-27,72.53655242919922,73.24116150822225,71.95741976264117,72.15046153013672,7053000
2022-10-28,74.6697006225586,74.97857188966452,72.68134230081868,72.68134230081868,8758100
2022-10-31,75.35498809814453,75.60594823594043,73.7430668398287,73.83958770388254,12349000
2022-11-01,74.42838287353516,76.47465929509663,73.68515667263577,75.86656379180246,7753000
2022-11-02,72.50759887695312,74.73726301781177,72.40142369271494,73.98438979435672,7524300
2022-11-03,72.42072296142578,73.05777404958785,71.47480799085176,72.12150601254011,6761200
2022-11-04,73.35699462890625,74.00369268259965,71.65819900713886,73.29908356859691,7219000
2022-11-07,74.0712661743164,74.40909300333522,72.86473652491165,73.46317788208253,5394300
2022-11-08,73.009521484375,74.45735706224717,72.41108012778838,74.27396219921349,9104200
2022-11-09,73.0288314819336,73.87822571949441,72.39178028070846,72.75856264973122,6013700
2022-11-10,74.48631286621094,75.74110665055534,74.04231083773882,74.99788026066635,10437300
2022-11-11,75.03649139404297,75.18127642768073,73.90718138699927,74.44770432423603,7712900
2022-11-14,75.79899597167969,76.77387371325052,74.6407307830927,74.7855157726837,7153000
2022-11-15,76.42640686035156,77.87424229668248,75.29709698739067,76.1851009542964,7618500
2022-11-16,77.11170959472656,77.4398894343392,76.11753050649446,76.36849069395456,6011900
2022-11-17,76.4457015991211,76.81249125817472,75.47083112359836,76.41674607110554,5717300
2022-11-18,76.95726776123047,77.66187674534501,76.10786642489022,77.21787484865371,6107000
2022-11-21,77.04414367675781,77.31440509324419,76.15613977571078,76.80283778859908,5235400
2022-11-22,79.26414489746094,79.35101146502325,77.05378252151432,77.11169356655586,8796200
2022-11-23,79.68885803222656,80.03633911723338,78.93598480273567,79.26416465594062,6347900
2022-11-25,79.84329986572266,80.58651882076015,79.66955931772961,79.96877628657857,2754900
2022-11-28,78.55953216552734,79.28344971763435,78.25066097119115,79.25449419380129,5112200
2022-11-29,78.03832244873047,78.66571922827328,77.71979691024502,78.50163299235214,4928200
2022-11-30,80.14250946044922,80.28729446446671,77.21788330839514,77.67153955108337,9610300
2022-12-01,81.18495178222656,81.59034389787294,79.48615630571219,80.16181719586062,6127200
2022-12-02,80.45138549804688,80.71199999363824,79.70816656706188,80.30660048539296,4798900
2022-12-05,76.66770935058594,79.55372579648312,76.64840811915307,79.54407886280244,9102900
2022-12-06,76.16580200195312,77.04415169696908,75.34535600554887,76.59049540175413,7656100
2022-12-07,76.04031372070312,76.67736482886839,75.84727194711635,75.93413853600892,5105500
2022-12-08,77.28545379638672,77.42058451202847,75.79900856025571,76.37814125073062,5918700
2022-12-09,77.08275604248047,77.56536783470033,76.77388479002262,76.88005997343672,6850800
2022-12-12,78.45336151123047,78.57884527381282,77.15996561188118,77.51709357844182,15807600
2022-12-13,77.75840759277344,82.60383398509141,76.9283147425209,81.98609149616925,22812200
2022-12-14,78.97459411621094,80.0073830665702,77.76806462447949,77.99971622495188,11183100
2022-12-15,77.28545379638672,78.21206757396091,76.69666680791691,77.98041597058528,8196800
2022-12-16,76.81248474121094,77.66187873524447,76.71596386799108,77.1792670050746,19200700
2022-12-19,77.70049285888672,78.27962549433751,76.90900987215406,77.14066145352018,7738800
2022-12-20,78.12519073486328,78.65605922978999,77.55570505302325,77.70049004766534,6390200
2022-12-21,78.66571807861328,79.28346055170002,78.12519525568018,78.52093307559302,5932400
2022-12-22,77.69085693359375,78.34720937273316,76.66772212355129,78.12521203594832,8181400
2022-12-23,78.03832244873047,78.08658657179963,77.20822960762544,77.71014997688819,4129100
2022-12-27,78.16381072998047,78.63676823422954,77.80667534526164,78.06728247827635,4290700
2022-12-28,77.53641510009766,78.80085568478556,77.40128438253124,78.26997974858051,3794000
2022-12-29,78.56918334960938,78.95527416825526,77.8935225759616,78.15413700827726,3867800
2022-12-30,78.89735412597656,79.0807489179536,77.95143937214385,78.30856729664266,5375700
2023-01-03,80.80850982666016,80.92433192968228,79.39928444868264,79.601980493042,8997500
2023-01-04,81.54206848144531,82.20806755787982,80.73127707160536,81.2717997687857,7836200
2023-01-05,81.37799072265625,82.4300881643119,80.32590064507148,82.04399729247432,7643800
2023-01-06,82.6810531616211,83.337398108763,80.90503799313247,81.79304189534113,8641600
2023-01-09,83.72740173339844,84.86094615360449,83.47550790114248,84.1343139778286,7519700
2023-01-10,83.8049087524414,83.91148206010875,82.9038845823258,82.97170328796098,5703300
2023-01-11,85.83948516845703,85.89762077266762,84.3765302225249,84.64781246157551,8359700
2023-01-12,86.01387023925781,86.42078247738698,85.42287548744348,85.93636103437095,6071100
2023-01-13,86.4207763671875,86.68236806726425,84.92876493287011,85.20972284527241,5090800
2023-01-17,85.83948516845703,86.65331710223839,85.67478363851166,86.4111063611357,6550400
2023-01-18,84.00836181640625,85.86853829624292,83.90178851261187,85.83947419369613,6397700
2023-01-19,83.26235961914062,84.27964020992103,82.60354616391325,83.70802645772316,5597000
2023-01-20,84.53153991699219,84.65748682835495,82.83606490433046,83.34955043978135,5567300
2023-01-23,86.19795227050781,86.35296328772938,84.26026650928857,84.47341312569222,7390200
2023-01-24,86.90521240234375,87.29275107291724,85.25818229201309,86.27547037830783,7004600
2023-01-25,86.8470687866211,87.06021538721949,85.00626597162525,85.93635418104037,5896800
2023-01-26,87.0311508178711,87.67058322454555,86.31420182122362,87.08927902074586,7302800
2023-01-27,86.21733093261719,86.92458952928573,86.18826682716376,86.71144290038055,5676800
2023-01-30,84.62841796875,85.85885247669981,84.2796339658417,85.71352457687402,6255300
2023-01-31,85.7038345336914,85.7232155293358,84.62841841763398,84.95782881843198,6200400
2023-02-01,87.24430084228516,87.82560506890518,85.46162617007491,85.61664457273852,6141300
2023-02-02,86.59516906738281,88.37784370967388,86.17856635682166,87.83529409282555,8269200
2023-02-03,86.82769775390625,87.44775657854402,85.51975400999184,85.7135270124938,5671800
2023-02-06,85.77165222167969,86.81800422359186,85.6457053182155,86.7211214215668,4097200
2023-02-07,85.00627136230469,85.27754618329317,83.61114265555183,85.13222566610969,9226000
2023-02-08,83.98900604248047,85.18067884999166,83.81461399849276,84.22152630390215,7624400
2023-02-09,83.95024108886719,85.16129474741494,83.64021164794636,84.42497205334612,4960300
2023-02-10,84.42496490478516,84.65748511786624,83.64988767226916,83.83397017812068,5318400
2023-02-13,86.63392639160156,86.66299049460605,84.48309406905682,84.56060327152504,5560900
2023-02-14,86.314208984375,86.6242458032608,84.97720846551066,86.22701667282682,7484800
2023-02-15,85.58758544921875,86.4304815042439,85.28724649025264,86.08169743952215,4329900
2023-02-16,84.98690795898438,85.5197671665515,84.29903032556729,84.73500671282088,5942500
2023-02-17,84.56060791015625,84.70593582483514,83.81460212260897,84.4830987034362,6398400
2023-02-21,83.5142593383789,84.23120844343556,83.46582162588703,84.0568164167576,5260300
2023-02-22,83.63053131103516,84.46373692069444,83.30112822389283,83.9793153984128,5840100
2023-02-23,85.82009887695312,86.69205889438065,84.34745364936795,84.43465334695276,8637100
2023-02-24,85.89761352539062,86.12044324906098,84.42496820439125,84.58966972044058,7659200
2023-02-27,85.21942901611328,86.19796251145763,84.63812469702121,86.09138919059413,6748800
2023-02-28,84.67687225341797,85.26786702293124,84.46372562943813,84.96752069292107,7468000
2023-03-01,83.64989471435547,84.4927907212997,83.31080116846466,84.19245177946569,5119800
2023-03-02,84.26026916503906,84.56060810215519,83.1945434411154,83.37861856788747,5293600
2023-03-03,86.46922302246094,86.50797762286247,84.36683584454649,84.59935605527144,5498500
2023-03-06,86.94396209716797,87.84498631388685,86.37234831891826,86.6242495493141,7424800
2023-03-07,85.60696411132812,87.27337517691296,85.30662516056056,86.78895369932134,5382400
2023-03-08,85.73289489746094,86.31419908281816,85.40349190270922,85.64570259591505,5159200
2023-03-09,84.16337585449219,86.84706713128627,83.83396546211408,85.57788544133022,10572300
2023-03-10,81.45063018798828,82.59386521626797,80.29770466009928,81.78004064953605,16029300
2023-03-13,82.2838363647461,82.86514068696765,79.48388068339004,80.72399854191217,10299800
2023-03-14,81.92535400390625,83.25267144998688,80.83056417795385,83.25267144998688,8732200
2023-03-15,80.39459228515625,80.77244044921788,79.56138674602413,80.4914751030747,11463000
2023-03-16,82.17725372314453,82.45821904855103,79.52262627134083,80.3364507518137,10148100
2023-03-17,82.60355377197266,83.30112189371873,81.97380436252494,82.35165252985652,13065800
2023-03-20,84.25057983398438,84.78344639917424,82.59385931996441,82.62292342503204,9177300
2023-03-21,84.85126495361328,85.11284929043035,83.9599312386334,84.76406524688433,6683700
2023-03-22,85.16128540039062,86.38202942389366,84.71561858996218,84.81250139367546,7233700
2023-03-23,85.04502868652344,86.84707707412957,84.90939127168726,85.88792467159234,10747100
2023-03-24,85.26787567138672,85.72323307031373,84.78345416473,85.23881156365701,5852100
2023-03-27,87.33148956298828,87.68027356297128,85.79103305613333,85.85885175659203,8170100
2023-03-28,87.05054473876953,88.04845187667433,86.6920775484653,87.40901932075947,6378900
2023-03-29,87.79653930664062,87.83529390657392,87.01177159343861,87.32180100122085,5233600
2023-03-30,87.68997192382812,88.3390948852374,86.91489465621265,88.01937495796967,5640700
2023-03-31,90.02487182617188,90.10238102471342,87.59308170332382,87.73840221098422,10476300
2023-04-03,90.99372863769531,91.07123784816628,89.22074425451913,89.5017095987125,8410900
2023-04-04,91.07123565673828,91.09060926304727,90.0345740146109,90.92590773852352,6651500
2023-04-05,91.93350982666016,92.14665646503599,90.56744506785606,90.7030824937888,7478800
2023-04-06,92.9314193725586,93.08643780154607,91.06155207508897,91.3909625408446,9146200
2023-04-10,91.2191162109375,92.5325298723036,91.01480807895955,92.11418252892815,8681500
2023-04-11,91.42341613769531,91.57907628124383,90.67427896503887,90.92723504877308,8196000
2023-04-12,91.35531616210938,92.73683245141277,91.0634431781097,91.82230402934287,8040300
2023-04-13,92.96060180664062,93.15517884561794,91.39423214816695,91.6277260794674,6240200
2023-04-14,93.11624908447266,93.38865987044858,92.1141633692167,92.91194099499072,6485100
2023-04-17,92.99951934814453,93.3886808825144,92.72710850087729,93.04816732343035,4772400
2023-04-18,93.85567474365234,94.11835450723547,93.17464021347303,93.39841050460136,7219400
2023-04-19,93.21354675292969,93.85566431667884,92.9995075650133,92.9995075650133,4766200
2023-04-20,92.26010131835938,93.54432891757054,92.03633107049983,93.398392444848,5815500
2023-04-21,92.57142639160156,92.72708651485844,91.70554607981825,92.43522100026287,7335800
2023-04-24,92.85357666015625,93.47623205484422,92.39631248098026,92.75628072384303,4901700
2023-04-25,91.5109634399414,93.10651870342262,91.47204655270562,92.56169712739604,5768800
2023-04-26,91.17044830322266,92.24063670358834,90.81047266979105,91.2093651897534,6395500
2023-04-27,92.46440887451172,92.51304941671206,90.7618340221165,91.7541886701236,5615700
2023-04-28,92.15308380126953,92.81465605950612,91.68608856260474,91.71527437327676,8498500
2023-05-01,92.29903411865234,93.13572878903129,92.13363546231149,92.23093140932562,5459800
2023-05-02,92.23091888427734,92.65898981792489,91.30665947162873,92.35739320652633,5995100
2023-05-03,92.21145629882812,92.83411167453947,91.97796238859577,92.49359817573445,6744800
2023-05-04,92.39631652832031,92.54225301654495,91.85149488976236,92.40604760690546,5038200
2023-05-05,94.34211730957031,94.67289975765028,92.26011183448409,92.42550305852407,8068600
2023-05-08,94.16698455810547,94.64370344264562,93.82647106914821,94.44912642685215,5314800
2023-05-09,93.53459930419922,94.26427425659685,93.49568241602152,93.59297092514704,6333500
2023-05-10,94.877197265625,95.03286481623759,93.651348706419,94.16698447820781,5935300
2023-05-11,94.79937744140625,94.9842233921916,93.72918151383806,94.89666595592031,5144500
2023-05-12,95.19825744628906,95.26636014504179,94.30319128478541,94.96476353951365,4994700
2023-05-15,94.6242446899414,95.30527163892198,94.41993660524723,95.21771421232607,4443700
2023-05-16,95.5874252319336,96.17116374882238,94.29346644736081,94.53669144795099,6896500
2023-05-17,97.06623840332031,97.6791702085514,95.76255584975067,96.10306939563539,9436000
2023-05-18,99.56658172607422,99.68333239739009,97.02731957303538,97.06622904083612,10005700
2023-05-19,100.05303955078125,100.27680983265174,99.15797326857626,99.61523748870924,8560300
2023-05-22,99.01202392578125,100.30598263130796,98.97311445998514,99.70278941718084,5890500
2023-05-23,95.86956024169922,98.68124045288458,95.801457543328,98.3309958833647,10047300
2023-05-24,95.65552520751953,96.20034681806143,94.6534394212852,95.29554954476134,6815900
2023-05-25,101.46373748779297,101.82371314432183,96.0933255641597,96.51167284291144,16729600
2023-05-26,101.25944519042969,103.35118191063522,101.21079721589331,101.52212495406538,13994100
2023-05-30,102.30042266845703,103.10793134083295,101.36643968531162,102.05719770130551,10296700
2023-05-31,103.06903839111328,103.60412898952866,101.32754633116495,101.63887406451312,13713500
2023-06-01,103.11766815185547,103.72086881950204,101.94046005136025,102.03774856610637,7835900
2023-06-02,103.0203857421875,103.87653511438258,102.8841803289437,103.6333101017846,8652400
2023-06-05,104.03221130371094,104.68405261004118,102.67014963579656,103.02039427676424,7442000
2023-06-06,104.19759368896484,104.57702411399282,103.27334161213017,103.91545178423972,7023000
2023-06-07,102.39773559570312,105.43318658194896,101.99884299156112,104.23651619216166,9842500
2023-06-08,104.56729125976562,104.86888787296668,102.49500958867085,102.80633727983772,9526700
2023-06-09,106.87306213378906,107.16493509907083,104.4991912118729,104.781325676304,12597100
2023-06-12,113.27474212646484,114.32547585993706,111.24137735950632,111.24137735950632,39081500
2023-06-13,113.51797485351562,120.62987163844302,112.87585727618789,119.9780304051956,39190900
2023-06-14,118.95648193359375,119.18998328221059,112.60344600374556,113.3428520957561,26264200
2023-06-15,123.12049102783203,124.08365989519237,118.36301088985782,118.6451453420304,27476700
2023-06-16,122.0600357055664,123.94746412095718,121.75843907439543,123.69450803723804,19514700
2023-06-20,118.73271942138672,121.855727597234,118.65488563829467,121.07740461158963,16273000
2023-06-21,118.79109191894531,120.01694803240584,117.09824794878242,118.64515543023651,17583000
2023-06-22,117.3122787475586,119.26780231934768,116.81609769051111,118.31436451693698,12203400
2023-06-23,115.42484283447266,116.65069877929486,114.93839288745528,116.34909476475083,19734300
2023-06-26,113.61526489257812,116.19345146969465,113.53743110834982,114.79247304413798,8987000
2023-06-27,114.64653778076172,115.24973848102631,113.10936135031939,113.41095798913254,6970400
2023-06-28,113.37203216552734,115.4053969598916,113.23582676371971,113.6152571577035,9240500
2023-06-29,114.5881576538086,114.60761980994937,111.52352125375627,112.51588338307953,9234300
2023-06-30,115.86265563964844,118.43111842862838,115.80428401579815,116.59233062832831,13703100
2023-07-03,113.97525024414062,115.0454388888111,113.66392250346124,114.81194493896128,4284700
2023-07-05,112.81748962402344,113.83903765206875,112.28239904670694,113.36231128024048,8466500
2023-07-06,112.32130432128906,112.67154892224194,111.53325768046413,111.5624434934372,7982800
2023-07-07,111.50405883789062,112.83693438146825,111.38730817700298,111.72782165962873,7001600
2023-07-10,111.28028869628906,111.91267512039934,110.57980699822797,111.18300019011146,6931000
2023-07-11,112.15898132324219,112.27614171786634,110.74332860279598,111.4950873177456,6117100
2023-07-12,113.27198028564453,115.29295056152526,112.90098353815988,112.93027177497618,11011600
2023-07-13,114.6681137084961,115.77135365536984,113.99446189395498,114.31663995800199,9359600
2023-07-14,116.44500732421875,117.12843182714577,114.89267110872245,115.3808282756615,7723800
2023-07-17,116.07400512695312,117.12842634588263,115.44916457840681,116.03495166158312,6735900
2023-07-18,117.90947723388672,118.41716485191711,115.0195877384481,115.96661382132001,8903600
2023-07-19,115.87873840332031,118.4854956111087,115.61512938981704,117.95828503278862,7609000
2023-07-20,113.13529968261719,116.23022170963884,112.5007013393862,114.70716631929808,12913000
2023-07-21,114.86337280273438,116.44499711782787,113.45747790159652,113.73084469933187,9159600
2023-07-24,115.27342224121094,115.73229112668592,113.96516473245688,115.14650407129326,6200400
2023-07-25,115.1562728881836,115.70301398114925,114.04327514165271,115.18556857514473,6266300
2023-07-26,112.76429748535156,114.83408640643675,112.27614035338034,114.63881908443624,8160000
2023-07-27,113.64298248291016,114.81455662707641,112.90098155230525,114.76574538280342,7843000
2023-07-28,113.24270629882812,114.52168324068077,112.91076297489045,113.9163656251212,6910400
2023-07-31,114.45332336425781,114.46308114375115,113.08648191784071,113.67226898096615,6703100
2023-08-01,115.1172103881836,115.24412855209518,113.7210807904115,114.1506539714048,5246000
2023-08-02,112.96932983398438,114.20925319999762,111.6122535159421,114.15066927529591,6387800
2023-08-03,111.83679962158203,113.41842392958819,111.55366759700013,112.51045138478642,5193800
2023-08-04,111.72940826416016,113.64298335359227,111.55367139632013,112.6080851546735,5579300
2023-08-07,113.35008239746094,113.62344919437406,112.34447991652199,112.7350071044064,7347000
2023-08-08,112.5007095336914,112.87170631738458,111.51462992207752,112.31520741750101,4694800
2023-08-09,110.42115020751953,112.96933122719736,109.66939144420905,112.60809224038272,6542400
2023-08-10,110.3137435913086,112.36400199998333,109.81582869331996,111.08503273264883,6004100
2023-08-11,110.3821029663086,110.79216067265844,108.49781588855139,109.7279741102255,5288900
2023-08-14,112.8326416015625,113.06695494429293,110.46996281992301,110.49925105667846,6494200
2023-08-15,114.51189422607422,115.26365288799764,112.11991994985446,112.71547221198401,10412200
2023-08-16,112.60809326171875,115.01959089175746,112.53975155534341,114.38499252485241,5722000
2023-08-17,112.15898132324219,114.01397993701386,111.65130117724446,112.9986121963316,6183900
2023-08-18,113.7015609741211,114.21900635445914,111.25101002803378,111.78798586537715,9412800
2023-08-21,113.82847595214844,114.57047687508162,112.46164194764872,114.13113843773338,5811200
2023-08-22,113.77965545654297,114.89265302609752,112.98884335414526,114.72668140314498,4960300
2023-08-23,115.04887390136719,117.59705482834059,109.45459711589648,114.3264034027091,16517300
2023-08-24,110.23564147949219,116.89410412110826,109.74748437248607,116.84528543093312,11995900
2023-08-25,113.31102752685547,113.3988996811645,110.06966457042894,110.23564365108234,8758100
2023-08-28,114.07256317138672,114.92195932321263,112.95956542689053,113.61370169145607,4514800
2023-08-29,117.79231262207031,118.33904620396193,115.72252378554491,118.08520242007522,11920500
2023-08-30,118.25119018554688,118.85650028176646,117.3041641268572,117.86066297750031,5601800
2023-08-31,117.53848266601562,119.09082633820698,117.27488107193112,118.13403500864842,9109800
2023-09-01,118.06568908691406,118.80769004362568,117.24558119819342,118.14379601892308,6189900
2023-09-05,121.04344940185547,121.33633922073277,118.3097664002125,119.53992449582053,11089600
2023-09-06,121.38516235351562,121.62924093584859,119.82306091632208,120.14523898399932,8728500
2023-09-07,122.12715148925781,122.97654760676102,119.68636575369487,120.89700084158869,11864400
2023-09-08,123.32801818847656,123.68925714961097,121.40467788634585,121.84402377670175,10595500
2023-09-11,123.70878601074219,124.40196828083515,121.76592260872465,124.01144106493693,22155600
2023-09-12,107.0138168334961,110.61641917982351,104.75853306153498,109.42531447731486,68605700
2023-09-13,109.19097900390625,110.26493060696484,105.63719583202074,105.75435622017795,27171000
2023-09-14,110.96788024902344,112.41282115498059,109.29837634144351,110.81166639503535,19849700
2023-09-15,111.21195220947266,112.47139095124898,109.83534563547208,111.48531898904228,23215000
2023-09-18,109.55223083496094,111.75870332169039,108.93715548432414,110.73357028860846,11744100
2023-09-19,110.09896087646484,111.04598694392445,109.06407009694173,109.81583628291332,9536100
2023-09-20,110.19658660888672,111.98323593669592,109.7962942108876,110.13800269168793,8777100
2023-09-21,106.83808135986328,109.83536616527027,106.74045141300942,108.86881702864838,12645800
2023-09-22,106.44754028320312,107.9803533404399,105.93986015636034,107.38480105877277,11150000
2023-09-25,105.7348403930664,106.07654890420397,104.95378598302034,105.88128157734901,8410000
2023-09-26,102.39583587646484,104.85615195816165,101.83933705181452,104.6023081674848,13209000
2023-09-27,102.14199829101562,102.78636181496745,100.90207503712787,102.51299502003718,8916400
2023-09-28,103.6357650756836,104.07510353392594,100.82397510713412,101.56597606535546,7373600
2023-09-29,103.41120910644531,104.82686931391741,102.88399848938884,104.57302550970053,7299100
2023-10-02,104.18250274658203,104.20203320472547,102.796138165891,103.30381834731048,5963500
2023-10-03,102.04436492919922,103.9774704745999,101.08758110924217,103.89936354477452,8783300
2023-10-04,104.54373168945312,104.75852201626716,102.0248391364848,102.47394279769296,8842700
2023-10-05,105.78365325927734,105.87152541988033,103.67481823773652,104.43634220242312,7651500
2023-10-06,107.35551452636719,107.91201335346082,105.03188928228415,105.37359778160716,8247000
2023-10-09,107.70699310302734,108.34159888673351,106.87712743911328,108.12680854929262,6012400
2023-10-10,107.11143493652344,108.4294576776766,107.02357022983362,107.59959205907546,6910400
2023-10-11,107.43480682373047,107.84635755702261,106.64110077010358,107.30742420893365,5641700
2023-10-12,106.91545867919922,108.68905154972224,106.69008140611012,107.73856007459875,6598500
2023-10-13,106.07275390625,107.30741345837677,105.62200684219117,106.9938499583383,5879400
2023-10-16,106.52351379394531,107.38581165387136,106.13155750272641,106.75868457829888,5488000
2023-10-17,106.84686279296875,107.58177792889953,104.74990553652174,105.41622889213671,5261800
2023-10-18,106.07275390625,107.52298976639264,105.69059862420134,106.21973843225568,5123900
2023-10-19,106.16094207763672,108.00313421550123,106.01396502488683,106.4451101728593,7989200
2023-10-20,99.80147552490234,104.88709073737384,98.63541524129886,104.83809340383489,21831400
2023-10-23,101.5750732421875,102.58435548944142,99.95825846387457,99.98765387287136,10722600
2023-10-24,101.12433624267578,102.35899596611127,100.43841832740306,101.85925149872995,6174000
2023-10-25,99.38992309570312,101.58486753763106,98.97837241458102,100.63437610079427,7081700
2023-10-26,98.38064575195312,100.33061857971438,97.86130689376064,99.6447007436005,7565600
2023-10-27,98.95878601074219,100.03666021527016,98.56682971565624,98.96858697400408,5207900
2023-10-30,99.60552215576172,100.35023842218949,98.79221409347514,99.10577765682183,5433700
2023-10-31,101.32030487060547,101.43788651158232,99.06656205659691,99.95826270570389,6258400
2023-11-01,103.623046875,104.06399302026058,101.71227027761175,101.71227027761175,8602400
2023-11-02,104.72052001953125,105.06347895350747,103.44666400654064,104.30896182281572,5918300
2023-11-03,105.87678527832031,106.87626665279856,104.47554667598077,105.01447999937662,7280000
2023-11-06,106.91545867919922,107.01344587256435,105.27904937457612,105.88657445900616,6062800
2023-11-07,106.79786682128906,108.15990895916394,106.39611709601732,107.777753681685,7412600
2023-11-08,110.07069396972656,110.29606376343824,106.99384979409004,107.03304616602762,10994900
2023-11-09,109.92371368408203,111.03098319924163,109.36517844532806,110.13929000008248,6853900
2023-11-10,110.79581451416016,110.9036026741836,108.90463244639973,109.83552203648149,5233900
2023-11-13,111.85409545898438,112.18725342942471,110.51164766269139,110.79581577180205,5740500
2023-11-14,113.7648696899414,114.11762957851344,112.14805477997687,112.54981200482877,6733700
2023-11-15,111.7658920288086,113.97063744742597,111.63850942929476,113.81385943848151,7386200
2023-11-16,112.36363220214844,113.5395010009236,111.18777087931726,111.47193898545599,7476100
2023-11-17,113.03975677490234,113.31412391898633,111.86389544998701,112.30484157784427,4791300
2023-11-20,114.56836700439453,114.79374426595875,113.18673045392698,113.3239140128119,5728300
2023-11-21,113.74527740478516,115.30329404566342,113.35332113492179,114.85254695190095,5995300
2023-11-22,113.90205383300781,114.93093809250605,113.18674056576681,114.35280092046169,4343700
2023-11-24,113.91184997558594,114.24500792684655,113.02014932495852,114.14702073388423,2168200
2023-11-27,114.12743377685547,114.4213953750377,113.12794490558119,113.67668667888742,5165300
2023-11-28,113.90205383300781,114.45079559351404,113.53950045611226,113.66688306475882,4892600
2023-11-29,113.8726577758789,115.21510554407956,113.62768604652474,114.97992730121996,6127200
2023-11-30,113.8726577758789,114.8721466181725,112.86337544709075,114.50958576738853,11075600
2023-12-01,114.80355834960938,114.98973178597949,112.94177165429937,113.73547768941734,5739800
2023-12-04,113.4512939453125,114.33319357167504,112.2460373525696,113.93143639013202,5587500
2023-12-05,112.2264404296875,112.95155460991606,111.52092069716527,112.26563680104356,5913600
2023-12-06,109.77672576904297,112.67719003141357,109.67873857641129,112.62820017306953,7815700
2023-12-07,110.59983825683594,110.75661627499305,109.56115304827674,110.14909117521147,6772800
2023-12-08,111.32495880126953,111.35435421409737,109.34558294349303,109.75714115091564,7766000
2023-12-11,112.81437683105469,113.02995314659185,111.32495202289297,111.4817300404103,19544200
2023-12-12,98.78240203857422,102.83913345462256,98.66482038798651,100.63438779477262,57666500
2023-12-13,100.91856384277344,101.02635201491412,97.26358938145884,99.0469834896799,29392200
2023-12-14,98.2924575805664,100.19344065622379,97.86131240612785,99.82108630649408,22865200
2023-12-15,101.24191284179688,101.89843526170473,97.36156166731018,97.68492613416998,30212300
2023-12-18,102.88813018798828,104.02480264328021,100.84017004222343,101.3301135193091,13473100
2023-12-19,104.11299133300781,104.20117757250719,102.6921582063704,102.8685381613135,10108500
2023-12-20,102.05522155761719,103.95619704931019,101.9572343633557,103.81901348215534,9242000
2023-12-21,103.7308349609375,103.7994267496137,102.41778253720773,102.59416249036713,8168000
2023-12-22,104.06399536132812,104.34816348557888,103.33888108189707,103.57405186626359,5680000
2023-12-26,104.05419921875,104.50494632559342,103.22128931763974,104.37755623552307,5767400
2023-12-27,103.8092269897461,104.19138230627318,103.43686516014435,104.18158134340361,5627400
2023-12-28,104.11299133300781,104.46575124289403,103.45646885247572,103.87782055173179,5689100
2023-12-29,103.3094711303711,104.76950044693989,102.67254318122845,104.45593695326181,6899700
2024-01-02,101.96703338623047,102.57456598514953,100.37962131554714,102.41778048506302,9597500
2024-01-03,100.39920806884766,101.3007021974075,99.69368832442916,101.2223169293171,9455600
2024-01-04,100.52659606933594,101.28111318827996,100.340422637187,100.70297601491237,6822300
2024-01-05,100.66378021240234,101.63386610856442,100.23262760257768,100.46779835523503,6133800
2024-01-08,102.55496978759766,102.6627504721399,100.07584957235815,100.86956307011536,7038700
2024-01-09,101.5456771850586,102.37858703433567,101.2125192261028,101.76125350012119,6725200
2024-01-10,102.22441101074219,102.3719650706331,101.04399354143739,101.40795171693556,7270500
2024-01-11,103.060546875,103.1294044397687,101.85062002193392,102.64740148638776,6119000
2024-01-12,104.8606948852539,104.95906176737303,103.25729294246722,103.38516913873089,9703800
2024-01-16,104.83118438720703,104.9197198335528,103.69994649333252,104.67379887857626,7547200
2024-01-17,104.69346618652344,105.74600754279949,103.95570334320158,104.72297549947044,7771500
2024-01-18,106.92642974853516,107.10349313884286,104.88037307764975,105.24433129306799,10362300
2024-01-19,107.88059997558594,108.4216290646959,107.24120400797737,107.53631214838495,11163800
2024-01-22,108.3035888671875,108.88396623311345,107.48712948194338,108.26424061314913,7485300
2024-01-23,110.00536346435547,110.84149321092471,107.77239698873156,108.49048947996658,9185900
2024-01-24,112.44489288330078,113.53678250273151,111.48088696113516,111.56941490086163,11702700
2024-01-25,113.12364196777344,114.2843892029436,112.4842459687123,113.0154361446287,8877200
2024-01-26,112.76951599121094,113.59581432796753,112.40555026485346,112.76951599121094,5541800
2024-01-29,111.89402770996094,112.72031846607698,111.16610382887136,112.32685096597115,7014400
2024-01-30,112.29735565185547,112.53343768232897,110.79231300719178,111.51040554372723,8231900
2024-01-31,109.87747955322266,112.40554666723237,109.84797023944586,111.95305301119346,7386700
2024-02-01,113.64498901367188,113.89090996540402,110.71361547177537,111.0677422426626,7882200
2024-02-02,113.9007568359375,114.58933254676937,113.28103869618882,113.93026615141424,6499400
2024-02-05,114.49095153808594,114.81556897811421,112.8973811546928,113.64498290917604,8084500
2024-02-06,113.41874694824219,115.04181924016137,113.10396842742557,114.83524653946097,4637500
2024-02-07,115.35659790039062,115.67137642158765,113.41874708531287,113.91058899374022,7672900
2024-02-08,114.7762222290039,115.86811181072163,114.07780765505221,115.17952867090321,4472800
2024-02-09,114.73688507080078,115.42546077228096,113.84173665887654,115.15003049168888,5787100
2024-02-12,113.94993591308594,115.18937969082067,113.49744223341727,114.36308884227242,5439600
2024-02-13,111.82518005371094,112.3465312919588,111.1562747373956,111.93338587729961,8171700
2024-02-14,112.39571380615234,112.84820745644859,111.67762132541168,112.45473243295694,5946100
2024-02-15,110.93985748291016,112.4448924923216,110.7332847860215,112.38587386604249,8455600
2024-02-16,109.49384307861328,111.26447694810417,109.43482445126756,111.17594150217367,8936000
2024-02-20,106.68050384521484,108.96264993400368,105.92307063034208,108.73640686543243,10975600
2024-02-21,106.3952407836914,106.61164491022295,104.77216105277935,105.01808199670809,7865300
2024-02-22,109.19873809814453,110.06437711943875,107.87076650124703,109.67090210797352,8957800
2024-02-23,110.12339782714844,111.52023451951327,109.88731581776904,110.1725850188537,7504500
2024-02-26,109.15939331054688,110.70377658800494,109.12004505766052,110.17258643140696,6342900
2024-02-27,109.56270599365234,109.69058969902645,107.99865225334801,108.81511166107391,6593100
2024-02-28,109.8578109741211,110.19225987560584,109.28727254874023,109.44466556467098,5278300
2024-02-29,109.8578109741211,110.60541278996803,108.83477888530741,109.8578109741211,12193900
2024-03-01,111.92353820800781,112.0809312136472,109.70041078527667,109.85780379091607,7605100
2024-03-04,112.19896697998047,112.73015710962507,111.53990066362775,111.72680297912626,6588100
2024-03-05,109.12989044189453,111.35301057442338,108.56919093874701,110.9792134072958,8242000
2024-03-06,110.43818664550781,111.20546638117594,108.86429392794331,109.68075335499356,6706400
2024-03-07,112.67113494873047,112.92689481902929,110.45784656381413,112.08092621373503,7670100
2024-03-08,110.58573150634766,112.4645711753961,109.72009246011179,112.20881128483775,8312900
2024-03-11,112.26782989501953,112.87771655551913,109.36596567398834,109.78895001007913,20438300
2024-03-12,125.45903778076172,127.25917350317495,122.56700489128248,124.19992366708459,48536100
2024-03-13,123.47199249267578,126.69848179717694,122.79325574532739,125.9115317219499,15870300
2024-03-14,123.48182678222656,125.71479322126683,122.90145693990985,125.15409375287958,10965900
2024-03-15,123.49166107177734,123.95399364328533,121.54396390997827,122.01613542053644,17844900
2024-03-18,125.71479034423828,126.84602068963301,124.80979556104617,125.1245740710964,12231400
2024-03-19,127.08210754394531,127.10178542192486,124.42615688506987,125.6656005258784,10221000
2024-03-20,127.13130187988281,128.55764041220078,126.17712737685258,127.85921829798812,8373300
2024-03-21,126.90503692626953,130.60369748333582,126.8460183020309,128.39040901544914,17842400
2024-03-22,125.7049560546875,127.10179278055705,125.46887403964541,126.90504400901673,6660000
2024-03-25,124.02285766601562,125.5869113354305,123.99334835223979,125.5869113354305,7446100
2024-03-26,124.40648651123047,124.8688190798973,123.78676093837429,124.68191676365034,7063900
2024-03-27,123.22606658935547,125.73446328672506,122.4391240506069,125.25246032506179,8115900
2024-03-28,123.56053161621094,124.11139218230763,123.1572176268099,123.34411996384085,6587400
2024-04-01,123.43265533447266,124.20975898760537,122.5276604701581,123.49167396511253,4133600
2024-04-02,122.31124114990234,122.8916184994875,121.41609278669685,122.47847310108497,4862400
2024-04-03,124.18023681640625,124.34746876076025,122.03580590118473,122.2325471578037,7430000
2024-04-04,122.16368865966797,125.90168244789399,122.00629565557685,125.51804638156128,7588300
2024-04-05,122.86210632324219,123.94415698642706,122.11450454480592,122.38993480398989,4899500
2024-04-08,122.32107543945312,123.07851614597632,121.74070561684199,122.96047139167214,6119200
2024-04-09,121.61055755615234,123.11057893253239,119.64670402234594,122.71583408744343,5564100
2024-04-10,120.1500015258789,121.46252491011415,119.72565214334914,119.75525668855073,4509900
2024-04-11,121.62041473388672,122.19279435464313,119.76512384113607,120.12039343132065,7315200
2024-04-12,119.51840209960938,120.23880439880277,118.83746750439764,120.14012008058694,6196900
2024-04-15,118.30457305908203,120.86054003098036,117.87036051674087,120.57435021379443,5101500
2024-04-16,119.03484344482422,119.84406689927296,118.17627406679547,118.51180225392089,7000000
2024-04-17,117.11048126220703,119.44933831561184,117.05127216917688,119.3901292225817,5366600
2024-04-18,114.4755630493164,117.19929407140519,114.1795025470191,117.19929407140519,6662400
2024-04-19,113.37027740478516,115.23543896660738,112.95579873085381,114.59398710276989,8251500
2024-04-22,113.0248794555664,114.81109056231016,112.83737396997229,114.5051668998198,7125500
2024-04-23,113.5775146484375,114.33739973243762,113.2419864507146,113.6564651170068,5494800
2024-04-24,113.82423400878906,114.20911567698828,112.38342177781936,113.86370924473594,5791800
2024-04-25,113.38014221191406,113.47882652975771,111.2978707301506,112.13669872551783,6796600
2024-04-26,115.66966247558594,117.6433791103284,114.6235950684945,115.50189836862438,8355100
2024-04-29,114.9591293334961,115.76835289517017,113.77490230196929,115.45255851815423,4994100
2024-04-30,112.25511932373047,114.00185501049988,112.1959102415408,113.57750568683616,6234700
2024-05-01,113.1235580444336,115.22557092735357,112.15644117953062,112.41302643168343,5583600
2024-05-02,113.44923400878906,114.28806209304139,112.75843618155342,113.7156899772454,5001000
2024-05-03,114.2781982421875,114.68280624452197,113.55778834458297,114.45583304371111,4485000
2024-05-06,116.7848129272461,116.8045543104588,114.65320281730537,114.801233074874,6052400
2024-05-07,116.38019561767578,117.56442252529591,115.74860692972756,116.44927539513476,6437700
2024-05-08,115.8472900390625,116.42954032509758,115.57097093211608,116.16308437973426,4636000
2024-05-09,115.1071548461914,116.18283433951959,114.96899528251718,115.84729859264539,3236200
2024-05-10,115.13676452636719,116.08414766058478,114.38675758415235,115.61045985804192,4122500
2024-05-13,114.84071350097656,115.6499370792321,114.67294185261485,115.5907204560501,4140000
2024-05-14,119.28157043457031,120.93949274927458,114.60385647539621,114.96899677219874,17811200
2024-05-15,120.03157806396484,120.48553200019812,118.09733660687587,118.59076578049444,6604600
2024-05-16,120.55461120605469,120.84079348187392,119.61709132174177,120.33750117960051,5159300
2024-05-17,121.87699890136719,121.95594937161462,120.47566193556563,121.56120454950864,6179400
2024-05-20,122.88359069824219,123.04149163829143,121.62041329437318,122.1730590554143,5989000
2024-05-21,122.99214935302734,123.71255923734776,122.29148085136309,122.82438524610734,5549500
2024-05-22,122.9625473022461,123.5151930908559,121.67963598143858,122.99215184769933,5705000
2024-05-23,122.45923614501953,125.03493676968054,121.5414652041088,124.88691405606973,6108600
2024-05-24,121.29475402832031,121.88686748668417,119.82432977960721,121.79804632690747,7173400
2024-05-28,122.8539810180664,123.17964604645435,121.39343502932863,121.62040820974623,6911400
2024-05-29,122.11383819580078,122.2914729826191,121.15658448512045,121.3736945055796,4735100
2024-05-30,115.55123138427734,119.84407088817349,115.49202229731527,118.59075666718171,10839600
2024-05-31,115.64991760253906,115.87689077759406,113.04461249525185,115.05779664523045,12755600
2024-06-03,117.71245574951172,117.76180167571577,115.79794825558966,115.98545374020755,7256300
2024-06-04,118.49207305908203,118.78813355393658,117.15981589049889,117.45586885622228,7368000
2024-06-05,121.0184326171875,121.17633356177835,118.92629780527899,120.05131568352867,5973700
2024-06-06,121.87699890136719,122.63687647238791,120.64342603799302,121.26514405064634,7347200
2024-06-07,124.26520538330078,124.56126590890754,121.65002917088071,122.5776784572588,11545000
2024-06-10,122.86384582519531,125.28164540207102,122.4197626471179,124.07768472327372,10164700
2024-06-11,122.25200653076172,123.18952645653242,120.68290540876175,122.41977816806967,18373900
2024-06-12,138.53517150878906,139.10755112373243,132.19954309672704,132.91994543180127,40871300
2024-06-13,138.01214599609375,140.528622736974,136.9463371732236,138.58451058668268,13733200
2024-06-14,136.3147430419922,138.1305587165848,135.57459931023578,137.42988269155313,11330800
2024-06-17,139.4529266357422,139.58122301744456,136.43314302229203,136.9759180315012,11232800
2024-06-18,142.73916625976562,143.15364488752323,139.36411309808733,139.36411309808733,11629400
2024-06-20,141.03192138671875,143.4102534719934,140.084530805714,143.4102534719934,8940000
2024-06-21,139.64044189453125,141.8312684066541,138.5943745624524,141.8312684066541,14844100
2024-06-24,138.0515899658203,139.67003677596944,137.29170495218457,138.16014496776828,7793300
2024-06-25,137.34107971191406,137.71609071707275,135.75223710882588,137.1733155933599,8205500
2024-06-26,136.41343688964844,138.90032435552504,136.26541414809938,137.65688815171907,8036300
2024-06-27,138.3377685546875,139.56147808445343,136.98577770474589,137.41999770105835,7518200
2024-06-28,139.34439086914062,140.94311157679678,137.4397615518523,137.60752565817336,25814800
2024-07-01,141.20953369140625,142.16678733289868,139.2160910051069,139.82793825948977,6552400
2024-07-02,141.39703369140625,142.32468275624367,140.67663146247813,140.75558192100263,5920500
2024-07-03,142.4826202392578,142.74906116461312,141.6141800308769,141.86089463023384,3560800
2024-07-05,142.92666625976562,143.87404164178236,142.1273135754827,143.04508441795267,5365500
2024-07-08,143.12405395507812,143.3214225977865,141.5450746968868,142.8575980053776,8622600
2024-07-09,138.8312225341797,143.78525556344454,136.18644943969394,143.22275414605565,14334200
2024-07-10,140.2029571533203,140.50888079789343,137.9035756509247,139.2654297802586,6350300
2024-07-11,141.28164672851562,141.99419199344703,140.21282883111854,140.88579495945464,5245100
2024-07-12,143.27085876464844,143.6271314390886,139.79719641366196,141.2321932223214,7361800
2024-07-15,141.5884552001953,145.0719931973524,140.45035488967912,144.22089826719724,8687800
2024-07-16,141.13320922851562,142.0139922699217,140.5790106991964,141.58845236375777,7181500
2024-07-17,137.81790161132812,140.32170124220346,137.2439059310198,139.02526923184251,9157000
2024-07-18,136.6006317138672,138.60960887885085,135.77922495121825,137.916860735887,5998700
2024-07-19,137.12515258789062,138.98568925766523,136.6501274107828,136.91733567949638,6111900
2024-07-22,138.718505859375,139.22321925674197,137.67937582876695,138.29296585585044,5387200
2024-07-23,141.62803649902344,141.7368980068939,139.74771783665494,139.83678222470044,6697400
2024-07-24,137.33299255371094,141.18270964504742,136.96681376402802,140.23264413500982,8018800
2024-07-25,136.392822265625,139.60916712708246,136.27405464836536,138.69868083146235,7654600
2024-07-26,137.5704803466797,138.51065472853014,136.9470145628143,137.43193071684547,5139400
2024-07-29,136.8777313232422,138.33250997759797,136.39281517230827,137.8277967080207,4054600
2024-07-30,134.26507568359375,138.12469852922416,133.5624365022173,137.62987624907495,6505700
2024-07-31,138.0059356689453,140.08419535749687,137.22412308371156,138.24345580788147,7188000
2024-08-01,136.08602905273438,138.9362104490761,134.36405704309357,137.8475953044237,5906800
2024-08-02,131.89984130859375,132.9092831070925,130.43517141522844,131.39512795973405,8251600
2024-08-05,126.53596496582031,128.62411577166108,125.34839441148722,126.56565309712023,10355000
2024-08-06,126.8823471069336,129.6830281752338,126.75368847029983,129.18820585067803,8373900
2024-08-07,124.59626007080078,128.95069794042735,124.4478118666474,127.58498352268336,8617700
2024-08-08,127.62458038330078,128.4756753841643,126.32814076083778,126.67451487737772,6243200
2024-08-09,130.6924591064453,130.99924650610157,127.01098010901494,127.07035636691258,5597300
2024-08-12,131.20709228515625,131.33575092462766,129.8512839182195,130.88050773165295,5600800
2024-08-13,132.86968994140625,133.14678924508047,131.4347081686406,131.59305494239146,4324000
2024-08-14,134.19583129882812,134.56199501632517,132.62228470305348,132.65197283686243,4044600
2024-08-15,135.5120391845703,135.82873273148053,134.31457757466737,135.5120391845703,4698100
2024-08-16,136.0464630126953,136.39284471047173,134.9776448861403,135.37349674007316,4893800
2024-08-19,136.49179077148438,136.52147890345617,135.04691801292637,136.10582995507184,3641600
2024-08-20,137.72885131835938,138.342426201141,136.39284003158204,136.39284003158204,3738300
2024-08-21,138.7481689453125,138.8471394449429,137.1152614068575,137.36267255515543,3776800
2024-08-22,136.65013122558594,139.61906509175392,136.22457618569703,139.24299530312354,5162200
2024-08-23,137.74862670898438,138.34240437583827,135.83860488369976,137.29338357369676,4544600
2024-08-26,137.46163940429688,137.95646174211043,136.75900014103806,137.94657073163475,2729600
2024-08-27,137.04598999023438,138.0554317841864,136.31366259723995,136.4225241152228,3872200
2024-08-28,136.4521942138672,137.51110602086487,135.49223780055283,137.39235350813397,3022600
2024-08-29,137.9762725830078,139.69825992609913,137.41218291421742,137.6991732543422,4588400
2024-08-30,139.82687377929688,140.25242879414844,138.64920943299157,138.8768234544549,7980700
2024-09-03,138.055419921875,140.72745728730408,137.39235986050846,138.9955792596103,6831200
2024-09-04,139.29248046875,139.63886212656806,136.521472508541,137.0064038093306,6243300
2024-09-05,141.13320922851562,141.79626926186378,138.85702375385966,139.93573268419723,8733200
2024-09-06,140.34149169921875,142.44943943017483,137.95644470137742,142.3009836867008,11154800
2024-09-09,138.44137573242188,141.8160672778845,138.06530597052944,141.01445760713688,20233400
2024-09-10,154.27569580078125,158.85775512244126,151.5343760357019,152.63288214367392,37374200
2024-09-11,155.55233764648438,157.78894420284172,153.23657280741918,155.15648582982973,12630100
2024-09-12,159.70884704589844,160.6588973856278,156.26487303724033,157.39306725365512,16161300
2024-09-13,160.3521270751953,172.13879889572627,159.33279425788115,171.90127873508607,25727800
2024-09-16,168.566162109375,172.1882648745706,162.80642344005304,163.2814637081552,27384400
2024-09-17,165.73577880859375,168.8729503110862,165.04303062363573,168.51667765871096,12580100
2024-09-18,162.8262176513672,165.8842157063615,162.0344989861163,165.8842157063615,12274400
2024-09-19,165.8545379638672,166.4186426446962,162.80643072727824,165.5180624178175,10075900
2024-09-20,166.2602996826172,167.08170654671406,164.87480322557357,165.39931367722428,12187700
2024-09-23,164.23150634765625,165.59722062809763,162.55900467975968,165.49825013501922,7916100
2024-09-24,164.08306884765625,164.37996523179393,162.22253226778565,164.02369259098418,6155100
2024-09-25,164.55810546875,167.0025288772677,163.94453063934634,165.95350800088912,7142400
2024-09-26,166.35926818847656,166.61657035575678,164.75603362083925,165.91391602476816,7096800
2024-09-27,166.9926300048828,167.35879366315416,164.78571174351174,166.34935197458333,8974400
2024-09-30,168.63543701171875,168.7542046345101,164.72634378741716,167.7447628950652,10210300
2024-10-01,165.4290008544922,168.74430132215085,164.25132132240645,168.45731102226765,7595100
2024-10-02,165.97329711914062,167.42806074117055,165.5378510931604,165.86443561264556,7073000
2024-10-03,165.13209533691406,166.12173991759775,164.5185205291391,165.16178346627234,4735700
2024-10-04,169.09068298339844,169.13026212446593,166.42853649844264,166.96295305791548,6386900
2024-10-07,168.20989990234375,170.54546184613193,167.79425096753127,168.65523696815862,6791000
2024-10-08,172.5643310546875,172.83153933572126,168.67503486763286,168.83338163422908,7845400
2024-10-09,176.4437255859375,176.76041910002232,172.0101220941954,172.75235552945654,8120900
2024-10-10,173.98391723632812,176.85042087992989,172.7639062610287,176.20569631056156,7115900
2024-10-11,174.3409881591797,175.56098397961745,172.9821160141586,174.07317903063762,5869400
2024-10-14,174.68812561035156,175.77918857713868,174.07317110256278,175.1146375463625,4688700
2024-10-15,172.67462158203125,176.77104897747702,172.33738945945373,175.50145675799322,5848600
2024-10-16,173.34910583496094,173.4879670149101,170.24454821963505,172.08942683023614,6383000
2024-10-17,174.25169372558594,176.3048716474177,173.7160906482182,176.05690417674626,5474000
2024-10-18,173.26976013183594,175.53122235674005,173.16065383437416,175.36260628515987,5001300
2024-10-21,172.34730529785156,173.7260038288425,171.75219244931876,173.03169793818756,4198400
2024-10-22,173.8847198486328,174.42033810119838,172.863095003064,174.0235810373101,5510100
2024-10-23,171.69268798828125,174.6385428405685,171.60340819371666,173.08129981253992,4830400
2024-10-24,172.9622802734375,173.52763825379046,171.50423029053712,171.9109005872065,3488000
2024-10-25,172.10926818847656,174.85673689695244,171.69268464930042,173.3590188060049,3674700
2024-10-28,171.01820373535156,172.75397603389675,170.740481378363,172.63495649082546,4330000
2024-10-29,172.01998901367188,172.605203755441,170.88925793620754,170.88925793620754,4122900
2024-10-30,173.14080810546875,174.72780600653937,171.38519413680362,172.565521744699,5822500
2024-10-31,166.47543334960938,169.49072619365558,166.03900819049218,169.13365243935363,9477500
2024-11-01,168.63772583007812,170.86943312088388,167.72520733178337,168.76665862637245,5680600
2024-11-04,168.2112274169922,169.0939910997914,167.35821862301606,168.92537501821568,4804400
2024-11-05,170.38340759277344,170.49251388548603,168.93528603647894,169.08406046529913,5456800
2024-11-06,179.76651000976562,180.6195187475909,175.9775596452036,177.06862261267798,11085000
2024-11-07,184.8547821044922,185.1523460912729,179.07217896888145,179.60779717203337,7759400
2024-11-08,187.7113800048828,188.61398525309443,184.74568353278767,184.74568353278767,8520400
2024-11-11,187.5923614501953,189.94308830040669,186.31284078723775,189.4967498665953,5973600
2024-11-12,188.0386962890625,189.06032106893198,185.67804109862482,187.00714312402525,6629900
2024-11-13,188.08828735351562,190.21088825934424,187.2551051644722,187.46340449541634,5695400
2024-11-14,185.52926635742188,188.048609224252,185.19203422641996,187.1261774892056,7804300
2024-11-15,182.2461700439453,184.28941949496135,180.84762993572195,183.0198273091896,8986300
2024-11-18,184.22000122070312,184.66633967039598,181.39318094949223,182.80163445960943,6289400
2024-11-19,187.3642120361328,187.78081069931312,182.82146135865602,183.38681931342973,8117000
2024-11-20,189.19918823242188,189.4174008267452,186.29301661625016,189.34796266730868,4860200
2024-11-21,190.86550903320312,194.44615981702265,190.08193850662414,190.37950249022697,11394300
2024-11-22,190.72665405273438,192.62112917063882,189.50665832854918,191.4308883323069,6879400
2024-11-25,186.4616241455078,193.16665908421456,186.4616241455078,192.91869161427334,15138500
2024-11-26,188.822265625,190.8357602856836,186.78894446357603,186.78894446357603,6427200
2024-11-27,181.21463012695312,187.42374547023482,180.73853680631038,187.42374547023482,8368800
2024-11-29,183.3372344970703,184.41836909001574,182.50406738698763,182.51398063779789,4628000
2024-12-02,179.93511962890625,183.78356449448228,179.52844934336153,183.78356449448228,8859700
2024-12-03,181.403076171875,181.5518505954087,177.65380935149796,179.7069720699269,8917100
2024-12-04,186.6599884033203,188.24697107321566,184.3885979846305,186.4715307113633,8906300
2024-12-05,184.72586059570312,187.48325778112937,184.33903192968245,187.48325778112937,6398100
2024-12-06,190.1315460205078,191.06390616016742,184.86471920470058,185.47967370756808,10503400
2024-12-09,188.90162658691406,196.69772490175444,187.39398004405294,194.70407177570448,20158000
2024-12-10,176.2949676513672,176.35447742589486,169.6692686171605,172.04976554140634,26502000
2024-12-11,177.12811279296875,179.90535129272874,173.40860099902204,176.5528264860038,13188700
2024-12-12,173.89463806152344,176.7214581945267,173.3887747265009,176.5528421277637,8154200
2024-12-13,171.98031616210938,174.7079583047394,170.24454388952662,173.57722725827483,8351100
2024-12-16,169.837890625,172.85318380746935,169.54032660722893,172.42667185055942,9572000
2024-12-17,168.33026123046875,171.5835935592191,167.89383601702312,169.36179935201176,8940200
2024-12-18,164.06520080566406,169.837875648551,164.0156042846199,168.03268033346356,8817900
2024-12-19,167.41770935058594,169.60974843111276,166.0390108313013,166.18780039322115,8386400
2024-12-20,168.28065490722656,169.8676377044943,164.28342032502044,166.36633808419697,13810500
2024-12-23,167.76487731933594,168.24097064223403,165.81089237016474,168.21121575547375,6518200
2024-12-24,170.0164337158203,170.37350750731352,167.65577836457453,168.32032942254403,2451500
2024-12-26,170.2842254638672,171.1471626105298,169.11382618951546,169.11382618951546,4100100
2024-12-27,167.5863494873047,169.75853191376692,165.84064872994972,168.9948029671581,4344300
2024-12-30,165.55300903320312,166.5448789355509,163.21219545827304,165.15625199142386,5254800
2024-12-31,165.2852020263672,165.93983980258807,164.4917030674389,165.84064675719685,4307500
2025-01-02,164.68016052246094,167.3185381246243,163.55934267712627,167.14992205550263,5360800
2025-01-03,164.96780395507812,165.84063914859402,163.92633756518703,165.34470421385856,5876000
2025-01-06,164.34292602539062,166.6837395929687,163.84699107577438,165.94975041903254,6845400
2025-01-07,160.71267700195312,164.80910448913733,160.00845785578414,164.2338181369983,7712200
2025-01-08,161.81365966796875,162.64682677628247,160.11755542950567,160.8614578765145,7596200
2025-01-10,153.62057495117188,158.29381918067168,153.0438745320175,158.29381918067168,13593900
2025-01-13,153.04385375976562,153.2725403041367,151.55239206946808,152.8648856394577,8828500
2025-01-14,155.42025756835938,156.35490937464246,153.47142267911414,155.52963203871025,7410200
2025-01-15,157.40887451171875,158.24408947085226,156.3648482268349,157.76682594733794,10701200
2025-01-16,158.63186645507812,160.58071650127067,157.50830891040516,159.23839484564448,9210600
2025-01-17,160.11338806152344,162.23126858664298,159.6261717647216,160.84918131490988,11618300
2025-01-21,171.5877227783203,172.38315696630215,161.82361184991655,162.93723185063882,30232000
2025-01-22,183.17140197753906,190.89717858446153,179.54218422268994,190.4198998701649,48028500
2025-01-23,185.40858459472656,185.50802144774465,180.46687340401348,180.60607589507862,17314600
2025-01-24,182.554931640625,188.02362494479266,180.83476809570334,187.56623664733854,12147200
2025-01-27,157.37904357910156,171.53799267159073,151.79103837766434,167.938587976674,42201600
2025-01-28,163.0664825439453,164.88606767589084,155.85775084611845,162.06223710724748,20319300
2025-01-29,161.09776306152344,163.096316389992,159.09919456112104,163.096316389992,9866600
2025-01-30,169.41017150878906,170.51385379770468,163.16591960254325,163.84204163874145,14981700
2025-01-31,169.09197998046875,172.0152473043643,168.16728102026204,169.43999377500214,8704600
2025-02-03,167.6403045654297,168.93289259422738,162.27103323283944,162.27103323283944,8250600
2025-02-04,166.93434143066406,169.4300486289278,165.403114043906,169.4300486289278,6777000
2025-02-05,170.68289184570312,170.91157840664363,167.56076575467802,168.02809166525253,7866700
2025-02-06,171.36895751953125,174.65016116259105,170.59339863968805,172.0152515287562,7036900
2025-02-07,173.46694946289062,176.38026410152858,172.19422149136983,174.00386901161866,9991300
2025-02-10,177.90155029296875,178.96546692471162,173.92431908094994,174.998173328827,7625900
2025-02-11,176.18141174316406,178.10041862610345,175.44561846652897,176.60895683947055,6528800
2025-02-12,171.2397003173828,173.8945004744925,169.7383009154625,173.8945004744925,7454800
2025-02-13,172.870361328125,173.38740565204606,171.1203849950746,172.01525598053516,6421700
2025-02-14,173.1686553955078,174.03369835299594,171.82633375560312,173.25813945898588,7260900
2025-02-18,178.77655029296875,181.2026638178693,175.08766157989123,175.74390838684306,11430500
2025-02-19,180.4867706298828,180.64584836001646,174.6998914856216,177.56350303510627,8688500
2025-02-20,174.99818420410156,179.24388303492213,173.43711357384348,178.78649474146502,8737000
2025-02-21,166.85479736328125,175.87317681732765,166.5962827849795,175.11749314363473,9713900
2025-02-24,168.99256896972656,173.17859652462076,163.7227343269696,172.5820209173995,10639100
2025-02-25,167.5806427001953,169.6289296686276,163.5039895128552,168.3263736069942,8316100
2025-02-26,171.48826599121094,172.88029083035477,168.16728160930148,170.0067419201749,6915100
2025-02-27,163.82215881347656,173.86467434559847,163.6431906798264,172.01526110487677,7436800
2025-02-28,165.11476135253906,165.20424541897216,159.89464507019983,162.18155619018285,12843300
2025-03-03,161.09776306152344,166.16872402346775,160.21282967664723,165.99969350859632,8081800
2025-03-04,156.5736541748047,158.8506124148891,152.6461413065042,158.31369286586863,13171900
2025-03-05,160.64036560058594,161.56507974318575,156.1560428883873,157.1602883036168,7141000
2025-03-06,150.08082580566406,156.2654217021544,148.87770665957765,156.2654217021544,12321200
2025-03-07,154.2768096923828,155.5892881653611,147.65471576818206,149.76264355577973,12646500
2025-03-10,147.94305419921875,151.6518333000607,145.96439134294792,149.67315527185656,21486100
2025-03-11,143.3592987060547,144.95019733677668,136.91618807830477,142.6036302010253,27200200
2025-03-12,150.03111267089844,151.36348156454198,144.18457758807574,145.39763439331355,15373900
2025-03-13,146.8195037841797,149.31521107698148,144.65190473730712,148.9373692312115,14187700
2025-03-14,148.4203338623047,150.02117007364913,147.0382465870645,148.0723200534298,9330000
2025-03-17,153.1333465576172,154.8634476789767,149.5438946112785,149.5438946112785,9885000
2025-03-18,148.59930419921875,151.55239970861618,147.78397965683064,151.50268128204692,9402500
2025-03-19,151.58221435546875,153.19300323697152,149.1461633878536,149.20581942569956,6909500
2025-03-20,151.85069274902344,153.61062185322442,149.96151394406047,150.71718243165898,7051600
2025-03-21,151.3634796142578,152.96431585812172,149.25555182926948,150.786779241171,17620200
2025-03-24,153.9884490966797,155.7086125699419,153.15323415901025,155.45008282356793,7848300
2025-03-25,153.05380249023438,154.71430997731562,152.1788218853017,153.63050287299342,8521200
2025-03-26,146.95870971679688,152.158935752478,145.72576246676658,152.01973325424348,13210000
2025-03-27,144.9501953125,146.2030177256422,144.09508996551716,145.01980414364135,9148300
2025-03-28,140.06814575195312,144.82093618937554,138.3181693506545,142.96158531474987,13144500
2025-03-31,139.01417541503906,139.78973430941105,135.98153349631096,137.8508370734811,15509900
2025-04-01,141.13206481933594,142.43460573220472,137.9701578288591,138.96446572227765,9518500
2025-04-02,145.0297393798828,147.04818304278524,139.0638924538028,139.0638924538028,11594400
2025-04-03,136.4488525390625,140.595114165218,135.8622145895339,138.45735850483211,14433800
2025-04-04,127.53987121582031,133.05828277652355,126.22737758108717,132.1534589985121,14986900
2025-04-07,126.43618774414062,133.34662415230656,118.1834296920292,118.1834296920292,19482700
2025-04-08,123.79132843017578,132.23300761393696,121.00726339093364,131.78555693989526,11950300
2025-04-09,138.89486694335938,139.78973794570234,122.69759104583456,122.69759104583456,17762000
2025-04-10,133.0672607421875,136.36025148830063,128.98592129964211,136.36025148830063,12401600
2025-04-11,132.0693817138672,132.71799741517162,128.56681429280368,131.8298851091952,10190200
2025-04-14,134.35450744628906,136.5099310159597,132.58825630782835,136.5099310159597,8217700
2025-04-15,133.656005859375,136.1906135295716,133.4364711131648,134.47425927362033,8630000
2025-04-16,129.48484802246094,132.25895201967495,127.57890199526258,131.99950881198777,8295200
2025-04-17,128.34727478027344,131.02160014063602,128.1676637532641,130.62243914766813,8925500
2025-04-21,122.55957794189453,126.93028805506339,120.9829262724381,126.62094780071824,12201200
2025-04-22,126.97019958496094,127.7186092932877,123.12836460486038,124.23601158224136,11233700
2025-04-23,131.1213836669922,135.58190704809275,130.71226457088986,134.62395108351714,9528900
2025-04-24,137.21841430664062,137.56767824701313,131.72010335275036,132.2290164523698,7305900
2025-04-25,138.19635009765625,138.70526320776557,136.47000744146223,137.1984705062335,5476400
2025-04-28,139.8428497314453,140.3717247134195,137.7872201446876,139.35388323475226,6985100
2025-04-29,140.49147033691406,140.8606961643151,139.2541093060295,139.51355253556832,4851500
2025-04-30,140.42161560058594,141.0003875836835,135.28254185837295,138.18635986170233,9443500
2025-05-01,145.1815185546875,148.3248334221207,145.03182746844496,146.24924188299437,11525800
2025-05-02,150.41038513183594,152.73544638507386,148.01548022560354,148.01548022560354,11346000
2025-05-05,148.97344970703125,150.50021961529288,148.20509332172844,149.12314079386712,5187400
2025-05-06,147.38681030273438,148.62418645826241,145.41101300602023,146.66833579003213,5108600
2025-05-07,149.0532684326172,149.58214339346537,146.9277952749112,147.18723848496165,6049600
2025-05-08,149.98130798339844,151.48810070851243,148.29488901127132,148.73395847459844,6113600
2025-05-09,150.02122497558594,151.47813598411528,149.47238811530312,149.72185803121027,4707100
2025-05-12,156.8866424560547,157.09618865931049,154.09257634330655,155.97856830478534,7875500
2025-05-13,161.92593383789062,162.87391645289676,157.23590256383272,157.8845182408277,11955200
2025-05-14,162.60447692871094,163.06350824195377,160.71848510358078,162.0157316221183,7499400
2025-05-15,159.06201171875,161.39706169531894,158.57306043025218,161.01786255204698,10169200
2025-05-16,160.1497039794922,160.4989527068896,158.18387993103903,159.66073748941446,8515500
2025-05-19,159.30149841308594,161.62655970356045,157.49533877696464,157.9643434061318,10268900
2025-05-20,159.97007751464844,160.01997454033295,157.19597342265502,158.29364708197664,7576400
2025-05-21,156.84671020507812,160.55882358219029,156.1282508923016,158.01424275112194,6011000
2025-05-22,156.9764404296875,158.85245898587885,156.48748916129244,156.6471383282432,7603300
2025-05-23,155.6392822265625,157.04629611506658,153.93290141316308,154.66136448324306,6527500
2025-05-27,161.5666961669922,162.05564744567457,158.58303056187103,158.9821915537326,6976800
2025-05-28,163.50257873535156,163.97158336599634,160.93802085176483,161.52676616208595,8090700
2025-05-29,162.55458068847656,164.9694627188333,161.1475820250942,164.65013393826456,6994700
2025-05-30,165.17901611328125,165.39855085289008,161.20745939692736,163.08346277208238,17547900
2025-06-02,166.21681213378906,166.6458930527214,162.2552289071755,163.82189196004506,7166000
2025-06-03,168.78135681152344,168.97095637386096,166.2367607579447,166.44632217590578,7155300
2025-06-04,167.7435760498047,170.1185192740737,167.21470105091538,169.35016290296895,6375800
2025-06-05,170.77711486816406,171.8947351525035,168.40215653750832,168.64165312405294,7707800
2025-06-06,173.65101623535156,174.419372581929,172.2938993391901,173.63105437949244,6833700
2025-06-09,176.7743682861328,178.34104659550687,173.42149215968487,174.48923065992346,9668900
2025-06-10,177.10366821289062,177.47289402109314,173.910456518916,177.33319148530782,11056700
2025-06-11,176.00601196289062,179.16928852599327,175.82638571383563,177.17352928922682,18002900
2025-06-12,199.43621826171875,202.0606464926612,188.47950447335302,189.55721627283015,54610000
2025-06-13,214.76365661621094,216.1407353872361,200.77337984708802,201.15257898147115,53707400
2025-06-16,210.6523895263672,214.71375157822666,209.53475402105084,212.747927549271,22665300
2025-06-17,207.7385711669922,215.42225639196127,207.0400584810226,210.21332357790524,17819200
2025-06-18,210.42286682128906,214.2647093799281,209.1256355197132,210.64240155186468,15055400
2025-06-20,204.73495483398438,213.3466606178133,204.2060798663487,212.8976178450102,20879100
2025-06-23,206.6009979248047,206.83052120943591,202.11053945875966,205.0742432644642,13418400
2025-06-24,214.8135528564453,215.91121131686978,208.10780050466002,209.5447496123904,19030600
2025-06-25,210.273193359375,216.47001723195106,209.78422686727953,214.48424654615016,11804600
2025-06-26,212.36874389648438,213.96534212149433,209.91395337951477,211.55047531534973,10531100
2025-06-27,209.79421997070312,214.1948575895245,209.51481489098225,213.23690166660572,14127500
2025-06-30,218.1664276123047,227.73608957601422,217.9169577056818,226.01973540033399,31844200
2025-07-01,218.4957275390625,222.69679219792778,215.85133741934857,218.83500295434465,16962200
2025-07-02,229.4923553466797,231.40828242833157,216.26047680163015,217.2184327292386,22326900
2025-07-03,236.81680297851562,237.48538050874603,230.70976924050424,232.72549037249294,18441400
2025-07-07,231.76751708984375,234.75118266129553,229.0133747960354,234.6114801223292,16584300
2025-07-08,234.00277709960938,240.92806428241164,232.6955571989499,236.62720544231155,20401800
2025-07-09,235.30999755859375,236.00851026750027,231.50807853271286,235.01063061865236,10871600
2025-07-10,235.0,240.05999755859375,233.5,239.94000244140625,11486300
2025-07-11,230.55999755859375,234.0,229.8699951171875,231.3699951171875,10208200
2025-07-14,229.27999877929688,230.63999938964844,225.1199951171875,229.4499969482422,11337000
2025-07-15,234.9600067138672,235.60000610351562,229.1999969482422,232.41000366210938,10728800
2025-07-16,241.3000030517578,241.3300018310547,233.19000244140625,235.5,12597500
2025-07-17,248.75,251.60000610351562,242.00999450683594,243.33999633789062,17631300
2025-07-18,245.4499969482422,249.67999267578125,245.0,248.5,9678100
2025-07-21,243.5399932861328,246.8000030517578,243.24000549316406,245.30999755859375,7348400
2025-07-22,238.11000061035156,242.2899932861328,235.41000366210938,241.97999572753906,11380900
2025-07-23,241.89999389648438,243.4199981689453,238.66000366210938,239.9499969482422,7255800
2025-07-24,242.8300018310547,244.0800018310547,240.55999755859375,242.41000366210938,8237900
2025-07-25,245.1199951171875,245.47000122070312,241.42999267578125,242.33999633789062,7149600
2025-07-28,247.7100067138672,247.77999877929688,243.4199981689453,246.0,6756800
2025-07-29,249.97999572753906,253.07000732421875,246.58999633789062,248.6999969482422,8415300
2025-07-30,250.60000610351562,251.0500030517578,245.60000610351562,248.63999938964844,8441400
2025-07-31,253.77000427246094,260.8699951171875,253.32000732421875,255.77000427246094,15548700
2025-08-01,244.4199981689453,248.41000366210938,242.0,247.8300018310547,12718200
2025-08-04,252.52999877929688,252.91000366210938,245.89999389648438,245.89999389648438,8614800
2025-08-05,255.6699981689453,258.489990234375,251.3699951171875,255.41000366210938,11197300
2025-08-06,256.42999267578125,256.8399963378906,251.72000122070312,256.8399963378906,9930200
2025-08-07,249.38999938964844,257.760009765625,246.52000427246094,257.7099914550781,11954200
2025-08-08,250.0500030517578,250.88999938964844,247.86000061035156,250.02999877929688,8313300
2025-08-11,252.67999267578125,254.69000244140625,245.55999755859375,248.39999389648438,9012100
2025-08-12,253.86000061035156,257.8699951171875,251.0800018310547,252.5800018310547,9998400
2025-08-13,244.17999267578125,257.6700134277344,242.63999938964844,257.1700134277344,14182100
2025-08-14,244.9600067138672,248.9199981689453,242.57000732421875,244.9499969482422,10285600
2025-08-15,248.27999877929688,250.6300048828125,242.92999267578125,246.9199981689453,11554000
2025-08-18,249.07000732421875,249.16000366210938,243.6199951171875,246.1999969482422,6759900
2025-08-19,234.6199951171875,249.25,232.22999572753906,249.25,16819300
2025-08-20,235.05999755859375,235.8800048828125,228.25,232.17999267578125,11256400
2025-08-21,233.16000366210938,235.9199981689453,232.42999267578125,233.0500030517578,7403100
2025-08-22,236.3699951171875,238.5,231.4600067138672,234.05999755859375,9343600
2025-08-25,235.41000366210938,239.02999877929688,235.27000427246094,237.35000610351562,6308600
2025-08-26,234.2100067138672,236.91000366210938,232.7100067138672,235.0,11805200
2025-08-27,235.80999755859375,236.52999877929688,232.67999267578125,235.0,5637600
2025-08-28,240.32000732421875,241.9499969482422,235.1199951171875,235.5399932861328,8691500
2025-08-29,226.1300048828125,238.22000122070312,223.11000061035156,237.61000061035156,16618600
2025-09-02,225.3000030517578,225.4499969482422,218.7899932861328,222.0,10461900
2025-09-03,223.4499969482422,225.89999389648438,221.75,225.89999389648438,8900800
2025-09-04,223.0,223.57000732421875,219.55999755859375,222.0,10303100
2025-09-05,232.8000030517578,234.6199951171875,225.88999938964844,232.5500030517578,15386100
2025-09-08,238.47999572753906,242.4199981689453,235.30999755859375,239.88999938964844,18803000
2025-09-09,241.50999450683594,243.49000549316406,234.55999755859375,239.94000244140625,41178700
2025-09-10,328.3299865722656,345.7200012207031,312.0899963378906,319.19000244140625,131618100
2025-09-11,307.8599853515625,331.0,304.6000061035156,330.3399963378906,69986000
2025-09-12,292.17999267578125,307.9700012207031,291.75,305.7900085449219,51781900
2025-09-15,302.1400146484375,307.0299987792969,297.2900085449219,306.45001220703125,40004000
2025-09-16,306.6499938964844,319.9700012207031,302.2699890136719,314.05999755859375,51923300
2025-09-17,301.4100036621094,308.6600036621094,295.0299987792969,307.69000244140625,27707900
2025-09-18,296.6199951171875,303.82000732421875,292.0,303.0400085449219,24673100
2025-09-19,308.6600036621094,311.1099853515625,297.32000732421875,299.0,40776200
2025-09-22,328.1499938964844,329.5,306.9200134277344,309.6300048828125,44437500
2025-09-23,313.8299865722656,325.0,310.04998779296875,324.0,35280200
2025-09-24,308.4599914550781,312.4700012207031,300.0299987792969,311.8599853515625,33765300
2025-09-25,291.3299865722656,298.75,288.54998779296875,295.2699890136719,39052900
