Price,Close,High,Low,Open,Volume
Ticker,TSM,TSM,TSM,TSM,TSM
Date,,,,,
2010-01-04,7.298706531524658,7.368037724784177,7.229375338265138,7.241980736545445,8096400
2010-01-05,7.2671942710876465,7.349131487807973,7.2230744625025896,7.311314680760014,14375900
2010-01-06,7.241982460021973,7.31761667096495,7.172651250262729,7.2861028672208334,13608400
2010-01-07,7.002473831176758,7.210468061730414,6.977262427506232,7.191559659249339,27346600
2010-01-08,6.996170997619629,7.07180520394521,6.952050593114275,7.0213823997281555,16895300
2010-01-11,6.958354473114014,7.084411499584187,6.857508851937876,7.02768568740078,22214500
2010-01-12,6.744058132171631,6.889024182872545,6.6873323123794215,6.8575097717560505,20863400
2010-01-13,6.920536041259766,6.939445043249623,6.750359230961641,6.750359230961641,13482300
2010-01-14,6.851205348968506,6.939445561583829,6.844902347834424,6.939445561583829,8692400
2010-01-15,6.681027412414551,6.895324005470487,6.655816013167549,6.895324005470487,15426400
2010-01-19,6.907931327819824,6.926839730602363,6.6873310913701545,6.731451499312461,14898100
2010-01-20,6.807084083557129,6.876415277903477,6.750358287688689,6.870112278120952,13604800
2010-01-21,6.674724578857422,6.889021778346988,6.655816179222221,6.844901377748603,13943800
2010-01-22,6.35958194732666,6.649513354078795,6.35958194732666,6.6243019535389225,21017600
2010-01-25,6.39739990234375,6.548668933974725,6.35958309525149,6.35958309525149,20606500
2010-01-26,6.302855968475342,6.416307568255797,6.271341568415528,6.403701567796998,21913300
2010-01-27,6.296554088592529,6.391097305594057,6.265039682925354,6.321765492908812,22963800
2010-01-28,6.334371566772461,6.42891418374881,6.233525948374409,6.416308781992703,40246500
2010-01-29,6.403700828552246,6.536060812654048,6.3658840337157985,6.454123622392255,30073000
2010-02-01,6.3532795906066895,6.485639607122964,6.252433978229958,6.391096995791595,23074400
2010-02-02,6.277645111083984,6.35327931711063,6.239827707527042,6.35327931711063,18259200
2010-02-03,6.340673446655273,6.3910962469355095,6.252433245621263,6.290250045287844,14829600
2010-02-04,6.101164817810059,6.334370418347054,6.050742017752718,6.315462018597349,18370700
2010-02-05,6.025530815124512,6.1200734180575065,5.9246846106188515,6.050742215979125,33731000
2010-02-08,6.05704402923584,6.138981224356053,5.943593036912367,6.113769825941153,25173000
2010-02-09,6.050742149353027,6.189404551982949,6.019227748359971,6.1137703502519365,29316300
2010-02-10,6.113770008087158,6.1326784071898786,5.994016012320372,6.050741810715702,17525600
2010-02-11,6.23352575302124,6.246131154382304,6.050742925131198,6.1389825379204925,13726100
2010-02-12,6.120072841644287,6.208313036868218,6.082255443380559,6.170495638604489,13563900
2010-02-16,6.246131420135498,6.252434421627844,6.126377397217465,6.145285800607195,9532800
2010-02-17,6.315463542938232,6.340674949052089,6.2398287235093255,6.271343131423481,13959400
2010-02-18,6.340673446655273,6.3658848467953915,6.2461302453144345,6.340673446655273,5162700
2010-02-19,6.315463542938232,6.3595833533656485,6.252434727109922,6.334371947251792,8055100
2010-02-22,6.302855968475342,6.35958176836557,6.290249968016542,6.321764368076356,8422700
2010-02-23,6.208313941955566,6.321764951112051,6.164193537367872,6.321764951112051,18118100
2010-02-24,6.189404487609863,6.277644689255235,6.1452846873307765,6.208313488661355,13237600
2010-02-25,6.145284175872803,6.170495574089308,6.025530184616191,6.145284175872804,18311800
2010-02-26,6.145284175872803,6.164192574263395,6.075952981049201,6.132678176220977,9389800
2010-03-01,6.271342754364014,6.3028571603833905,6.233525948010601,6.246131349765972,13623900
2010-03-02,6.271342754364014,6.365885972422144,6.239828348344637,6.315463163226061,12070900
2010-03-03,6.214616298675537,6.346976309348242,6.183102497014562,6.340673909668389,13229000
2010-03-04,6.220919132232666,6.24613053353614,6.145284928322243,6.15789092951759,21949000
2010-03-05,6.384794235229492,6.397399636707735,6.277645617771648,6.296554020532653,17723700
2010-03-08,6.447823524475098,6.460429529151485,6.39740070794432,6.4226121162097085,16149800
2010-03-09,6.460427284240723,6.517153083398248,6.403701485083197,6.4226098844399795,14016900
2010-03-10,6.517153739929199,6.617999348107354,6.43521653301264,6.454124934274234,12284500
2010-03-11,6.6180009841918945,6.618000984191895,6.491943942805717,6.529760754677877,18740500
2010-03-12,6.510850429534912,6.611696032917542,6.460427627843598,6.586484632071885,12629000
2010-03-15,6.391096591949463,6.4604277958057335,6.346976188507086,6.454124795158648,11265700
2010-03-16,6.485637664794922,6.510849060338759,6.372186084304109,6.3910950817773005,9673400
2010-03-17,6.567576885223389,6.599091289688139,6.5171540785146975,6.529759479648235,12314400
2010-03-18,6.517153739929199,6.605393346541465,6.441519533795584,6.592787946062815,13981900
2010-03-19,6.35958194732666,6.517153350972664,6.353278946919891,6.35958194732666,12898200
2010-03-22,6.416306972503662,6.454123768194413,6.3280667807466955,6.359581177880408,9479200
2010-03-23,6.473033428192139,6.485638827680685,6.397398626912096,6.428913027264248,19340200
2010-03-24,6.510850429534912,6.561273231226227,6.428913226514724,6.447821626877165,19698700
2010-03-25,6.567576885223389,6.64951409639683,6.523457079625102,6.523457079625102,19470300
2010-03-26,6.529759883880615,6.649514508042758,6.5045484789655275,6.586485695211387,12750500
2010-03-29,6.643209934234619,6.643209934234619,6.548667338451106,6.611695535277727,11552600
2010-03-30,6.649513244628906,6.6936330445756775,6.592787444076089,6.662118644147758,12009000
2010-03-31,6.611698150634766,6.630607158140943,6.536063923872262,6.580183739211872,14117800
2010-04-01,6.681027412414551,6.737752609904928,6.6243016138370026,6.649513013084005,14763900
2010-04-05,6.762964248657227,6.794478649103831,6.567576047845224,6.718844448684296,7253500
2010-04-06,6.825993537902832,6.832296538660528,6.750359332072195,6.7692677332580455,11816500
2010-04-07,6.838601589202881,6.92053821926345,6.813390179702532,6.851206993409346,11937000
2010-04-08,6.69363260269165,6.788175797734085,6.668421204231098,6.788175797734085,12801000
2010-04-09,6.69363260269165,6.775569797960232,6.624301407196921,6.75035839949968,13105600
2010-04-12,6.674724578857422,6.73775277800382,6.674724578857422,6.725147378609416,9900000
2010-04-13,6.725148677825928,6.744057081114001,6.624303058839799,6.643211462127873,10261700
2010-04-14,7.090713024139404,7.090713024139404,6.8196900228688415,6.8259930231512245,30646800
2010-04-15,7.015079498291016,7.084410704799665,6.983565094937175,7.052896301445825,9173500
2010-04-16,6.838601589202881,6.939447227204273,6.737755350114071,6.926841221910391,18171100
2010-04-19,6.832296848297119,6.87011365238266,6.718845233865968,6.769268040038199,14212400
2010-04-20,6.87011194229126,6.945746733810042,6.8259921481445645,6.857506544429538,9802900
2010-04-21,6.832296848297119,6.889022655512694,6.712542232822624,6.863811252426578,15628700
2010-04-22,6.91423225402832,6.920534652339516,6.7125404808924,6.731449479087306,15815900
2010-04-23,6.907931327819824,6.9205367293124205,6.8070857115299015,6.9205367293124205,9076800
2010-04-26,6.926838397979736,7.002472595646262,6.901626998757561,6.9583527972792485,10142500
2010-04-27,6.681027412414551,6.863810207227112,6.655816013167549,6.863810207227112,27248500
2010-04-28,6.6180009841918945,6.775572436196464,6.554972162955113,6.7692694338553085,19735700
2010-04-29,6.65581750869751,6.681028913609393,6.5864856943743515,6.643211505697915,13022300
2010-04-30,6.674724578857422,6.712541378127823,6.5927873789886355,6.674724578857422,15450600
2010-05-03,6.718845367431641,6.744056771018939,6.636908155501099,6.7251483686002835,7652600
2010-05-04,6.35958194732666,6.681027755025436,6.315462146653684,6.681027755025436,24852400
2010-05-05,6.277645111083984,6.3595823178846596,6.195707904283308,6.321764914327718,20044100
2010-05-06,6.1578898429870605,6.3595810178274,5.987712463400187,6.277643827776734,23946100
2010-05-07,6.23352575302124,6.30915996444947,6.094862731525845,6.2398281531581326,26579400
2010-05-10,6.491943836212158,6.523458246313103,6.359583794658091,6.428915016010269,18143800
2010-05-11,6.410007953643799,6.504550602671287,6.359585127350805,6.365888130909305,18171300
2010-05-12,6.447823524475098,6.491943939755067,6.416309714958902,6.473035533827872,13240200
2010-05-13,6.460427284240723,6.523456083546234,6.41630748537917,6.466730284388709,21054500
2010-05-14,6.220919132232666,6.447821743963933,6.120073527018769,6.384793541248858,28096300
2010-05-17,6.283947467803955,6.315461867356895,6.088558671445472,6.258736068379038,12911500
2010-05-18,6.132678985595703,6.346976199261949,6.082256182508026,6.302856396832038,15891600
2010-05-19,6.189404487609863,6.246130288589945,6.088558886350694,6.1452846873307765,17018300
2010-05-20,6.069650650024414,6.1515878535283175,6.019227848035428,6.101165051539333,21177100
2010-05-21,6.170496940612793,6.220919748212481,5.949896706548698,5.987714112792104,15401200
2010-05-24,6.050742149353027,6.1831021526541,6.050742149353027,6.120073350667988,11426900
2010-05-25,6.031832695007324,6.031832695007324,5.86165590416764,5.987712897583546,24248400
2010-05-26,5.9625020027160645,6.145284808885583,5.9625020027160645,6.101165007733798,19653400
2010-05-27,6.23352575302124,6.246131154382304,6.050742925131198,6.050742925131198,13802100
2010-05-28,6.145284175872803,6.2902495653459205,6.132678176220977,6.2902495653459205,13449800
2010-06-01,6.208313941955566,6.290250548145767,6.1074677322460085,6.132679134401588,21414800
2010-06-02,6.3532795906066895,6.3532795906066895,6.17679976894741,6.271342380278779,13858300
2010-06-03,6.246131420135498,6.391097449022913,6.208314613356038,6.378491446038222,26076500
2010-06-04,6.06334924697876,6.220920694980559,6.0381378393419665,6.138983469889139,22816300
2010-06-07,5.9435954093933105,6.17680108809069,5.918384000914875,6.17680108809069,11634200
2010-06-08,5.994016647338867,6.006622047713733,5.867959638154044,5.981410645876768,14852800
2010-06-09,6.025530815124512,6.176799220252188,6.006621813668145,6.044439215493669,16636100
2010-06-10,6.170496940612793,6.227222749434262,6.1137711317913235,6.138982535591167,14853400
2010-06-11,6.17680025100708,6.239828463117853,6.113771437808996,6.157891847482579,11804600
2010-06-14,6.208313941955566,6.309159550577882,6.1767995389892825,6.183102539799987,11076100
2010-06-15,6.473033428192139,6.498244828256422,6.246130226526394,6.271341626590678,15912000
2010-06-16,6.498244762420654,6.548667562038372,6.3721871622891735,6.397398562098033,10921300
2010-06-17,6.485637664794922,6.529757456724867,6.416306477321138,6.51715205949649,8265000
2010-06-18,6.428913116455078,6.52345631882317,6.4163077167916525,6.454124516869129,8883200
2010-06-21,6.529759883880615,6.605394098625876,6.485640075551039,6.517154481966725,15083600
2010-06-22,6.35958194732666,6.567576152052409,6.346975946513123,6.517153350972664,11366800
2010-06-23,6.39739990234375,6.447822712524972,6.315463286614749,6.3910975018865805,9204200
2010-06-24,6.265040397644043,6.378492030553573,6.23352658946905,6.378492030553573,16327900
2010-06-25,6.315463542938232,6.365886355165947,6.271343131423481,6.315463542938232,7108000
2010-06-28,6.32806921005249,6.3910980285162795,6.258737990612212,6.3343722121163415,7603500
2010-06-29,6.183103561401367,6.258737780364745,6.113771743202766,6.258737780364745,15553400
2010-06-30,6.151588439941406,6.2965538592070684,6.126377036543584,6.202011246737052,15959300
2010-07-01,6.170496940612793,6.202011345634418,6.050742922835354,6.157891539256511,13232900
2010-07-02,6.23352575302124,6.290250960776952,6.145285539144665,6.195708346763485,12921200
2010-07-06,6.5107622146606445,6.610011384721234,6.424745972803079,6.424745972803079,19171800
2010-07-07,6.6166276931762695,6.6497109578443085,6.497528192775643,6.517378530182941,12954000
2010-07-08,6.676178455352783,6.702644944896851,6.563695717037771,6.6166286961259075,13385700
2010-07-09,6.715877056121826,6.735727394120129,6.623244669506314,6.676177642146838,5183700
2010-07-12,6.662943363189697,6.729109887342882,6.662943363189697,6.682793699042096,8052800
2010-07-13,6.709260940551758,6.735727427001218,6.662944116007093,6.70264416118669,9159500
2010-07-14,6.715877056121826,6.76881002876235,6.656327935159343,6.76881002876235,15869300
2010-07-15,6.715877056121826,6.729110614787362,6.643094376493808,6.676177642146838,9778200
2010-07-16,6.563695907592773,6.715878069136546,6.550462346931105,6.676178649173346,16100800
2010-07-19,6.7026448249816895,6.715877754011534,6.623245357769998,6.629862137790358,8440800
2010-07-20,6.815128326416016,6.821745107179238,6.596779609317225,6.656329374164339,12519100
2010-07-21,6.682792663574219,6.815125060365554,6.662942330797536,6.8018915051811,12529700
2010-07-22,6.868060111999512,6.88129304020582,6.735727674882253,6.735727674882253,13268600
2010-07-23,6.920993328094482,6.947459816440488,6.8151273747104595,6.8680603514024705,9314200
2010-07-26,6.9937744140625,6.993774414062499,6.848209076950581,6.92760852383273,7232800
2010-07-27,6.907759189605713,7.01362576512989,6.901143041331729,7.000392206560317,10941500
2010-07-28,6.920993328094482,7.007009572971715,6.88791005990926,6.9209933280944815,8376000
2010-07-29,6.735727310180664,6.954075977354504,6.735727310180664,6.901143005373622,21033800
2010-07-30,6.682792663574219,6.742341768872338,6.6166261496732295,6.709259142932486,18087100
2010-08-02,6.78865909576416,6.868058539859504,6.722492576846029,6.755575836305094,13442600
2010-08-03,6.768809795379639,6.828359545299707,6.735727161878079,6.782043353588892,12634000
2010-08-04,6.762195110321045,6.8283610226502836,6.696028566980883,6.801894531516403,16752800
2010-08-05,6.6960272789001465,6.729110544206168,6.656327865341562,6.709260837426875,14172000
2010-08-06,6.590161323547363,6.669560781540608,6.543845130804003,6.64309429554286,16262400
2010-08-09,6.583544731140137,6.649711263517754,6.570311803271105,6.649711263517754,10843000
2010-08-10,6.570311546325684,6.610010959391072,6.517378574897969,6.550461208782195,14168100
2010-08-11,6.437978267669678,6.537228058977398,6.424745340768445,6.517378353120162,18577100
2010-08-12,6.464444637298584,6.517377600814972,6.391661339205526,6.398278117397749,17729600
2010-08-13,6.418128490447998,6.543844765171091,6.398278784811475,6.457828532731807,14238000
2010-08-16,6.464444637298584,6.523993747996497,6.371811635639554,6.385044561013302,7452100
2010-08-17,6.537228584289551,6.570311850717263,6.437978785006414,6.510762097349546,12328800
2010-08-18,6.464444637298584,6.543844082573166,6.431361377348167,6.537227304380943,11861300
2010-08-19,6.3784284591674805,6.504144090659772,6.358578124449721,6.46444468324566,19439300
2010-08-20,6.404895782470703,6.46444553242512,6.385045445145373,6.404895782470703,9000500
2010-08-23,6.41151237487793,6.484295688093024,6.404896226321783,6.41151237487793,9888100
2010-08-24,6.312263011932373,6.398279250634013,6.25933003904072,6.3585792054598675,17847400
2010-08-25,6.2659454345703125,6.312261617868874,6.166695659059675,6.2659454345703125,12023400
2010-08-26,6.239480972290039,6.285797170570764,6.219630632160406,6.259330681408796,12119600
2010-08-27,6.385044574737549,6.39827813115044,6.213012758444865,6.305645129292302,9931700
2010-08-30,6.232862949371338,6.41151155783815,6.213013244210748,6.358578590069409,12539800
2010-08-31,6.219629764556885,6.265946587387548,6.166696793616802,6.219629764556885,16359400
2010-09-01,6.3387298583984375,6.378429905827423,6.232863906602272,6.265947174291286,14118900
2010-09-02,6.2659454345703125,6.365194579070278,6.246095100861782,6.3321113205667325,20201800
2010-09-03,6.464444637298584,6.464444637298584,6.345345153881361,6.345345153881361,11390200
2010-09-07,6.285796642303467,6.437978784442461,6.272563083329212,6.437978784442461,18467000
2010-09-08,6.299027919769287,6.312260842939754,6.24609433405564,6.312260842939754,11263500
2010-09-09,6.292414665222168,6.371814141725202,6.265948173054491,6.3453476495575245,8783500
2010-09-10,6.272561073303223,6.318877883860189,6.24609459484665,6.285794628036819,9389500
2010-09-13,6.523995876312256,6.550462366704583,6.451213185486083,6.464446746187698,18223400
2010-09-14,6.570311546325684,6.590161252858378,6.471061751640623,6.484295310002949,8323500
2010-09-15,6.537228584289551,6.576927999194147,6.477678830921834,6.497528538374132,6151600
2010-09-16,6.590161323547363,6.610011030292974,6.490912158808507,6.5173786448062545,12894300
2010-09-17,6.557079315185547,6.6497123494393495,6.54384638515553,6.603395516806987,7967400
2010-09-20,6.662943363189697,6.662943363189697,6.576927134194853,6.583543912812319,12612700
2010-09-21,6.550462245941162,6.682795326474029,6.537229316494412,6.682795326474029,14590000
2010-09-22,6.48429536819458,6.563694826048701,6.464445661483749,6.557078046808158,33047200
2010-09-23,6.391661643981934,6.451211388530083,6.3387286779415195,6.3850448654742,29309800
2010-09-24,6.603394985198975,6.6232453251623244,6.431363122592698,6.490912880461008,29744500
2010-09-27,6.543844699859619,6.60339381617485,6.537227921043229,6.596777668369219,12822100
2010-09-28,6.676178455352783,6.682795235491521,6.517379518088373,6.543846007632442,12307000
2010-09-29,6.801893711090088,6.854826686973213,6.669561271382274,6.682794830858478,20805700
2010-09-30,6.709260940551758,6.868059859248521,6.696027381821622,6.775426841170003,11830400
2010-10-01,6.782042026519775,6.795275582139567,6.696025808023124,6.755575546290857,11123000
2010-10-04,6.755575180053711,6.841591393887203,6.696025445014323,6.79527521375018,13630400
2010-10-05,6.887909412384033,6.894526191601212,6.762193762311618,6.77542668973518,13253400
2010-10-06,6.815128326416016,6.887911021778631,6.78866183437407,6.854827748973462,10742000
2010-10-07,6.801893711090088,6.848210538245957,6.748960735206962,6.815127270566292,7504600
2010-10-08,6.854824542999268,6.868058098336432,6.748958624344553,6.815125139009075,6281600
2010-10-11,6.841594219207764,6.868060708931529,6.795278019943896,6.8349774390241,5766600
2010-10-12,6.7952775955200195,6.8349770121206515,6.715877500297057,6.801893744279559,7488800
2010-10-13,6.901141166687012,6.927607645625929,6.821741729870259,6.828357876347014,11061700
2010-10-14,6.861443519592285,6.940842984028903,6.848210591024941,6.90114356731602,12535900
2010-10-15,6.841594219207764,6.934226617735499,6.788661239760232,6.927610468562724,12457200
2010-10-18,6.815128326416016,6.834978037694738,6.762195342332124,6.795278615137292,12978800
2010-10-19,6.748960971832275,6.821744289481563,6.7026447740633595,6.7555777518023685,12066600
2010-10-20,6.834975719451904,6.868058981036106,6.762193048775244,6.808509236386689,8634100
2010-10-21,6.887909412384033,6.934225604882692,6.821743513244635,6.874676484960473,25208900
2010-10-22,7.013625621795654,7.013625621795654,6.8812925628475625,6.9077590484350235,10628800
2010-10-25,7.066559314727783,7.099641951832978,7.020242486960973,7.073175463542309,15294700
2010-10-26,7.026857376098633,7.0731735603924815,6.99377411688416,7.020240598053601,5179200
2010-10-27,7.046707630157471,7.0731741133961465,7.000391442242472,7.026857925481147,11037100
2010-10-28,7.1194915771484375,7.1988910340558325,7.086408312350993,7.192274254894185,14111000
2010-10-29,7.218740940093994,7.2385906471168955,7.079791728912068,7.1062582152795395,13152000
2010-11-01,7.205507755279541,7.278290432440058,7.179041269856554,7.218740682485641,6265100
2010-11-02,7.172422885894775,7.238588769142015,7.132722851137916,7.238588769142015,9680200
2010-11-03,7.231973171234131,7.245206096483338,7.1658066519560135,7.21873961497423,8804800
2010-11-04,7.450322151184082,7.450322151184082,7.258439993482678,7.278289697793658,13522900
2010-11-05,7.397390842437744,7.437090259950986,7.344457865079513,7.437090259950986,10642900
2010-11-08,7.27829122543335,7.370924250011863,7.271674445603987,7.370924250011863,8276300
2010-11-09,7.370923042297363,7.470172199432562,7.34445655832726,7.404005674001928,16399400
2010-11-10,7.443704605102539,7.443704605102538,7.357688387277852,7.417238125080378,11618500
2010-11-11,7.317991733551025,7.37754086272715,7.27829168308938,7.344458223521824,10698900
2010-11-12,7.311371326446533,7.337837803288442,7.238588041873346,7.271671295678378,8284200
2010-11-15,7.317991733551025,7.39739120346342,7.317991733551025,7.370924713492622,6752600
2010-11-16,7.185655117034912,7.317988132786265,7.159188640086758,7.291521655838112,8229300
2010-11-17,7.205507755279541,7.251823947017072,7.172424490748111,7.212123903377198,10309200
2010-11-18,7.3047566413879395,7.34445668352522,7.2650565992506575,7.2650565992506575,8092800
2010-11-19,7.331223964691162,7.331223964691161,7.245207722726868,7.284907769406863,3746400
2010-11-22,7.364306926727295,7.377539854398631,7.251824201972305,7.291524247007929,7839900
2010-11-23,7.10625696182251,7.2782894083720535,7.0930240364783055,7.271672630194602,11475400
2010-11-24,7.27829122543335,7.284908005262713,7.165808492377602,7.198891760513561,10324000
2010-11-26,7.27829122543335,7.291524785092075,7.205508540342924,7.218741468990794,4490900
2010-11-29,7.152575492858887,7.271674373553058,7.0864089572425755,7.238591105744902,17495900
2010-11-30,7.112873554229736,7.145956813242244,7.086407073221867,7.106256776225099,16522500
2010-12-01,7.351072788238525,7.364306345876889,7.212123588089499,7.251823629993831,22671000
2010-12-02,7.635587215423584,7.662053697083206,7.41723858397904,7.423855362146619,27885800
2010-12-03,7.920104026794434,7.93995373444752,7.642205595607903,7.675288862370268,22780100
2010-12-06,7.867168426513672,7.933334306943045,7.827468393447554,7.920101383261417,7499700
2010-12-07,7.827470302581787,7.939953020858139,7.827470302581787,7.9267194629382045,9644900
2010-12-08,7.880401134490967,7.906867612140393,7.840701733522129,7.860551434006548,10947000
2010-12-09,7.959801197052002,8.105367151143271,7.959801197052002,7.999501232171676,14510700
2010-12-10,7.992885589599609,8.025968851729244,7.9399526225964925,7.99288558959961,10002400
2010-12-13,7.8737874031066895,8.059053449328875,7.8737874031066895,7.999503693829661,11830200
2010-12-14,7.880401134490967,7.946567644119831,7.840701733522129,7.926717312624811,12702300
2010-12-15,8.019351959228516,8.052435220888375,7.920102805259667,7.946569288385408,11263900
2010-12-16,8.151686668395996,8.151686668395996,8.072287196679127,8.072287196679127,11049900
2010-12-17,8.396499633789062,8.422966117331718,8.23770073253313,8.264167216075785,21359100
2010-12-20,8.158302307128906,8.284018593012878,8.131835820260305,8.244318547204566,9499500
2010-12-21,8.198001861572266,8.257550980199298,8.151685039070196,8.224468346854541,10978600
2010-12-22,8.13845157623291,8.237700731755819,8.111985092692752,8.178150986037776,7865300
2010-12-23,8.09213638305664,8.1516861407424,8.07228667416501,8.13845321181827,5750600
2010-12-27,8.145068168640137,8.17153465157516,8.092134571759363,8.151684316115846,3890700
2010-12-28,8.098750114440918,8.158299849710586,8.07228363554447,8.118600446871229,5232200
2010-12-29,8.145068168640137,8.224467617445205,8.078901645797215,8.111984907218675,9312400
2010-12-30,8.204617500305176,8.217851057630186,8.158301311689126,8.171534869014137,4270200
2010-12-31,8.297249794006348,8.297249794006348,8.198000646658867,8.224467128018908,4216200
2011-01-03,8.330331802368164,8.396497680325798,8.297248547884049,8.310482102081933,7040600
2011-01-04,8.356800079345703,8.356800079345703,8.231083811435859,8.336950374784944,9709800
2011-01-05,8.17815113067627,8.30386740297349,8.098751678651539,8.270784140210498,9777300
2011-01-06,8.515600204467773,8.548683470841613,8.23770177654484,8.27078504291868,23936600
2011-01-07,8.647932052612305,8.667782389697225,8.522216406128372,8.542066112202512,20593300
2011-01-10,8.747182846069336,8.78026611398628,8.641316893543793,8.674399530449888,16293600
2011-01-11,8.879512786865234,8.945679304071176,8.806730122747236,8.91921219238026,18268900
2011-01-12,8.939064025878906,8.972147290032344,8.853047791484281,8.952296952933814,11785800
2011-01-13,8.846431732177734,8.972148019986642,8.780265829498527,8.945681532712793,12088500
2011-01-14,9.051547050476074,9.058163198721136,8.833198383119047,8.879514575888477,15034100
2011-01-18,8.965531349182129,9.144179982695208,8.94568164123864,9.051547591618366,14698500
2011-01-19,8.952296257019043,9.16402875253536,8.952296257019043,9.111095786408963,20552600
2011-01-20,8.773648262023926,8.892747128555351,8.740564998149896,8.846430937738173,24561200
2011-01-21,8.780264854431152,8.859664307435219,8.753797739085702,8.806731338765841,23532600
2011-01-24,8.899364471435547,8.92583095800965,8.720715844813052,8.819965011713236,12170300
2011-01-25,8.747182846069336,8.853048798594877,8.747182846069336,8.78026611398628,16607200
2011-01-26,8.760415077209473,8.819964828517023,8.740565370443889,8.819964828517023,19606400
2011-01-27,8.806733131408691,8.965532069740934,8.733949811414913,8.813349280581035,23444900
2011-01-28,8.674398422241211,8.925830342872795,8.661165495371533,8.925830342872795,22928500
2011-01-31,8.647932052612305,8.707481801845507,8.621465567509857,8.681015316743059,17718200
2011-02-01,8.740565299987793,8.806731830020782,8.720715593382215,8.773648565004288,17957000
2011-02-02,8.826581954956055,8.892747857114134,8.733948934721752,8.76041542178715,12598000
2011-02-03,8.839813232421875,8.87951327111263,8.773647342618226,8.866279714545476,7536700
2011-02-04,9.011845588684082,9.01846236689934,8.813346659301207,8.859663475797321,13293400
2011-02-07,9.038311958312988,9.091244921356434,8.98537899526954,9.01846225492437,15960600
2011-02-08,8.879512786865234,8.998612265431658,8.839812750339535,8.945679304071176,11827600
2011-02-09,8.661165237426758,8.879513887865185,8.661165237426758,8.773647952017553,13696400
2011-02-10,8.495749473571777,8.575148924697311,8.429582948795126,8.548682440988799,26351400
2011-02-11,8.561919212341309,8.588385707935446,8.363420810890792,8.442820297673205,11393100
2011-02-14,8.528834342956543,8.575150540420614,8.515600783103457,8.575150540420614,8005900
2011-02-15,8.482516288757324,8.515599552598639,8.42958331901553,8.442816876956364,7291100
2011-02-16,8.528834342956543,8.575150540420614,8.482517514481607,8.515600783103457,14544900
2011-02-17,8.647932052612305,8.647932052612305,8.48251636296931,8.522216406128372,16609200
2011-02-18,8.475898742675781,8.661164106212054,8.462665186917857,8.647930550454127,15167000
2011-02-22,8.211235046386719,8.429583714570237,8.198002118835706,8.429583714570237,15166500
2011-02-23,8.125219345092773,8.33033509926446,8.085519928808475,8.31710153982913,16723100
2011-02-24,8.019351959228516,8.184767636517083,7.946569288385408,8.184767636517083,29988100
2011-02-25,8.13183307647705,8.17153310889007,8.032583941960413,8.105366598538573,15380300
2011-02-28,8.13183307647705,8.197999586828548,8.072283343362825,8.197999586828548,18334700
2011-03-01,8.059050559997559,8.31048242028929,8.052433782645261,8.297248865584695,15990200
2011-03-02,8.078902244567871,8.14506877231475,8.019352495797838,8.02596927477468,12591100
2011-03-03,8.111984252929688,8.171533992483063,8.052434513376312,8.164917214530316,15442000
2011-03-04,8.211235046386719,8.270784797893278,8.158302074161066,8.191385339554799,20278800
2011-03-07,8.072284698486328,8.224467445437995,7.986268472993772,8.211233888741887,15430100
2011-03-08,8.171534538269043,8.250933985973163,8.164917759874353,8.171534538269043,19209600
2011-03-09,8.284017562866211,8.356800234951379,8.111985104107733,8.1847677761929,25862200
2011-03-10,8.012734413146973,8.105367410719031,7.973035007766569,8.09213385491845,17514200
2011-03-11,8.078902244567871,8.11198550844131,7.966419526004646,7.9730363049814885,13547700
2011-03-14,8.045819282531738,8.072285768421219,7.953186897423954,7.9598030456382265,8602600
2011-03-15,7.880401134490967,7.887017911655974,7.6819022366149765,7.774535223893266,14192300
2011-03-16,7.562807083129883,7.880404969481662,7.496640541301142,7.814239058663828,39189200
2011-03-17,7.6819047927856445,7.7613042521542654,7.64220537860674,7.64220537860674,13507100
2011-03-18,7.774539470672607,7.820855674106303,7.662056721467106,7.807622743558509,13015000
2011-03-21,7.900254249572754,7.973037567824565,7.860554831445288,7.867171611470157,15205300
2011-03-22,7.820854663848877,7.900254129912064,7.807621735010445,7.89363798099828,10850100
2011-03-23,7.9664201736450195,7.979653732674543,7.754688277259236,7.860554225452128,17840300
2011-03-24,8.125219345092773,8.145069684245767,7.95980363821623,8.025970173371185,16177100
2011-03-25,8.098750114440918,8.158299849710586,8.065666858067699,8.151683072233816,10185100
2011-03-28,8.052433967590332,8.178149585118275,8.006117787081717,8.111983703107486,7657800
2011-03-29,7.979651927947998,7.999501630992129,7.946568668867324,7.9862680749555865,25880800
2011-03-30,8.012734413146973,8.039200893737465,7.953185305076368,8.025967968947555,13372800
2011-03-31,8.059050559997559,8.164916473591841,7.999500825848119,8.145066772545569,13090900
2011-04-01,8.078902244567871,8.125218435384221,8.045818980694433,8.11198550844131,10752900
2011-04-04,8.059050559997559,8.1119835167947,8.039200227940666,8.085517038396128,9660700
2011-04-05,8.244317054748535,8.27740031509798,8.138451126438875,8.145067904710906,20534300
2011-04-06,8.44943618774414,8.489135611440767,8.389886421188235,8.403119352083458,12934700
2011-04-07,8.416352272033691,8.475902034047447,8.370035439905818,8.403118711136894,8459300
2011-04-08,8.370034217834473,8.502367283437419,8.356801289880671,8.422967191671322,7510900
2011-04-11,8.277400016784668,8.323716200998255,8.21785027650395,8.29724971987468,9431600
2011-04-12,8.09213638305664,8.19138618953653,8.039203405338382,8.1583029207099,8548900
2011-04-13,8.111984252929688,8.184766917377882,8.092133919071445,8.171533992483063,11613700
2011-04-14,8.145068168640137,8.17153465157516,8.052435162862192,8.05905194134863,11826400
2011-04-15,8.078902244567871,8.138451993337906,8.02596927477468,8.118602287418152,6326500
2011-04-18,7.906869411468506,8.025968903499118,7.853936444123955,8.019352124828362,11477300
2011-04-19,7.913485527038574,7.946568786609434,7.840702860791236,7.933335230376812,17106500
2011-04-20,8.237701416015625,8.237701416015625,8.118602545697406,8.191385223725806,16936700
2011-04-21,8.310483932495117,8.350183341811512,8.277400670724298,8.297250375382497,14928000
2011-04-25,8.125219345092773,8.284018903262497,8.092136077515296,8.264168564109504,11027600
2011-04-26,8.310483932495117,8.310483932495117,8.151684402197334,8.178150885411842,11100000
2011-04-27,8.793499946594238,8.83319999837825,8.370035461945418,8.489134986286537,44473500
2011-04-28,8.87289810180664,8.919214296169068,8.707482400785604,8.720715959752482,31618300
2011-04-29,8.932449340820312,8.932449340820312,8.813349814352545,8.853049866845442,15371600
2011-05-02,8.939064025878906,8.978763438054408,8.892747203659782,8.939064025878906,16884100
2011-05-03,8.90598201751709,8.972148555153804,8.853049039812067,8.932448506369603,18363000
2011-05-04,8.892746925354004,8.93244696729784,8.806731324662087,8.925830188472075,16035100
2011-05-05,8.965531349182129,9.058163740258971,8.899364814689381,8.91921452263287,17851100
2011-05-06,9.09786319732666,9.190496213408782,9.038313446346068,9.038313446346068,19126000
2011-05-09,9.044930458068848,9.130946697139555,8.998614264342626,9.130946697139555,16039800
2011-05-10,9.09786319732666,9.124329683205724,8.965530767931341,8.991997253810405,11120200
2011-05-11,8.932449340820312,9.137565121846919,8.91921577965237,9.044932086704108,12408500
2011-05-12,9.144179344177246,9.223578801417752,8.91921389982375,8.91921389982375,26161400
2011-05-13,8.991998672485352,9.157414393079973,8.958915402164248,9.144180832547173,12839300
2011-05-16,8.91259765625,9.051546862686353,8.91259765625,8.952297068939936,13765000
2011-05-17,8.859665870666504,8.998615095693014,8.786882552645887,8.905982068671717,21091500
2011-05-18,8.952296257019043,9.00522922314544,8.919212995437363,8.925829773955845,11029700
2011-05-19,8.899364471435547,8.958914223979983,8.83981471889111,8.952297444583753,8295100
2011-05-20,8.87289810180664,8.925831075652507,8.813348348477337,8.892747809246135,8234400
2011-05-23,8.681015014648438,8.773648024788816,8.661165309265055,8.747181540607388,14639200
2011-05-24,8.700865745544434,8.839814961626635,8.694249596977343,8.720716084278198,15758800
2011-05-25,8.714098930358887,8.773648681980374,8.647932399443722,8.674398885607626,11050400
2011-05-26,8.826581954956055,8.859665221540508,8.687632740110015,8.714099227175412,15105200
2011-05-27,8.773648262023926,8.892747128555351,8.740564998149896,8.839814158761213,10229900
2011-05-31,9.038311958312988,9.09786169948954,8.899362772571266,9.031695180179883,17418500
2011-06-01,9.051547050476074,9.12432972925815,8.998614078450784,9.08462968473378,17616700
2011-06-02,9.064780235290527,9.117713208818378,9.031696969082915,9.078013794177899,12586800
2011-06-03,9.025080680847168,9.117713067580578,8.991997415152033,9.044930387859926,9232000
2011-06-06,9.051547050476074,9.130946508514011,8.99199729919492,9.018463785207567,10591300
2011-06-07,9.183878898620605,9.2963616147998,9.117712372276104,9.124329151112706,14722000
2011-06-08,9.078015327453613,9.197114222501659,9.025082344985389,9.197114222501659,14932900
2011-06-09,8.972149848937988,9.084631969522937,8.813350261913142,9.078015819613912,14243900
2011-06-10,8.634699821472168,8.89274791426549,8.601616554675097,8.86628142703,30974300
2011-06-13,8.595000267028809,8.66116680440984,8.575150558218844,8.6347003156596,13034200
2011-06-14,8.819963455200195,8.846429937103597,8.767030491393394,8.77364726962192,12413100
2011-06-15,8.681015014648438,8.833197771949719,8.67439823585039,8.74056476180934,18221700
2011-06-16,8.601617813110352,8.70748377754073,8.542068050365533,8.66116757585517,16911900
2011-06-17,8.416352272033691,8.674400399412079,8.383269000802615,8.667784249974595,18469400
2011-06-20,8.53544807434082,8.561914555539913,8.429582149544451,8.482515111942636,10737600
2011-06-21,8.780264854431152,8.786881002256754,8.60823239075029,8.628082096248617,13390400
2011-06-22,8.54868221282959,8.700864332339194,8.542065434326373,8.700864332339194,16821800
2011-06-23,8.495749473571777,8.528832735960103,8.27078404654406,8.389883538737733,18140700
2011-06-24,8.204617500305176,8.403116443105136,8.178151016665899,8.37003318080335,26052200
2011-06-27,8.290632247924805,8.336949059272412,8.158299853382992,8.197999887250852,27858400
2011-06-28,8.482516288757324,8.482516288757324,8.31710060056152,8.336950937472775,32005100
2011-06-29,8.516304016113281,8.619740640748656,8.454241778278448,8.59215749700362,16606000
2011-06-30,8.695595741271973,8.764553942295656,8.585263145741393,8.64732539513588,20957200
2011-07-01,8.902471542358398,8.909367495425002,8.681806305301324,8.681806305301324,17024900
2011-07-05,8.771449089050293,8.861094479101498,8.702490894354264,8.861094479101498,10336700
2011-07-06,8.64042854309082,8.716282687838968,8.550783154155603,8.709386736928396,20917400
2011-07-07,8.799033164978027,8.86799070932501,8.661117418649907,8.723179011271947,20138900
2011-07-08,8.702492713928223,8.723179913608812,8.5094106490962,8.716284618804762,13968700
2011-07-11,8.530097007751465,8.66111746062375,8.50940981011053,8.599055210066789,10239400
2011-07-12,8.440451622009277,8.502513872670752,8.357702173672028,8.488722626764956,16394900
2011-07-13,8.578369140625,8.75076402466809,8.550785985483477,8.592161047012908,17094300
2011-07-14,8.37839126586914,8.571474013283405,8.337016861162017,8.557682106624826,17778000
2011-07-15,8.426658630371094,8.488720868175273,8.343909199176863,8.447345823761147,11521800
2011-07-18,8.37149429321289,8.39907744337034,8.295640137054276,8.37149429321289,14976100
2011-07-19,8.426658630371094,8.4680330171512,8.274951011031327,8.337013248835506,13348100
2011-07-20,8.599055290222168,8.647325637712349,8.523201135441413,8.592159338399524,8756200
2011-07-21,8.668012619018555,8.743866771904468,8.564575974799403,8.599055075417168,8316300
2011-07-22,8.9507417678833,8.9507417678833,8.688702131520708,8.688702131520708,16438500
2011-07-25,8.792136192321777,8.840406533522993,8.688699558995152,8.771448997183269,24419600
2011-07-26,8.895574569702148,8.999011880942623,8.826617019842704,8.83351297211891,16114900
2011-07-27,8.661118507385254,8.867991824065115,8.640430649609879,8.847304623923977,19118800
2011-07-28,8.48872184753418,8.764553316671448,8.468033994123312,8.619741630965857,27805500
2011-07-29,8.523200035095215,8.571471033987766,8.433554645876564,8.488721595701492,20581700
2011-08-01,8.64042854309082,8.750761127123681,8.502512813049744,8.688699541830752,20125100
2011-08-02,8.405973434448242,8.59216020666952,8.405973434448242,8.585264254150013,12811200
2011-08-03,8.385284423828125,8.447346667833662,8.219785544902749,8.371493179401387,19356500
2011-08-04,7.985326290130615,8.371490893128149,7.978430340983503,8.288741476264514,27060800
2011-08-05,7.971537113189697,8.061181844774303,7.709496896466024,7.971537113189696,22109100
2011-08-08,7.543999671936035,7.799144673476795,7.475042114402387,7.716394552221573,18751900
2011-08-09,7.9301629066467285,7.943954809974852,7.495727816323027,7.633643561433532,21818200
2011-08-10,7.633645057678223,7.854310950741145,7.61985380928107,7.806039937265422,19386900
2011-08-11,7.943955898284912,8.061183804463278,7.730185970851859,7.730185970851859,17011900
2011-08-12,7.902578353881836,7.964640592565924,7.819828921514397,7.874995209759356,9037700
2011-08-15,8.04738998413086,8.081869078517647,7.964640552182981,8.01291088974407,5535100
2011-08-16,7.943955898284912,8.05428850948872,7.86120578224782,7.92326804045852,11531700
2011-08-17,7.937058448791504,7.992224743989354,7.826725858395803,7.957745645082169,10491600
2011-08-18,7.619851589202881,7.730184174771306,7.412977662445039,7.688809126366104,21118100
2011-08-19,7.543999671936035,7.737082411352517,7.5164165173957205,7.543999671936035,11898100
2011-08-22,7.750870704650879,7.79914169991798,7.612954984532079,7.730183511041567,17618100
2011-08-23,8.164620399475098,8.199099501839154,7.833621937468016,7.833621937468016,16565700
2011-08-24,8.095662117004395,8.137037170970773,7.950850414573331,8.130141219037348,14453900
2011-08-25,7.826725959777832,8.130140587296232,7.799142811821613,8.061182388588625,17994600
2011-08-26,8.143932342529297,8.178410783624253,7.861204259058234,7.861204259058234,9421300
2011-08-29,8.364598274230957,8.364598274230957,8.205994668871048,8.226682524548972,8293300
2011-08-30,8.254266738891602,8.316328998660104,8.199100431904988,8.288745845166797,7907200
2011-08-31,8.254266738891602,8.330120246589631,8.199100431904988,8.32322429380774,10145300
2011-09-01,8.199097633361816,8.316326160104104,8.178409782077392,8.219784827012212,9095900
2011-09-02,8.040495872497559,8.137037227331684,7.978433619935206,8.08187092675052,10719500
2011-09-06,7.943955898284912,7.964643098477066,7.799144181671357,7.85431048727326,12790800
2011-09-07,8.309432029724121,8.309432029724121,8.123245273187248,8.137037177064427,12396600
2011-09-08,8.27495002746582,8.343908207414945,8.171513415176074,8.199096555628936,16279000
2011-09-09,8.192203521728516,8.33011927307731,8.137037221188999,8.233577918316065,15057500
2011-09-12,8.233577728271484,8.268056829721392,8.068078830472919,8.10945388373964,12798200
2011-09-13,8.247368812561035,8.261160057190395,8.123244322726316,8.185306567643677,11612100
2011-09-14,8.150827407836914,8.226681554442765,8.006015723338763,8.157723358916371,18850400
2011-09-15,8.350805282592773,8.412867526273407,8.274951794557598,8.274951794557598,15916200
2011-09-16,8.5576810836792,8.626639293460535,8.454244426641424,8.51630668391778,15643200
2011-09-19,8.426658630371094,8.474928967492557,8.281846961372686,8.399075486639685,7858900
2011-09-20,8.357704162597656,8.474932740048116,8.350808209186614,8.44045363062722,10876500
2011-09-21,8.2197847366333,8.488720881667522,8.212888786280981,8.4266586437647,12460100
2011-09-22,7.943955898284912,8.026705356687767,7.85431048727326,7.943955898284912,24446200
2011-09-23,8.074975967407227,8.074975967407227,7.7853525249363,7.819831631446507,22340300
2011-09-26,7.971537113189697,8.033598698678867,7.792246334752329,7.992224308352753,18025300
2011-09-27,8.288744926452637,8.385285624161632,8.095662215766284,8.109454119801388,18203400
2011-09-28,8.116350173950195,8.274953126544554,8.116350173950195,8.233578071552788,11587300
2011-09-29,8.143932342529297,8.268056177266184,8.0198078501583,8.240473029809753,10301800
2011-09-30,7.881895542144775,8.137039931533955,7.847416428414476,8.074977658346295,15664200
2011-10-03,7.799142837524414,8.040495218528191,7.799142837524414,7.826725985571535,15931500
2011-10-04,8.095662117004395,8.102558068937821,7.7646643158100614,7.7646643158100614,19700000
2011-10-05,8.150827407836914,8.150827407836914,7.950849429971284,8.040494821101959,11445900
2011-10-06,8.157723426818848,8.164619377955704,7.964641398425517,8.095661181855323,16134800
2011-10-07,8.137036323547363,8.19220261800118,8.006015880993967,8.150827568343765,16618600
2011-10-10,8.288744926452637,8.302536172853559,8.205994817510383,8.24736987198151,11210000
2011-10-11,8.178411483764648,8.288744740669934,8.171516189535827,8.219786537308401,8253000
2011-10-12,8.385284423828125,8.426659472376512,8.24736869139031,8.261159935817048,10920200
2011-10-13,8.392181396484375,8.39907734835427,8.233577791647646,8.281848797102738,14678500
2011-10-14,8.481829643249512,8.502516848164865,8.392184211770463,8.474933689066264,9567900
2011-10-17,8.281846046447754,8.426657699448304,8.233575057024938,8.405969850709692,9357900
2011-10-18,8.419764518737793,8.447347668492812,8.233577764665798,8.274952818115407,8859600
2011-10-19,8.350805282592773,8.474929769954043,8.316326842889383,8.357701233587084,8569800
2011-10-20,8.143932342529297,8.30253527599525,8.026703801430934,8.28874403108409,13372900
2011-10-21,8.39907455444336,8.412865795961393,8.254262901517304,8.254262901517304,7230000
2011-10-24,8.605949401855469,8.612845352730531,8.385284234926068,8.385284234926068,7181400
2011-10-25,8.405973434448242,8.523201996742921,8.399078139562965,8.495618844299129,10456100
2011-10-26,8.447347640991211,8.571472143301769,8.357702240170715,8.502513940321645,16953200
2011-10-27,8.9300537109375,9.005907871025794,8.716284450551349,8.750762896808709,29647900
2011-10-28,8.78524112701416,8.867990573544025,8.76455392979023,8.854199327939453,13080000
2011-10-31,8.702492713928223,8.792138122723074,8.654222362128772,8.709388666366493,8923100
2011-11-01,8.5852632522583,8.654221454137545,8.426660308623852,8.509409756298455,14767400
2011-11-02,8.771449089050293,8.77834438241263,8.626637406295899,8.681803698999088,11367900
2011-11-03,8.895574569702148,8.916262426530766,8.709388461684023,8.881783322783942,12036400
2011-11-04,8.9507417678833,9.005908733976462,8.854201056897379,8.861097009863308,9961200
2011-11-07,8.964533805847168,8.971429758914663,8.826618032668684,8.91626344964327,7639100
2011-11-08,8.916260719299316,8.950739158810213,8.778344330719408,8.930051963576858,7545200
2011-11-09,8.605949401855469,8.730073887070292,8.564575011873242,8.654220400346828,11188800
2011-11-10,8.736971855163574,8.792138159632886,8.640430493525168,8.674909598227043,15910900
2011-11-11,8.9300537109375,8.97832471943938,8.750762896808709,8.757658849113865,12454400
2011-11-14,8.9507417678833,9.026595935239978,8.916263318322198,8.95763772084923,9046900
2011-11-15,9.019700050354004,9.019700050354004,8.867992372129844,8.930054634023104,10189200
2011-11-16,8.78524112701416,8.978323826551321,8.778345175394803,8.93005282284996,12697300
2011-11-17,8.764554023742676,8.87488662029855,8.695595822078179,8.87488662029855,13148200
2011-11-18,8.73007583618164,8.7714508930355,8.605951323254287,8.7714508930355,11364900
2011-11-21,8.661118507385254,8.702492907667532,8.530098038678158,8.619743449468741,15051900
2011-11-22,8.661118507385254,8.716284812851114,8.605951544285158,8.661118507385254,16107200
2011-11-23,8.41286563873291,8.557677288952574,8.371491257318112,8.516302907537776,11899800
2011-11-25,8.323224067687988,8.412869478514372,8.274953714794641,8.295640914944043,5505000
2011-11-28,8.654221534729004,8.674908732431764,8.523201081465158,8.523201081465158,11545800
2011-11-29,8.550785064697266,8.654222378565109,8.54388976988012,8.640430473662374,9364300
2011-11-30,8.9093656539917,8.936948802922807,8.743866760405052,8.805929009908581,18986100
2011-12-01,9.109345436096191,9.150720496430855,8.923158651041618,8.93005460403644,11239500
2011-12-02,9.047282218933105,9.212781127524966,9.026595019767672,9.130031673229036,8691500
2011-12-05,9.116241455078125,9.171407764167476,9.047283239899295,9.150720562667539,15855000
2011-12-06,8.923158645629883,9.05417912191496,8.909367397282875,8.999012813258382,13573800
2011-12-07,9.116241455078125,9.157615858078,8.867992406541763,8.881784312631241,11695100
2011-12-08,8.923158645629883,9.109345430571537,8.902471444292233,8.999012813258382,9011500
2011-12-09,9.019700050354004,9.095553560648947,8.771451660415241,8.847305170710182,13774300
2011-12-12,8.916260719299316,8.923156012621048,8.771449037397677,8.881781622154339,9816300
2011-12-13,8.771449089050293,8.985218308866633,8.688699649995508,8.923156065167024,12554400
2011-12-14,8.654221534729004,8.82661638339837,8.647325582950032,8.723179079616257,9798500
2011-12-15,8.619742393493652,8.750762188515727,8.571472046533017,8.750762188515727,8199400
2011-12-16,8.799033164978027,8.826616314243651,8.571472019128091,8.626638317659339,13528100
2011-12-19,8.495617866516113,8.792137214385374,8.488722572424434,8.73697091584702,10443300
2011-12-20,8.73007583618164,8.826617197084497,8.661118284937503,8.709388636571822,22957200
2011-12-21,8.764554023742676,8.930052918576488,8.633534229741112,8.87488662029855,16766200
2011-12-22,8.902471542358398,8.916263448491605,8.792138923829862,8.819722078461995,5828300
2011-12-23,8.9093656539917,8.936948802922807,8.799033058267268,8.888678456701903,3709400
2011-12-27,8.978328704833984,9.074869449422845,8.87489134724442,8.902474511074738,4506200
2011-12-28,8.9093656539917,9.01969824971613,8.895573750709072,8.936948802922807,6138400
2011-12-29,8.978328704833984,8.999015913298098,8.88868325797683,8.943849585637464,3996700
2011-12-30,8.902471542358398,9.033492020086745,8.881784340792867,8.992116959321404,4183200
2012-01-03,9.143823623657227,9.205885879099231,9.005907865805108,9.040386312042482,8910500
2012-01-04,9.061073303222656,9.109343649450445,8.992115102067975,9.067968597230808,7386600
2012-01-05,9.143823623657227,9.157614870625334,9.061074168945956,9.09555261518333,10306100
2012-01-06,9.06796932220459,9.150719433259642,9.026594924311262,9.150719433259642,7775800
2012-01-09,9.22657299041748,9.233468942652904,9.05417813033711,9.067969377173755,7543100
2012-01-10,9.495508193969727,9.529986636193232,9.281738300959681,9.330008646179893,15501300
2012-01-11,9.419652938842773,9.447236083969518,9.364486648589287,9.38517384302583,11564800
2012-01-12,9.536885261535645,9.64032193247483,9.44723983982567,9.44723983982567,12716100
2012-01-13,9.481719017028809,9.516198126799413,9.371386391870328,9.488614970509794,9564100
2012-01-17,9.28174114227295,9.474823239893949,9.254157985469948,9.454136036700282,13523900
2012-01-18,9.536885261535645,9.612738776382093,9.392073527640196,9.392073527640196,14004200
2012-01-19,9.833404541015625,9.840300494347987,9.56446827976226,9.57136423309462,14215100
2012-01-20,9.633424758911133,9.833402766011945,9.619632854735952,9.79202771112059,14399700
2012-01-23,9.661008834838867,9.757549542773855,9.571363422017628,9.667904787586865,9998400
2012-01-24,9.605841636657715,9.681695136943407,9.550675335061904,9.57825848585981,9240200
2012-01-25,9.764443397521973,9.771339348788299,9.585152610402124,9.66790271032983,9296200
2012-01-26,9.812714576721191,9.950630983255587,9.778236132721757,9.805819282501803,13756900
2012-01-27,9.729965209960938,9.785131509989235,9.64721575991849,9.688590813756798,11038700
2012-01-30,9.640318870544434,9.702381116449638,9.550674134941477,9.702381116449638,9843400
2012-01-31,9.709277153015137,9.785130644435808,9.647214906564535,9.736860300589392,7117600
2012-02-01,9.78512954711914,9.840296493715272,9.723067965262317,9.723067965262317,9918300
2012-02-02,9.592049598693848,9.805819507622532,9.585153646681979,9.785131651586925,11380900
2012-02-03,9.688593864440918,9.695489818524353,9.516198958161308,9.523094912244744,11174500
2012-02-06,9.647216796875,9.681695902507307,9.585154538263696,9.661008702181618,9070400
2012-02-07,9.688593864440918,9.750656135923078,9.571365275560034,9.612739684791888,6824400
2012-02-08,9.78512954711914,9.833400543186501,9.667901676300223,9.681692919723728,6962600
2012-02-09,9.847193717956543,9.874776867847517,9.70238201662038,9.792027418174591,9101100
2012-02-10,9.543778419494629,9.716173258986558,9.509299320069418,9.709277307574691,8965700
2012-02-13,9.729965209960938,9.764444311887166,9.64721575991849,9.716173963770949,13300700
2012-02-14,9.778237342834473,9.792028590614159,9.681695977839682,9.68859193054665,10985800
2012-02-15,9.874774932861328,9.971316267379315,9.826504594419353,9.86098368943535,12026600
2012-02-16,10.019590377807617,10.05406948580366,9.860987401713823,9.874778650331669,7762500
2012-02-17,10.081650733947754,10.185088038372957,10.033380386463158,10.0885466857696,7889600
2012-02-21,9.916152954101562,10.116130976044023,9.881673848738883,10.054068717918046,9565000
2012-02-22,9.985109329223633,9.998901232795333,9.860985485249126,9.936838981991,7314500
2012-02-23,9.750654220581055,9.881674034257928,9.72307106729991,9.881674034257928,9306400
2012-02-24,9.909256935119629,9.929944135144959,9.792028372252378,9.792028372252378,7352500
2012-02-27,9.923048973083496,9.964423373688106,9.778237255698878,9.854090761896824,5314700
2012-02-28,10.12992000579834,10.12992000579834,9.964421125452322,9.964421125452322,7511800
2012-02-29,10.012694358825684,10.205776428963933,9.992006500942335,10.164401370831476,10514800
2012-03-01,10.095443725585938,10.12302687821182,9.950632009891505,10.102339020516734,6178400
2012-03-02,10.060965538024902,10.095444646360546,9.992007321353617,10.02648642968926,6143400
2012-03-05,9.881673812866211,10.005798328667565,9.812715602391185,9.950632023341237,6702200
2012-03-06,9.764443397521973,9.888567889779422,9.723069005192228,9.812713741118044,7497600
2012-03-07,9.929944038391113,9.964423143186863,9.79892422932833,9.840299286610076,9138800
2012-03-08,10.074755668640137,10.081651621068783,9.971319012747331,9.998902164827694,5385700
2012-03-09,10.06786060333252,10.116130956164874,10.0057983453285,10.10233905099321,5586600
2012-03-12,9.929944038391113,10.067860457574115,9.888569638743592,10.067860457574115,7423400
2012-03-13,10.254044532775879,10.254044532775879,10.033379358165567,10.06785845610695,6853900
2012-03-14,10.212671279907227,10.419544575350498,10.205775328023341,10.295420729611369,6642900
2012-03-15,10.302315711975098,10.357482667741936,10.205775019059963,10.295420417934123,7049200
2012-03-16,10.198880195617676,10.295421556846673,10.17819299593797,10.267838404728991,5240700
2012-03-19,10.454024314880371,10.529878474962254,10.247150349182649,10.343691708544041,7112900
2012-03-20,10.302315711975098,10.39885706252438,10.233358168126308,10.391961110849257,5302400
2012-03-21,10.488503456115723,10.64021111918547,10.440233105080253,10.557461664138573,7137700
2012-03-22,10.364378929138184,10.460920288698116,10.329899825178622,10.371274881456937,6137600
2012-03-23,10.336796760559082,10.460921283564453,10.316109559269611,10.460921283564453,6650100
2012-03-26,10.605731010437012,10.619522256154537,10.329898862110856,10.336794813786693,9689000
2012-03-27,10.598834991455078,10.695376341401285,10.58504374582513,10.640210043613207,5885600
2012-03-28,10.467815399169922,10.61262709804661,10.426440346219087,10.536772943909105,10838900
2012-03-29,10.398857116699219,10.412649020121318,10.316107669069085,10.364378015778126,7107500
2012-03-30,10.536774635314941,10.626420049736867,10.440233925656148,10.481608327614413,7648300
2012-04-02,10.619522094726562,10.702272198310425,10.43333600574822,10.529877354839966,7762700
2012-04-03,10.49539852142334,10.681584615134733,10.460919420325926,10.626418316432531,8125600
2012-04-04,10.343690872192383,10.440232223747808,10.23335827477713,10.405753122647003,6057300
2012-04-05,10.50918960571289,10.557460609560813,10.33679476051038,10.364377909437415,8314700
2012-04-09,10.247149467468262,10.412649020366581,10.23335822167999,10.336794866811557,8027100
2012-04-10,10.081650733947754,10.336795032648592,10.067859487938225,10.247149631867083,11512600
2012-04-11,10.198880195617676,10.267838404728991,10.185088948375945,10.185088948375945,6097900
2012-04-12,10.28852653503418,10.343692844259488,10.226464272747139,10.233360225808871,7144700
2012-04-13,10.41264820098877,10.502292935643714,10.309210906362598,10.38506505394861,9421500
2012-04-16,10.41264820098877,10.571251132061162,10.371273151611481,10.522980789149408,6344600
2012-04-17,10.488503456115723,10.516086607798021,10.35058769770423,10.447128399775169,11083600
2012-04-18,10.536774635314941,10.591940943015471,10.329900652620829,10.46092112663528,6028300
2012-04-19,10.516085624694824,10.654001370213173,10.44023212906827,10.585043826271074,7294800
2012-04-20,10.41954517364502,10.59883598711603,10.378170775234299,10.585044740190524,6731400
2012-04-23,10.267837524414062,10.295420674166898,10.164400219615306,10.267837524414062,7086600
2012-04-24,10.247149467468262,10.385065871155888,10.198879120758084,10.316107669312075,9714900
2012-04-25,10.281628608703613,10.371274008398402,10.247149507646517,10.371274008398402,10077400
2012-04-26,10.909146308898926,10.991895761102988,10.447128040867264,10.516086246521077,19367100
2012-04-27,11.136709213256836,11.136709213256836,10.791919446188398,10.874669569003,15868000
2012-04-30,10.743646621704102,11.081540357993491,10.743646621704102,11.081540357993491,14862000
2012-05-01,10.70916748046875,10.860875126693456,10.70227218653946,10.764333777707892,9316000
2012-05-02,11.102228164672852,11.122914704084298,10.722959378121766,10.79881287237833,13476100
2012-05-03,10.826398849487305,11.109127018601768,10.798815693675444,11.060856660339589,9513700
2012-05-04,10.647106170654297,10.84018888565375,10.647106170654297,10.826396981310562,9666400
2012-05-07,10.633316040039062,10.688482347933785,10.509191518458803,10.557462531092384,8319800
2012-05-08,10.454024314880371,10.571252873521273,10.260942253791793,10.4953993710736,13955300
2012-05-09,10.433334350585938,10.550562878159242,10.32989706633265,10.37127211156077,11156700
2012-05-10,10.612627029418945,10.654001424468072,10.454023428039553,10.578147928455238,7212800
2012-05-11,10.612627029418945,10.709167722956343,10.481606577283689,10.481606577283689,7900500
2012-05-14,10.398857116699219,10.529877568672546,10.398857116699219,10.440232169331363,8117100
2012-05-15,10.198880195617676,10.460920469552764,10.164401091062018,10.447128564676813,16526100
2012-05-16,10.28852653503418,10.35058879732122,10.143714808909175,10.26783933348326,14335800
2012-05-17,10.13681697845459,10.295420581328823,10.116129780735049,10.21956642696691,11276300
2012-05-18,9.847193717956543,10.219566570301794,9.847193717956543,10.095442724609487,12673100
2012-05-21,9.94373607635498,9.992006429134085,9.88856977099765,9.916152923676314,18255500
2012-05-22,9.929944038391113,10.012694152954605,9.867882438919832,9.923048743539344,13708400
2012-05-23,9.709277153015137,9.736860300589392,9.557569512539681,9.667902760470811,12717800
2012-05-24,9.6265287399292,9.798923595115873,9.585153685325357,9.757548540512031,10795800
2012-05-25,9.640318870544434,9.723068970174111,9.58515257588072,9.605840429605191,6457500
2012-05-29,9.757549285888672,9.888569754114306,9.688591733126863,9.833403448851165,13769800
2012-05-30,9.605841636657715,9.647216034037479,9.523092184264,9.626528835347596,10371800
2012-05-31,9.467926025390625,9.681695955370746,9.419655671822378,9.64721684955018,23792400
2012-06-01,9.005908966064453,9.261053313670619,8.992117059777168,9.240365454239694,20047900
2012-06-04,8.978328704833984,9.088661360155253,8.87489134724442,9.012807166396007,13534100
2012-06-05,9.109345436096191,9.150720496430855,8.985220912726476,9.005908771710944,12895100
2012-06-06,9.30932331085205,9.323115216606649,9.054178973100365,9.10244932797293,12973900
2012-06-07,9.336908340454102,9.454136932381626,9.30242922677523,9.405866567811843,11723700
2012-06-08,9.28174114227295,9.371386566291282,9.11624220145495,9.164512561451616,9304500
2012-06-11,9.247260093688965,9.578258563583953,9.219676942667233,9.50240440504854,10415400
2012-06-12,9.447237968444824,9.48171707113944,9.24725996197707,9.274843112605925,17728000
2012-06-13,9.343801498413086,9.447238150859992,9.316218347251631,9.447238150859992,11660300
2012-06-14,9.288634300231934,9.364487794201565,9.171405754693508,9.288634300231934,12390800
2012-06-15,9.426551818847656,9.440343066879652,9.26794819185703,9.274844144690158,6615300
2012-06-18,9.6265287399292,9.633424691968871,9.371384433169025,9.447237932702857,12021400
2012-06-19,9.729965209960938,9.764444311887166,9.571362261788122,9.619632609904341,13003500
2012-06-20,9.743756294250488,9.792026638306751,9.654110899835917,9.70238124389218,5594700
2012-06-21,9.364487648010254,9.68169417963857,9.330008548513543,9.647215080141859,12836500
2012-06-22,9.536885261535645,9.578260324491907,9.43344859059646,9.461031746689196,8114800
2012-06-25,9.22657299041748,9.440342248641985,9.205885791345413,9.398967850497849,14658900
2012-06-26,9.178303718566895,9.288636336761883,9.088658301874897,9.233470027664389,15803600
2012-06-27,9.336908340454102,9.412761864440101,9.240366953680141,9.30242922677523,11644700
2012-06-28,9.267948150634766,9.32311511542015,9.185198689908075,9.267948150634766,11919300
2012-06-29,9.6265287399292,9.709278191502701,9.488612987306698,9.529987384276357,12805700
2012-07-02,9.84029769897461,9.84029769897461,9.667902860444297,9.805818599741723,10545300
2012-07-03,9.957524299621582,9.957524299621582,9.847191722416651,9.895462718169334,5737000
2012-07-05,9.751775741577148,9.901803092123876,9.680334567848247,9.787496669101612,12786000
2012-07-06,9.644614219665527,9.708911756807842,9.55888439724913,9.68033514933571,14424300
2012-07-09,9.644614219665527,9.67319082713766,9.55888439724913,9.587461004721263,10952700
2012-07-10,9.487439155578613,9.658899420604838,9.458862558294214,9.544592350147415,16719300
2012-07-11,9.394566535949707,9.480297022736897,9.337413332304866,9.466008381165722,18558000
2012-07-12,9.144522666931152,9.258829089553288,9.10165741778784,9.194531556498331,12984200
2012-07-13,9.208819389343262,9.273116235418213,9.115945258808384,9.158809822858352,8612900
2012-07-16,9.051647186279297,9.173097912639786,9.023070584860353,9.137376990536128,13843600
2012-07-17,9.065936088562012,9.101657014378187,8.944486030898998,9.065936088562012,11144900
2012-07-18,9.38742446899414,9.416001075603496,8.994495617125459,8.994495617125459,19926600
2012-07-19,9.187386512756348,9.587459641813778,9.187386512756348,9.573170999448886,20516300
2012-07-20,9.037359237670898,9.230251823024936,9.02307127652614,9.230251823024936,24366500
2012-07-23,9.130232810974121,9.144521452564407,8.673007181203856,8.815890190507064,24666900
2012-07-24,9.223108291625977,9.230252613470157,9.008783405540813,9.044504333441678,18263200
2012-07-25,9.294549942016602,9.39456772034458,9.180243520316047,9.194531482368609,19915700
2012-07-26,9.544595718383789,9.594605292269465,9.373136074170201,9.373136074170201,19660800
2012-07-27,9.773210525512695,9.830363747659074,9.623183147048417,9.637471111924937,13812600
2012-07-30,9.637468338012695,9.75891907044713,9.523161926620277,9.6660449408608,9516300
2012-07-31,9.980386734008789,10.023251291094896,9.730340986167054,9.730340986167054,18347900
2012-08-01,9.916090965270996,9.966099851127991,9.623180608702928,9.916090965270996,24950500
2012-08-02,9.90894889831543,9.994678728424994,9.716056950898944,9.823219068205866,21545800
2012-08-03,10.13041877746582,10.144706742727207,9.994679360221713,10.080409195750542,10165300
2012-08-06,10.173280715942383,10.259010529235606,10.08755090264916,10.123271828518,13239500
2012-08-07,10.123272895812988,10.251867969970576,10.108984251431005,10.151849503256889,11280600
2012-08-08,10.066118240356445,10.108982804727889,10.030397315833596,10.073262561525008,10068400
2012-08-09,10.237577438354492,10.337595886630396,10.116126708776585,10.116126708776585,8949000
2012-08-10,10.351882934570312,10.359027254814542,10.187567656872314,10.187567656872314,12526400
2012-08-13,10.223288536071777,10.359027213572324,10.173278975881153,10.28758537405422,8447200
2012-08-14,10.28758716583252,10.387605622314,10.2661548827722,10.323308091813047,7096300
2012-08-15,10.30187702178955,10.387606845445433,10.201858553530984,10.201858553530984,6466100
2012-08-16,10.323308944702148,10.38046215846487,10.287588015770435,10.373318517734567,9423100
2012-08-17,10.28758716583252,10.309020130212833,10.237578278251776,10.24472259971188,8674200
2012-08-20,10.359027862548828,10.37331650387556,10.230432815887918,10.28044237921156,9385100
2012-08-21,10.466188430786133,10.5519189036853,10.394747278463253,10.416179556028135,14315400
2012-08-22,10.28758716583252,10.401894265234208,10.251866921171985,10.359029017793576,7536500
2012-08-23,10.237577438354492,10.351883847058417,10.180424234002528,10.323307244882436,7987500
2012-08-24,10.266155242919922,10.31616413225503,10.123272215305313,10.244722959107735,7707100
2012-08-27,10.273299217224121,10.344740387955529,10.209001686641857,10.323308104868106,6884900
2012-08-28,10.223288536071777,10.28758537405422,10.19471193652851,10.237576495183472,5735000
2012-08-29,10.251867294311523,10.294731861992313,10.173281118030044,10.209002045310715,5854000
2012-08-30,10.180423736572266,10.244721258656538,10.151847135792579,10.209000337351954,7696200
2012-08-31,10.501913070678711,10.516201715000697,10.251867926924492,10.29473249725033,11061400
2012-09-04,10.273299217224121,10.50191205367662,10.23043396972928,10.459047487501774,10616400
2012-09-05,10.13041877746582,10.251869548128372,10.108985807593486,10.194716324442485,9397900
2012-09-06,10.294729232788086,10.35902674920814,10.137557601685716,10.216143757896823,12516400
2012-09-07,10.366172790527344,10.459046920632492,10.301875263429938,10.330451866437679,7940500
2012-09-10,10.501913070678711,10.573354929648522,10.38760664138306,10.40903892654598,11787400
2012-09-11,10.659083366394043,10.716236573614388,10.51620034834318,10.523343988255743,9695100
2012-09-12,10.694804191589355,10.737668755945244,10.637650984901528,10.709092152601329,9029500
2012-09-13,10.737668991088867,10.759101955056137,10.516200480653596,10.680515783149444,11231800
2012-09-14,10.97342586517334,11.173462769195432,10.837687170098315,10.887696055443856,9997300
2012-09-17,10.709092140197754,10.901984723535737,10.709092140197754,10.89484040237804,7884100
2012-09-18,10.780534744262695,10.823399311571407,10.673371963350892,10.816255671233298,9924700
2012-09-19,10.744812965393066,10.837687095625128,10.701947720162899,10.801966171486649,8933500
2012-09-20,10.57335090637207,10.68051297273038,10.530485671036866,10.623359779829975,8822200
2012-09-21,10.57335090637207,10.744810485073288,10.57335090637207,10.723378208065586,9381100
2012-09-24,10.5947847366333,10.623361337272991,10.530487214864026,10.566208135993612,8883700
2012-09-25,10.57335090637207,10.68051297273038,10.537629990479367,10.623359779829975,13185500
2012-09-26,10.709092140197754,10.71623646135545,10.57335344480137,10.57335344480137,14680700
2012-09-27,11.144886016845703,11.159173977616144,10.83054270405654,10.83054270405654,22079700
2012-09-28,11.302057266235352,11.30920158745395,11.13059764490879,11.144886287345988,18294000
2012-10-01,11.359210968017578,11.387787572816466,11.216327944023144,11.23776022729231,19411300
2012-10-02,11.430652618408203,11.47351718418804,11.330634162721935,11.416363975601598,17701800
2012-10-03,11.466373443603516,11.466373443603516,11.302058130924248,11.45923048447837,13156700
2012-10-04,11.54495906829834,11.55210338972189,11.430652650801523,11.459229936495719,15213900
2012-10-05,11.480661392211914,11.652121016277958,11.452085469520888,11.544958921566675,10687600
2012-10-08,11.094876289367676,11.31634546930573,11.059155365981544,11.31634546930573,12827100
2012-10-09,10.97342586517334,11.037723392800443,10.887696055443856,11.023435431838845,9900400
2012-10-10,10.801966667175293,10.994859257582704,10.794822345755762,10.944849688965974,10169200
2012-10-11,10.737668991088867,10.887696332259848,10.716236708441578,10.851975406967712,8288900
2012-10-12,10.801966667175293,10.830543271533429,10.751957779878552,10.809110988594824,11019600
2012-10-15,10.923417091369629,10.980570298439558,10.823398638337268,10.851975241872234,13756900
2012-10-16,11.037724494934082,11.073445422884815,10.930562392401919,10.966283320352652,10332200
2012-10-17,11.144886016845703,11.180606259431784,10.944849115499888,10.99485868149632,11422800
2012-10-18,11.10916519165039,11.152029755662543,11.009146740088768,11.080588588535635,7576200
2012-10-19,10.873408317565918,10.987714732883724,10.830543071161753,10.923417203937465,14543200
2012-10-22,10.951993942260742,11.009147150621503,10.880552091149797,10.887696412524889,8037000
2012-10-23,10.873408317565918,10.937705846512179,10.766245542215492,10.77338986350285,8265300
2012-10-24,10.82339859008789,11.244904001339572,10.816254950225973,11.187750794524424,7975800
2012-10-25,10.987714767456055,11.073444579214152,10.873408351778588,11.002002728755746,10750400
2012-10-26,11.073443412780762,11.187749816417636,10.951992688586605,11.059154771666197,9848800
2012-10-31,11.359210968017578,11.430652820674796,11.209183622493422,11.380643932606745,8240100
2012-11-01,11.509239196777344,11.580679688047898,11.32349092166585,11.423508699556645,7898500
2012-11-02,11.266335487365723,11.552101483964776,11.25204684687583,11.552101483964776,6977400
2012-11-05,11.344922065734863,11.352066386672291,11.259192258445577,11.316345463305101,13086400
2012-11-06,11.573535919189453,11.630689125790688,11.344922411464548,11.352066732619695,8769700
2012-11-07,11.552103042602539,11.59496760721585,11.409220025024888,11.46637255073598,16034300
2012-11-08,11.523524284362793,11.65211932440043,11.516381326707162,11.573534526430581,9815600
2012-11-09,11.687843322753906,11.780716780360512,11.537815291063179,11.573536899865754,12006600
2012-11-12,11.7521390914917,11.852156855842148,11.7307061294281,11.773570690915458,9216100
2012-11-13,11.559247016906738,11.702129348876374,11.537814053923338,11.637833185205972,10552800
2012-11-14,11.373499870300293,11.644977281417196,11.330634621464984,11.609257035594457,12734000
2012-11-15,11.466373443603516,11.494950730664282,11.366355664170925,11.466373443603516,6853600
2012-11-16,11.56639289855957,11.623546111587112,11.359211649684678,11.49495104161512,10454800
2012-11-19,11.673555374145508,11.673555374145508,11.502095729606495,11.587824870555938,6442400
2012-11-20,11.60925579071045,11.630688753489812,11.459229139174568,11.573535548718063,5566500
2012-11-21,11.616399765014648,11.666408647367724,11.552102241235021,11.580678161448274,4410400
2012-11-23,12.030763626098633,12.123637091692624,11.96646608736427,12.002186336598843,9092900
2012-11-26,11.873591423034668,12.037906733149004,11.816438212445332,12.037906733149004,11667800
2012-11-27,12.023616790771484,12.102202957831128,11.966463586357165,12.052194074298583,12304300
2012-11-28,12.073626518249512,12.087915161011836,11.9093112144027,11.966464422812026,9950200
2012-11-29,12.237942695617676,12.287952948855448,12.13078059253116,12.14506923631338,7697000
2012-11-30,12.337959289550781,12.4808416099231,12.337959289550781,12.395112490227666,10360100
2012-12-03,12.20221996307373,12.380823886047667,12.187931322202266,12.337959326073063,5731000
2012-12-04,11.966465950012207,12.187934490532895,11.959321627719262,12.173647208587152,14163100
2012-12-05,12.116490364074707,12.223653815785752,12.059337159060766,12.10934740575787,11844700
2012-12-06,12.180789947509766,12.180789947509766,12.10220512899172,12.13078105500552,7265400
2012-12-07,12.166500091552734,12.387968581200354,12.145067129597223,12.33081537862549,12843700
2012-12-10,12.059337615966797,12.202221315235196,12.030761693697084,12.116490823146169,8013500
2012-12-11,12.280806541442871,12.330815423548085,12.22365333865979,12.245084938053546,10565100
2012-12-12,12.187933921813965,12.316528991806106,12.16650231857533,12.316528991806106,8601000
2012-12-13,12.223650932312012,12.40939914545059,12.180785016683407,12.295091399747212,11060000
2012-12-14,12.109345436096191,12.237939104481066,12.08076815691755,12.216507507736756,12329200
2012-12-17,12.102201461791992,12.137921699145355,12.023615304446942,12.087912821794763,10028800
2012-12-18,12.130779266357422,12.16650087190778,11.973608289855614,12.045050138316407,9133700
2012-12-19,12.20936393737793,12.287950097303304,12.13792209768575,12.15935505838533,6620600
2012-12-20,12.216508865356445,12.237940464482447,12.109346781806968,12.152211342698793,8313900
2012-12-21,12.109345436096191,12.159354312019143,11.916452889559373,11.966461765482325,8153700
2012-12-24,12.095057487487793,12.145066366267713,12.030759968302256,12.080768847082174,1533500
2012-12-26,12.08791446685791,12.195076556141565,12.080770145887014,12.1093474297706,3234800
2012-12-27,12.130779266357422,12.21650975703836,12.016472853876122,12.130779266357422,6257900
2012-12-28,12.237942695617676,12.287952948855448,12.030762811335755,12.045051455117976,6091600
2012-12-31,12.259373664855957,12.295093905854408,12.10220269676698,12.159355899948412,5631600
2013-01-02,12.930925369262695,12.945214011320289,12.64515934131035,12.688023904843226,10226100
2013-01-03,12.923779487609863,13.073806123178262,12.866626288920987,13.052374525319772,13148600
2013-01-04,12.830904006958008,12.945211760907439,12.802328090450402,12.930923121333802,7464200
2013-01-07,12.645159721374512,12.759466135991055,12.62372675764393,12.759466135991055,9429900
2013-01-08,12.530852317810059,12.659446002124962,12.5022750350913,12.652301681445271,8112900
2013-01-09,12.530852317810059,12.809474011118773,12.430833190934237,12.688023284843721,12977400
2013-01-10,12.988078117370605,13.016654037839348,12.638014575129377,12.723743699175467,15772200
2013-01-11,12.966646194458008,13.002367801207239,12.802330891331447,12.916637307649053,12556600
2013-01-14,12.866628646850586,13.002368029602078,12.788042473261829,12.973790743700715,8392500
2013-01-15,12.78089714050293,12.816618745053177,12.695168014862109,12.77375281959288,12064700
2013-01-16,12.716597557067871,12.752319155837409,12.680877320937995,12.688021640691902,8976600
2013-01-17,13.0452299118042,13.109527429213289,12.852337359576934,12.930923516996867,11372400
2013-01-18,12.959503173828125,13.009512065656375,12.852341068104716,13.009512065656375,12608400
2013-01-22,12.973787307739258,12.973787307739258,12.8523366001033,12.930922752879399,11338900
2013-01-23,13.052376747131348,13.080952670020187,12.945214651678244,12.96664625318488,9210500
2013-01-24,12.723743438720703,12.90949168720478,12.70945616009872,12.88806008795189,8766400
2013-01-25,12.680878639221191,12.70945592120767,12.55228359556165,12.680878639221191,9410300
2013-01-28,12.516563415527344,12.645158459801362,12.509419094996586,12.645158459801362,13755500
2013-01-29,12.688023567199707,12.766609733785295,12.623726042291475,12.695167888038384,10022400
2013-01-30,12.716597557067871,12.752319155837409,12.58800388941652,12.645157084808119,8748500
2013-01-31,12.673734664916992,12.766609471270185,12.66659034422522,12.70945626837585,10751300
2013-02-01,12.909488677978516,12.952353229132315,12.76660638658601,12.780893661877602,8979400
2013-02-04,12.788040161132812,12.952355437436813,12.773751520765574,12.866626320512875,5769800
2013-02-05,12.988078117370605,13.016654037839348,12.83805010633016,12.84519442710731,6314500
2013-02-06,12.888060569763184,13.059520183395348,12.852338965273225,13.03094289980338,5810300
2013-02-07,13.073806762695312,13.116672685788602,12.873771238819197,12.902347158241582,8194200
2013-02-08,13.180971145629883,13.202402746061603,13.016654487360574,13.023798808384448,9341100
2013-02-11,13.202400207519531,13.266697721731449,13.138102693307616,13.173824291558482,4804300
2013-02-12,13.216687202453613,13.238120158737534,13.10238082755166,13.145245377480023,4868400
2013-02-13,13.152396202087402,13.252413988940644,13.109531630956035,13.230982384695034,6487300
2013-02-14,13.266701698303223,13.27384602009484,13.123819350391017,13.166683918500674,5087900
2013-02-15,13.238121032714844,13.288129904706087,13.209543755782953,13.252408308541224,5266400
2013-02-19,13.681060791015625,13.688205111745747,13.302421330798179,13.330997251078811,11089400
2013-02-20,13.49531078338623,13.752500845635009,13.473879186625279,13.709636289473435,9250100
2013-02-21,13.352432250976562,13.509603243105445,13.309566320054092,13.459594353002622,7048100
2013-02-22,13.502461433410645,13.573903302266425,13.33100176574096,13.338146088890568,8572300
2013-02-25,13.0380859375,13.438158329933474,13.0380859375,13.409582411793814,11474200
2013-02-26,12.723743438720703,12.90949168720478,12.638014316429485,12.902347366573872,18927900
2013-02-27,12.988078117370605,13.12381748685675,12.852338747884462,12.85948306866161,15507300
2013-02-28,13.0380859375,13.216689854452055,12.94521250024642,13.080950496029365,9086700
2013-03-01,13.0380859375,13.109527776808772,12.90949089927216,12.980932738580933,8703200
2013-03-04,12.959503173828125,12.980936140028849,12.773754888008833,12.780899210075741,10449900
2013-03-05,13.095240592956543,13.15239379823256,13.045231708670014,13.14524947724307,8628300
2013-03-06,12.945212364196777,13.16668083735064,12.916635083717706,13.06666308095336,9243600
2013-03-07,12.895207405090332,13.03809114072979,12.845198506408611,12.980937919002065,12116900
2013-03-08,12.795187950134277,12.995224881587049,12.709458809968885,12.980936237346112,9194700
2013-03-11,12.65944766998291,12.773754090637924,12.645160389381047,12.766611131657001,8261800
2013-03-12,12.666590690612793,12.788041420414489,12.645159090591239,12.716599574182924,6289800
2013-03-13,12.85948371887207,12.895203961924079,12.78804187012813,12.866628040010458,9987400
2013-03-14,12.895207405090332,12.966649272910061,12.759469355137169,12.895207405090332,7771400
2013-03-15,12.602293014526367,12.795185588252348,12.580861414761166,12.76660966768546,13988800
2013-03-18,12.31652545928955,12.466553452130714,12.287949542287235,12.466553452130714,13773100
2013-03-19,12.20221996307373,12.316526364765865,12.145066762227662,12.295093403458667,12270900
2013-03-20,12.323671340942383,12.380824544829565,12.2165092539839,12.245085174607558,10920000
2013-03-21,12.066481590270996,12.223653927475365,12.052194310866886,12.223653927475365,8847800
2013-03-22,12.195074081420898,12.209362720463128,12.059334735798958,12.0807676943623,5857700
2013-03-25,12.109345436096191,12.295092300198679,12.09505679650687,12.252227744070387,8533300
2013-03-26,12.195074081420898,12.223651359505357,12.10934497244676,12.1379208878916,8555300
2013-03-27,12.266520500183105,12.330818037272998,12.12363678161887,12.15221407038777,10581000
2013-03-28,12.280806541442871,12.295093820158762,12.16650013587671,12.22365333865979,11994500
2013-04-01,12.20221996307373,12.337959326073063,12.16649972353486,12.295093403458667,10849200
2013-04-02,12.223650932312012,12.309380038290081,12.195073655226274,12.23793820821531,10203600
2013-04-03,11.959318161010742,12.23079687888712,11.895020641652641,12.209363918221168,15742400
2013-04-04,12.023616790771484,12.03076111165326,11.895021740179295,11.952174944593615,11240200
2013-04-05,11.952174186706543,11.987895788850311,11.77357026390708,11.823579144268562,11192000
2013-04-08,12.030763626098633,12.045052270848528,11.830726687520592,11.86644829939533,9706100
2013-04-09,12.109345436096191,12.195074548352775,11.909308569764713,11.909308569764713,10358700
2013-04-10,12.280806541442871,12.32367110287022,12.116489891131657,12.1807874145926,12085500
2013-04-11,12.387969017028809,12.51656406800639,12.295094207927274,12.387969017028809,8494300
2013-04-12,12.366539001464844,12.409404937099602,12.216512314663808,12.316530105864498,7375800
2013-04-15,12.066481590270996,12.26651849096751,12.059337269248989,12.159356400917197,9138100
2013-04-16,12.31652545928955,12.352247058842064,12.23079634564291,12.245083622824222,9856000
2013-04-17,12.20221996307373,12.26651748435553,12.137922441791929,12.216508603945195,21226100
2013-04-18,12.816617965698242,13.095239651048269,12.78089636332016,12.959500287291164,24337500
2013-04-19,13.431014060974121,13.559609099692514,13.252410143340743,13.295276064673375,21119200
2013-04-22,13.216687202453613,13.409579721090465,13.109525146312967,13.309560621071649,20376200
2013-04-23,13.059520721435547,13.223836020939357,12.952357266190512,13.102385285949596,21663000
2013-04-24,13.173829078674316,13.23812661625072,13.009512392290096,13.030945359028943,10201900
2013-04-25,13.352432250976562,13.35243225097656,13.19525989620762,13.216692861668854,15245700
2013-04-26,13.238121032714844,13.438156520679817,13.209543755782953,13.359571734396248,7028200
2013-04-29,13.452446937561035,13.473879898093394,13.302420301753765,13.316707579468925,7825300
2013-04-30,13.631052017211914,13.723925462164175,13.445303764667534,13.473881047815835,12088600
2013-05-01,13.652487754821777,13.695352325617787,13.59533453954705,13.652487754821776,8604300
2013-05-02,13.95254135131836,13.959685672981996,13.666773935332953,13.666773935332953,11268200
2013-05-03,13.866811752319336,13.988262503188992,13.859667430192873,13.859667430192873,9254600
2013-05-06,13.966828346252441,14.023981555752195,13.916819458270156,13.923963779787625,5661100
2013-05-07,13.90967082977295,14.016834256712988,13.838230361999027,14.016834256712988,8522800
2013-05-08,14.438342094421387,14.488352343066362,14.088278529746225,14.145431736986252,14032800
2013-05-09,14.438342094421387,14.50263962289641,14.359757286116315,14.374045928586307,8912600
2013-05-10,14.409767150878906,14.41691147259917,14.288316406914532,14.359758261477111,7955300
2013-05-13,14.238306999206543,14.35975773874984,14.231162677746351,14.352613417289648,6519800
2013-05-14,14.209732055664062,14.324038492589168,14.18830045039074,14.266885274126615,8539100
2013-05-15,14.145429611206055,14.195439852335475,14.116853693200413,14.181151212012784,9222200
2013-05-16,13.895386695861816,14.03826902635815,13.895386695861816,14.00254878439404,10411800
2013-05-17,13.938251495361328,14.016837664184312,13.88109828966459,14.016837664184312,10542300
2013-05-20,13.838233947753906,14.05255813189038,13.816800984284287,14.04541381073384,8361000
2013-05-21,13.738213539123535,13.95253906600784,13.702493299296053,13.845375621245786,12950200
2013-05-22,13.49531078338623,13.766789485235423,13.452446227224657,13.716780609273643,12530800
2013-05-23,13.395292282104492,13.459589794069762,13.145246553643956,13.252408619372874,11028900
2013-05-24,13.473882675170898,13.481026996820855,13.323854645801879,13.395296499661411,5303600
2013-05-28,13.609620094299316,13.731070831675803,13.566755528942899,13.6524860222957,9106200
2013-05-29,13.745360374450684,13.78822494261407,13.588189382758232,13.588189382758232,13092900
2013-05-30,13.55246353149414,13.709635836627768,13.545319211929918,13.702491517063548,8189600
2013-05-31,13.3309965133667,13.51674475415133,13.309563552362397,13.51674475415133,5732400
2013-06-03,13.366719245910645,13.381007889245671,13.280990111180545,13.309566035210569,7736400
2013-06-04,13.531031608581543,13.595329120466726,13.352427711709284,13.359572031100925,10672000
2013-06-05,13.3309965133667,13.552464993185394,13.302420594667403,13.538177715155634,6480800
2013-06-06,13.288134574890137,13.388152354024392,13.216692720091363,13.323854820969501,6501100
2013-06-07,13.352432250976562,13.466738674823034,13.323854963694915,13.445305709361799,9081200
2013-06-10,13.438159942626953,13.531034753666047,13.323853531071075,13.373862415796783,7479600
2013-06-11,13.230978965759277,13.395294248169945,13.216690324861013,13.31670808586928,6397300
2013-06-12,13.11667251586914,13.37386123789809,13.06666363554795,13.316708037153903,8052500
2013-06-13,13.052376747131348,13.080952670020187,12.852339836349573,12.980934895949288,10935400
2013-06-14,12.852337837219238,13.0952392758719,12.788040317420606,13.052374716886066,12849000
2013-06-17,12.945212364196777,13.123816279271768,12.880914845758602,13.016652840114986,9447900
2013-06-18,13.166678428649902,13.173822747462696,12.945209996011283,13.03093909648582,5406300
2013-06-19,12.852337837219238,13.188112714114501,12.852337837219238,13.073806315059102,8924900
2013-06-20,12.43797779083252,12.645159007274998,12.40225754927203,12.630870365594854,12639600
2013-06-21,12.273663520812988,12.580862529301042,12.252230556509177,12.573718207866438,23104500
2013-06-24,12.095057487487793,12.195075245047631,11.866444691556879,11.987895409725146,13192700
2013-06-25,12.523707389831543,12.552283308524762,12.24508434739396,12.2808059490602,11598600
2013-06-26,12.602293014526367,12.652301897498319,12.495130927780774,12.537995489951038,9187600
2013-06-27,12.809473037719727,12.945212395039249,12.730886878854783,12.780895757172571,12208300
2013-06-28,13.088094711303711,13.15239222990219,13.002365594932229,13.073806071028551,12464500
2013-07-01,13.180971145629883,13.338142120235412,13.15953818255826,13.288133235708194,11763500
2013-07-02,13.216687202453613,13.466732908541442,13.202398564931002,13.323849258594262,12477200
2013-07-03,13.306280136108398,13.335653093246458,13.166754737924817,13.232845642293542,6647800
2013-07-05,13.372367858886719,13.6147020763954,13.335651317192468,13.570640545586757,13475100
2013-07-08,12.924422264099121,13.159411530613312,12.902391495120973,13.12269498296291,12284200
2013-07-09,13.100666046142578,13.232847877204367,13.078635274083377,13.115353227515378,9364200
2013-07-10,13.100666046142578,13.298938792735262,13.078635274083377,13.196129923772366,8103100
2013-07-11,13.614704132080078,13.702824405710077,13.563299005041666,13.585329773772415,13715600
2013-07-12,13.541274070739746,13.688141708427047,13.445808775628395,13.644081557185553,8718400
2013-07-15,13.5118989944458,13.577989918166669,13.445808070724933,13.467838845514182,6033700
2013-07-16,13.533924102783203,13.548611279826735,13.394398722162244,13.394398722162244,5607100
2013-07-17,13.548614501953125,13.688138515109339,13.504552960343831,13.533927321416694,12115500
2013-07-18,12.344292640686035,12.895049319725318,12.292888908079169,12.873019948977612,43566600
2013-07-19,12.109305381774902,12.131336156868645,11.668700384751778,12.0579016405364,24303600
2013-07-22,12.204769134521484,12.226798506191042,12.072587301917249,12.131334627447274,18796700
2013-07-23,12.292886734008789,12.498503028718453,12.263513777991076,12.461785082888289,14272700
2013-07-24,12.498506546020508,12.64537416873307,12.45444499862461,12.535223101536946,17278700
2013-07-25,12.61600112915039,12.623344720339212,12.53522302672018,12.55725380028664,12460600
2013-07-26,12.410383224487305,12.58662518901965,12.336948722437171,12.56459581885725,14971300
2013-07-29,12.263518333435059,12.381013002443675,12.248831149647247,12.37366941054977,5983600
2013-07-30,12.46178913116455,12.579283794696984,12.403041799398334,12.498507088922732,8600400
2013-07-31,12.469130516052246,12.56459578868214,12.461786925800206,12.527877837421942,10546900
2013-08-01,12.667402267456055,12.682089446819864,12.45444236862038,12.513191086075613,15090600
2013-08-02,12.336950302124023,12.52053588043329,12.30757733793088,12.52053588043329,11401700
2013-08-05,12.351635932922363,12.381010294072285,12.197424738825172,12.292888611269152,7301600
2013-08-06,12.182734489440918,12.344289233130237,12.16804731256563,12.234138207858143,13470400
2013-08-07,11.87431526184082,12.043213657741086,11.830255115224839,12.043213657741086,17069600
2013-08-08,11.911029815673828,11.947747765555935,11.815565947273495,11.940404175579513,10922600
2013-08-09,11.9036865234375,11.947748064398114,11.844939202803289,11.859626383123494,10587800
2013-08-12,11.786192893981934,11.918374726918014,11.727446268627785,11.874314582821563,14971700
2013-08-13,11.947748184204102,12.01383909566114,11.8302535417575,11.9477481842041,16817700
2013-08-14,11.793535232543945,11.969777190863242,11.793535232543945,11.962435001499028,7870800
2013-08-15,11.749475479125977,11.81556639074779,11.66135449707133,11.712758228189045,10792600
2013-08-16,11.727446556091309,11.90368783712051,11.727446556091309,11.830254728708672,10987100
2013-08-19,11.609951972961426,11.771507473685764,11.609951972961426,11.749476700639228,6690600
2013-08-20,11.624639511108398,11.734790585057992,11.609953028066062,11.639326694474184,10514800
2013-08-21,11.565892219543457,11.690730477304088,11.529174961321486,11.580579402961625,10358700
2013-08-22,11.793535232543945,11.837596772608704,11.654010523955323,11.661354113966116,8432900
2013-08-23,11.911029815673828,11.962434945508777,11.852282496509028,11.889000446391135,7465700
2013-08-26,11.940403938293457,12.057898574288139,11.866969440635145,11.881656620296116,7273500
2013-08-27,11.734789848327637,11.866971689027302,11.705416183763644,11.80088076867747,8530100
2013-08-28,11.940403938293457,11.969776896968854,11.844938671143689,11.87431303046563,6967400
2013-08-29,12.241483688354492,12.300231004289419,12.087271108621254,12.087271108621254,9963200
2013-08-30,12.16070556640625,12.557250998235714,12.12398901930196,12.32960532476685,11490100
2013-09-03,12.410383224487305,12.652716100800108,12.351635902976524,12.527877867508868,11182100
2013-09-04,12.381011962890625,12.483819439479355,12.300233859487012,12.483819439479355,13726500
2013-09-05,12.61600112915039,12.674748458014145,12.447102733747954,12.45444492428997,7738300
2013-09-06,12.491162300109863,12.696778641907006,12.483818709262101,12.65271709682043,6338000
2013-09-09,12.704116821289062,12.73349117540633,12.549905664112291,12.564592841170926,9635300
2013-09-10,12.836305618286133,12.880367173506393,12.733498124066317,12.880367173506393,12162900
2013-09-11,12.806928634643555,12.865675955876691,12.777554273703675,12.814272224878524,7063000
2013-09-12,12.689435958862305,12.836303584384265,12.645374410623562,12.77021266267299,5454000
2013-09-13,12.726151466369629,12.733495057137596,12.645373368568707,12.674747731640577,4095700
2013-09-16,12.93911075592041,13.041918220287206,12.924423575111824,12.961140126486637,7962200
2013-09-17,12.983170509338379,13.08597797062993,12.93911036887723,13.071290790260676,5369100
2013-09-18,12.931766510009766,13.049261149229388,12.740837371116234,12.836301240239708,14262300
2013-09-19,12.924422264099121,13.02722971803745,12.909735084780355,12.983169580727669,8842600
2013-09-20,12.711464881896973,12.93176841334359,12.704121290784073,12.880364676200083,10964700
2013-09-23,12.961138725280762,13.034573220738165,12.87301845124908,13.012542451906993,10653800
2013-09-24,12.895048141479492,12.990513408152252,12.821613644188108,12.95379545918329,9132700
2013-09-25,12.718809127807617,12.828960198878399,12.667405388017709,12.799587233561391,8526900
2013-09-26,12.718809127807617,12.726152719298584,12.5939708737549,12.682092570999643,4675400
2013-09-27,12.5352201461792,12.674745545410811,12.505847188820507,12.667401955909519,7682900
2013-09-30,12.454442024230957,12.571938055245916,12.292887257635913,12.388352520214353,10700100
2013-10-01,12.792243003845215,12.7995865949698,12.549910099321123,12.557253690445707,9771900
2013-10-02,12.828961372375488,12.843648556700895,12.630689986570447,12.777557627883551,7562800
2013-10-03,12.997859954833984,13.1080110255061,12.865678109768707,13.049263694437848,10645800
2013-10-04,12.983170509338379,13.034574239984154,12.887705237584843,12.924423188507976,4444200
2013-10-07,12.93911075592041,13.041918220287206,12.836301890906961,12.924423575111824,6451300
2013-10-08,12.821613311767578,13.196127977661867,12.81427112281068,13.0859769349039,10981400
2013-10-09,12.674745559692383,12.975825726352255,12.593967475733617,12.96113854733312,16482600
2013-10-10,12.975826263427734,12.975826263427734,12.792240720029293,12.799584309842814,10695500
2013-10-11,13.284249305725098,13.3062800739606,13.093320182956806,13.144723908193178,11789100
2013-10-14,13.225503921508789,13.247534692959965,13.108009275062521,13.152069417318204,6662100
2013-10-15,13.328311920166016,13.387059245739245,13.196130087464569,13.218160859797052,11212900
2013-10-16,13.42377758026123,13.438463361585914,13.320968707107866,13.342999480065037,15598100
2013-10-17,13.695479393005371,13.739539525241984,13.35033912263359,13.401742843684032,11722200
2013-10-18,14.011248588562012,14.069995906308007,13.732199179430168,13.768915727778964,18201700
2013-10-21,13.93781566619873,13.959846438085421,13.857038970574262,13.915786294958739,9149900
2013-10-22,14.069995880126953,14.136086787549036,13.967188424424398,13.99656138291947,9070100
2013-10-23,13.746883392333984,13.952499681344387,13.724854026092911,13.93781250341942,7310500
2013-10-24,13.717513084411621,13.827664138813672,13.644078581261368,13.805633367674602,10937800
2013-10-25,13.563302993774414,13.592677360720572,13.431122544457432,13.49721206879247,11326500
2013-10-28,13.666105270385742,13.7321961634152,13.622043741268616,13.651418094013367,4698300
2013-10-29,13.783601760864258,13.798288939240718,13.651419956768947,13.724854448004832,6290000
2013-10-30,13.644076347351074,13.886409187617703,13.570641856224066,13.768914562073059,6733800
2013-10-31,13.519242286682129,13.710171462020524,13.475182138726147,13.65142413119693,11222600
2013-11-01,13.563302993774414,13.680797660265226,13.511899252265547,13.607364544193649,6402000
2013-11-04,13.467836380004883,13.62204757335809,13.409089058635097,13.585331022744457,8109000
2013-11-05,13.276904106140137,13.342995002184923,13.247531152701507,13.313620648099999,9365500
2013-11-06,13.416433334350586,13.44580629621287,13.24019136123679,13.276907913726319,9934100
2013-11-07,13.313624382019043,13.475180573503346,13.291595010923318,13.467836982922543,10357600
2013-11-08,13.225503921508789,13.247534692959965,13.122696456029972,13.218160331025064,8990200
2013-11-11,13.019887924194336,13.108009611614923,13.005200742849787,13.100666020942649,6615000
2013-11-12,13.078633308410645,13.078633308410645,12.931765718696445,12.96848226596337,8571600
2013-11-13,12.931766510009766,13.03457396916529,12.748180961148282,12.850988420303807,12877300
2013-11-14,12.850987434387207,12.961138475124088,12.836300255449896,12.931765517895942,10754400
2013-11-15,12.968482971191406,13.049261060347161,12.880362692700192,12.946452201245316,12669700
2013-11-18,12.997859954833984,13.130040399252408,12.97582918044082,13.012545737115905,10210200
2013-11-19,12.902395248413086,13.108011616749828,12.887708064821837,13.100668024954201,8452000
2013-11-20,12.887703895568848,12.983169157381443,12.799583623822647,12.83630017027582,10457400
2013-11-21,12.498506546020508,12.740839454110708,12.381011887591734,12.718808680412758,19212800
2013-11-22,12.579283714294434,12.623345263322625,12.432416086141057,12.476476234522384,15826400
2013-11-25,12.608657836914062,12.66740516717072,12.579283471462317,12.616001428276999,9930300
2013-11-26,12.821613311767578,12.88770421755166,12.740836627423203,12.81427112281068,14337100
2013-11-27,12.909737586975098,13.012545060839807,12.858333850042744,12.968484914990187,13181100
2013-11-29,13.019887924194336,13.063949468227982,12.96848419013512,12.997858552824217,3991200
2013-12-02,12.777552604675293,13.034572626740305,12.748179648218787,12.990512491732327,12010000
2013-12-03,12.873018264770508,12.997856485045736,12.799583770376877,12.80692735988089,10074800
2013-12-04,12.880362510681152,12.961139198048839,12.814271602423421,12.828957381533375,6448500
2013-12-05,12.777552604675293,12.90239082106993,12.770209015399557,12.858330686061953,9852400
2013-12-06,12.93911075592041,12.953796536082343,12.850989071715547,12.865676252524134,6875100
2013-12-09,12.902395248413086,13.012546324053622,12.828960731103756,12.997860541109292,9100100
2013-12-10,12.755526542663574,12.843646835512965,12.71880858677066,12.806930280266853,9872100
2013-12-11,12.836305618286133,12.96114389011608,12.799589056249644,12.924427328079592,7899600
2013-12-12,12.571939468383789,12.836301716105044,12.54990869747092,12.80692875553452,10866900
2013-12-13,12.542564392089844,12.682089798623455,12.498504253422697,12.660059028966604,10409400
2013-12-16,12.564594268798828,12.660058129234256,12.557250679435109,12.564594268798826,7179800
2013-12-17,12.542564392089844,12.704119167633749,12.535220802204227,12.696776978394688,24563300
2013-12-18,12.483818054199219,12.520534605864668,12.248828761988346,12.491161644661641,16981600
2013-12-19,12.520537376403809,12.549911744753448,12.410386296386612,12.461790040351506,8418300
2013-12-20,12.476472854614258,12.58662389605081,12.388352581723609,12.432412718168933,7594000
2013-12-23,12.586624145507812,12.667402231130602,12.52787682886756,12.579280555846967,7667100
2013-12-24,12.623343467712402,12.645372838446061,12.542565373297881,12.593969105871972,2766700
2013-12-26,12.61600112915039,12.733495786877898,12.55725380028664,12.674748458014145,2839300
2013-12-27,12.674745559692383,12.689432738711519,12.608654654752753,12.64537120165411,4619200
2013-12-30,12.909737586975098,12.939111951306034,12.784899339862188,12.784899339862188,7808000
2013-12-31,12.806928634643555,12.89504891616995,12.770210683468704,12.828958004701843,7647200
2014-01-02,12.593968391418457,12.777553940566385,12.564595431891012,12.770210350522877,6029100
2014-01-03,12.447099685668945,12.6013108609301,12.425068917497441,12.542563546452547,11362700
2014-01-06,12.410383224487305,12.498504907076791,12.381010264055227,12.476474136267763,10370200
2014-01-07,12.417728424072266,12.469132161975203,12.358981094947936,12.410384832850873,13083100
2014-01-08,12.549906730651855,12.601310454079266,12.520532374038241,12.527875963191645,13428900
2014-01-09,12.307576179504395,12.476474559496458,12.234141674963205,12.461787378458885,9422200
2014-01-10,12.410383224487305,12.491161316807116,12.351635902976524,12.366323083515875,11148000
2014-01-13,12.417728424072266,12.586626820223863,12.410384832850873,12.49116293563938,10286100
2014-01-14,12.76286506652832,12.77020865559715,12.513190041420112,12.527875818911372,13334500
2014-01-15,12.895048141479492,12.997856997946043,12.799584275453268,12.836300823775693,15510900
2014-01-16,13.328311920166016,13.350342692498499,13.13738276189134,13.152069943446328,21768200
2014-01-17,13.049261093139648,13.196128691209603,12.997857363782837,13.196128691209603,14574800
2014-01-21,12.990514755249023,13.093322221730018,12.939111022008527,13.049262079044832,8371500
2014-01-22,13.188782691955566,13.203469869273563,13.012540766078573,13.049258709373563,12870700
2014-01-23,12.997859954833984,13.17410194803874,12.931769032301347,13.071293068184158,8872200
2014-01-24,12.902395248413086,13.049264283031746,12.858335098286256,13.012546324053622,12403200
2014-01-27,12.593968391418457,12.71880662086491,12.498504522146034,12.711463030821404,11006600
2014-01-28,12.601312637329102,12.674747140939672,12.520534543292806,12.62334340860627,7525700
2014-01-29,12.491162300109863,12.660060687668192,12.469131527566574,12.571940398788515,9378900
2014-01-30,12.586624145507812,12.674745820791447,12.557251187510943,12.571938366832633,7230000
2014-01-31,12.425071716308594,12.571940735908706,12.388355161731953,12.483819044019283,13590600
2014-02-03,12.314921379089355,12.564597886764098,12.248830456431522,12.498506964106264,14171700
2014-02-04,12.292886734008789,12.388351992520796,12.263513777991076,12.314917501506887,12321900
2014-02-05,12.087273597717285,12.241486209207066,12.072587816194225,12.204769654429242,14334100
2014-02-06,12.476472854614258,12.476472854614258,12.263514361256455,12.263514361256455,10142700
2014-02-07,12.601312637329102,12.682090731365395,12.542565314569975,12.564596085847144,9430700
2014-02-10,12.674745559692383,12.718805696103306,12.55725092883226,12.586623886224048,8003300
2014-02-11,12.770211219787598,12.814272763047898,12.62334361085997,12.704120305543828,9631800
2014-02-12,12.76286506652832,12.850986734707876,12.718804932761742,12.821612378432558,6962800
2014-02-13,12.814271926879883,12.865675656682646,12.6674029268892,12.6674029268892,6564600
2014-02-14,13.137380599975586,13.188784326312211,12.924422105060062,12.93176569462908,11269900
2014-02-18,13.063947677612305,13.174098721305109,12.983169591935875,13.152067952307943,6412700
2014-02-19,13.04191780090332,13.130038081627879,12.931766749674315,13.019887030398875,8702500
2014-02-20,12.990514755249023,13.049262079044832,12.82161497377023,12.924423840897905,11836500
2014-02-21,13.02723217010498,13.122697452999516,12.99051561554356,13.07863590674968,6013200
2014-02-24,12.990514755249023,13.063949260155454,12.96114039302778,13.005200535712964,5499200
2014-02-25,12.93911075592041,13.012543858670034,12.91707998470753,12.953796536082343,5944700
2014-02-26,13.09332275390625,13.122697117321412,12.939111547916866,12.953797328977709,9376100
2014-02-27,13.225503921508789,13.225503921508789,13.063949132806838,13.07863491312762,8659800
2014-02-28,13.269560813903809,13.328308122739084,13.203469916383334,13.232844271124135,11279600
2014-03-03,13.240191459655762,13.276908012418218,13.04926230386823,13.115353219358019,18168800
2014-03-04,13.24753475189209,13.31362426524628,13.225503980342909,13.262220532278201,12548700
2014-03-05,13.504552841186523,13.526583611796783,13.4090889698353,13.460492700612622,9863100
2014-03-06,13.857034683227539,13.871720459294878,13.71016571738405,13.761569435235392,14240300
2014-03-07,13.783601760864258,13.967187288630761,13.724854448004832,13.95984369944253,14153200
2014-03-10,13.923126220703125,13.923126220703127,13.710167729684127,13.73219849798808,10652100
2014-03-11,13.783601760864258,13.923125753501377,13.724854448004832,13.893752797394875,8748200
2014-03-12,14.268269538879395,14.312329679837124,13.78360378640451,13.78360378640451,21260500
2014-03-13,14.150776863098145,14.33436244336466,14.084685942150454,14.26092793112869,18414700
2014-03-14,13.879072189331055,14.165466700664702,13.87172859666639,14.055314211341793,13077400
2014-03-17,14.033282279968262,14.069998835962176,13.915787620011542,13.981878541318052,10786300
2014-03-18,14.084681510925293,14.099368688881071,13.981874066527595,14.011247021792773,11987400
2014-03-19,13.864378929138184,14.025935095678673,13.78360224651441,14.011247916784724,10596800
2014-03-20,13.842350959777832,13.842350959777832,13.563300135189394,13.622047456053284,13124200
2014-03-21,13.607359886169434,13.842349138710352,13.526581805366083,13.79094541479783,12885000
2014-03-24,13.68813705444336,13.710167822897095,13.511895108752908,13.666107686636101,7898200
2014-03-25,14.040624618530273,14.084684761921096,13.798291728910687,13.798291728910687,17129500
2014-03-26,14.018592834472656,14.202178386102055,14.011249244329887,14.143431065606512,10597800
2014-03-27,14.260924339294434,14.319671654157426,13.952500586102108,13.952500586102108,14222200
2014-03-28,14.422480583190918,14.613409726225917,14.2829565714953,14.2829565714953,11246400
2014-03-31,14.70153522491455,14.716222409110545,14.488575256013585,14.49591884811158,14482300
2014-04-01,14.921828269958496,14.951202620406551,14.7308991939845,14.738242781596515,16133600
2014-04-02,14.716217041015625,14.943862710426362,14.679499093919398,14.907144763330137,14875200
2014-04-03,14.642784118652344,14.752935170467389,14.539975256397902,14.657469898420166,14904400
2014-04-04,14.517946243286133,14.826370036337542,14.488571881735213,14.708875391427162,14585200
2014-04-07,14.495918273925781,14.54732201592867,14.400454381727123,14.429827348308663,9693500
2014-04-08,14.672158241271973,14.672158241271973,14.53263421822054,14.60606732481741,9181600
2014-04-09,14.796996116638184,14.84105625963359,14.65747069639826,14.65747069639826,9754100
2014-04-10,14.554667472839355,14.90715152086834,14.532638095241984,14.841060586782017,9776500
2014-04-11,14.606071472167969,14.657475221640409,14.495920380348863,14.554667722695527,8414400
2014-04-14,14.877776145935059,14.92917988621705,14.672159784160225,14.730907116003483,9819500
2014-04-15,15.061360359191895,15.09807691300222,14.730905772311965,14.929178524439923,22468600
2014-04-16,14.796996116638184,14.995268861087546,14.723561611214715,14.98792527048053,15121500
2014-04-17,15.215576171875,15.3624452328685,15.105425076453459,15.120112262682243,20492800
2014-04-21,15.098076820373535,15.120107592912618,14.877774697569663,14.980582168125238,11525800
2014-04-22,15.098076820373535,15.112764002066257,14.943865614540172,14.965894986432517,11191200
2014-04-23,14.987921714782715,15.024638258460561,14.907143637915821,14.958548759969709,9031700
2014-04-24,15.098076820373535,15.127451183758978,14.877774697569663,15.009956531510682,12202800
2014-04-25,14.620755195617676,14.796997180922313,14.576695049453214,14.738249852487435,15474700
2014-04-28,14.907146453857422,14.914490044109456,14.730904489748422,14.782308220866051,14382700
2014-04-29,14.760283470153809,14.980585644074452,14.745596285053216,14.899808927315316,13771200
2014-04-30,14.760283470153809,14.760283470153809,14.539979895586102,14.65747457509672,12965700
2014-05-01,14.517946243286133,14.767622713882352,14.503259062510672,14.752935533106893,10276400
2014-05-02,14.407798767089844,14.53997922495742,14.407798767089842,14.503262664546481,11073200
2014-05-05,14.437164306640625,14.488568025024934,14.319669693006123,14.341700458304945,7061200
2014-05-06,14.686846733093262,14.75293765544393,14.488573966041258,14.525291923262103,10549900
2014-05-07,14.929176330566406,14.936519920378664,14.664812699911248,14.716217828597062,14637400
2014-05-08,15.061360359191895,15.120107685676464,14.929178524439923,14.943865706222752,13522200
2014-05-09,14.987921714782715,15.090729157597771,14.877770683102815,15.054012613919925,10384000
2014-05-12,15.120109558105469,15.120109558105469,14.76762555554748,14.774969147348305,19623700
2014-05-13,15.156824111938477,15.208227847099058,14.995269315627116,15.068703823276548,9547500
2014-05-14,15.112763404846191,15.318379738478617,15.090732633177712,15.208227280782904,10140100
2014-05-15,15.1715087890625,15.200883147531803,14.995266840186188,15.112761472770396,12943300
2014-05-16,15.252288818359375,15.289005370479625,14.973237979917426,15.178854313472195,9131200
2014-05-19,15.1715087890625,15.222912515737278,15.10541788315307,15.156821609827848,6459900
2014-05-20,15.061360359191895,15.208227975079948,15.02464240473482,15.076047540974724,4564200
2014-05-21,15.05401611328125,15.142137799497196,15.03932893213748,15.061359703853137,5629400
2014-05-22,15.156824111938477,15.215571437928675,15.076047414106164,15.105420376777897,6156500
2014-05-23,15.1715087890625,15.215568926119952,15.090730703918418,15.215568926119952,7179700
2014-05-27,15.340409278869629,15.391813012683597,15.200885258702193,15.296349135692896,7520300
2014-05-28,15.318378448486328,15.435873086197052,15.281660498797622,15.38446935727943,7761100
2014-05-29,15.200887680053711,15.31103875586487,15.15682612921171,15.31103875586487,6114900
2014-05-30,15.098076820373535,15.149480555651323,14.980582168125238,14.980582168125238,6671500
2014-06-02,15.1715087890625,15.193539557914477,15.10541788315307,15.178852378679826,6475000
2014-06-03,15.597432136535645,15.64149228758787,15.149482832122684,15.200887975771721,20116100
2014-06-04,15.494622230529785,15.61211688208298,15.479935048923954,15.582742518871315,10888700
2014-06-05,15.568055152893066,15.575397342301727,15.45790270271093,15.509307833097667,8404000
2014-06-06,15.487277030944824,15.590084490212789,15.472589850864663,15.582740900172707,7647900
2014-06-09,15.575399398803711,15.656177499430411,15.538682844326177,15.6341481270026,8131800
2014-06-10,15.64148998260498,15.714924490635097,15.516651739147804,15.56071328435392,7595600
2014-06-11,15.51665210723877,15.692895490950649,15.457904779550402,15.648833944699291,7507600
2014-06-12,15.501964569091797,15.582741260105312,15.413842887221962,15.494620978882093,5641600
2014-06-13,15.487277030944824,15.575397310132628,15.435873301310842,15.523993580498646,5705100
2014-06-16,15.575399398803711,15.58274298982857,15.472591925749198,15.48727910779892,4543500
2014-06-17,15.612113952636719,15.64148690969013,15.516648690758577,15.590083184361808,10287700
2014-06-18,15.678204536437988,15.744295439265711,15.516648373682912,15.590082865785543,8455000
2014-06-19,15.927879333496094,15.927879333496094,15.670859337854603,15.670859337854603,9709300
2014-06-20,15.531336784362793,15.788356826788663,15.523993194505305,15.773669647073687,8450400
2014-06-23,15.311037063598633,15.435875309225931,15.296349881607947,15.435875309225931,6105200
2014-06-24,15.259632110595703,15.53133795252589,15.237601339366233,15.465247039484135,8122200
2014-06-25,15.443215370178223,15.465244737481965,15.039326361636762,15.333062931073721,5486200
2014-06-26,15.435871124267578,15.531334980031438,15.355093045866045,15.465244079638618,5177100
2014-06-27,15.62680435180664,15.64149013303651,15.50930969808715,15.55336984307027,5816000
2014-06-30,15.707582473754883,15.751644023376212,15.61946217580599,15.678209507987546,6491200
2014-07-01,16.13349723815918,16.140840828058522,15.913195143765206,15.913195143765206,8655700
2014-07-02,16.4345760345459,16.618161564604325,16.34645576447986,16.419890256632517,10574100
2014-07-03,16.676912307739258,16.676912307739258,16.530044693877628,16.581448428761533,4317800
2014-07-07,16.647539138793945,16.801750341533428,16.61082258594551,16.757690197985962,12390700
2014-07-08,16.57410430908203,16.654882404548623,16.493326213615436,16.60347867130504,10319000
2014-07-09,16.463953018188477,16.515356750701933,16.39786210477213,16.485983789542814,12353400
2014-07-10,16.85315704345703,16.85315704345703,16.302400295640094,16.3097424863751,14431800
2014-07-11,16.75034523010254,16.941274370639302,16.69894150008237,16.889870640619137,13026000
2014-07-14,17.0146541595459,17.029671850374363,16.8344461661018,16.92455087890676,14313800
2014-07-15,16.871984481811523,16.96208917069538,16.69928537963003,16.94707148385383,10256800
2014-07-16,15.715653419494629,16.293821606337588,15.700635729200215,16.256277380601556,41814000
2014-07-17,15.167516708374023,15.640562373536591,15.107447394826947,15.640562373536591,25798200
2014-07-18,15.377760887145996,15.520426065196533,15.347726941968084,15.43783020966744,19052400
2014-07-21,15.340221405029297,15.43783353811,15.317694867164859,15.40779958645668,17570900
2014-07-22,15.550460815429688,15.625547830510191,15.520426868696902,15.550460815429688,10489800
2014-07-23,15.527935028076172,15.610530884235821,15.497899650503344,15.580495506662993,11879700
2014-07-24,15.6856107711792,15.74568007235874,15.58048985215628,15.648067995003903,12694300
2014-07-25,15.2801513671875,15.497902161204188,15.242607139139201,15.497902161204188,12177800
2014-07-28,15.295165061950684,15.33270784802361,15.114955678737275,15.167517584271053,12681000
2014-07-29,15.422818183898926,15.6180424615227,15.415309337503242,15.520430322710814,9895500
2014-07-30,15.557973861694336,15.603026942208954,15.475379411749696,15.57299155519921,9957300
2014-07-31,15.017348289489746,15.227591681122341,14.957278953618426,15.152504653241705,16332100
2014-08-01,15.167516708374023,15.242602276183819,15.039869238065808,15.039869238065808,9833500
2014-08-04,15.400287628173828,15.482883484818588,15.280148981508159,15.437830418194734,9836300
2014-08-05,14.867171287536621,15.054888103955848,14.777068017668157,15.02485415805491,13411900
2014-08-06,15.047378540039062,15.099939011974527,14.934747320559701,14.987307792495166,9394300
2014-08-07,14.949769020080566,15.197555191545103,14.919735070412719,15.092434219458886,8653500
2014-08-08,14.859663009643555,15.039870971049426,14.807101101088637,14.99481790657378,19783100
2014-08-11,15.054888725280762,15.144993431033557,15.024854778140304,15.024854778140304,10054400
2014-08-12,15.009832382202148,15.09993705970291,14.942254232117893,15.09242821723074,9283800
2014-08-13,15.265131950378418,15.355236655342924,15.220080313979015,15.265131950378418,11932500
2014-08-14,15.415305137634277,15.467865615918067,15.362743227184867,15.430321394168487,6287000
2014-08-15,15.355237007141113,15.430322592138479,15.242605765313602,15.430322592138479,7212400
2014-08-18,15.370251655578613,15.38526934387203,15.272639546002571,15.340217711157363,4432100
2014-08-19,15.572988510131836,15.625548994955386,15.497901489455707,15.497901489455707,7677200
2014-08-20,15.648072242736816,15.693123872809643,15.557967550425666,15.572985237838441,10026700
2014-08-21,15.482881546020508,15.610529021139207,15.460355015529398,15.557967116659952,10642500
2014-08-22,15.640562057495117,15.768209525224021,15.572983902099498,15.572983902099498,11389900
2014-08-25,15.527935028076172,15.670600207215848,15.505408494896551,15.655582518429435,9991200
2014-08-26,15.618038177490234,15.65558239917027,15.497899532445357,15.550460010631788,7830700
2014-08-27,15.70063304901123,15.730668424472844,15.535442780468937,15.708141892876634,12153100
2014-08-28,15.70063304901123,15.715650736742038,15.46035577398043,15.55796787989962,7620800
2014-08-29,15.723160743713379,15.73066958813424,15.62554719840779,15.73066958813424,5322800
2014-09-02,15.828279495239258,15.963435811646384,15.760701337035695,15.783227867158693,8116900
2014-09-03,16.031017303466797,16.05354240610841,15.895860958954188,15.978456821082055,9850200
2014-09-04,15.910873413085938,16.053537123422707,15.903364570621065,16.00848550079874,8057900
2014-09-05,15.903364181518555,15.91087302379971,15.753190200225909,15.86581997011278,5969000
2014-09-08,15.820769309997559,15.903365147944271,15.77571768573813,15.895856305206815,6724200
2014-09-09,15.805752754211426,15.918383971158088,15.753192283457873,15.820770440759704,7312400
2014-09-10,15.790738105773926,15.828280893797368,15.580494769212182,15.618037557235626,6244800
2014-09-11,15.693129539489746,15.723164925160866,15.572990861137303,15.640569046731304,7389100
2014-09-12,15.272644996643066,15.588009402527021,15.227593347849956,15.572991708873953,15136400
2014-09-15,15.197554588317871,15.370253730509196,15.190045743157496,15.370253730509196,8072900
2014-09-16,15.377760887145996,15.460356742675089,15.122465908388453,15.19004407524578,8209000
2014-09-17,15.482881546020508,15.56547596015699,15.422812230209676,15.43782848503829,6456800
2014-09-18,15.708142280578613,15.738176224615986,15.505407787705492,15.542952007959162,8889700
2014-09-19,15.407793045043945,15.730666123194753,15.392775359510111,15.67810422382634,8952700
2014-09-22,15.287657737731934,15.355235905112135,15.167519091759495,15.340218216324171,12063100
2014-09-23,15.272644996643066,15.377765987882354,15.227593347849956,15.23510219467649,9091000
2014-09-24,15.460358619689941,15.49790141376174,15.355237650556266,15.392780444628066,9684500
2014-09-25,15.099942207336426,15.295167881670272,15.062397982176599,15.26513250154241,12835200
2014-09-26,15.122466087341309,15.167519153889744,15.069905608533768,15.077414452958507,11396400
2014-09-29,14.979803085327148,15.039872411549135,14.829629053689327,14.964785395730225,12150400
2014-09-30,15.152499198913574,15.160008042215331,14.874677725410253,14.942255882960644,15357400
2014-10-01,15.09243392944336,15.190046054195447,15.009838063153728,15.152503259790599,16100700
2014-10-02,15.235098838806152,15.325202116545114,14.964786141257708,15.092433644859387,22937000
2014-10-03,15.640562057495117,15.69312252676607,15.415302494286637,15.475371806619924,19548800
2014-10-06,15.633054733276367,15.700632895237604,15.542951472105063,15.693124051445743,19804800
2014-10-07,15.30267333984375,15.572985997803011,15.287657083863676,15.535443209604477,9473500
2014-10-08,15.467865943908691,15.512917578797868,15.107450000463968,15.144992790844007,12264600
2014-10-09,15.370251655578613,15.603021527629824,15.325200022863946,15.595512683483117,10846800
2014-10-10,14.5968599319458,15.18253547802094,14.559315709655316,15.152501532354194,28668600
2014-10-13,14.769561767578125,15.099943823517382,14.732018970565758,14.874682744945472,14696600
2014-10-14,15.122466087341309,15.302674057038146,14.904715327686407,14.93474927321973,21296600
2014-10-15,15.069904327392578,15.20506065121654,14.60436746996061,14.807100523531041,20760400
2014-10-16,15.557973861694336,15.835795462870163,15.160015008977766,15.190048963821432,30662100
2014-10-17,15.557973861694336,15.633060897052621,15.430326331235078,15.430326331235078,14809100
2014-10-20,15.670599937438965,15.760703204275021,15.490390539435646,15.61053061549306,11512400
2014-10-21,16.061046600341797,16.121115910268404,15.618034902571075,15.715648426305135,17393800
2014-10-22,15.948419570922852,16.293819236632,15.91087678281266,16.218732228246047,14927700
2014-10-23,15.993473052978516,16.08357775989676,15.86582555360768,16.01599958774951,10095300
2014-10-24,15.903364181518555,15.91087302379971,15.685612051860742,15.775716727069375,8800200
2014-10-27,16.038528442382812,16.06856239425594,15.850811588636443,16.008493058343742,11136800
2014-10-28,16.211219787597656,16.21872862998691,16.02350302436208,16.10609885847861,11058800
2014-10-29,16.211219787597656,16.263780252157176,16.098590016089357,16.19620210281915,9201700
2014-10-30,15.850811958312988,16.17368518343342,15.775724928630057,16.13614095250897,12181300
2014-10-31,16.534093856811523,16.61668826379469,16.286307771531366,16.286307771531366,19615000
2014-11-03,16.443986892700195,16.50405619497207,16.331357129961077,16.50405619497207,10560900
2014-11-04,16.481536865234375,16.519079655220896,16.338871685387453,16.511570810790467,8881100
2014-11-05,16.541608810424805,16.654238630402286,16.398943607964863,16.56413391512078,8994500
2014-11-06,16.3689022064209,16.564127824272234,16.30883289571013,16.549111570718544,6782500
2014-11-07,16.38391876220703,16.421462973915325,16.22623736952791,16.38391876220703,7835600
2014-11-10,16.71430206298828,16.76686253161267,16.586654596829618,16.59416343979958,7833800
2014-11-11,16.669252395629883,16.819424976175284,16.59416538927442,16.789391032932414,6580400
2014-11-12,16.556621551513672,16.571639239563908,16.331361959422345,16.353888491497703,11788800
2014-11-13,16.774375915527344,16.834445243382895,16.639219569810916,16.714306587671793,10891000
2014-11-14,16.819425582885742,16.871986059580873,16.7518474179447,16.849460959377573,8233100
2014-11-17,16.45149803161621,16.66925017785954,16.353885938856834,16.6467236493003,16309900
2014-11-18,16.556621551513672,16.601674615664383,16.29381917146231,16.338870803447463,13347000
2014-11-19,16.917034149169922,16.999628545901032,16.699282030139823,16.774369017121415,14975100
2014-11-20,17.08973503112793,17.13478665523395,16.909527102538544,16.969596412068338,11797500
2014-11-21,17.315004348754883,17.34503973654113,17.187356814995585,17.232409896674948,11661000
2014-11-24,17.22489356994629,17.277454043582104,17.082228404245157,17.164824252624577,9042000
2014-11-25,17.202362060546875,17.322500660422346,17.172328126660545,17.22488858508543,6605100
2014-11-26,17.40509796142578,17.45014958215968,17.21738120417514,17.262432824909038,7688400
2014-11-28,17.622854232788086,17.67541614447301,17.360051835191733,17.517733273749545,6019000
2014-12-01,17.22489356994629,17.435135464489544,17.149806565252774,17.420119209283236,7990200
2014-12-02,16.94707489013672,17.0371795971312,16.84946277037795,17.022161907271165,9853000
2014-12-03,17.217384338378906,17.330014126799057,16.95458054395491,17.08222801940854,16566400
2014-12-04,17.13478660583496,17.2173824432623,17.044683357882686,17.194855915191578,6130000
2014-12-05,17.07472038269043,17.119772014809534,16.932055210120108,17.08973807078532,7679900
2014-12-08,16.894514083862305,17.194860714475606,16.811918223381507,17.104757441374467,9404100
2014-12-09,16.9545841217041,16.969601811906603,16.571641614534855,16.72932449732961,9606600
2014-12-10,16.6617431640625,16.856968803177637,16.64672547670776,16.856968803177637,10065400
2014-12-11,16.624204635620117,16.79690523497864,16.459014314674988,16.519083652488305,11096100
2014-12-12,16.496549606323242,16.684266380582493,16.496549606323242,16.616688227275937,11335100
2014-12-15,16.474023818969727,16.811913139163888,16.43647960639353,16.661740585354906,14120700
2014-12-16,16.09859848022461,16.406454019218465,16.091089633887442,16.376418633869797,11179200
2014-12-17,16.24876594543457,16.256274789384882,15.88835002881284,15.96343703615042,13146600
2014-12-18,16.361400604248047,16.684272368839,16.308838685571253,16.55662485924133,10804900
2014-12-19,16.669252395629883,16.93205476962572,16.511569539066855,16.887003138678647,11708000
2014-12-22,16.796899795532227,16.95458121916697,16.684268570461104,16.72181278953998,4714700
2014-12-23,16.676759719848633,16.79689978868657,16.669252308201436,16.684268563661348,6055100
2014-12-24,16.781885147094727,16.90202380557318,16.68427159197737,16.69928928232862,1975600
2014-12-26,16.751848220825195,16.92454877959925,16.72181427505948,16.917039935116406,2634900
2014-12-29,16.804405212402344,17.08222667194497,16.804405212402344,17.014648517790423,3737200
2014-12-30,16.849464416503906,16.939567700135388,16.75935970070655,16.76686854637015,4791900
2014-12-31,16.804405212402344,16.999630831941555,16.766862429945526,16.879492209481324,3877200
2015-01-02,16.72932243347168,16.86447733212317,16.519079093071163,16.85696992011385,6074100
2015-01-05,16.323850631713867,16.646723714840853,16.301324103065937,16.62419718619292,9031800
2015-01-06,16.038528442382812,16.20371875809988,15.888354386519342,16.008493058343742,10169500
2015-01-07,16.27129554748535,16.338873723623816,16.023509379032916,16.211226216714028,10180200
2015-01-08,16.37641143798828,16.526585434412382,16.271290499790634,16.28630818586612,15825900
2015-01-09,15.91838264465332,16.248763128191776,15.783226341312453,16.233746875060245,17596000
2015-01-12,15.610532760620117,15.835792390829996,15.535445739828225,15.813265854942687,24695300
2015-01-13,15.805752754211426,15.993469539568641,15.76070112673201,15.783227656554425,11043200
2015-01-14,15.813263893127441,15.84329927058429,15.467865645367437,15.505408435022874,21760200
2015-01-15,17.18735122680664,17.367559198434044,16.451501651286655,16.962091620313796,36350200
2015-01-16,16.9695987701416,17.044685775529167,16.736830342389112,16.79689966026606,22402000
2015-01-20,17.337526321411133,17.4126133389263,16.8719879585497,16.969601510969134,23999700
2015-01-21,17.42762565612793,17.487696402290027,17.23990887086762,17.269944243948668,17966600
2015-01-22,17.803062438964844,17.810571283589972,17.18735150136097,17.420121388242958,25334400
2015-01-23,18.0133056640625,18.246074117125975,17.930709805938246,17.9682540287973,13027300
2015-01-26,18.140947341918945,18.163473868412936,17.945721742133294,17.983265952956614,14091400
2015-01-27,18.16347885131836,18.21603932872506,17.983270886424414,18.118425785970675,14735300
2015-01-28,17.96825408935547,18.38873936163437,17.908184764744195,18.35119657081445,16762900
2015-01-29,17.487693786621094,17.870634710969334,17.330010965861348,17.788040311681087,19411300
2015-01-30,17.052196502685547,17.36005342784968,17.022162553990135,17.262439872216575,17590300
2015-02-02,17.22489356994629,17.33001451721792,17.052193029501552,17.292471730953906,12854500
2015-02-03,17.382577896118164,17.600330102907172,17.314999723815767,17.525243085663867,16676200
2015-02-04,17.705448150634766,17.833095629267724,17.607836046816857,17.712956994338526,11266500
2015-02-05,17.765518188476562,17.8406051963934,17.502714376850406,17.810569820360442,12016600
2015-02-06,17.34503173828125,17.742990417776724,17.307487520861095,17.607835531560525,16529800
2015-02-09,17.02216148376465,17.224895995333956,16.887005142718444,17.209878305847557,12821100
2015-02-10,17.915687561035156,17.983265707429275,17.615339607210096,17.94572149711855,17077300
2015-02-11,18.23856544494629,18.283617077099684,17.84811414717536,17.930708567428987,14211100
2015-02-12,18.37371826171875,18.381227104921997,18.133441007876435,18.328666634664664,10136200
2015-02-13,18.651538848876953,18.741642098720906,18.321156924396682,18.358701138636107,11637500
2015-02-17,18.598981857299805,18.689085123984267,18.531403691203657,18.538912535454962,10525500
2015-02-18,18.55392837524414,18.65905076023675,18.478842798748012,18.538912119244255,7433100
2015-02-19,18.41126251220703,18.553926236839644,18.366209452903192,18.53140113935313,9929400
2015-02-20,18.351192474365234,18.55392550456961,18.246070105637223,18.546418093814,7268000
2015-02-23,18.185998916625977,18.343681737353663,18.11842076948057,18.328664053062415,7827400
2015-02-24,18.80171775817871,18.831751705258835,18.283618923513764,18.30614402578243,15932700
2015-02-25,18.80171775817871,19.011959684236704,18.76417353412142,18.809225170824458,10388400
2015-02-26,18.531402587890625,18.76417101716024,18.50887605647788,18.621505849210564,7588500
2015-02-27,18.418771743774414,18.606488531668777,18.373718683520654,18.583962001541895,8541000
2015-03-02,18.493854522705078,18.493854522705078,18.321155447620132,18.321155447620132,7081200
2015-03-03,18.39624786376953,18.568946989791286,18.32116085136183,18.553929300876618,7485300
2015-03-04,18.26860237121582,18.47133689724945,18.118428329968882,18.44881036141267,9415000
2015-03-05,18.366214752197266,18.381232442965008,18.125937428576673,18.366214752197266,6882400
2015-03-06,18.08839225769043,18.30614301655517,18.050849467868602,18.208530903719037,6375000
2015-03-09,17.607831954956055,17.79554870743036,17.465166822069335,17.773022181553984,15598700
2015-03-10,17.3074893951416,17.465172261051304,17.202368439312206,17.28496429441565,12405600
2015-03-11,17.63787078857422,17.810569905088617,17.5778014683881,17.5778014683881,9485000
2015-03-12,17.66790771484375,17.83309800180716,17.622854646627257,17.645381180735505,10892000
2015-03-13,17.930709838867188,17.998288007971922,17.75801070989538,17.765519554480978,9748200
2015-03-16,18.231061935424805,18.313656379846126,17.945731506577378,17.998291998163484,18384800
2015-03-17,18.253582000732422,18.3511955428614,17.983270771206175,18.05835634864005,12558800
2015-03-18,18.55392837524414,18.696593548484813,18.13344313177042,18.40375579008631,14551700
2015-03-19,18.516389846801758,18.88431469850526,18.49386330937121,18.696597849748418,11699700
2015-03-20,18.598981857299805,18.69659396823557,18.531403691203657,18.62150695788812,7196900
2015-03-23,18.621503829956055,18.734135042640897,18.583961047171346,18.6815731417108,9110900
2015-03-24,18.39624786376953,18.546421888584927,18.3587050736485,18.47884372063456,9071500
2015-03-25,17.40509796142578,18.35869943197868,17.330010972092484,18.351190589828832,32339400
2015-03-26,17.420122146606445,17.65289061145605,17.239912732089493,17.314999749443935,36432500
2015-03-27,17.22489356994629,17.360049891961523,17.01465024323754,17.202367038888585,20264000
2015-03-30,17.457658767700195,17.495201547022706,17.104751772706813,17.104751772706813,14707100
2015-03-31,17.630361557006836,17.690430875872604,17.510222919275297,17.57780108201998,13621500
2015-04-01,17.442644119262695,17.622852069276096,17.375065958986983,17.592818127023268,13314800
2015-04-02,17.78804588317871,17.893166841833956,17.705450025854933,17.735485403851087,12443500
2015-04-06,17.6754150390625,17.825587623702184,17.412611225736097,17.420120069792915,11439200
2015-04-07,17.56278419494629,17.742992159759247,17.53275025022693,17.675415426099285,13305600
2015-04-08,17.420122146606445,17.532751956555238,17.33001743934797,17.36756023194232,10835200
2015-04-09,17.600326538085938,17.773025640250545,17.45015253401601,17.45766137743605,10183300
2015-04-10,17.645381927490234,17.87064154944296,17.555277219409696,17.81808106646504,10531900
2015-04-13,17.517730712890625,17.788043347662942,17.502713026033174,17.652887030276784,11125700
2015-04-14,17.40509796142578,17.495201202893575,17.142294214841844,17.45014958215968,13787000
2015-04-15,17.652889251708984,17.750501364234985,17.33752494884445,17.39008542729427,16883000
2015-04-16,17.450153350830078,17.68292177908509,17.007141593469097,17.652887836164528,28320800
2015-04-17,17.43514060974121,17.457667147446678,17.172338164007005,17.299985680006156,16113600
2015-04-20,17.472684860229492,17.73548873844516,17.412615525108702,17.57029699273855,15253500
2015-04-21,17.517730712890625,17.547766086605524,17.39008323893319,17.49520418260445,13191400
2015-04-22,17.90066909790039,17.90066909790039,17.562778380634292,17.57028722236966,15880200
2015-04-23,18.24607276916504,18.336177465204457,17.795553585464614,17.900674537372637,22973300
2015-04-24,18.704097747802734,19.004444275699292,18.53890751550093,18.91434103341293,28481800
2015-04-27,19.07953643798828,19.34984910245688,18.598981863080194,18.68908512979266,25744900
2015-04-28,18.779190063476562,18.98943340871043,18.621507196509754,18.944380342625273,14437100
2015-04-29,18.613996505737305,18.69659091468102,18.463822509569038,18.659048131721637,12642500
2015-04-30,18.351192474365234,18.486348782611717,18.29112316316295,18.396244099725614,16033300
2015-05-01,18.57645034790039,18.65153733813198,18.448802894156252,18.546416411106886,9732900
2015-05-04,18.261091232299805,18.478843421541086,18.23105728712223,18.441299199862097,9436900
2015-05-05,18.23856544494629,18.358704085465718,18.148460748473934,18.170987280633412,13233000
2015-05-06,18.358699798583984,18.403751420217517,18.208525816918563,18.30613790248543,8302200
2015-05-07,18.29863166809082,18.328665607054532,18.193509301304516,18.2836139825263,7299600
2015-05-08,18.43379020690918,18.576455383807904,18.313651562836235,18.366212040597446,11054400
2015-05-11,18.29863166809082,18.486348441151325,18.276105139744043,18.45631307002229,6256500
2015-05-12,18.306142807006836,18.39624750657969,18.125934840026748,18.155970217272902,10406900
2015-05-13,18.351192474365234,18.52389156505114,18.313648259760463,18.381226413883706,6596700
2015-05-14,18.32866859436035,18.411264446261796,18.253581586464996,18.29863465050154,9130500
2015-05-15,18.441299438476562,18.471334816208387,18.3286696363135,18.358705014045324,5952400
2015-05-18,18.32866859436035,18.38122907023743,18.29863465050154,18.38122907023743,9387100
2015-05-19,18.463825225830078,18.516385702571668,18.366211684310912,18.381229372570104,10063100
2015-05-20,18.45631217956543,18.523890329180013,18.328664722756248,18.411260557210795,9053200
2015-05-21,18.201021194458008,18.343686366900027,18.133443030257347,18.30614214669657,12175800
2015-05-22,18.170989990234375,18.45631894597399,18.170989990234375,18.298637493841362,8574500
2015-05-26,18.216035842895508,18.30613909201748,18.13344000439593,18.148457689971366,10911600
2015-05-27,18.471332550048828,18.546419553000682,18.09589896745501,18.148459439871672,14361100
2015-05-28,18.358699798583984,18.508872348084175,18.291121650051068,18.38873373561793,10416600
2015-05-29,18.231061935424805,18.34369176484732,17.975766891578573,18.058361335999894,13170000
2015-06-01,18.125938415527344,18.201025441288692,17.968256950377814,18.15597379869824,10391300
2015-06-02,17.773025512695312,18.02081161511655,17.750498982596863,18.005793928384247,12267300
2015-06-03,17.765518188476562,17.870639140260803,17.630361860659363,17.85562288440988,10846500
2015-06-04,17.254928588867188,17.59281941498251,17.10475600227805,17.47268077284497,16981800
2015-06-05,17.164825439453125,17.29998177081348,17.08222958536278,17.134790062632785,9277100
2015-06-08,17.007143020629883,17.209877522976875,16.969600230787385,17.172334733134377,9155900
2015-06-09,17.142295837402344,17.345030298142,17.052191155240717,17.172331208844664,14045900
2015-06-10,17.517730712890625,17.52523955631935,17.269944608404483,17.30748739338266,14611900
2015-06-11,17.652889251708984,17.803061842684805,17.61534502984081,17.765519052982256,12836500
2015-06-12,17.773025512695312,17.840603670825235,17.570291038305548,17.675413413266224,12115900
2015-06-15,17.465173721313477,17.600330065632033,17.442647186538473,17.562785841007027,12984800
2015-06-16,17.705448150634766,17.7580086243956,17.420119250719303,17.450153193368852,12381400
2015-06-17,17.720468521118164,17.79555553735929,17.607838712839325,17.690433141755424,12642300
2015-06-18,17.840604782104492,17.89316525677607,17.69793961359198,17.7655177759313,11225200
2015-06-19,17.57029151916504,17.780534842674843,17.562782675593386,17.73548321341041,11609100
2015-06-22,17.90066909790039,17.938211874412126,17.720461192746846,17.76551281099395,13407100
2015-06-23,17.96825408935547,18.050849947758092,17.83309775093869,18.028323413966742,9339600
2015-06-24,17.945724487304688,18.02081148827224,17.89316401627703,17.99077611501905,9368200
2015-06-25,18.080881118774414,18.268597908392987,18.020811803383086,18.050847177161476,8369700
2015-06-26,17.742992401123047,18.050849289719356,17.600328655475586,17.960744590004357,14805800
2015-06-29,17.338577270507812,17.772430150154843,17.32308368584865,17.563251241506148,14494500
2015-06-30,17.5942440032959,17.919633000284936,17.563255349039753,17.710455520406203,15836800
2015-07-01,17.76468276977539,17.997102796230966,17.702703997541207,17.91962896151561,12403200
2015-07-02,17.93512535095215,18.074577968219284,17.78017914774802,17.8189153291264,7884900
2015-07-06,17.772432327270508,18.020347444472325,17.718201080093944,17.818916042323185,7476100
2015-07-07,17.787927627563477,17.818917759044705,17.385066262143127,17.671717589890477,10131500
2015-07-08,17.222373962402344,17.555510544146934,17.183637769139924,17.501279282503127,13956700
2015-07-09,17.214624404907227,17.547760947496933,17.129404494207936,17.493529692227142,12147200
2015-07-10,17.485780715942383,17.56325456465897,17.307591898277764,17.307591898277764,9042600
2015-07-13,17.7104549407959,17.7259485285715,17.47803339187258,17.57874983971325,11501200
2015-07-14,17.663969039916992,17.741442886468263,17.578749138632237,17.640727920335113,8778400
2015-07-15,17.47803497314453,17.74919273257519,17.361824927014506,17.594245019274553,13861500
2015-07-16,17.60973358154297,17.68720740957637,16.811757142562893,17.08291332414426,29850800
2015-07-17,17.8421573638916,17.888641075623067,17.648473507704857,17.780178589019464,10314200
2015-07-20,17.74144172668457,17.849905695842192,17.52451674375057,17.84215816392446,12307200
2015-07-21,17.7259464263916,17.942872884122504,17.687210245010288,17.772431617277896,9372700
2015-07-22,17.214624404907227,17.462541036797642,17.129404494207936,17.408308303836975,17279900
2015-07-23,17.28434944152832,17.431549607523042,17.113908155112327,17.14489680823761,16251500
2015-07-24,16.765275955200195,17.206874959250037,16.742034835633813,17.090664928345983,15045700
2015-07-27,16.757530212402344,16.80401541188093,16.52511012577292,16.711046490614635,10167100
2015-07-28,16.951210021972656,17.0364313894377,16.734285054156935,16.81950494393146,13102700
2015-07-29,17.129404067993164,17.253361642008613,16.842751254525663,16.904730041533387,12780100
2015-07-30,17.58650016784668,17.648478961873032,17.19138480179456,17.22237345996223,17400600
2015-07-31,17.129404067993164,17.516771856214152,17.06742528098544,17.470286657690227,16313800
2015-08-03,16.82725715637207,16.966709804584447,16.672310918784593,16.966709804584447,11945800
2015-08-04,16.61807632446289,16.98220146124446,16.532854950405035,16.912475151140875,13832400
2015-08-05,16.74203109741211,16.943462462258477,16.672304798900274,16.695545913277297,7506500
2015-08-06,16.48637580871582,16.695553319351163,16.27719682038944,16.594838331096444,12945100
2015-08-07,16.292688369750977,16.58708721449608,16.261698239940586,16.470877183088557,16644500
2015-08-10,16.74203109741211,16.958956045946366,16.20746330138484,16.362410959786782,25398700
2015-08-11,16.137737274169922,16.346916173222002,15.92081084429846,16.269442342718595,18685200
2015-08-12,16.075759887695312,16.099002482152137,15.634160936849348,15.90531862808352,20957100
2015-08-13,15.913068771362305,16.029278807338784,15.81235232320945,15.920814826428726,7873400
2015-08-14,15.78911018371582,15.804605249680458,15.665152611380352,15.781364128424322,11355400
2015-08-17,15.711634635925293,15.734875752487318,15.254540626125511,15.417234352821778,18060200
2015-08-18,15.517955780029297,15.649660901152428,15.502460712205165,15.634165833328296,10410700
2015-08-19,15.4249849319458,15.54119497078856,15.208058442466053,15.494711250789619,12520400
2015-08-20,15.192562103271484,15.548939688217086,15.192562103271484,15.33201471570778,12865500
2015-08-21,14.627004623413086,15.115088783672261,14.619258569292679,14.913657389657907,20217500
2015-08-24,14.534039497375488,15.053112389342141,13.418419860760874,13.743808859869686,31876000
2015-08-25,14.534039497375488,15.502458961664706,14.487555776843038,15.285532469695221,25640300
2015-08-26,15.068607330322266,15.091848451550135,14.673492014849474,14.983385945311227,20952300
2015-08-27,15.448227882385254,15.448227882385254,15.169322600662223,15.200312733160715,17880000
2015-08-28,15.494714736938477,15.556693536778585,15.146083064280901,15.20806186412101,10980800
2015-08-31,15.401741981506348,15.641911064348337,15.301027010859318,15.618668466034046,9081400
2015-09-01,15.037619590759277,15.308777377185747,14.913661998854215,14.991135863217643,14185700
2015-09-02,15.448227882385254,15.548942857623654,15.223553854843734,15.26229152046685,14670900
2015-09-03,15.548940658569336,15.680645747679451,15.510204476115447,15.61091943710994,8174900
2015-09-04,15.23905086517334,15.36300845559916,15.184819604073423,15.262293467512322,8944000
2015-09-08,15.53344440460205,15.541191936037471,15.35525561465895,15.463718099373787,10390900
2015-09-09,15.401741981506348,16.006036238460865,15.355258262568547,15.835594950561747,10318700
2015-09-10,15.262292861938477,15.4249866387829,14.929156296753064,15.339765244612405,17806400
2015-09-11,15.417235374450684,15.455973034105229,15.192562859216805,15.29327781893738,9549900
2015-09-14,15.525700569152832,15.626415536822298,15.409489058707866,15.48696290644093,7790800
2015-09-15,15.796859741210938,15.928564863407948,15.525703440532691,15.618670892853515,11469800
2015-09-16,16.013782501220703,16.075761280785986,15.851087281305169,16.044771152158013,11471100
2015-09-17,16.006031036376953,16.28493621473897,15.936304741786447,15.94405227203987,11394200
2015-09-18,15.967300415039062,16.083510453869007,15.765868991478111,15.905321629150372,14057800
2015-09-21,15.905322074890137,16.0525207719442,15.804605621441718,15.905322074890137,12292100
2015-09-22,15.455970764160156,15.680643246397453,15.401738048608692,15.626412008536395,13482400
2015-09-23,15.502461433410645,15.719387959967364,15.184819916693598,15.223556110365017,22169600
2015-09-24,15.486964225769043,15.517954358578601,15.15382768652062,15.409490371436014,11088800
2015-09-25,15.53344440460205,15.727128257415993,15.463718099373787,15.618665772701155,10742300
2015-09-28,15.208060264587402,15.53344929894741,15.16932407289566,15.471470505626028,15576100
2015-09-29,15.409490585327148,15.455975785186721,15.099596641384414,15.200313096722606,10919600
2015-09-30,16.075759887695312,16.106750013637747,15.75037095375241,15.773613548209239,12400200
2015-10-01,16.16098403930664,16.2694465434016,15.959552619065441,16.230710356993626,14508200
2015-10-02,16.08350944519043,16.09125697765198,15.657404025949448,15.657404025949448,15271100
2015-10-05,16.5793399810791,16.610330111448448,16.106752314472523,16.315929783702632,10938100
2015-10-06,16.447633743286133,16.548350182320505,16.238454810852264,16.315928653719325,10577700
2015-10-07,16.989948272705078,17.12165335534971,16.75752675631954,16.796264414562412,13647100
2015-10-08,17.237863540649414,17.253358604095737,16.788517044540107,16.873738415804304,10343500
2015-10-09,17.005447387695312,17.37732012928535,16.97445725371735,17.28435120504238,11648800
2015-10-12,17.113910675048828,17.199132069650627,17.051931881981428,17.098415607359232,6779500
2015-10-13,16.997695922851562,17.067422230484258,16.79626453165606,16.90472702011111,12740800
2015-10-14,17.307594299316406,17.454794484529554,16.780773828188057,16.873742755083455,22801100
2015-10-15,17.005447387695312,17.65622542432334,16.881489807165302,17.4702875758374,17867300
2015-10-16,17.168140411376953,17.214624132631435,17.03643530308021,17.051930369395322,9598700
2015-10-19,17.222373962402344,17.27660522404615,17.013194972326755,17.106163904924035,8940900
2015-10-20,17.28434944152832,17.3695708235817,17.175886939053665,17.199129537165707,6718400
2015-10-21,17.214624404907227,17.392814714967663,17.152645616357344,17.299845793297397,8154300
2015-10-22,17.43929672241211,17.524518102423734,17.292096559944046,17.346327809882087,8214500
2015-10-23,17.40830421447754,17.625230662289695,17.354072971947133,17.625230662289695,11854100
2015-10-26,17.168140411376953,17.447045694285556,16.98995158182573,17.408308028497775,12350400
2015-10-27,17.199129104614258,17.27660147432446,16.951212497393136,17.090665127176663,6885400
2015-10-28,17.10616111755371,17.253361287809206,16.943467359132487,17.09841358462544,9913700
2015-10-29,16.904727935791016,16.904727935791016,16.672307882886233,16.89698040366877,7939100
2015-10-30,17.0131893157959,17.098410685868153,16.7730217464993,16.920221891799404,8791800
2015-11-02,17.121654510498047,17.15264316149249,16.865991859608535,16.935718171459374,5716700
2015-11-03,17.64072608947754,17.78017870325848,17.12940082407447,17.230115779754836,12846400
2015-11-04,18.24501609802246,18.330237455630755,17.857648440079817,17.89638609248829,14372000
2015-11-05,17.803422927856445,17.997106819093414,17.780181806630132,17.997106819093414,8345300
2015-11-06,17.679462432861328,17.687209964552864,17.377316085344408,17.50127363702779,8805900
2015-11-09,17.787927627563477,17.803422693304093,17.57100261795809,17.625233870359438,8629200
2015-11-10,17.43929672241211,17.563254287324984,17.29984409246244,17.43929672241211,7388700
2015-11-11,17.493526458740234,17.586495363226216,17.261106414061192,17.369568904552665,5255100
2015-11-12,17.230113983154297,17.57099795044223,17.230113983154297,17.385061644018922,5685100
2015-11-13,16.958961486816406,17.160392916287144,16.711046335988065,17.09841412858006,7883500
2015-11-16,17.315340042114258,17.33858116316607,16.889234597977765,16.912477196720385,7121500
2015-11-17,17.447044372558594,17.679464438914525,17.338580394260514,17.377318057113666,7148400
2015-11-18,17.447044372558594,17.47803302515037,17.160391578208248,17.338580394260514,8010400
2015-11-19,17.563257217407227,17.772436197229105,17.501278424610852,17.772436197229105,7115100
2015-11-20,17.68720817565918,17.733691883416416,17.59423928245428,17.671713113843293,6039900
2015-11-23,17.485780715942383,17.772433512886526,17.462539595710936,17.75693844760506,5502100
2015-11-24,17.431549072265625,17.493527854303828,17.168138879180574,17.377317822693538,8911500
2015-11-25,17.47803497314453,17.55550882979485,17.439298783664825,17.48578250657865,5442600
2015-11-27,17.392812728881836,17.54001141132239,17.307591350223095,17.34632753450941,3995600
2015-11-30,17.632976531982422,17.718197892321932,17.338576275004332,17.38506145938428,8612900
2015-12-01,18.035846710205078,18.090077970014917,17.687215071868955,17.694962605797645,10256000
2015-12-02,17.966114044189453,18.097819119130367,17.865397616339674,17.966114044189453,6829100
2015-12-03,17.76468276977539,18.05908156846515,17.679461403819452,18.035840452433888,5884700
2015-12-04,18.059083938598633,18.105569132143007,17.60973741150445,17.687211256387727,6355600
2015-12-07,18.004852294921875,18.20628369611668,17.958368580089427,18.167547513371417,4634000
2015-12-08,17.880891799926758,17.989354275950785,17.725944139014942,17.818913031100113,6133900
2015-12-09,17.60973358154297,17.826660004498425,17.54775481465432,17.78017629875453,8663600
2015-12-10,17.547760009765625,17.702707711705553,17.51677135599212,17.60199126213736,7171900
2015-12-11,17.183631896972656,17.47803070715879,17.1681368338864,17.369568220936088,11326300
2015-12-14,17.214624404907227,17.36182458184728,17.098414361087553,17.299845793297397,7898600
2015-12-15,17.679462432861328,17.74144120870302,17.369568553652872,17.369568553652872,9444200
2015-12-16,17.942869186401367,17.997100420235306,17.733690303593068,17.904133013002923,7384800
2015-12-17,17.787927627563477,18.0435917792112,17.78018157238397,17.888644077186665,8925700
2015-12-18,17.76468276977539,17.88089278300318,17.601987569104097,17.64072522530702,8648000
2015-12-21,17.780179977416992,17.857652343788818,17.625232289292004,17.76468491306636,4958700
2015-12-22,17.86540412902832,17.888646731087437,17.7801842101936,17.803425334561695,4553900
2015-12-23,17.880891799926758,17.981606745136155,17.79567043865622,17.97386069201193,6172900
2015-12-24,17.93512535095215,18.0358417868409,17.880894105946172,17.93512535095215,2009500
2015-12-28,17.826662063598633,17.966114674628407,17.702704515503395,17.935124548759333,3100100
2015-12-29,17.880891799926758,17.997101806765418,17.80341796947085,17.873144269112128,4136700
2015-12-30,17.7259464263916,17.88864163911243,17.694957776824673,17.8576515118549,2574100
2015-12-31,17.625234603881836,17.818918500627788,17.48578196179421,17.710455991311132,3898300
2016-01-04,17.113910675048828,17.27660445271664,16.93572182969142,17.230120727338836,9145100
2016-01-05,17.005447387695312,17.36957259579086,17.005447387695312,17.18363622499584,7642100
2016-01-06,16.532855987548828,16.81950730023197,16.470877205534308,16.780771115606914,8063200
2016-01-07,16.3469181060791,16.56384308390933,16.12999165055829,16.176475363280396,11242800
2016-01-08,16.122243881225586,16.579337903046675,16.091255232431063,16.47862294735127,9290700
2016-01-11,16.2152156829834,16.46313082843996,16.037026856897846,16.40115204207582,9771200
2016-01-12,16.075759887695312,16.45538006434694,15.889823565112302,16.44763253286133,11629400
2016-01-13,15.866581916809082,16.323675957883626,15.84334079865688,16.191970870155526,12858400
2016-01-14,16.904727935791016,16.943465596402252,16.037025025768543,16.060266144444626,18687600
2016-01-15,16.3469181060791,16.48637072193601,15.928560258508373,15.928560258508373,12066200
2016-01-19,16.78076934814453,16.88923183582327,16.44763287577061,16.75752675320313,14807000
2016-01-20,16.33917236328125,16.432139798904252,16.068014633614457,16.14548848176079,10815300
2016-01-21,16.525110244750977,16.633572755600174,16.153237512390128,16.385657600692937,9105000
2016-01-22,16.989948272705078,17.005443336002227,16.74978070236153,16.858243190060442,8369200
2016-01-25,16.881492614746094,17.098417677905218,16.811766279390326,16.819512336482155,8463700
2016-01-26,16.726537704467773,16.935716620868398,16.6568113990009,16.873737846863456,7709700
2016-01-27,16.7962646484375,17.044179753881647,16.742033403832917,16.827253297772724,6432800
2016-01-28,16.757530212402344,16.943468054934932,16.64132016908763,16.87374173340793,7169000
2016-01-29,17.315340042114258,17.35407622899448,16.94346732837721,16.94346732837721,9010200
2016-02-01,17.400558471679688,17.470284784297764,17.16039088249002,17.18363347925961,5389200
2016-02-02,17.47803497314453,17.524520173749266,17.26110994775273,17.276603536930068,13487900
2016-02-03,17.756935119628906,17.89638772564463,17.501272501163577,17.62523004480189,13083200
2016-02-04,17.997106552124023,18.01260161783892,17.75693894430626,17.795675130902712,6473100
2016-02-05,17.625234603881836,18.09782378480304,17.555508282838023,17.82666603382053,9325400
2016-02-08,17.663969039916992,17.749190418892464,17.245612632845273,17.416053913105497,8355200
2016-02-09,17.47803497314453,17.571003896663093,17.098414701017973,17.222372280582118,8426600
2016-02-10,17.27660369873047,17.749192898801528,17.26111010940803,17.56325652771396,5761600
2016-02-11,17.044185638427734,17.32309096719043,16.88149184844356,17.168143233946466,10394600
2016-02-12,17.230113983154297,17.292092751962066,16.98219890792322,17.268851637215658,7326900
2016-02-16,18.082321166992188,18.353478804735545,17.50126971940938,17.524512309281178,13843800
2016-02-17,18.314746856689453,18.392220702691006,18.028095547481627,18.097821861113953,11956100
2016-02-18,18.438703536987305,18.74085137416756,18.40771488668381,18.57815615757963,12780200
2016-02-19,18.423208236694336,18.61689208556656,18.21402932526662,18.438701821559338,8950300
2016-02-22,18.562660217285156,18.694365299661477,18.477440324705583,18.609145407081904,7250300
2016-02-23,18.128812789916992,18.399970546135055,18.020350278506125,18.392223012792723,5802500
2016-02-24,18.144306182861328,18.206284966191795,17.687212101665082,17.88089598428414,5267500
2016-02-25,18.353483200073242,18.361230731885907,18.113314146952426,18.345735668260577,5076800
2016-02-26,18.415464401245117,18.66337954112556,18.144306662866835,18.35348561627501,9920900
2016-02-29,18.24501609802246,18.39996375227566,18.17528980137756,18.26051115898585,6614000
2016-03-01,19.04299545288086,19.120469285896526,18.585901463547916,18.709859005296803,9858800
2016-03-02,19.07398796081543,19.135966739435283,18.888050147265226,18.94228287153691,5841300
2016-03-03,19.02750015258789,19.26766917969951,18.942280267258695,19.081731391712953,7957500
2016-03-04,19.09722900390625,19.32965053108182,18.93453526480492,19.027502693522642,7264600
2016-03-07,19.135963439941406,19.151457023656928,18.64013181878507,18.903541951923952,8971500
2016-03-08,19.09722900390625,19.252176688689964,18.841566358396566,18.872556486429566,11734000
2016-03-09,19.166955947875977,19.20569360919774,18.996514671132264,19.15146088334727,5807300
2016-03-10,19.166955947875977,19.3683873536771,18.98876713886791,19.25992485735753,6483700
2016-03-11,19.639541625976562,19.66278274100077,19.360636424162653,19.368383955067532,7560000
2016-03-14,19.53883171081543,19.66278929120624,19.453611797853572,19.608558034496628,4109400
2016-03-15,19.275419235229492,19.523335844790857,19.159209201876482,19.290914300394093,8839800
2016-03-16,19.972686767578125,19.98818035844727,19.151465866179503,19.182456003299936,10874100
2016-03-17,19.964933395385742,20.02691217381243,19.848723370547038,19.941690799341746,6264700
2016-03-18,20.174116134643555,20.336809904588623,19.988178286576453,20.050157076701847,7208700
2016-03-21,20.08889389038086,20.158620211020175,19.94944124910223,20.050156224641878,5494100
2016-03-22,19.99592399597168,20.189607882156544,19.87971395979892,19.95718780981102,6247400
2016-03-23,19.89520835876465,20.00367085853316,19.786745858996134,20.00367085853316,5465900
2016-03-24,19.93394660949707,19.94944167612434,19.709274054165224,19.77125284298341,5549000
2016-03-28,19.856468200683594,19.957184632974254,19.78674337223154,19.92619450682619,2197200
2016-03-29,20.1198787689209,20.15861642738909,19.70926993299206,19.802237357934576,4550800
2016-03-30,20.499496459960938,20.62345547427663,20.3910339848364,20.3910339848364,5999600
2016-03-31,20.29807472229004,20.484011101894268,20.282579654566938,20.360053515491447,5369100
2016-04-01,20.236093521118164,20.305818362193307,19.96493577899398,20.050155685948404,5091200
2016-04-04,20.02691078186035,20.24383575243126,19.99592065595563,20.24383575243126,4302700
2016-04-05,19.76350212097168,19.856469550353896,19.55432318832572,19.76350212097168,8612600
2016-04-06,19.848724365234375,19.941691798687998,19.383882764894114,19.484597730750657,8333100
2016-04-07,19.655044555664062,19.77125461037505,19.56207562528066,19.748012008356444,7774400
2016-04-08,19.585311889648438,19.995920715270255,19.531079169154303,19.949437003965823,8214600
2016-04-11,19.76350212097168,20.019164768308748,19.755754588908054,19.910702274799277,5406300
2016-04-12,19.809988021850586,19.92619806024837,19.608556599038714,19.910704472101926,4766900
2016-04-13,20.274829864501953,20.305818518808714,19.972683465979607,20.1043885715877,9082700
2016-04-14,19.60080909729004,19.778999399320206,19.43811533881258,19.60080909729004,13870800
2016-04-15,19.72476577758789,19.817734690867873,19.655040939741337,19.76350344049236,8019100
2016-04-18,19.755752563476562,19.89520517094335,19.61629995600978,19.66278366593521,6507600
2016-04-19,19.49234390258789,19.88745916141353,19.484596370725747,19.771249138862604,9378700
2016-04-20,19.46135139465332,19.562066333513414,19.16695115301862,19.31415127383597,9391300
2016-04-21,19.49234390258789,19.63954405258739,19.36838634817482,19.600806393276674,6044400
2016-04-22,19.42261505126953,19.608551358551708,19.329647636473652,19.507836412907768,6447400
2016-04-25,19.376134872436523,19.624049993960288,19.32965115657349,19.4845973686805,7772500
2016-04-26,19.376134872436523,19.639545058478195,19.352892275659663,19.523335029975264,9920000
2016-04-27,19.562074661254883,19.631800986183542,19.22893810386039,19.290916895164646,7302200
2016-04-28,18.717605590820312,19.275414500511776,18.647879292397583,19.097225727960524,12170200
2016-04-29,18.2760066986084,18.601395598909956,18.144301632350853,18.59364806822535,14955900
2016-05-02,18.353483200073242,18.399966913258634,18.175292923763145,18.268261827824528,6112100
2016-05-03,18.066829681396484,18.16754611307632,17.9428721329371,18.09007227586657,9323900
2016-05-04,18.144306182861328,18.245021151639307,17.997106018317428,18.0590848016479,7789900
2016-05-05,18.20628547668457,18.353485645355867,18.128811625926478,18.167549290150923,7238400
2016-05-06,18.136554718017578,18.291502381594672,18.082323479072723,18.206281018858228,5373300
2016-05-09,18.105567932128906,18.198535357674526,17.97386284786379,18.128809049670018,5189800
2016-05-10,18.121061325073242,18.159798983380476,18.004851305532686,18.051335017810793,5374500
2016-05-11,17.989356994628906,18.167547274913986,17.9196306844501,18.09782096473518,6185400
2016-05-12,17.811168670654297,18.043590203392803,17.625232331077893,17.9971050102307,7674600
2016-05-13,17.679462432861328,17.818915047927778,17.640726252094236,17.702705027935927,4837700
2016-05-16,17.904138565063477,18.004853533745244,17.749190868039943,17.795674586070703,4654300
2016-05-17,17.780179977416992,18.059083747275036,17.749189848715726,17.973863848727895,4017400
2016-05-18,18.221778869628906,18.31474629985164,17.7414422211759,17.818916064821956,10028100
2016-05-19,18.01259422302246,18.066825453069946,17.85764658486662,18.059077923393136,3868700
2016-05-20,18.523921966552734,18.609143327298415,18.15204935588314,18.206280593561154,8380600
2016-05-23,18.802825927734375,19.182446044223383,18.756340746187742,19.081729628562652,6840000
2016-05-24,18.957778930664062,19.035252783466767,18.79508516970013,18.833821357256067,7573600
2016-05-25,19.07398796081543,19.151460325822264,18.99651411811795,19.066240428776617,5151600
2016-05-26,19.205690383911133,19.306405331052897,19.05074272002641,19.213436437183976,8204700
2016-05-27,19.21343421936035,19.376129395428308,19.197940636912666,19.31415063256677,5381300
2016-05-31,19.15145492553711,19.25217133595123,19.004256291378358,19.236676276242868,7999900
2016-06-01,19.562074661254883,19.569822194879283,19.151464245307327,19.151464245307327,6126800
2016-06-02,19.50783920288086,19.562070448882906,19.422617829054428,19.53108032105852,4188200
2016-06-03,19.77899932861328,19.833230581245232,19.608556560123372,19.631799158833125,5041800
2016-06-06,19.732519149780273,19.887466891871657,19.701530487976704,19.833235625447028,7579500
2016-06-07,20.189605712890625,20.236090904517766,19.910701951580883,19.926195537765974,6624300
2016-06-08,20.39879035949707,20.592474279157198,20.36780170075079,20.53824301808293,6173600
2016-06-09,20.32131576538086,20.336810833042346,20.073400593560994,20.073400593560994,5760100
2016-06-10,20.0346622467041,20.11988215429208,19.786747101555758,20.065650901002233,6699400
2016-06-13,19.856468200683594,20.003668344505805,19.75575324608348,19.794489426078012,7414600
2016-06-14,19.809988021850586,19.918450527329746,19.67053538469692,19.786746900785516,7191500
2016-06-15,20.0191650390625,20.16636519488094,19.879712415412467,19.887459947580876,6926800
2016-06-16,20.0346622467041,20.073398433999472,19.662788051290757,19.76350450256404,4637700
2016-06-17,20.02691078186035,20.088889555979257,19.833226928027447,20.057899430074535,5813100
2016-06-20,20.429777145385742,20.638954621267718,20.360050827528152,20.391039481192195,10019300
2016-06-21,20.6002197265625,20.646703448818858,20.406535826521626,20.491757215400693,6095200
2016-06-22,20.56148338317871,20.855882258845405,20.54598831664602,20.607967105085898,8010400
2016-06-23,20.770662307739258,20.770662307739258,20.545989738233573,20.638957188480415,6708600
2016-06-24,19.89520835876465,20.298071183177314,19.763503261463995,19.825482043858965,9529800
2016-06-27,20.014972686767578,20.063201108071,19.580913828729074,19.80598081691427,10314300
2016-06-28,20.304349899291992,20.392769965066975,20.167701403618903,20.272196590590493,14428100
2016-06-29,20.7384090423584,20.87505753939989,20.633913854340392,20.641952181596263,8758600
2016-06-30,21.084049224853516,21.236774374786084,20.76252380380138,20.95543905643266,9765900
2016-07-01,21.3251953125,21.42165217618271,21.293042002502958,21.40557552118419,5939300
2016-07-05,21.108163833618164,21.140315608578543,20.99563032152567,21.02778209648605,5678400
2016-07-06,21.01974105834961,21.059932688308844,20.69821568444532,20.738405781250638,6062900
2016-07-07,21.148351669311523,21.325191778682495,21.092084919294923,21.100123245462143,5327900
2016-07-08,21.485958099365234,21.542224860896038,21.228737741993406,21.301081159148517,5780600
2016-07-11,21.863750457763672,22.000398955617975,21.80748216663788,21.831597148548934,6051600
2016-07-12,21.678871154785156,21.936093019058433,21.574375970200784,21.863749609286902,8538700
2016-07-13,21.614564895629883,21.711023281126867,21.510069716732673,21.638679875292635,10553300
2016-07-14,21.79140853881836,21.887865406765616,21.413614795421157,21.70298846557148,12145100
2016-07-15,21.711023330688477,21.911976895541404,21.678870024398076,21.85571014268723,5996500
2016-07-18,22.217424392700195,22.22546271882169,21.82355561167065,21.952165763306667,7767300
2016-07-19,21.920013427734375,22.120966976137176,21.855708353571636,22.008431946486954,4997300
2016-07-20,22.145078659057617,22.1772319601581,21.928050009244465,22.02450684623836,5805100
2016-07-21,22.088817596435547,22.362114593465375,22.040589165534453,22.24154274963555,6369300
2016-07-22,22.297809600830078,22.338001237710348,22.08881768851523,22.129009325395497,5116800
2016-07-25,22.39426612854004,22.44249455562,22.0968541730465,22.0968541730465,7799700
2016-07-26,22.772058486938477,22.836363568000635,22.474646528804694,22.482684855581724,10178800
2016-07-27,22.58718490600586,22.900672030832652,22.45857472488952,22.900672030832652,7057700
2016-07-28,22.61933135986328,22.820284912195127,22.506797861166707,22.739904717785535,4746300
2016-07-29,22.3299617767334,22.58718210709236,22.233503386271735,22.58718210709236,7366600
2016-08-01,23.005170822143555,23.109666028728988,22.78814054713408,22.78814054713408,7328200
2016-08-02,22.63541030883789,22.900668963505755,22.555028573117976,22.900668963505755,6088500
2016-08-03,22.63541030883789,22.699715390783005,22.434456736115145,22.571105226892776,3872000
2016-08-04,22.82832145690918,22.85243643324266,22.603254477078636,22.683634665215937,3165000
2016-08-05,23.141807556152344,23.19003597053776,23.013195895868485,23.029272545048173,5573000
2016-08-08,23.382957458496094,23.423147559115257,23.077507174435812,23.11769880820904,8731700
2016-08-09,23.63214111328125,23.65625609523707,23.42314920245999,23.455302511734416,6660600
2016-08-10,23.48745346069336,23.672331916202076,23.455301685705397,23.64821693509552,8229100
2016-08-11,23.423147201538086,23.60802564776446,23.149850228668534,23.423147201538086,9134000
2016-08-12,23.503528594970703,23.52764357451793,23.358841783995373,23.447261842514525,3481800
2016-08-15,23.624099731445312,23.67232968912098,23.55979465436506,23.616061405166032,3187000
2016-08-16,23.37491798400879,23.47137636717427,23.294536253563223,23.439223061734445,5914400
2016-08-17,23.294536590576172,23.31061324352867,23.10162135460821,23.31061324352867,6996800
2016-08-18,23.43922233581543,23.471375640259456,23.182002032878987,23.23826878250209,4254200
2016-08-19,23.021236419677734,23.061428046466464,22.91674125633463,23.01319809431999,6241800
2016-08-22,22.82832145690918,22.89262652731131,22.683634665215937,22.747939735618065,6415400
2016-08-23,22.908706665039062,23.06143180542246,22.876553358367172,22.989088398564746,5501800
2016-08-24,22.820287704467773,22.989089506321026,22.780097602345347,22.964974525155096,5391500
2016-08-25,22.989091873168945,23.182007142895646,22.924786783260046,23.01320532366336,6388200
2016-08-26,23.021236419677734,23.230228279517732,22.852436186626463,22.989084651400546,5267500
2016-08-29,23.069469451904297,23.12573620376708,22.956934415024733,22.973011067886674,3143900
2016-08-30,23.005170822143555,23.061437589778357,22.932827397140397,22.981055836091024,5001800
2016-08-31,23.10162353515625,23.294538789333366,23.04535677766553,23.117700189626216,4674700
2016-09-01,23.278465270996094,23.334733569221576,23.01320656912198,23.061436539029536,6066600
2016-09-02,23.423147201538086,23.479413954807576,23.334728674894908,23.390995428164395,6050200
2016-09-06,23.704479217529297,23.88935610499275,23.551754098985917,23.720555868566247,6433000
2016-09-07,23.96973991394043,24.55652392949283,23.937588142221074,24.395762004588125,14429800
2016-09-08,23.94563102722168,24.050126221645893,23.825057644145872,24.034049566148553,6361600
2016-09-09,22.981048583984375,23.57587092051607,22.948895279394254,23.551755942073477,8325600
2016-09-12,23.30257225036621,23.342763878148034,22.667559862951762,22.948893591655345,5844500
2016-09-13,22.900665283203125,23.13377212601352,22.75597848879031,23.077503846844433,6857800
2016-09-14,23.005170822143555,23.117704357413164,22.796178875818256,22.924789068456217,5088700
2016-09-15,23.45530128479004,23.52764469371905,22.997127383675686,22.997127383675686,6305100
2016-09-16,23.23826789855957,23.487449865906566,23.125734403593935,23.415106466813263,7329300
2016-09-19,24.058164596557617,24.210889757773256,24.009936163125303,24.04208794102876,7696400
2016-09-20,24.03404426574707,24.30734121631271,24.02600593977115,24.24303614165926,5763300
2016-09-21,24.516340255737305,24.564568692530944,24.15462314689911,24.186776460197777,8097200
2016-09-22,24.64494514465332,24.878052016494152,24.524373312011594,24.725326877465815,5329000
2016-09-23,24.210887908935547,24.652985170139072,24.13050617058378,24.63690851583789,7959800
2016-09-26,23.98581886291504,24.170695784175898,23.88132214522561,24.130505682390183,4363300
2016-09-27,24.435955047607422,24.460070029168808,23.833094306960096,23.953666148458733,5707200
2016-09-28,24.37968635559082,24.51633484061879,24.218922890915316,24.492219860971257,4125100
2016-09-29,24.435955047607422,24.636908627823196,24.251078121765904,24.36361163607741,5985800
2016-09-30,24.58867835998535,24.66102176610809,24.299304735494406,24.34753469501225,5725700
2016-10-03,24.693172454833984,24.76551585777957,24.57260062764266,24.62886737812168,4198500
2016-10-04,24.427915573120117,24.85393769510417,24.403802125845406,24.7735559601623,5104800
2016-10-05,24.540451049804688,24.68513633547691,24.516336068948934,24.652984560823338,6205000
2016-10-06,24.73336410522461,24.76551587702877,24.41987551449875,24.677097354701854,4099900
2016-10-07,25.062929153442383,25.087042600294485,24.636907038924726,24.82178395284305,5753400
2016-10-10,25.143310546875,25.304072478612635,25.0468521613092,25.070967140989158,7810500
2016-10-11,24.701213836669922,24.910205745126227,24.524375237124197,24.910205745126227,10157600
2016-10-12,25.199575424194336,25.247803846810886,24.677096501912317,24.837858421685446,9587000
2016-10-13,24.540451049804688,24.861976462110903,23.72859842551018,24.861976462110903,17323000
2016-10-14,24.64494514465332,25.13527233497091,24.572601738437477,24.966470542749267,9822900
2016-10-17,24.57259750366211,24.725322616370214,24.41987239095401,24.53240741075913,7598400
2016-10-18,24.805707931518555,24.902164781730967,24.66905944942264,24.845898030248062,5487500
2016-10-19,24.902162551879883,24.950392505821355,24.644942263474114,24.878049108063,6733000
2016-10-20,24.966476440429688,25.03881986373478,24.757484499009905,24.861981236296995,7329800
2016-10-21,24.982547760009766,25.030776187524573,24.725327435725372,24.85393759786757,3817100
2016-10-24,25.247806549072266,25.247806549072266,24.982547896559872,25.030776324338284,3768900
2016-10-25,25.360336303710938,25.41660458313507,25.223687834274312,25.239764485538352,3214700
2016-10-26,25.087045669555664,25.26388581159473,24.974512148733883,25.070970547405576,4121500
2016-10-27,24.73336410522461,25.12723289203785,24.717287452745545,25.103117913319256,6243200
2016-10-28,24.73336410522461,24.99862273851328,24.725325778985077,24.87001258498871,5210800
2016-10-31,24.99862289428711,25.022736340001995,24.7896310102189,24.86197441367151,3212300
2016-11-01,24.685138702392578,25.079009095032017,24.500261764233983,25.01470400640493,5815800
2016-11-02,24.427915573120117,24.701212552030025,24.30734373728435,24.652984124326537,5274700
2016-11-03,24.339496612548828,24.516335199759173,24.25911487903356,24.3957633660633,4890800
2016-11-04,24.307342529296875,24.476144317601364,24.130503947736262,24.28322755006652,4431900
2016-11-07,25.199575424194336,25.223688868925656,24.661019849988833,24.69317162068189,3981800
2016-11-08,25.191545486450195,25.320155678354563,24.92628677400313,25.079011951822476,4077100
2016-11-09,24.58867835998535,24.9102037576675,24.363609815030834,24.62886845976286,8996700
2016-11-10,23.664287567138672,24.556520176870624,23.60802082536277,24.556520176870624,10104300
2016-11-11,24.058164596557617,24.17873644671554,23.11770171227903,23.35884541259487,7506800
2016-11-14,23.19004249572754,23.79290321121532,23.157889188320897,23.53568288457852,8551400
2016-11-15,23.471376419067383,23.66429165267087,23.125736050595055,23.5597949429144,11135600
2016-11-16,24.00189208984375,24.034043860050794,23.3829547985308,23.3829547985308,8802600
2016-11-17,23.688404083251953,24.130502816152557,23.591947237161808,24.114426164086222,7065100
2016-11-18,23.688404083251953,23.76878581042969,23.463337086938992,23.656252312273214,5136600
2016-11-21,23.833091735839844,23.905435139565427,23.68036660206872,23.792901637394063,4477100
2016-11-22,24.042081832885742,24.23499705075713,23.92954833908256,24.090310254065123,8937500
2016-11-23,24.02600860595703,24.218923851325343,23.905436769246094,24.03404693282497,4017500
2016-11-25,23.84113121032715,23.961703044625093,23.80094110994585,23.91347461753673,2101800
2016-11-28,23.84113121032715,24.066199758662954,23.744674356150412,23.881321310708444,5435000
2016-11-29,23.752710342407227,23.91347380477657,23.423146624388675,23.776825321708827,9254600
2016-11-30,23.86524200439453,23.96973716694949,23.63213517023948,23.75270698338867,6403400
2016-12-01,22.948896408081055,23.72859721804577,22.780096150142725,23.71252056496002,12499600
2016-12-02,23.198076248168945,23.206114573435535,22.820282626408144,22.924779321720028,5195800
2016-12-05,23.326692581176758,23.543722821551725,23.206120736464282,23.262387495119825,3953100
2016-12-06,23.720558166503906,23.800939896321843,23.471376183906884,23.559794706868033,4336200
2016-12-07,24.058164596557617,24.06620292432205,23.511570573810506,23.696447512929602,3911600
2016-12-08,24.146581649780273,24.331458565784324,24.001894834419165,24.331458565784324,4094600
2016-12-09,24.210887908935547,24.62083186153671,24.082276207680234,24.37164985248495,4387400
2016-12-12,24.03404426574707,24.0903110144246,23.81701406385896,24.0903110144246,3428000
2016-12-13,24.40380096435547,24.628867971695833,24.13854232488004,24.162655771007078,5857700
2016-12-14,24.009931564331055,24.42791379594243,23.993854911881474,24.323418621328077,6108400
2016-12-15,24.243040084838867,24.347536806368524,24.138544896463376,24.243040084838867,5073300
2016-12-16,23.696441650390625,24.17873046485751,23.6240982515629,24.154615487530307,6662100
2016-12-19,23.52764320373535,23.74467341677807,23.44726147299872,23.704481784832755,6157000
2016-12-20,23.559797286987305,23.76075086696232,23.42314879127813,23.5919505956973,5570800
2016-12-21,23.423147201538086,23.535682241231104,23.238270288465753,23.495490608071442,6267500
2016-12-22,23.10162353515625,23.310615443803332,22.908708280979134,23.302577116568347,7455900
2016-12-23,23.35080337524414,23.415108453989596,23.061431287466597,23.133774692699486,4853500
2016-12-27,23.3909969329834,23.495492119612962,23.310615194646893,23.310615194646893,3083000
2016-12-28,23.40707015991211,23.567832079891495,23.342765085289575,23.51960365721307,3663300
2016-12-29,23.415109634399414,23.439224615077407,23.157889306450517,23.302576124210294,5323900
2016-12-30,23.109664916992188,23.495495476344924,23.005169715433706,23.471382024606854,4862800
2017-01-03,23.559797286987305,23.720560764228974,23.358843707012294,23.511568857076462,6280300
2017-01-04,23.551753997802734,23.68036413923815,23.471373809270965,23.624097394004384,4391800
2017-01-05,23.953662872314453,24.042082926125506,23.72859587447387,23.736634200561596,4775700
2017-01-06,23.817020416259766,23.99386056858844,23.680371904530485,23.905440492424102,4878700
2017-01-09,24.146581649780273,24.226961851066164,23.889359792941605,23.945628080257418,8371700
2017-01-10,24.170698165893555,24.355575105371702,24.034049659941388,24.146584715707693,7582000
2017-01-11,24.251079559326172,24.27519454231705,23.88936248023418,23.937592446215938,7467300
2017-01-12,23.543718338012695,24.001892180560453,23.29453483548533,23.56783178247064,13032200
2017-01-13,23.664287567138672,23.833087792466383,23.48744748366729,23.71251598392463,9811100
2017-01-17,23.808975219726562,23.833088662422867,23.68036354834655,23.8009368944432,7679800
2017-01-18,23.704479217529297,23.857204336072677,23.664289123090747,23.75270763748632,7692800
2017-01-19,23.817020416259766,23.865250384979035,23.62410514084566,23.70448688889012,8493200
2017-01-20,24.170698165893555,24.323423327405802,23.768790975817097,23.808982614717298,7399400
2017-01-23,24.37968635559082,24.508296514069613,24.283227970154712,24.363609702492464,6959800
2017-01-24,24.773557662963867,24.837862748706534,24.524375647355303,24.540452302079515,7213600
2017-01-25,25.167423248291016,25.18349990093502,24.87001284014685,24.998622994990917,8025800
2017-01-26,25.006664276123047,25.27996127074821,24.926282536559032,25.127236118891993,8308700
2017-01-27,25.11920166015625,25.199583412099628,24.918248046875,25.054896565232426,5982200
2017-01-30,25.07097053527832,25.079008862926592,24.87001694353421,24.974512136653285,7253100
2017-01-31,24.84589958190918,25.046853154414528,24.701212764400672,24.95039629817825,6263100
2017-02-01,24.982547760009766,25.167424676444917,24.78963251679647,25.111157922151964,5036900
2017-02-02,24.741403579711914,24.82982210614233,24.61279342021855,24.685135293423787,5794800
2017-02-03,24.894128799438477,24.982548864754005,24.75748030447545,24.886090472304872,5249100
2017-02-06,24.813743591308594,24.87804866225771,24.677095123897484,24.87804866225771,3523700
2017-02-07,24.53240966796875,24.894125136838046,24.51633301606685,24.845896714286255,6209500
2017-02-08,24.37968635559082,24.677098305294294,24.347534582548132,24.669059978745114,7776600
2017-02-09,24.283227920532227,24.516334790519952,24.251076147555242,24.37968630577122,8547000
2017-02-10,24.685138702392578,24.765520446465,24.39576657014781,24.468109986497566,6749400
2017-02-13,25.47287368774414,25.56129221157465,24.870013007913098,24.870013007913098,10203800
2017-02-14,25.183504104614258,25.296037625598636,25.006665495473918,25.296037625598636,5208600
2017-02-15,25.521106719970703,25.561296825953043,25.320153123750462,25.320153123750462,4577200
2017-02-16,25.979276657104492,26.115926675885724,25.424644388011266,25.496987794117082,13197100
2017-02-17,25.9953556060791,26.027508915256462,25.738135265276885,25.80243881732327,7518200
2017-02-21,25.98731803894043,26.09985155140552,25.85870480605662,26.035544934963617,5475400
2017-02-22,25.7783203125,25.882817013676537,25.64971016732416,25.882817013676537,5296200
2017-02-23,25.521106719970703,25.842633700446505,25.50503006431606,25.842633700446505,5291200
2017-02-24,25.657752990722656,25.657752990722656,25.296035935787177,25.40857098240829,3687100
2017-02-27,25.344263076782227,25.57736840488963,25.304071445623045,25.57736840488963,5841900
2017-02-28,25.296037673950195,25.46483948890365,25.239770913350455,25.392496072945633,6040800
2017-03-01,25.384450912475586,25.400527563506476,25.127230628596646,25.255840770536114,4910300
2017-03-02,24.813743591308594,25.111153969515588,24.749438520359472,25.070963875105072,8561100
2017-03-03,24.79767417907715,24.853940940938468,24.548492148053754,24.81375083479589,6120700
2017-03-06,24.79767417907715,24.87001759665721,24.68513912220023,24.757482539780295,5467400
2017-03-07,25.167423248291016,25.23976665203505,24.886087959636875,24.92627959124688,7014000
2017-03-08,25.09507942199707,25.336224608134792,25.07900430277772,25.296032977201527,4528500
2017-03-09,24.902162551879883,24.966467623981327,24.69317068426173,24.829819154121527,6120700
2017-03-10,24.966476440429688,24.982553097420684,24.773561156000902,24.813752798478397,5655300
2017-03-13,25.320148468017578,25.376415219308537,25.111156582398323,25.135271561446153,3965700
2017-03-14,25.087045669555664,25.29603758904914,25.07900887505774,25.223694173333925,5967200
2017-03-15,25.64971351623535,25.746170371134024,25.191539622581494,25.223691396496363,4571400
2017-03-16,26.05162239074707,26.099852354562653,25.882822116855028,25.923012220213845,6489000
2017-03-17,26.196308135986328,26.332955095034936,26.07573476457197,26.204344929803455,6199800
2017-03-20,26.40530014038086,26.614293588271405,26.292766622120595,26.365110036189108,5126700
2017-03-21,26.10788917541504,26.951893612046863,26.07573586617176,26.718789785803953,9159900
2017-03-22,26.27669334411621,26.405303533843117,26.107893045032544,26.180236468398228,6713500
2017-03-23,26.172199249267578,26.252579466679574,26.019472543352546,26.099855827073284,5909900
2017-03-24,26.373151779174805,26.60625562664792,26.212388284625035,26.30884515483145,5899900
2017-03-27,26.662521362304688,26.734864778748765,26.349034246483182,26.405301007460967,5661500
2017-03-28,26.807207107543945,26.871513726800014,26.63037003720651,26.815246968105143,4527000
2017-03-29,26.469608306884766,26.501761618640405,26.340998126170792,26.485684962762587,4083900
2017-03-30,26.582136154174805,26.646442763951153,26.349029293197432,26.397259250529693,3890600
2017-03-31,26.397262573242188,26.477642779272426,26.18023233739057,26.28472905827653,4853500
2017-04-03,26.43745231628418,26.5258723814985,26.292765494353166,26.477642418752072,4283100
2017-04-04,26.4133358001709,26.48567920273376,26.340992397608037,26.365105843026353,3756600
2017-04-05,26.44548797607422,26.791128321752915,26.421371465377433,26.57409812332854,5112900
2017-04-06,26.4133358001709,26.477639343389047,26.308839092845005,26.429412452552413,3990800
2017-04-07,26.421369552612305,26.55801954897542,26.340989366262864,26.41333276050038,3366300
2017-04-10,26.14004135131836,26.421375129228547,26.0596580816953,26.421375129228547,4937100
2017-04-11,26.0435848236084,26.276688642694214,25.70598121953627,26.276688642694214,6293800
2017-04-12,25.947128295898438,26.236501975471953,25.738137897489036,26.09985499695593,6136500
2017-04-13,25.58540916442871,26.083774706122018,25.577370837432387,25.802437860713013,8781700
2017-04-17,25.746177673339844,25.778330989528193,25.53718725073356,25.754217535541432,6918900
2017-04-18,25.553253173828125,25.609519920365408,25.424641496259376,25.529138196817637,5468600
2017-04-19,25.408573150634766,25.68187016365119,25.312114750036038,25.65775518021294,4739200
2017-04-20,25.553253173828125,25.61755824603557,25.43267982192954,25.537176522487798,4237700
2017-04-21,25.78636360168457,25.834590496098713,25.681866886607025,25.79440039531755,4530400
2017-04-24,26.284727096557617,26.365107296588807,26.11592683670727,26.18827024325857,5717000
2017-04-25,26.582136154174805,26.67055620946332,26.324915847685265,26.332952640753344,5614300
2017-04-26,26.52586555480957,26.61428559726813,26.3811787701151,26.57409550514355,6027700
2017-04-27,26.541946411132812,26.767013415743737,26.5339065516493,26.614289814944605,5625600
2017-04-28,26.582136154174805,26.726822959863664,26.558022708662637,26.646442763951153,5250500
2017-05-01,26.847400665283203,26.855437459652038,26.638407215992476,26.654483871038565,4015100
2017-05-02,27.273418426513672,27.321648386584783,26.98404479870322,26.98404479870322,5989300
2017-05-03,27.562789916992188,27.562789916992188,27.201072910278143,27.233226214498917,6660700
2017-05-04,27.44221305847168,27.482403150466602,27.30556613242745,27.482403150466602,5697300
2017-05-05,27.667280197143555,27.683356847302065,27.353793184821352,27.45828987769792,5249800
2017-05-08,28.117420196533203,28.213877041447255,27.836086454572293,27.892353202964475,6906900
2017-05-09,28.463058471679688,28.503248565272635,28.237991494513114,28.237991494513114,7297900
2017-05-10,28.463058471679688,28.639898563057763,28.19780140092017,28.350524983096403,9936700
2017-05-11,28.58363151550293,28.776545189225356,28.430904868639484,28.631858400779755,6648900
2017-05-12,28.4309139251709,28.551487309386157,28.334457057583812,28.53541065373689,4905000
2017-05-15,28.181730270385742,28.446987393103143,28.037043452064186,28.422873945485613,9784700
2017-05-16,28.157611846923828,28.157611846923828,27.9727349396746,28.14153519416633,6046200
2017-05-17,27.667280197143555,27.980770275773242,27.643166755059536,27.972730417540244,8128100
2017-05-18,28.053115844726562,28.125459242898593,27.659245551054894,27.683358995009666,8303700
2017-05-19,28.294260025024414,28.31837346944095,28.085266619055172,28.197803181050496,7283300
2017-05-22,28.45502471923828,28.543441708065014,28.3424881523255,28.446984859876267,5914200
2017-05-23,28.45502471923828,28.527368121956822,28.374641457157725,28.446984859876267,6612800
2017-05-24,28.551485061645508,28.607751818834036,28.406798238501207,28.4711017897274,7812500
2017-05-25,28.591676712036133,28.76851685351953,28.52737315732937,28.664020127524026,4514900
2017-05-26,28.543445587158203,28.599715411415698,28.398761828366318,28.575598896360106,3109800
2017-05-30,28.76047134399414,28.78458785529244,28.519327695166172,28.680091149820772,4219300
2017-05-31,28.42287254333496,28.42287254333496,28.213879119932418,28.39071923722564,7663100
2017-06-01,28.84889793395996,28.87301138441403,28.559524263276895,28.696174303903256,6016100
2017-06-02,29.08199691772461,29.122187012965583,28.816736769780306,28.864966723854103,5779200
2017-06-05,29.25078773498535,29.47585464888032,29.17844436033244,29.38743769435496,4819600
2017-06-06,29.282955169677734,29.403528541099618,29.13023155667713,29.242765067973178,5028000
2017-06-07,29.307069778442383,29.508023361234187,29.24276622642934,29.411566500060456,6537700
2017-06-08,29.604476928710938,29.660743674500047,29.371370086837388,29.540170324204716,7593900
2017-06-09,28.768516540527344,29.49998748192078,28.294265947779397,29.403530617755827,12040100
2017-06-12,28.32642364501953,28.76852099607994,28.141543616132964,28.76852099607994,11057000
2017-06-13,28.58363151550293,28.607744958141343,28.33444803177827,28.503248262862286,4969400
2017-06-14,28.655988693237305,28.752445576494218,28.430918543892467,28.511301835197422,7016400
2017-06-15,28.487186431884766,28.51130295337659,28.14154593149044,28.22192922594793,4623300
2017-06-16,28.832822799682617,28.897129426031565,28.712252474741405,28.832822799682617,7432400
2017-06-19,29.106115341186523,29.22668871384528,28.993581828736076,29.041811791061228,4523700
2017-06-20,29.041805267333984,29.532132375417547,29.033765408931686,29.35529228625756,4987400
2017-06-21,29.508018493652344,29.564285242247735,29.106111394366508,29.106111394366508,6329400
2017-06-22,29.508018493652344,29.67681873943852,29.44371495224668,29.516058352770443,6273400
2017-06-23,29.524106979370117,29.564297092146052,29.37138332429795,29.516070183338552,5558600
2017-06-26,29.988067626953125,30.311768920213506,29.813764251476023,30.24536703122864,10127200
2017-06-27,29.1248722076416,29.705876273677763,29.02527250570374,29.705876273677763,8081100
2017-06-28,29.340667724609375,29.373868675721923,28.842666122789012,29.274268988601246,8306200
2017-06-29,28.8924617767334,29.24106219511377,28.66005833159682,29.24106219511377,7332200
2017-06-30,29.016971588134766,29.12487311555793,28.801171699505982,28.91737188309206,5177500
2017-07-03,28.9505615234375,29.191260452683643,28.90906192640998,29.083362133655346,4470600
2017-07-05,28.900766372680664,29.116569389953856,28.743066603301784,29.116569389953856,9222200
2017-07-06,28.635164260864258,28.75136442083538,28.47746449607729,28.635164260864258,6493700
2017-07-07,28.743064880371094,28.77626266347033,28.618562903544365,28.676662981739025,7937800
2017-07-10,29.05016326904297,29.182963888767073,28.67666053662625,28.72646195635399,7779700
2017-07-11,29.365571975708008,29.40707158425254,29.091668860123164,29.40707158425254,9300800
2017-07-12,29.62286376953125,29.714164784392345,29.465164031454314,29.58966599103151,9211200
2017-07-13,30.004671096801758,30.01296975064577,29.43196582884862,29.43196582884862,9943900
2017-07-14,30.087661743164062,30.1706609228658,29.863560158510467,29.988062094278824,7196600
2017-07-17,29.805469512939453,29.929971488029278,29.581367857507818,29.90506919328126,4649800
2017-07-18,29.772274017333984,29.913376492695313,29.647775185657046,29.78057583917618,6185300
2017-07-19,30.220476150512695,30.22877480579162,29.929975722492394,29.929975722492394,7033800
2017-07-20,29.963167190551758,30.220469776973694,29.946569883494305,30.220469776973694,6996600
2017-07-21,29.755664825439453,29.929968204687338,29.631166030223998,29.929968204687338,5023500
2017-07-24,30.062776565551758,30.062776565551758,29.88847314139133,29.971475525805158,6842100
2017-07-25,29.963167190551758,30.087669156998363,29.855268863595665,29.8884666439271,5276300
2017-07-26,30.062776565551758,30.087675697767295,29.83037305541026,29.963173704255166,4342200
2017-07-27,30.029565811157227,30.38646803211289,29.846963791259117,30.328367965093708,7243100
2017-07-28,29.76397132873535,29.938271569196043,29.631170693210507,29.921671093978325,3678400
2017-07-31,29.84696388244629,30.212167923358273,29.755662872218295,29.90506394964298,7757600
2017-08-01,29.747373580932617,29.871875573372133,29.639472065232848,29.838674619892636,5437300
2017-08-02,29.938270568847656,30.27027372967477,29.76397033421098,30.212173651462543,6064600
2017-08-03,29.70587158203125,29.971472856062327,29.589671420419773,29.971472856062327,3919800
2017-08-04,29.905067443847656,29.946570210594203,29.68096580152587,29.82206824278769,4071400
2017-08-07,30.535869598388672,30.560768722876965,30.095965013059285,30.095965013059285,4860200
2017-08-08,30.461172103881836,30.676971925524917,30.411370683710405,30.469470757468795,3301200
2017-08-09,30.26197624206543,30.27027806369398,29.90507390125182,30.046176372981904,3153700
2017-08-10,29.332365036010742,29.90506711596509,29.332365036010742,29.88016798916341,5605400
2017-08-11,29.99636459350586,30.046166007444565,29.407062109870587,29.48176264767056,4291100
2017-08-14,29.92166519165039,29.963164788400054,29.755663638435465,29.905064719707273,3875600
2017-08-15,30.22876739501953,30.286870632596415,29.95486751092255,30.037866708232805,3820400
2017-08-16,30.1623592376709,30.245358409024632,29.996357728748,30.0461591312895,3232000
2017-08-17,29.70587158203125,30.162373573883603,29.689271106627192,30.129172623075483,3324000
2017-08-18,29.76397132873535,29.963170698914173,29.556470137839224,29.880171489042482,3692800
2017-08-21,29.863576889038086,29.888476023654746,29.573076431118633,29.805476797454194,3588100
2017-08-22,30.3117733001709,30.43627211068271,30.16237219458329,30.270273696666962,3202300
2017-08-23,30.36157989501953,30.37817720627438,30.18727646467032,30.270278852031215,2956400
2017-08-24,30.569068908691406,30.652068096695633,30.361567772464774,30.527566148473227,4544500
2017-08-25,30.585660934448242,30.759964265119294,30.502661760769094,30.65206280636398,2975200
2017-08-28,30.519287109375,30.60228635071868,30.353285460469543,30.3698859419819,2199900
2017-08-29,30.610570907592773,30.685271449151802,30.29516826920839,30.311768741356655,2997700
2017-08-30,30.65207290649414,30.776574874252887,30.544171412184326,30.610573305980076,2838900
2017-08-31,30.68527603149414,30.69357468569938,30.46117437335115,30.66867555686687,4288600
2017-09-01,30.892770767211914,30.909371238374412,30.635468213517388,30.710168750640563,4100000
2017-09-05,30.585660934448242,31.042165888330132,30.419662587089945,30.917663961595885,7123000
2017-09-06,30.934268951416016,31.017268137227635,30.710167350265458,30.75996876148202,4187700
2017-09-07,31.158367156982422,31.158367156982422,30.85956505467794,30.909366460467233,3597500
2017-09-08,31.12517738342285,31.274578488160625,31.00067540740245,31.183277461241232,5581800
2017-09-11,31.407379150390625,31.44058009952551,31.000675439030253,31.033876388165137,6920100
2017-09-12,31.423974990844727,31.490373713105853,31.24967478291592,31.415673171676893,3524500
2017-09-13,31.15007209777832,31.36587507013608,31.11687431959863,31.26627223694804,4983400
2017-09-14,31.02557945251465,31.316079857993913,31.017277631662694,31.1251791392194,5799000
2017-09-15,31.24968147277832,31.266278782234487,31.042180276189402,31.141779964011327,7245600
2017-09-18,31.598283767700195,31.63978337614444,31.39908438068096,31.432282167706052,6179600
2017-09-19,31.789180755615234,31.89708225783614,31.64808147027904,31.689581073835754,6559400
2017-09-20,31.390777587890625,31.863880014907334,31.075374914473926,31.838980887027507,7961100
2017-09-21,31.7393856048584,31.814086165059777,31.266279946104923,31.365882803851502,8458000
2017-09-22,31.349281311035156,31.399082738293593,31.199880195476844,31.291181229008814,4529900
2017-09-25,30.76827049255371,31.125172726447616,30.593970285177516,31.125172726447616,5895000
2017-09-26,30.82637596130371,30.975777069857433,30.652075723396653,30.784876356975865,5995400
2017-09-27,30.917667388916016,31.008968389813393,30.718464917302107,30.95086832855431,4802700
2017-09-28,30.751678466796875,30.7931780752539,30.53587860309004,30.676977905087362,7618700
2017-09-29,31.16667366027832,31.208173259116954,30.925971554311243,30.925971554311243,3818500
2017-10-02,31.64807891845703,31.689578518667584,31.349276730994564,31.399078150977157,5096200
2017-10-03,31.905376434326172,31.930278725938745,31.74767669645617,31.838977711197458,3727100
2017-10-04,31.764270782470703,31.82237084085823,31.648070665695645,31.74767031347202,2717200
2017-10-05,31.921981811523438,32.245683156276954,31.863881732527517,32.08798339417614,4456400
2017-10-06,31.921981811523438,31.938582286410394,31.71448062476177,31.880482207414474,3086100
2017-10-09,32.17927932739258,32.21248027190915,31.955177701230195,32.038176896305295,1963500
2017-10-10,32.34528350830078,32.50298325822599,32.220781539369526,32.461483657321104,4112000
2017-10-11,33.490684509277344,33.523885453333584,32.93458294430871,33.03418261026112,9015400
2017-10-12,33.565399169921875,33.74800127282831,33.46579946207183,33.606901950558886,5524100
2017-10-13,33.88079071044922,33.91399165746883,33.72309096143094,33.78119103560697,3913100
2017-10-16,33.93890380859375,33.96380294530515,33.739704382466975,33.93060515176255,2707000
2017-10-17,34.237693786621094,34.237693786621094,33.64839121103428,33.88909333330495,7582200
2017-10-18,34.445186614990234,34.6277886174636,33.972084305141856,34.362187431801914,6653200
2017-10-19,34.08829879760742,34.270900877054515,33.61519628832833,34.04679918851959,5710500
2017-10-20,34.129798889160156,34.129798889160156,33.88909988656132,34.046799669811215,5251600
2017-10-23,34.20450210571289,34.42860381479545,34.121502879927135,34.33730276670061,5092400
2017-10-24,34.2957878112793,34.34558922420215,34.00528748476956,34.24598639835644,4251600
2017-10-25,34.163002014160156,34.37050324193475,33.7812005149471,34.27920219511913,3360000
2017-10-26,34.196197509765625,34.31239767216881,34.08829600201255,34.17959703424847,3651500
2017-10-27,34.98469161987305,35.00959074216678,34.37878553685396,34.42858694765738,4822800
2017-10-30,34.968109130859375,35.40801073740601,34.92660951695796,35.159009887779945,5200800
2017-10-31,35.134098052978516,35.291797795288176,34.94319419884519,35.00959609005964,3704500
2017-11-01,34.943199157714844,35.27520232846955,34.743999788235534,35.258601853310125,4235700
2017-11-02,34.98469161987305,35.0593921529702,34.81869008341094,34.93489020906963,3255800
2017-11-03,35.017906188964844,35.05110714542381,34.51990450695025,34.77720717018103,6140900
2017-11-06,35.217098236083984,35.258597836145874,34.92659786943425,35.01789572308379,5650500
2017-11-07,35.283504486083984,35.4495060879429,35.07600327531464,35.39140600222486,2761600
2017-11-08,35.217098236083984,35.30839925595006,35.034496196351846,35.20879641634169,2378400
2017-11-09,34.561397552490234,35.042801831022395,34.27089715421522,34.97639993072132,4680100
2017-11-10,34.6277961730957,34.71079537439408,34.51989467843455,34.68589624724788,5333900
2017-11-13,34.86848449707031,34.86848449707031,34.45348228461845,34.6277856201721,2222000
2017-11-14,34.743995666503906,34.76889479318078,34.45349213500218,34.67759377374356,2799400
2017-11-15,34.47840118408203,34.56970222141006,34.26259815653993,34.35389919386796,3417300
2017-11-16,34.943199157714844,35.059402483830816,34.652698757967144,34.652698757967144,3304500
2017-11-17,34.91830062866211,35.208801033406274,34.835301417654335,35.059403086835665,3702000
2017-11-20,35.03450012207031,35.09260020191054,34.82699893229323,34.918299962389845,4455300
2017-11-21,35.341609954833984,35.58230896809928,35.31670765495196,35.374807744314346,3668500
2017-11-22,35.200504302978516,35.47440741346721,35.10090461108132,35.349905423932874,2768600
2017-11-24,35.68190002441406,35.706799149837025,35.366497382118986,35.41629563296491,1499700
2017-11-27,34.10490036010742,34.59460336185324,34.08000122710559,34.58630154004108,8188400
2017-11-28,33.97209930419922,34.21280147442026,33.87249960715569,34.055098524032616,4864800
2017-11-29,32.71049118041992,33.95549846183588,32.56939187497706,33.93059932939708,11796100
2017-11-30,32.868186950683594,32.984390275719996,32.51128465361394,32.868186950683594,9357100
2017-12-01,32.95118713378906,33.191889256027615,32.37018321212301,33.15868830822575,7192200
2017-12-04,32.69388961791992,33.308094582828524,32.619189056866404,33.24169267690667,7109000
2017-12-05,32.53618240356445,32.80178363410649,32.31208077162903,32.53618240356445,4504000
2017-12-06,32.10457992553711,32.44488170337703,31.97177930897071,32.33698021297419,8622000
2017-12-07,32.378475189208984,32.39507565968674,32.046475278301884,32.16267540543017,11285400
2017-12-08,32.370182037353516,32.82668397130366,32.3286824372156,32.68558469759144,5071600
2017-12-11,32.67728042602539,32.85158379947294,32.519580690847064,32.52787934376538,5272500
2017-12-12,32.61918258666992,32.6855844794206,32.436583714038605,32.55278386013577,5488100
2017-12-13,32.61088943481445,32.776891028479966,32.55278935196408,32.76029055249171,4227100
2017-12-14,32.70219802856445,32.90969927705479,32.63579610926301,32.78519726147348,4737600
2017-12-15,32.785179138183594,32.88477879586037,32.577678004397626,32.70217995115562,7156400
2017-12-18,32.70219802856445,32.760298124844326,32.53619639652863,32.685597548739096,5746900
2017-12-19,32.652381896972656,32.71048196711009,32.46977986727424,32.54448040976756,4454900
2017-12-20,32.735389709472656,32.87649217853193,32.51128802300241,32.68559144551295,6330100
2017-12-21,32.56108474731445,32.917987029791554,32.536185618933125,32.83498782437597,3563100
2017-12-22,32.89309310913086,32.89309310913086,32.61918998870428,32.86819081059021,2523600
2017-12-26,32.32868957519531,32.6274918281085,32.212489402666236,32.6274918281085,2861500
2017-12-27,32.43658447265625,32.46148359991182,32.270582903113684,32.37018257835259,3092900
2017-12-28,32.984397888183594,33.10889673013037,32.7021960803996,32.79349396467354,4279500
2017-12-29,32.909690856933594,33.382793329148335,32.909690856933594,33.07568928028005,3870900
2018-01-02,34.04680252075195,34.07170165539814,33.5487976643056,33.62349823446168,4984000
2018-01-03,34.6194953918457,34.70249776185079,34.395393742156976,34.51989571405627,6963200
2018-01-04,34.43690490722656,34.860206015710226,34.40370395112894,34.79380410351498,4876600
2018-01-05,35.242000579833984,35.33330160803418,34.68589892256633,34.76889813026643,5330800
2018-01-08,35.22540283203125,35.25860378416827,35.01790163050045,35.19220504611129,3538200
2018-01-09,35.009605407714844,35.27520671082841,34.96810579776909,35.26690805532617,5729900
2018-01-10,34.27919387817383,34.403695851118435,33.797792792969176,34.320693480416466,7102700
2018-01-11,34.05509948730469,34.36220357505292,33.988700742803296,34.21280244215307,5701800
2018-01-12,34.187896728515625,34.279197763527904,33.83099440958602,34.063397907676475,5028000
2018-01-16,35.05110549926758,35.15070519774936,34.70250497147269,34.868503413536544,9081600
2018-01-17,35.7981071472168,35.91430731014433,35.27520324782592,35.408003886345526,7117700
2018-01-18,36.993316650390625,37.225716999844856,36.10521169644219,36.404013955007514,11866200
2018-01-19,37.07631301879883,37.79841947686255,37.00161562612022,37.408316206383326,6543700
2018-01-22,38.4956169128418,38.51221738594271,38.1304128370546,38.18021425635735,8335800
2018-01-23,38.41261291503906,38.65331501544927,38.23001405112129,38.57861447277771,5659600
2018-01-24,37.62411880493164,37.90631739512175,37.557716901674894,37.88141826450897,7400600
2018-01-25,37.43321228027344,37.99761575334455,37.3834140225545,37.93951567519459,7655700
2018-01-26,37.94781494140625,37.96441541493414,37.375109686452184,37.765212898816074,7057300
2018-01-29,37.68223190307617,37.922930969979724,37.51623025381234,37.7403320053858,11604400
2018-01-30,37.2506217956543,37.37512063425639,36.852219812936085,36.99331912992862,10224600
2018-01-31,37.60750198364258,38.014202382565,37.44979911505925,37.707101629021345,6333300
2018-02-01,37.72371292114258,38.12211478318101,37.59921095403583,37.62411324718711,6706500
2018-02-02,36.943511962890625,37.615816985415364,36.893713701663096,37.35851435961076,12051800
2018-02-05,35.648712158203125,37.19252182513378,35.532511975310285,36.56171630911904,11748300
2018-02-06,36.17991256713867,36.27121360983011,34.94320391232996,35.084306387276,13414100
2018-02-07,34.76059341430664,35.68189902371453,34.76059341430664,35.68189902371453,15239500
2018-02-08,33.49898910522461,34.95979593641015,33.49898910522461,34.95149728281634,11356000
2018-02-09,34.420291900634766,34.5945921073781,33.16698317698594,33.814388920372494,10588400
2018-02-12,35.30009841918945,35.515901411467055,34.82699599963337,34.88509607458119,6573300
2018-02-13,35.17559814453125,35.407998434603826,34.76059581727794,35.30839876260365,5831900
2018-02-14,35.7317008972168,35.76490184436124,34.79379472079416,35.001295891122034,6860100
2018-02-15,36.12179946899414,36.31270014121918,35.48269556656274,36.12179946899414,6116500
2018-02-16,36.08860778808594,36.48700970622305,35.94750849396564,35.98070627914766,4792100
2018-02-20,36.30441665649414,36.653017203710434,35.69021162150007,35.756613534998884,9291700
2018-02-21,35.59890365600586,36.37080833623766,35.58230318085694,36.2380077012632,6612600
2018-02-22,35.18391036987305,35.47441401073988,35.00961008508357,35.41631074959235,7984000
2018-02-23,36.43720626831055,36.43720626831055,35.78150181931969,36.013902113659114,7204900
2018-02-26,36.86050796508789,36.86050796508789,36.354204600218985,36.61150719262257,3897600
2018-02-27,36.204803466796875,36.769206905795016,36.19650481308364,36.56170573458149,5999100
2018-02-28,35.98070526123047,36.445509069016,35.930907001757774,36.24630653247451,6400100
2018-03-01,35.457794189453125,36.15499811451145,35.11749246211608,35.98069475858488,7792400
2018-03-02,35.6984977722168,35.731698717335746,34.984696449457665,35.18389578773859,4819600
2018-03-05,36.09690475463867,36.32100323090214,35.582299575810474,35.73170067079717,5977200
2018-03-06,36.1384162902832,36.85222105402401,36.04711523916971,36.80241961717548,8632000
2018-03-07,36.68620300292969,36.75260172277724,35.83959795291406,35.947499434659555,4482900
2018-03-08,36.354209899902344,36.84391286249979,36.17990965038894,36.76921230324876,7092400
2018-03-09,37.009910583496094,37.01820923755895,36.12180578658427,36.561707274900385,8336200
2018-03-12,37.53281784057617,37.64071618424269,37.142714573762845,37.17591552545271,5176100
2018-03-13,37.3419189453125,37.97272122720816,37.275517038682864,37.76522001831631,5842300
2018-03-14,37.4747200012207,37.723720821364196,37.209118704238676,37.70712034452567,4300500
2018-03-15,37.60750198364258,37.889703617395455,37.258898475493424,37.433198646460184,3942200
2018-03-16,37.3253173828125,37.78181939585088,37.29211643046354,37.35021651396568,8125600
2018-03-19,37.01820755004883,37.2423091941308,36.6779057570836,37.11781039156299,5116500
2018-03-20,37.2091178894043,37.27551662908715,36.95181525336755,37.10121637542539,6404200
2018-03-21,37.101219177246094,37.2257180108848,36.72771634389521,36.99331765511864,7036400
2018-03-22,36.262901306152344,36.82730471036001,36.262901306152344,36.60320307931728,6318500
2018-03-23,35.341609954833984,36.271214550849606,35.341609954833984,36.213114461487216,5923500
2018-03-26,36.74430465698242,36.75260330999068,35.83959950069813,36.36250329427581,5395200
2018-03-27,35.930908203125,37.21741499739398,35.79810756306272,37.11781530890153,6995000
2018-03-28,35.432899475097656,35.83130135083611,35.22539830026201,35.673601597799006,8563100
2018-03-29,36.321006774902344,36.45380740937995,35.657003602514315,35.69020455268794,7758900
2018-04-02,35.275203704833984,36.179909055912525,35.208801801605425,35.9724078576488,6361200
2018-04-03,36.08860778808594,36.75261098498112,35.715105000389585,36.744312330239865,6174500
2018-04-04,36.470401763916016,36.470401763916016,35.150694295051416,35.167294767352296,5497100
2018-04-05,35.955810546875,36.71111484839244,35.806409417676626,36.545113241925655,6115100
2018-04-06,35.20880889892578,35.831312619200006,35.076008231915985,35.59061358701939,5133100
2018-04-09,35.7483024597168,36.55340803830255,35.61550183331038,35.76490293379468,6696400
2018-04-10,36.17161560058594,36.702818237903784,35.71511036581203,36.412314618846075,5682300
2018-04-11,36.0056037902832,36.34590558135087,35.897702295686166,35.897702295686166,4788000
2018-04-12,36.395713806152344,36.395713806152344,35.73171051560766,35.96411404196138,7574700
2018-04-13,35.399696350097656,36.30440146247048,35.32499581178371,36.262898700794594,5749900
2018-04-16,35.58229446411133,35.69849459547083,35.42459473815431,35.53249621708075,5206900
2018-04-17,35.11750411987305,35.15900372650205,34.66930076935891,34.93490205124498,9831100
2018-04-18,34.79379653930664,35.0759982723506,34.204493944667306,34.94319764304855,8947400
2018-04-19,32.810089111328125,33.266594289596114,32.461488611069385,33.14209230166538,27527000
2018-04-20,32.32868957519531,32.818392563865864,32.220788058039496,32.677290092782535,15313300
2018-04-23,32.16267776489258,32.43658079854514,31.980075742457544,32.33697796837171,11178300
2018-04-24,32.16267776489258,32.54447911524199,31.78917506728284,32.40337985515399,13004000
2018-04-25,31.681278228759766,31.94688264860954,31.55677942211615,31.838981149878386,12359200
2018-04-26,31.681278228759766,32.00498272495324,31.606580844503615,31.606580844503615,7685800
2018-04-27,31.681278228759766,32.15438382589893,31.531880294030767,32.15438382589893,8276100
2018-04-30,31.913679122924805,32.237380426758676,31.855579051273416,32.11287846395344,7968000
2018-05-01,32.31208038330078,32.3203790364358,31.755975636762887,31.822377526708586,5507000
2018-05-02,31.332679748535156,32.03818252936641,31.249680538866855,32.03818252936641,11522200
2018-05-03,31.623180389404297,31.697880945161376,30.959177208350756,31.166678400318542,7021400
2018-05-04,32.02988052368164,32.08798059761397,31.49037621863395,31.540177638954475,9474000
2018-05-07,31.913679122924805,32.079680684592965,31.739378907970636,31.913679122924805,4590100
2018-05-08,32.51958084106445,32.6855823961442,32.320378341725494,32.35357928598471,8116600
2018-05-09,32.66068649291992,32.751987524382095,32.50298672616876,32.6772869682964,5861400
2018-05-10,33.00929260253906,33.09229181938786,32.735389487747135,32.843291002624305,7957900
2018-05-11,33.1254997253418,33.34960145733097,32.901397993352624,33.23340126286647,4184400
2018-05-14,33.158687591552734,33.656689132950596,33.100587517263534,33.30808868721541,5014000
2018-05-15,32.61918258666992,32.70218495260826,32.3369808749126,32.668984006232925,5622800
2018-05-16,33.0258903503418,33.0590913008249,32.60258614722441,32.70218899867373,7671500
2018-05-17,32.336978912353516,32.56938235665958,32.09627681506552,32.42827992623629,7964200
2018-05-18,31.888784408569336,31.99668592422743,31.772584237653167,31.930287183511272,7783900
2018-05-21,32.760284423828125,32.95118511265456,32.469780897705455,32.652382933198766,7902200
2018-05-22,32.901397705078125,33.02589972160942,32.74369789486059,32.76029837481261,5752000
2018-05-23,32.909690856933594,32.909690856933594,32.44488703939939,32.486386645236,4815400
2018-05-24,32.59428405761719,32.743685152828974,32.18758037260365,32.67728325886081,7930800
2018-05-25,32.61918258666992,32.776885498844514,32.31208174823936,32.45318102100976,5403000
2018-05-29,31.672971725463867,32.00497479333506,31.56507025347334,31.946874731389986,7198200
2018-05-30,31.82238006591797,31.872181487351057,31.598278418794017,31.78917911829591,8413400
2018-05-31,32.12117385864258,32.253974448171306,31.78087215008672,31.814073089022852,8129400
2018-06-01,32.53618240356445,32.53618240356445,32.20417928227869,32.36188218968682,5970000
2018-06-04,33.175289154052734,33.200188282074954,32.926285208963826,33.0756863095305,8927200
2018-06-05,32.818397521972656,33.083998861084595,32.7021973318884,32.951198191528626,6345900
2018-06-06,32.83498764038086,33.1420884981577,32.83498764038086,33.075686601223936,9829700
2018-06-07,32.80177688598633,33.15037724202607,32.7519754781739,32.834977824527954,8216900
2018-06-08,32.31208038330078,32.5029810675701,31.97177861287003,32.5029810675701,8081300
2018-06-11,32.17097854614258,32.494683016298914,32.17097854614258,32.37018105345291,4511600
2018-06-12,32.53618240356445,32.668983018835476,32.35358037023564,32.4780823322719,6582600
2018-06-13,32.41168212890625,33.108886186930214,32.41168212890625,32.97608556474549,9616600
2018-06-14,32.03817367553711,32.42827681884932,32.03817367553711,32.39507587767041,7636000
2018-06-15,32.11287307739258,32.320374203117765,31.99667295358102,32.22077454931013,11235700
2018-06-18,31.747676849365234,31.838977864546262,31.407375080373633,31.797478266613894,8921400
2018-06-19,31.174976348876953,31.515278134787025,31.000672962949142,31.291176495351145,9848900
2018-06-20,31.8306827545166,32.02988529928289,31.548480996390968,31.82238409966748,8668600
2018-06-21,31.224775314331055,31.548476634380208,31.16667523976924,31.432276485256573,9246700
2018-06-22,31.639772415161133,31.797475305320198,31.515273632958582,31.764274363579755,10338500
2018-06-25,31.41179084777832,31.45481154007566,31.01602542197981,31.231115755394395,10528100
2018-06-26,31.368770599365234,31.575258744848863,31.067645472636745,31.256925999161925,8817000
2018-06-27,30.551422119140625,31.248315812247085,30.55142211914063,31.188090796029922,8798100
2018-06-28,30.92137908935547,30.92137908935547,30.413765870711938,30.542821358272157,7199000
2018-06-29,31.454809188842773,31.635484267721317,31.35156347346836,31.446203738219346,8088200
2018-07-02,31.43759536743164,31.463405150174456,31.007414817626668,31.153674629192132,7365500
2018-07-03,31.30852699279785,31.49780740698746,31.27411177530596,31.308526992797848,6512600
2018-07-05,31.480607986450195,31.48921015205273,31.179482960112022,31.31714058386899,9230900
2018-07-06,32.065650939941406,32.134478104870254,31.626865045706623,31.678487880915522,7251600
2018-07-09,32.547462463378906,32.71953206027645,32.3237667361846,32.58187441354811,7124100
2018-07-10,32.63349914550781,32.65070676259427,32.23773379857148,32.23773379857148,7211500
2018-07-11,31.807552337646484,32.13448720719378,31.747327320518444,32.11728287260058,7316200
2018-07-12,32.10007858276367,32.340978676242145,32.00543832260638,32.11728620115751,5275300
2018-07-13,32.49584197998047,32.52165176498997,32.246336451497235,32.29795930353366,4947500
2018-07-16,32.51304626464844,32.599081060539575,32.392596237594006,32.5904788937573,5399200
2018-07-17,32.7281379699707,32.796965153295005,32.13448669346028,32.26354217496704,6238500
2018-07-18,33.04645919799805,33.098082029087934,32.590469010427064,32.72812661131733,10532200
2018-07-19,34.250980377197266,34.74998816397919,33.22714845397689,33.93264437178349,17762300
2018-07-20,35.042518615722656,35.14576106236394,34.276797512598264,34.40585303241352,14481000
2018-07-23,35.05112075805664,35.25760563184367,34.95648049006346,35.119947955313016,6832800
2018-07-24,34.749996185302734,35.45549226595863,34.741394015449096,35.36085198747728,7018300
2018-07-25,35.18017578125,35.18878123285255,34.68116789490124,34.87044516392132,7725700
2018-07-26,35.119937896728516,35.22318030405272,34.79299977784877,35.01669548940432,8476600
2018-07-27,35.66196060180664,36.06632800029698,35.22317469699793,35.22317469699793,9468500
2018-07-30,35.35224533081055,35.72220094591025,35.18017241741243,35.66197591852359,5174300
2018-07-31,35.45549011230469,35.77382617186329,35.3522476702409,35.49850752299643,4908300
2018-08-01,35.88566207885742,35.90286969536386,35.550121762024986,35.65336417904636,6115000
2018-08-02,35.748008728027344,35.83404682090684,35.274810704251884,35.36084551511373,4669300
2018-08-03,35.868465423583984,36.092161224510825,35.75662080513883,35.825448010180594,4575200
2018-08-06,35.33503723144531,35.636162364289575,35.27481220487646,35.44688511593795,7245800
2018-08-07,35.48129653930664,35.48989870702673,35.1371507541891,35.33503343192558,7494900
2018-08-08,36.1093635559082,36.22981360859791,35.66197530161946,35.75661556645216,5089600
2018-08-09,35.99751663208008,36.092156899437356,35.85985895647437,36.08355144857694,4513300
2018-08-10,35.300621032714844,35.5329189640271,35.09413617067131,35.5329189640271,7053200
2018-08-13,35.025299072265625,35.2662024084535,34.81881424926697,35.00809145667956,6708600
2018-08-14,35.197383880615234,35.43828401646892,35.162968637773794,35.27481653599938,5339100
2018-08-15,34.801605224609375,34.887640017039196,34.517684501960446,34.801605224609375,6052800
2018-08-16,34.76719284057617,35.0425081373069,34.73277760798052,34.80160807317182,5544000
2018-08-17,34.52629470825195,34.603727344916045,34.23377177885619,34.577914278016415,7897200
2018-08-20,34.50048065185547,34.62093396922514,34.32841104821913,34.4316534668044,4156700
2018-08-21,35.18017578125,35.309231299143,34.724185306859525,34.73278747644392,6075100
2018-08-22,35.18877410888672,35.31782631863495,34.87904355426297,35.145753423619816,5512700
2018-08-23,34.9995002746582,35.575940808633284,34.9995002746582,35.53292339717543,4126100
2018-08-24,35.48129653930664,35.627556364670255,35.12854858646901,35.21458339173967,4232000
2018-08-27,35.73080062866211,35.88566591174371,35.59314296392487,35.644765818957936,5733000
2018-08-28,36.4362907409668,36.789038655543195,36.350255945028,36.47070597214915,10683500
2018-08-29,37.96773147583008,38.182821723716245,37.07295525693963,37.15899004328741,12278200
2018-08-30,37.391300201416016,38.277474545907246,37.34828279409535,38.15702121058445,7826200
2018-08-31,37.51174545288086,37.5203509024541,36.961114832819234,37.09877248783464,8782900
2018-09-04,37.950531005859375,37.95913317330671,37.15899703799345,37.21922205617683,8174900
2018-09-05,38.04517364501953,38.34629875483058,37.873100747119985,37.933325769082195,7262400
2018-09-06,37.89890670776367,37.91611432401852,37.494539212834844,37.80426645937058,10424900
2018-09-07,38.61301803588867,38.92274864483715,37.83869151351747,37.85589913423884,14256000
2018-09-10,38.38931655883789,38.767877594565206,38.30328175000036,38.71625474005214,6824900
2018-09-11,38.329078674316406,38.346286286713145,37.494530806181935,37.54615036135566,12509700
2018-09-12,37.80426025390625,38.113990731617804,37.70101785534129,37.78705264047598,10303700
2018-09-13,37.36548614501953,37.847289585218995,37.22782848810789,37.847289585218995,9624500
2018-09-14,38.20863723754883,38.33769271845579,37.812871909726056,37.87309692561138,5295400
2018-09-17,37.6494026184082,37.976340775575714,37.39990037832356,37.53755803154925,6210300
2018-09-18,37.47733688354492,37.933327291565334,37.29665852838909,37.425714027497875,8814200
2018-09-19,37.87309646606445,38.19142915788388,37.6321964054462,38.027961728466806,6393200
2018-09-20,38.00214385986328,38.225839558176645,37.76984927763929,38.070974315349474,4728000
2018-09-21,37.90751647949219,38.20864159324639,37.87310124305811,38.07098392952767,6668600
2018-09-24,38.621604919433594,38.66462231320239,37.675209128453,37.7182265222218,8229100
2018-09-25,38.00214385986328,38.638812445043506,37.96773191413695,38.54417220975837,6678200
2018-09-26,38.08818435668945,38.48394965490802,38.07097674172122,38.07097674172122,4564300
2018-09-27,38.509761810302734,38.914132581941516,38.35489983007599,38.37210416408783,6711700
2018-09-28,37.99354934692383,38.38931469963761,37.830081905242245,38.28607227762911,7727700
2018-10-01,38.42372512817383,38.68183279191902,38.217237027967464,38.329084885663285,5029800
2018-10-02,37.52894973754883,37.847285703143775,37.38268992796501,37.64079759794752,5440300
2018-10-03,37.821475982666016,38.06237934036363,37.48593565382072,37.890306451156015,5631100
2018-10-04,36.50511932373047,37.064355314589555,36.10935403156212,37.05574986622851,7885000
2018-10-05,35.81683349609375,36.19539119839984,35.4210648959361,36.03192377099844,7921400
2018-10-08,35.240394592285156,35.4210696598205,34.75859441219088,35.06832169281538,7761800
2018-10-09,35.18877410888672,35.5329166168995,34.9134587896695,35.27480891538554,5678700
2018-10-10,33.85520935058594,34.79300311904829,33.85520935058594,34.71557048561498,12853500
2018-10-11,33.50245666503906,34.07029480234424,32.977639203997775,33.12389900084121,10209000
2018-10-12,34.121917724609375,34.91345156508108,33.717546997302264,34.53489061797934,7578600
2018-10-15,33.3389892578125,34.061692640101235,33.31317947766473,33.95845023749336,8209000
2018-10-16,34.42304611206055,34.4660667926057,33.89822859879122,34.27678630066183,10748100
2018-10-17,34.04448318481445,34.491871281275486,33.70894293297283,34.41443866300307,8173600
2018-10-18,33.158321380615234,34.37143053931982,33.08949090936114,34.24237504672714,9555600
2018-10-19,33.08088302612305,33.82939622059539,32.98624278550829,33.691738583887634,11266200
2018-10-22,33.31318664550781,33.751969412514725,33.158321367265955,33.71755417690154,8165700
2018-10-23,32.6937255859375,32.84859086443229,32.057056854123644,32.194714514783726,12350000
2018-10-24,31.385976791381836,32.31516848078651,31.34295938695034,32.31516848078651,13312400
2018-10-25,32.16889572143555,32.306553343550156,31.394572827797088,31.64407501149341,9927300
2018-10-26,31.549440383911133,32.08286663610321,31.093450045053327,31.44619796949406,11973200
2018-10-29,31.256927490234375,32.18611598419215,30.94719689824249,31.979627828858263,8269300
2018-10-30,32.50444030761719,32.52164792292978,31.54943899087912,31.695702080027626,12106400
2018-10-31,32.77975845336914,33.545482632623184,32.719533435520226,33.28737166239377,12610900
2018-11-01,33.59709930419922,33.62291236820686,33.02926112628662,33.36480142023265,14348600
2018-11-02,33.364803314208984,33.97566220613781,33.06367823383488,33.708949076365585,9736200
2018-11-05,33.10669708251953,33.39922000854978,32.96043726051309,33.31318520525392,8591900
2018-11-06,33.32178497314453,33.42502738606815,33.05507185090662,33.12390231420046,8578100
2018-11-07,33.708946228027344,33.812188635143656,33.313180932400684,33.80358646872436,6568700
2018-11-08,33.29596710205078,33.60569754759802,33.28736165522095,33.37339971343759,7953700
2018-11-09,32.75395202636719,33.029267359615,32.53025954885996,32.77115964494738,5975400
2018-11-12,31.88498306274414,32.62489084060012,31.841962382784523,32.57327127587592,11666700
2018-11-13,32.17749786376953,32.79695545864803,32.03984025579472,32.16889241713696,15057100
2018-11-14,32.55606460571289,32.98624516166469,32.1516938328727,32.86579513112093,10404900
2018-11-15,33.141117095947266,33.18413450379877,32.5990885673684,32.75395386124808,10840400
2018-11-16,31.721513748168945,32.00543449468324,31.540838699669244,31.89358662950938,16382400
2018-11-19,31.016014099121094,31.558042460415358,30.938581476079055,31.523627231948492,15191700
2018-11-20,30.663265228271484,30.964393544666926,30.30191518701702,30.456780428130855,11673500
2018-11-21,31.1192626953125,31.592463975858045,31.093452909834554,31.334352993008665,7013100
2018-11-23,30.938579559326172,31.145067635317893,30.757904544093808,30.826734996763257,2320500
2018-11-26,31.695703506469727,31.738720905678655,31.377370813903052,31.583855642912773,7077300
2018-11-27,31.66128921508789,31.67849683168621,31.308541279865555,31.308541279865555,6870200
2018-11-28,32.70232391357422,32.71092936248978,31.893585662419458,32.06565853854223,8380200
2018-11-29,32.63349914550781,33.01205687535768,32.581876294248445,32.65070676259427,7056600
2018-11-30,32.340972900390625,32.34957506704245,31.902190196772718,32.03984783732118,8734400
2018-12-03,33.32178497314453,33.55408286373552,33.02065990127684,33.399217603341526,7457600
2018-12-04,32.2119140625,33.364797912450406,32.20331189674653,33.14970766642993,13321200
2018-12-06,31.712907791137695,31.712907791137695,30.637456513804036,30.714889137052733,12075700
2018-12-07,31.42038917541504,31.781739278257607,31.09345102378323,31.532237042397526,10802700
2018-12-10,31.342954635620117,31.687100382937615,31.04182956823012,31.239712224231702,12439100
2018-12-11,31.575252532958984,32.13448527000926,31.23110678553029,32.03984830738259,8635800
2018-12-12,32.160301208496094,32.435616518236735,32.06566095539449,32.358183882246095,8405400
2018-12-13,32.11728286743164,32.401200336415684,31.996829551177658,32.25494051827606,5825900
2018-12-14,31.428991317749023,31.928002353107377,31.428991317749023,31.661289218827847,5969600
2018-12-17,31.16228485107422,31.781742705900697,31.076246758724963,31.51503282466209,10733100
2018-12-18,31.62687110900879,31.833359207414627,31.49781891927,31.49781891927,7100400
2018-12-19,31.17088508605957,32.07426366658395,31.059037213951235,31.50642542036713,11786400
2018-12-20,30.869760513305664,31.618273831996184,30.577237576504455,31.32575089519498,12540400
2018-12-21,30.72348976135254,31.773131205600244,30.67187020312178,31.523625734096008,16981000
2018-12-24,30.362152099609375,30.878367584397953,30.34494447918069,30.594450052369638,6288500
2018-12-26,31.62687110900879,31.635476557534897,30.39655781315082,30.39655781315082,10063400
2018-12-27,31.644081115722656,31.661288732058452,30.938585256041133,31.145073370053467,8688600
2018-12-28,31.953813552856445,32.4184093756001,31.850571130697,31.945211385183754,7369000
2018-12-31,31.75593376159668,32.34097967702064,31.635483711130167,32.20332200762781,4600600
2019-01-02,31.42038917541504,31.618271843450344,30.973000989502378,31.14507387362529,5273100
2019-01-03,29.562015533447266,30.560034535160035,29.484582883227397,30.405169234720297,15998000
2019-01-04,30.086820602416992,30.138440154003522,29.432944504846752,29.64803472183397,14178200
2019-01-07,30.310516357421875,30.517004432797957,30.086823950946354,30.121235895161853,6850800
2019-01-08,30.061025619506836,30.26751379605759,29.80291786033206,30.207288761650748,11462600
2019-01-09,30.637462615966797,30.938587720789553,30.396562532108593,30.396562532108593,11770300
2019-01-10,31.334346771240234,31.38596961396334,30.456781419065223,30.5084009797715,7894600
2019-01-11,31.49782371520996,31.63548137443497,31.179490993630406,31.36016605598495,7232700
2019-01-14,30.766508102416992,31.136463597220978,30.73209615654112,31.084844037398785,6146200
2019-01-15,31.007413864135742,31.170881286508774,30.80092576249141,31.007413864135742,10165800
2019-01-16,30.663265228271484,30.998805490012547,30.663265228271484,30.88696092411001,8727400
2019-01-17,31.222501754760742,31.446194172658476,29.966375471297564,30.04380481124861,21916900
2019-01-18,31.695703506469727,31.841963320183513,31.11065768758022,31.179488151928247,12905900
2019-01-22,31.29132843017578,31.6268686926848,31.059030567973366,31.40317627835103,13381700
2019-01-23,31.394575119018555,31.609665374396272,31.17948486364084,31.428987065546195,13918600
2019-01-24,32.38398361206055,32.38398361206055,31.644072716109623,31.730110774950635,14094100
2019-01-25,32.814170837402344,32.917413247318095,32.59047840224871,32.693720812164464,16763700
2019-01-28,32.2119140625,32.40119452924336,31.747321625428466,31.764525956935415,14086500
2019-01-29,31.256927490234375,32.08287354753415,31.23111441955646,32.08287354753415,10100800
2019-01-30,32.160301208496094,32.22052622737577,31.2225074090616,31.669895607894485,9281600
2019-01-31,32.366783142089844,32.779756069600964,32.10007330587352,32.10007330587352,7633400
2019-02-01,32.32376480102539,32.5818724629365,32.21191694412435,32.478630054575454,6438300
2019-02-04,32.6421012878418,32.70232630658921,32.16030113786254,32.263543558284184,7283800
2019-02-05,32.908809661865234,32.92601727644549,32.59047699717271,32.62488894431633,7314000
2019-02-06,33.33038330078125,33.39921046735252,32.96042784466345,33.055064788446884,8795200
2019-02-07,32.796958923339844,33.08948178144064,32.547456738914114,33.01204916364877,7916200
2019-02-08,32.51304626464844,32.624890842903504,32.26354076174021,32.44421580232186,7147200
2019-02-11,32.94322967529297,32.94322967529297,32.54746432852166,32.624893682352365,8860700
2019-02-12,33.24435043334961,33.356198288768844,33.07227756701624,33.24435043334961,8831200
2019-02-13,32.80556869506836,33.106693758386285,32.736738233728815,33.012053515052926,7155600
2019-02-14,32.74534606933594,32.87439827072913,32.487235102514994,32.624892753211434,7782800
2019-02-15,32.771156311035156,32.93462374789047,32.581875807926764,32.61629104158598,6257600
2019-02-19,33.0894889831543,33.26156186925531,32.77975844457594,32.88300414544694,8105700
2019-02-20,33.554080963134766,33.99286365471907,33.45944072247501,33.493855952172545,7178600
2019-02-21,33.53688049316406,33.70895339629415,33.38201520854875,33.61431313547172,4607300
2019-02-22,33.88962936401367,33.90683698298356,33.62291947502464,33.65733143094669,5117800
2019-02-25,34.0531005859375,34.34562026651911,33.9670624898684,34.302602859493454,5101500
2019-02-26,34.0703010559082,34.130526075311714,33.88102383007607,33.906833614958316,5587300
2019-02-27,33.94123840332031,34.0616884050562,33.60569817505136,33.99285795719775,8194900
2019-02-28,33.59709930419922,33.80358740617518,33.554081906875865,33.65732431685532,5705100
2019-03-01,33.88962936401367,34.00147724630912,33.72616190682627,33.86381957656769,5299200
2019-03-04,33.68313980102539,33.83800506813031,33.30457880053903,33.83800506813031,7081100
2019-03-05,33.571292877197266,33.75196793322157,33.261562334288534,33.5110678585225,7192400
2019-03-06,33.37340545654297,33.74336096549796,33.36480000823226,33.60570333067868,4433400
2019-03-07,33.23575973510742,33.450850071737904,33.01206394708159,33.3562097984976,4231300
2019-03-08,32.86579895019531,33.02066423089501,32.642103197176844,32.65070864722547,5066200
2019-03-11,33.24435043334961,33.28736782942872,32.86579275302975,32.89160253427383,6005400
2019-03-12,33.46804428100586,33.700338863304474,33.43362905325171,33.59709646205878,5580200
2019-03-13,33.73476028442383,33.932642957314336,33.57129284560577,33.74336573395062,6086400
2019-03-14,33.39921569824219,33.597098345898985,33.330388520891404,33.55408094980263,4935000
2019-03-15,34.11332321166992,34.474673343679115,33.90683507765213,33.90683507765213,8871300
2019-03-18,34.28539276123047,34.39724063702411,34.104717695575964,34.29399821122404,6290900
2019-03-19,34.20795440673828,34.483272966240804,34.070296767995515,34.39723489076596,8033600
2019-03-20,34.28539276123047,34.543503748756955,34.104717695575964,34.21656557136961,5394000
2019-03-21,35.30921936035156,35.48129223202138,34.603723540320644,34.62953332236515,6509600
2019-03-22,34.784400939941406,35.29201414071639,34.70696830653447,35.13714887390251,6759100
2019-03-25,34.34561538696289,34.81021119367657,34.21656318422063,34.41444585403928,4901800
2019-03-26,34.75859069824219,34.956473362782546,34.4746699521513,34.509085184771514,5573500
2019-03-27,34.58652114868164,34.63814072056695,34.242375353364395,34.57791569868906,7660300
2019-03-28,34.706966400146484,34.87903927404552,34.58651637302229,34.620931604205516,6632700
2019-03-29,35.240394592285156,35.317827232945675,34.93066402964308,35.11994454726159,6116300
2019-04-01,35.59313201904297,35.59313201904297,35.0511069769476,35.34362983481571,6834200
2019-04-02,35.507102966308594,35.58453559653578,35.27480507562704,35.42967033608141,5580200
2019-04-03,35.95450210571289,36.10076196188439,35.713598692580234,35.791031346441066,6821100
2019-04-04,36.16958999633789,36.29004005373671,35.8340496130075,35.90287681065629,7610300
2019-04-05,36.33305740356445,36.42769767194365,36.186797557536906,36.42769767194365,4430600
2019-04-08,36.47071838378906,36.556756491025254,36.20400845640238,36.34166614596208,6830300
2019-04-09,36.31584548950195,36.39327812883636,36.160980210833145,36.341658557291765,5049900
2019-04-10,36.4535026550293,36.565350528552116,36.290035210663234,36.35886239912672,4040200
2019-04-11,36.2212028503418,36.307240933953956,36.09215064794951,36.21260068298923,5172200
2019-04-12,36.634185791015625,36.694410819555536,36.376074774966966,36.539545522733505,6555700
2019-04-15,36.65998458862305,36.79764222430224,36.5309291192914,36.63417480756348,5274400
2019-04-16,37.004127502441406,37.064355795699775,36.7804350724043,36.849265532118466,6639100
2019-04-17,38.191436767578125,38.251661794732605,37.73544633854626,37.76986157749677,15795700
2019-04-18,39.0604133605957,39.26689828238925,37.8559059493983,37.90752882085601,16569800
2019-04-22,38.84531021118164,38.85391237925301,38.36350674874524,38.53557964833092,10872000
2019-04-23,39.077598571777344,39.077598571777344,38.76787134071543,38.84530396898517,11437500
2019-04-24,39.068992614746094,39.22385785626107,38.6646218972329,38.78507519331312,10776800
2019-04-25,38.268863677978516,38.75066710501329,38.2258462767473,38.6560268530942,10149800
2019-04-26,37.80426025390625,37.85588309419707,37.270837365634506,37.55475806420899,12745000
2019-04-29,37.70962905883789,37.78705840806746,37.4945387811544,37.72683339287745,9272100
2019-04-30,37.70102310180664,37.80426551473879,37.21921970476139,37.33967301553555,11863900
2019-05-01,37.70102310180664,38.337691759258675,37.70102310180664,38.10539386864849,7319000
2019-05-02,38.200035095214844,38.260260111139246,37.640799053611445,37.73543930206899,10717200
2019-05-03,38.466739654541016,38.836695148374034,38.33768747330746,38.656020125437,5479900
2019-05-06,37.6494026184082,37.70102546912434,37.17620464057098,37.27084489254189,10756400
2019-05-07,37.6494026184082,37.89890814051018,37.24503510819249,37.709630918585695,10225200
2019-05-08,37.5977783203125,37.855885977391324,37.39129022543928,37.44291306966181,8112600
2019-05-09,37.21061706542969,37.25363446343717,36.376065759612736,36.92669633094953,11229400
2019-05-10,36.849273681640625,37.07296616114917,36.29863972820096,36.875083468733,8313900
2019-05-13,35.266204833984375,35.713589741923954,35.05111454739071,35.593139706554275,11046000
2019-05-14,36.1093635559082,36.20400382074091,35.61895789451853,35.78242535430916,7107800
2019-05-15,36.1093635559082,36.419094138263326,35.67057747023252,35.7480101158213,5347700
2019-05-16,35.73080062866211,35.82544088854726,35.464090749368616,35.81683872038389,9214700
2019-05-17,34.62953186035156,35.231785244761056,34.491874225230845,34.74998188083008,11271000
2019-05-20,33.261558532714844,33.81218908738926,33.14110850913194,33.76917169068351,13979700
2019-05-21,33.81218719482422,33.8466024230693,33.26155667097017,33.68313501193038,11806400
2019-05-22,33.46804428100586,33.889619333935535,33.45943883305894,33.72615192512846,12217600
2019-05-23,32.75395202636719,32.84859228754943,32.186113741291365,32.67651938376513,14708800
2019-05-24,32.86579895019531,33.330394792294385,32.86579895019531,33.05507618503683,10540700
2019-05-28,32.392601013183594,32.865799024381865,32.392601013183594,32.80557400197577,12484600
2019-05-29,32.427005767822266,32.478628610716356,31.988223090281455,32.22912312642019,13043000
2019-05-30,32.7281379699707,33.01205543446145,32.5560650886341,32.65070533747009,7351600
2019-05-31,32.994850158691406,33.52827645687642,32.90881535292864,32.92602297048469,9302700
2019-06-03,33.39921569824219,33.63151357558285,33.26155806152367,33.519665720118766,9618300
2019-06-04,33.60570526123047,33.64011721039948,33.055071408304094,33.24435189781057,6985600
2019-06-05,32.891597747802734,33.77776844973884,32.779749908659895,33.76056411942437,8219800
2019-06-06,33.0722770690918,33.20133253740305,32.62488893616753,32.848584643638105,6234000
2019-06-07,33.39921569824219,33.55408094980263,33.17552326933096,33.330388520891404,4456900
2019-06-10,34.08751678466797,34.52630292418455,33.94125692617457,33.97567216888532,8351800
2019-06-11,34.380035400390625,34.9306660854872,34.362827781229136,34.81882148396418,6100600
2019-06-12,33.949851989746094,34.5779152686745,33.94124982187804,34.41444782304136,6163200
2019-06-13,33.94123840332031,34.087498181994924,33.57988511609624,34.087498181994924,6646800
2019-06-14,32.55606460571289,33.29597568707273,32.547462438681414,33.23575067180086,11281500
2019-06-17,32.40119934082031,32.7367396493173,32.40119934082031,32.62489178581258,6500700
2019-06-18,33.73476028442383,33.915435340278115,32.883004574243714,32.926021975825584,12303200
2019-06-19,33.89823913574219,34.3800394002466,33.812201029924864,34.36283177908314,10217600
2019-06-20,34.853233337402344,35.033911697055835,34.53490058889876,34.801613762087996,10400000
2019-06-21,34.861839294433594,35.01670458666201,34.77580119763014,34.861839294433594,12766200
2019-06-24,35.51565170288086,35.5956020307727,35.03594973552978,35.142552431872836,6571000
2019-06-25,34.57400894165039,35.10701216556033,34.565127079513864,35.10701216556033,6790500
2019-06-26,34.71615219116211,34.9826521574633,34.627316609907766,34.9826521574633,9133300
2019-06-27,35.16920852661133,35.320223960552646,34.90270850930034,35.16032666115131,11375200
2019-06-28,34.79609680175781,35.29356585728614,34.75168070846956,35.29356585728614,7040000
2019-07-01,36.759315490722656,37.22125025120732,36.55499877932698,36.901449002507924,11046800
2019-07-02,36.244083404541016,36.69713635325874,36.19078544967818,36.59053366607186,4445600
2019-07-03,35.82656478881836,35.862095625892366,35.54229437111427,35.84432851299022,3125000
2019-07-05,35.47123336791992,35.622248761776476,35.2136152844498,35.41793202311314,3149300
2019-07-08,34.929344177246094,35.25802729365816,34.8582791144655,35.151428005122135,6772300
2019-07-09,35.24026107788086,35.54229522703029,35.01817724435129,35.22249735328122,6577000
2019-07-10,36.16413116455078,36.54611563487481,36.0219976445742,36.270733846081036,7945000
2019-07-11,36.33292007446289,36.59053477111806,36.27073686609123,36.54611867781411,6126600
2019-07-12,36.626060485839844,36.66159470771372,36.261843183457444,36.519461208948144,4695800
2019-07-15,37.15018081665039,37.24789823880064,37.00804730863097,37.087997618687524,5784300
2019-07-16,37.10576629638672,37.26566692324652,36.928098556683565,37.13241527128659,6529500
2019-07-17,36.981407165527344,37.230140016772914,36.883689720043456,37.02582326200249,5514600
2019-07-18,38.36720275878906,38.40273698628093,37.58547008635074,37.77201969758735,11257600
2019-07-19,38.93574142456055,39.10452392721883,38.2606046364663,38.26948988797653,11438800
2019-07-22,39.6197509765625,39.86848715204189,39.202235711480434,39.26441890816776,10035800
2019-07-23,39.45985412597656,39.6019910333768,39.29995688261207,39.56645680652674,6565800
2019-07-24,39.56646728515625,39.64641762237743,39.299967290662764,39.53093304889544,7130400
2019-07-25,38.74918746948242,39.29995783278337,38.74918746948242,39.27330546763625,6593900
2019-07-26,38.607059478759766,38.98904400953573,38.53599440189009,38.846910467065435,4399000
2019-07-29,39.0334587097168,39.04234396196448,38.553760138998015,38.660359444854315,4138600
2019-07-30,38.2961311340332,38.55374915613451,37.994097029538885,38.55374915613451,4938500
2019-07-31,37.86974334716797,38.34944194215451,37.35450713012371,38.22507551424204,7592300
2019-08-01,37.19459533691406,38.54486530062765,36.95474441684027,37.97633129248087,9662800
2019-08-02,36.99916076660156,37.11464189750715,36.43062341771302,36.55499318663626,9317000
2019-08-05,35.417930603027344,35.99534995472515,35.33798028338812,35.8976325208627,6668400
2019-08-06,36.65271759033203,36.874801443224506,36.32403443689576,36.58165251954639,8667700
2019-08-07,36.65271759033203,36.82150348731794,36.244084114305245,36.46616796719772,5484700
2019-08-08,37.22125244140625,37.469985254484016,37.088000783697204,37.17683296301629,7795900
2019-08-09,36.78596496582031,37.05246488045317,36.42174762511834,36.94586559234608,3480500
2019-08-12,36.386226654052734,36.66161191976946,36.288509192387714,36.46617699643943,3463500
2019-08-13,37.167964935302734,37.30121664261097,36.022011096393314,36.093079577286154,7697800
2019-08-14,35.91539764404297,36.50169882598431,35.75549701362893,36.288496855855485,9621800
2019-08-15,36.297386169433594,36.41287072404278,35.835451339727584,35.87098557018129,7690100
2019-08-16,36.901458740234375,37.07024127104029,36.55500842563053,36.58165740714433,4845700
2019-08-19,37.11464309692383,37.49662749913678,36.99916196228629,37.45221141745082,3797600
2019-08-20,37.25678253173828,37.50551872855157,37.0613510634147,37.31008387149763,7540300
2019-08-21,37.82532501220703,37.87862297031309,37.567706918925055,37.67430622386798,3914600
2019-08-22,37.425567626953125,37.74536888132939,37.070232146817204,37.65653331693027,3145600
2019-08-23,36.37733459472656,37.44333773157833,36.29738427474442,37.25678472579962,7526900
2019-08-26,36.72378158569336,36.91033118615064,36.53723198523607,36.75043056040718,5519000
2019-08-27,36.732666015625,37.02581831289203,36.66160094850998,36.91033376650831,4192800
2019-08-28,36.99916076660156,37.105760036948915,36.466157637405374,36.706008537234204,3586000
2019-08-29,37.55881118774414,37.816429209149995,37.514395105471024,37.61211251970979,5171600
2019-08-30,37.86974334716797,38.100709086329566,37.629892355309195,37.94080842509038,5382200
2019-09-03,37.06135177612305,37.452218109017124,36.93698536968995,37.44333624658494,4748000
2019-09-04,38.33167266845703,38.33167266845703,37.6565358878513,37.85197075414199,4460900
2019-09-05,39.29996109008789,39.53980867517803,38.87355709969691,38.87355709969691,7698300
2019-09-06,38.82913589477539,39.12228817599104,38.81136878178684,39.086753950013936,4325300
2019-09-09,38.95350646972656,39.15782659661686,38.67812466073043,39.006807814401945,4677000
2019-09-10,39.17558288574219,39.17558288574219,38.5182167031926,38.731415263959484,5001600
2019-09-11,39.282196044921875,39.326612141215186,38.944627613377065,39.00681082593388,4016800
2019-09-12,39.14893341064453,39.49538360899413,39.02456702033749,39.34436824611558,6577900
2019-09-13,39.744117736816406,39.82406803915415,39.25553067323586,39.46873260904644,6231100
2019-09-16,39.6197509765625,39.74412075866722,39.52203694514674,39.55756777987517,3716300
2019-09-17,40.09058380126953,40.108350918687236,39.27331334371097,39.33549656030735,6110900
2019-09-18,40.010616302490234,40.15274979212469,39.62863191371082,40.12609743306656,4044800
2019-09-19,40.17347717285156,40.45979120399766,40.048211797734226,40.08400190491061,6422700
2019-09-20,39.25188446044922,40.17346056707722,39.25188446044922,40.057144473399696,7249200
2019-09-23,39.43084716796875,39.627689341111086,39.23400499482641,39.52926825453992,4347000
2019-09-24,39.47557067871094,39.86030567077293,39.42188894883433,39.72609793295006,7592200
2019-09-25,40.27187728881836,40.352403288288585,39.3681996619912,39.547146706717356,6719500
2019-09-26,41.569252014160156,41.61398793596047,40.35241582765214,40.35241582765214,15832500
2019-09-27,40.71925735473633,41.58714860494388,40.432943348857336,41.15767759612539,9610400
2019-09-30,41.58714294433594,41.81977517565564,41.26503887828202,41.66766896084942,8396900
2019-10-01,42.22239303588867,42.812915896071345,42.016605128429816,42.016605128429816,11575200
2019-10-02,41.54240417480469,41.99871596163107,41.45293234621331,41.792928025365725,5785200
2019-10-03,42.168724060058594,42.17766987911742,41.372413051674265,41.560305970097794,6091600
2019-10-04,42.428184509277344,42.4550287868584,41.85555664680704,42.079239618905206,5704200
2019-10-07,42.902400970458984,43.0813480567885,42.43713991125495,42.705558834183336,11059000
2019-10-08,42.821876525878906,43.30503265278401,42.589244281162266,43.17976729855787,13089700
2019-10-09,43.5555534362793,43.89555254729772,43.099238211177685,43.126082491739446,11033100
2019-10-10,43.779239654541016,44.190815580034474,43.38555877969492,43.76134460389366,9566500
2019-10-11,44.217655181884766,44.54870848967293,44.137132575977816,44.24449946365223,7499100
2019-10-14,44.656070709228516,44.85291282699792,44.11028368314532,44.217650559596144,7974000
2019-10-15,45.08554458618164,45.30922758445651,44.835020720315924,44.91554673622014,9323200
2019-10-16,44.8529167175293,45.74764872953513,44.79923156808152,45.040809620898905,13615700
2019-10-17,44.51291275024414,45.81922052637616,44.07449261032322,45.75658956540622,12410200
2019-10-18,44.0923957824707,44.81712999554249,43.958188018434306,44.42344910931757,9169200
2019-10-21,44.73659896850586,44.83502003233763,44.13713018063107,44.31607384599978,6538900
2019-10-22,45.309234619140625,45.479235908628105,44.89765865756544,45.00502555773022,10697300
2019-10-23,44.88869857788086,45.09448992207277,44.66501559892838,44.82606761682468,7118800
2019-10-24,45.58659744262695,45.676069280043514,44.94238929120592,45.17502152949988,7006600
2019-10-25,45.74765396118164,45.83712580736141,45.35396964647348,45.45239072515052,6303500
2019-10-28,45.90869903564453,46.060801833653485,45.67606680993107,45.9892250502174,7725500
2019-10-29,46.051856994628906,46.38290687796306,46.02501271377953,46.07869786234657,5303900
2019-10-30,46.445533752441406,46.579744905467905,46.14132476362857,46.338166877899056,5198100
2019-10-31,46.195003509521484,46.46342236526744,45.944476286111794,46.427632274333064,5140800
2019-11-01,46.61553192138672,46.61553192138672,46.25764119931058,46.42763903631189,5226600
2019-11-04,47.85922622680664,48.12764520051795,47.528172859868015,47.91290797366944,7233400
2019-11-05,47.91289520263672,48.28868439617305,47.859213470082615,47.98447539688422,5287100
2019-11-06,47.99342727661133,48.09184834956737,47.51027114380819,48.047112429077885,4545100
2019-11-07,48.02027130126953,48.64658446866774,47.886063530983456,48.22606269267943,7890900
2019-11-08,47.26869201660156,47.89500167043866,47.00026969280666,47.89500167043866,6558400
2019-11-11,47.062896728515625,47.19710787920667,46.669215919956635,46.87500384805325,4046500
2019-11-12,46.660274505615234,47.143427184804786,46.552904209678296,47.143427184804786,8625100
2019-11-13,47.31343078613281,47.36711252362382,46.660276812648256,47.04501185928231,5336200
2019-11-14,46.955535888671875,47.179218893141424,46.64238104766722,46.973430938605254,5308600
2019-11-15,47.680274963378906,47.76974680913042,47.31343493478629,47.42974765163683,5986400
2019-11-18,47.79657745361328,48.279733508811894,47.76973658825715,47.76973658825715,4774400
2019-11-19,48.100791931152344,48.44079105469594,48.02921514432473,48.3602650363075,4731100
2019-11-20,47.8681640625,48.1186879410922,47.608690952168445,47.912899981801196,5264800
2019-11-21,47.40290069580078,47.877107561051446,47.36711059684142,47.868161742877454,6037000
2019-11-22,47.23291015625,47.5639600900355,47.188174232192324,47.34922287617352,4172300
2019-11-25,48.100791931152344,48.26184396792922,47.24185001043022,47.50132311558538,5021500
2019-11-26,47.984474182128906,48.127631153868286,47.76079120046541,47.86815807598709,5672800
2019-11-27,48.21711349487305,48.36921973039886,47.903958617514284,48.34237544581655,2786100
2019-11-29,47.50132751464844,47.56395848884723,47.24185438546366,47.474486643743845,3391700
2019-12-02,47.40290069580078,47.94868775897018,47.22395361413565,47.91289766001081,4475800
2019-12-03,47.223960876464844,47.35817206163627,46.68712296204361,46.90185676255921,5468100
2019-12-04,47.58184814453125,47.93079307924773,47.51921717743505,47.66237416124519,3905200
2019-12-05,48.673431396484375,48.79869335414005,47.85922525859018,47.975537983194805,7624300
2019-12-06,49.156578063964844,49.237104085752996,48.76289718696274,48.76289718696274,5429100
2019-12-09,48.72710418701172,49.38025814127174,48.60184225237716,49.25499620663718,6541900
2019-12-10,48.780784606933594,49.26394066208243,48.610786771143324,48.9239415773705,4364800
2019-12-11,50.01552963256836,50.28394860075038,49.23711018776844,49.246059420816174,11028000
2019-12-12,52.44024658203125,52.44919240085308,51.017622470124145,51.22341043434568,15788700
2019-12-13,52.118141174316406,53.25445127129793,52.118141174316406,52.83392612155189,9886900
2019-12-16,52.37760543823242,52.52076240350172,52.15392246667844,52.15392246667844,5779400
2019-12-17,52.99496841430664,53.42443930365818,52.59233838893606,53.42443930365818,8407500
2019-12-18,52.87865447998047,53.3618105302052,52.538658811865034,53.32602043467787,10021200
2019-12-19,52.22093963623047,52.70747096229492,52.14886283068859,52.70747096229492,7228700
2019-12-20,52.19391632080078,52.52727888230337,51.644316447771224,52.0587675714745,8043800
2019-12-23,52.455196380615234,52.563313306164886,52.2119307203972,52.28400752510527,4022000
2019-12-24,52.04073715209961,52.33806296665432,51.851531690278314,52.24796610968459,2692200
2019-12-26,52.482234954833984,52.57233183747687,52.04075198114201,52.076792108989466,2490400
2019-12-27,52.67143630981445,52.89668193560426,52.55431105902611,52.73450481007756,2847800
2019-12-30,52.1218376159668,52.87866307327704,51.91461204797389,52.85163469740096,3519900
2019-12-31,52.347076416015625,52.374108225339846,51.77044822606735,51.96866545522774,2950200
2020-01-02,54.0949821472168,54.167058949360026,53.69854770601666,53.69854770601666,8432600
2020-01-03,52.31104278564453,53.139944997840345,52.2930227240348,53.13093668552314,10546400
2020-01-06,51.70737838745117,51.97767241483592,51.4731244802444,51.896583862922995,8897200
2020-01-07,52.5452995300293,52.79757353214152,51.121748956284684,51.76144571134096,7444300
2020-01-08,52.932716369628906,53.13994191063895,52.35608817951833,52.42816498479459,5381500
2020-01-09,53.36518859863281,53.797659750020095,52.887669013408875,53.77963968909039,5112700
2020-01-10,53.031829833984375,53.78865526195978,52.95074127252361,53.78865526195978,4807700
2020-01-13,54.113014221191406,54.20311110311753,53.56341430530514,54.19410278971521,6613700
2020-01-14,54.347259521484375,54.6355736221043,53.986865177221866,54.20310247117441,6715200
2020-01-15,52.60836410522461,53.78865233856643,52.49123542570818,53.76162052823172,10075100
2020-01-16,52.932716369628906,53.779638594231926,52.52727359940268,53.33815913985514,11215700
2020-01-17,52.77956008911133,52.93272547477937,52.26599686716815,52.83361684312324,8125700
2020-01-21,52.47321701049805,53.15796212904379,51.77946014315656,52.24797140825633,9873700
2020-01-22,52.572322845458984,53.103902610871955,52.545294472684226,53.06786592616401,8124500
2020-01-23,51.788475036621094,52.320054862947444,51.013629516520766,52.13084935789287,9999200
2020-01-24,52.01372146606445,52.383124168879654,51.77045576855557,52.338075729409624,10402200
2020-01-27,49.788291931152344,50.446012187209035,49.60809817894694,50.1126461842829,9675500
2020-01-28,51.43708419799805,51.46411256955885,49.98650201666786,50.211747611607954,8124400
2020-01-29,51.527191162109375,51.82451705546339,51.22085695546086,51.82451705546339,7693400
2020-01-30,50.274818420410156,50.49105571378807,49.608093353364,49.62611341422676,10295700
2020-01-31,48.5989990234375,49.98651301852958,48.292664809416856,49.941464577021556,13467200
2020-02-03,49.3468132019043,49.49997858108079,48.77919325000642,48.96839875498053,9594300
2020-02-04,51.82451629638672,51.93263323921563,51.265908081965755,51.28392470829087,12746600
2020-02-05,52.184906005859375,52.39213501038388,51.509169114600645,52.34708313471952,6594400
2020-02-06,52.27500915527344,52.509263111344985,51.608280540803165,52.500254797908894,4236300
2020-02-07,50.63521957397461,51.48214192658126,50.5090825679455,51.48214192658126,6808400
2020-02-10,51.3740234375,51.40105181312823,50.761355052106275,50.851451928850715,4281200
2020-02-11,52.85163879394531,53.06787612864124,52.08580496430825,52.21194197747428,6523200
2020-02-12,53.7255859375,53.833702872128576,53.06786914329849,53.38321163470491,5962900
2020-02-13,53.45529556274414,53.788658139035974,52.923715728506856,53.275098367973335,6460100
2020-02-14,52.428165435791016,53.311127789115126,52.1398513382556,53.17598248919392,6932400
2020-02-18,50.6171989440918,50.95957326874954,50.12165923867767,50.545118691753075,10989000
2020-02-19,51.93262481689453,52.202918848618935,51.35599663268913,51.58124223195531,7866300
2020-02-20,50.88748550415039,51.39203688511031,50.28382894631852,51.30193658298795,7192900
2020-02-21,50.08562088012695,51.04066363546676,50.02255237559256,51.04066363546676,6816600
2020-02-24,48.761173248291016,49.27473301213687,47.914250912837886,48.247613484445154,9968800
2020-02-25,48.52692413330078,49.977506691557984,48.49989575471678,49.85136967553143,12670700
2020-02-26,49.58106231689453,49.92343660467656,48.99542579610907,49.094534413912434,10969300
2020-02-27,48.01335525512695,49.193640056844494,47.995335193813865,48.83324914150852,11878900
2020-02-28,48.50889205932617,48.69809753652474,45.95010193191318,46.2654443939108,13604500
2020-03-02,50.43700408935547,50.46403246674819,48.499893617084794,48.98642159503266,13797700
2020-03-03,49.445919036865234,50.78838099574181,48.68909362273553,50.72531249764561,14661800
2020-03-04,51.4280891418457,51.437097455696154,50.049583408365216,50.42799789262634,9878200
2020-03-05,50.211753845214844,50.80640215220111,49.77928266167714,50.55412815438131,10004200
2020-03-06,49.61710739135742,49.62611914131639,48.62602798835671,49.193644504650926,12971200
2020-03-09,46.697914123535156,48.77918103084508,46.00415734210695,46.44563674312281,13781100
2020-03-10,49.11254119873047,49.21164979667813,47.29256006850346,48.391756082258205,11698700
2020-03-11,47.06732177734375,48.25661826252929,46.9321730434465,47.851175497812605,14498000
2020-03-12,43.868839263916016,45.94110188519142,43.706662129434015,44.74279344007172,15942200
2020-03-13,47.05832290649414,47.26554850139675,44.40943518041937,46.76100042232118,14948700
2020-03-16,40.45411682128906,43.56250378864448,40.45411682128906,41.75153042235109,16628200
2020-03-17,43.73368835449219,43.751708415684725,40.57123807319439,41.21994652822475,13415700
2020-03-18,39.976600646972656,41.52629196019337,38.97650931981167,39.46304079307531,15018500
2020-03-19,39.91928482055664,41.09257975520775,38.83694499881422,39.7828573555678,11182600
2020-03-20,40.50137710571289,43.91211522181265,40.455901291414676,43.67563890571258,14157700
2020-03-23,41.165340423583984,41.48367811475855,39.582759622552366,41.03800673494728,10508600
2020-03-24,44.44874954223633,44.49422536818232,43.20269386948396,43.65745906811011,12216200
2020-03-25,44.56698226928711,45.52198833828389,43.70292783749666,44.83984065048868,9796600
2020-03-26,45.3582878112793,45.89491097757077,44.494233090018966,44.65794886750339,10577500
2020-03-27,42.666072845458984,43.73931904332848,42.30225928125183,42.957122308991394,12158500
2020-03-30,43.493743896484375,43.80298437443912,42.53873766060691,42.91164498964795,8428300
2020-03-31,43.46646499633789,44.594280914072264,43.348225055587406,43.47555877504932,9595700
2020-04-01,42.3022575378418,43.25726723713079,42.111256985817256,42.59331045896228,8755200
2020-04-02,43.775691986083984,43.85754984752081,42.39320558714124,42.6751577446372,6174700
2020-04-03,42.80250549316406,43.7938938517962,42.5478346003082,43.46646232496967,5486200
2020-04-06,45.44923400878906,45.56747045959477,44.12131702265955,44.230463165902876,7370300
2020-04-07,45.22185134887695,46.677098560838125,45.16727827733477,46.649813759858546,6568700
2020-04-08,45.72209167480469,46.02223488982364,45.058134927465126,45.6675186040817,6325900
2020-04-09,43.957611083984375,46.076815361847316,43.40279691938822,45.73119279758382,12274000
2020-04-13,44.33960723876953,44.648847715218125,43.621077386200284,44.33051346133714,9873200
2020-04-14,46.049530029296875,46.631628992176566,45.43104901384133,45.4765248447694,11068800
2020-04-15,45.16728591918945,45.4492416321536,44.603377962844775,45.2582375842315,9398100
2020-04-16,47.65939712524414,48.33244771750045,47.00453408881457,47.122774019188434,18615900
2020-04-17,48.83269119262695,49.28745644166474,48.205116398004876,49.232886832313646,11288500
2020-04-20,47.83220672607422,48.95092876841157,47.804921922714364,48.20511407352,9901700
2020-04-21,46.72257995605469,47.122775589243666,45.94948043307617,46.93177155086554,13102500
2020-04-22,48.15964126586914,48.30516600888962,47.66849395708119,47.73216081530368,8255500
2020-04-23,47.877681732177734,48.323353173702856,47.5320591940307,48.03230371092113,7619900
2020-04-24,47.95954132080078,48.10506605738145,47.295584493302506,47.84130138808417,5701800
2020-04-27,48.66897201538086,48.887260846241176,48.177828217715856,48.34154397346528,5812300
2020-04-28,47.98683166503906,48.869077434060735,47.91407102313977,48.66897959706601,8561100
2020-04-29,49.55121612548828,49.74221667813682,48.596209892662436,48.88725934515063,8565500
2020-04-30,48.32335662841797,49.4875545627753,48.16873463862041,49.29655398971671,6337900
2020-05-01,46.47700881958008,47.80492603381831,46.467915040872526,47.73216192582339,10238700
2020-05-04,47.43201446533203,47.45929926862865,46.64072047389697,47.10458294743936,7514000
2020-05-05,47.031822204589844,47.82311625253419,46.913585735471926,47.48658746312098,7780700
2020-05-06,47.413822174072266,47.859490140740576,47.295582246971534,47.39563114916575,8206700
2020-05-07,47.595733642578125,48.186926397158295,47.38653857033538,48.1596415919021,5493400
2020-05-08,48.12325668334961,48.51435506020785,47.72306452847336,47.85949201624366,6086000
2020-05-11,47.65939712524414,48.05049549760253,47.64120609983406,47.850397687674985,6459300
2020-05-12,46.47700881958008,47.8776866722296,46.45882126216498,47.8776866722296,8584500
2020-05-13,46.31328582763672,47.31377133912617,45.913093704790796,47.213722441018916,8611000
2020-05-14,47.38653564453125,47.432014943261635,45.285522499522145,45.86762143960404,13695600
2020-05-15,45.294612884521484,46.43152587594815,44.91261178480202,45.985857926275436,17777200
2020-05-18,47.17734146118164,47.46839091522194,46.176859396615995,46.33147790113227,12726500
2020-05-19,46.2132453918457,46.804438127903474,46.204148143989606,46.70438921898725,12940300
2020-05-20,47.15005874633789,47.37744135922154,45.93128780249817,46.913582355555555,8406200
2020-05-21,46.158668518066406,47.486582090024115,46.10409544416751,47.38653318933441,7842600
2020-05-22,45.294612884521484,46.25871635030121,45.12180335887455,46.24052532608841,12462300
2020-05-26,46.22233581542969,46.749865126125535,46.195051013008595,46.6589100020832,8872000
2020-05-27,47.059112548828125,47.059112548828125,46.158675770723285,46.41334321643289,11405700
2020-05-28,45.7311897277832,46.94996066455752,45.56747396988939,46.80443593193894,8178700
2020-05-29,45.77667999267578,46.14049017659011,45.3491994702527,45.78577377270038,10918500
2020-06-01,46.413333892822266,46.64071648640981,45.96766595235719,46.3041912193835,6187300
2020-06-02,47.3046760559082,47.33196432807764,46.64981650675686,46.79534123652196,6063600
2020-06-03,48.25968551635742,48.43249504775956,47.67758313091097,47.877680934332666,8380200
2020-06-04,49.369319915771484,49.45117780865107,48.23240666443493,48.25969494178406,13269500
2020-06-05,50.206077575683594,51.242941651804195,50.07874387785588,50.47893599525485,9776100
2020-06-08,50.5426025390625,50.73360308465107,49.76040586331916,50.69722450662208,6302100
2020-06-09,51.4885139465332,51.50670496998134,49.97869369616754,50.28793415561993,9355100
2020-06-10,52.343475341796875,52.78914677731879,51.67951854692061,51.67951854692061,9194300
2020-06-11,50.06056213378906,51.306618011551485,50.03327385806531,50.79727965624028,9877100
2020-06-12,50.9337158203125,51.72500650532311,50.3425195167074,51.38848114013672,9838800
2020-06-15,50.95189666748047,51.04284832543637,49.587600980641916,49.760410518591456,7509700
2020-06-16,50.75179672241211,51.843233919905714,50.51532033992038,51.470326586633576,8827200
2020-06-17,51.47941970825195,51.67951750829133,50.8336539512307,51.07013380029237,8248700
2020-06-18,51.451934814453125,51.80930298237062,51.12205543006103,51.35113794749756,6831500
2020-06-19,50.682220458984375,51.772652049063446,50.6455664150686,51.75432502710556,6965100
2020-06-22,51.314491271972656,51.314491271972656,50.69138645545692,50.856326171330046,4480400
2020-06-23,52.010894775390625,52.37742821245366,51.80013927251205,51.90093614248048,7836500
2020-06-24,51.8459587097168,52.28579673803246,51.46109825023939,51.96507910588097,7080200
2020-06-25,52.2674674987793,52.313283302707774,51.2686675928427,51.82762948912673,4509600
2020-06-26,51.616878509521484,52.46906232459188,51.50691637584872,52.230818026011725,6229300
2020-06-29,51.671852111816406,51.69017913268747,51.002931579870925,51.626036307399666,5016600
2020-06-30,52.02005386352539,52.22164757955033,51.48858079237656,51.54356185007104,7158700
2020-07-01,52.06586837768555,52.66148425367065,52.01088732134924,52.203319270765626,6866500
2020-07-02,53.715267181396484,54.12761640783049,53.10132771855612,53.10132771855612,10021200
2020-07-06,56.7025032043457,56.93158571172127,55.492947845044455,55.59374121205151,12725600
2020-07-07,55.63039779663086,56.35429939197331,55.60290901305542,56.13437863680431,6672300
2020-07-08,57.353092193603516,57.49054308547028,56.354292399866324,56.4825780346639,8721900
2020-07-09,59.359867095947266,59.53397206480048,57.6280036397101,57.68298470811462,16903300
2020-07-10,58.50767135620117,59.15826484234458,57.90289367271882,59.07579849486768,10700000
2020-07-13,59.6255989074707,61.46742435299272,59.54313255475249,59.74471930285606,16667700
2020-07-14,61.35745620727539,61.42159902789104,59.863840818057675,60.4777802426708,10482700
2020-07-15,60.532772064208984,61.586553214863365,59.708080459478815,61.55906442684499,12432500
2020-07-16,61.01839828491211,61.05505231599244,58.938332706154526,59.909640061137885,15709400
2020-07-17,60.84431838989258,62.310445111965386,60.81682960620429,61.67817512296,11716600
2020-07-20,61.29331970214844,61.37579304631959,60.29452325092825,61.11921474637676,6357300
2020-07-21,62.136348724365234,63.455866451612465,62.04471710242743,63.08016771330944,10619700
2020-07-22,62.79610824584961,63.13515294072047,62.33794314031614,62.40208597544904,7366100
2020-07-23,61.73314666748047,62.768596917371404,61.165019623861916,62.54867970318192,8559500
2020-07-24,67.716796875,70.45662196047935,65.3801522860815,65.42597158823439,41226800
2020-07-27,76.28448486328125,76.42193578376627,73.7004341241308,74.55262144188488,39899200
2020-07-28,70.48409271240234,72.92153354961678,70.09007058424521,72.71077460109647,31500100
2020-07-29,75.75300598144531,76.39444123161171,70.61239367704691,70.65821297743155,28304000
2020-07-30,73.24226379394531,74.4793080074507,72.03270836435547,73.31557187841591,16820300
2020-07-31,72.28926849365234,73.09563632504005,71.02473569171745,72.96735069257025,12021200
2020-08-03,72.3442611694336,72.52753139057266,70.93311891740534,71.26299133336745,10129800
2020-08-04,73.48049926757812,73.48049926757812,72.1518166754698,72.69245496909804,12569400
2020-08-05,74.80001831054688,76.97172301231274,73.82871070966823,74.20440938007201,14436300
2020-08-06,73.78289031982422,75.23069343291424,73.5079955077591,75.17571586870987,9838700
2020-08-07,73.33390045166016,74.03031331997813,72.7657802355181,73.7554114798135,8705800
2020-08-10,73.18730163574219,74.08530139092824,72.59168555833786,73.81040650284984,7421400
2020-08-11,71.41875457763672,72.5733252170274,71.41875457763672,72.47252836883646,7056300
2020-08-12,72.7474365234375,72.8940526758787,71.22633239259622,71.62035456347826,8354400
2020-08-13,71.74864196777344,72.48170177489834,71.31796574817797,72.39007017288812,6551800
2020-08-14,71.84944152832031,72.60083187872,71.51956215584792,71.85859979513545,5611200
2020-08-17,73.48049926757812,74.12192742167004,72.99484552361675,73.12313115443513,8663900
2020-08-18,72.7657699584961,74.05779164628599,72.61915380017041,73.50799503465107,6804800
2020-08-19,71.96854400634766,72.6008138114148,71.70280752292874,72.3992201349562,7976800
2020-08-20,70.38330841064453,70.64904496220944,69.62275978766182,69.93430864677994,11457100
2020-08-21,71.7853012084961,72.14267640180952,71.34546664772375,71.4920758376331,7942300
2020-08-24,72.29845428466797,73.22394974552324,71.92275554641334,73.05901002963859,6405600
2020-08-25,73.34306335449219,73.74625084283628,72.8207554677937,73.1689583952447,6113100
2020-08-26,74.90997314453125,75.29483004430428,74.23189094144885,74.4518081711702,7821600
2020-08-27,73.85621643066406,75.42314031242567,73.46219414523547,75.3040198972198,8018200
2020-08-28,73.70960235595703,74.11278288365146,73.22394847622759,73.36139241121177,5699500
2020-08-31,72.61915588378906,73.08648616305703,72.10601329701227,72.39007337311465,9812900
2020-09-01,74.72672271728516,74.77253502782183,73.29724300228943,73.41637038998134,10193300
2020-09-02,75.29483795166016,75.7896570137804,73.19644131437083,74.5434475960798,12567800
2020-09-03,74.3876724243164,74.96495782884094,71.8219455332318,74.3326948594217,20090100
2020-09-04,72.30760955810547,74.65341231245745,70.93311444590668,73.76457102133524,13638700
2020-09-08,70.85063934326172,72.52752501632573,70.75900773626749,71.49206758326481,11553500
2020-09-09,72.75659942626953,73.03149421663659,71.97772036699884,72.04186318385541,7867500
2020-09-10,72.29845428466797,74.43350533166253,72.17016861576263,73.98449849944924,11241800
2020-09-11,72.22515106201172,73.58132292753676,72.02355728555104,73.31558631229723,7853500
2020-09-14,73.76456451416016,74.33269162719378,73.26058022106234,73.76456451416016,7091100
2020-09-15,78.66693878173828,79.52829132486129,74.57094205916003,74.73588175909754,21048400
2020-09-16,76.17450714111328,79.25337636935504,76.09204080032387,79.25337636935504,14492600
2020-09-17,75.44412231445312,75.79412302235546,74.24674000629743,74.60595329331635,10090200
2020-09-18,73.89674377441406,76.30070706117532,73.7862138997368,75.86781419641954,10528300
2020-09-21,74.22831726074219,74.28358571009923,72.83751993590477,73.50068511107608,8417100
2020-09-22,74.12699890136719,74.50463029051896,73.13225124723246,74.44936887433538,6375200
2020-09-23,71.7690658569336,73.62040029068098,71.74143515342257,73.40855318520117,9094700
2020-09-24,72.19276428222656,72.76382467654646,70.15722015668356,70.755911258817,9940900
2020-09-25,72.65330505371094,72.6901483450323,71.2809258309019,71.99935244382019,6057500
2020-09-28,73.4730453491211,74.0256876646349,73.19673121850313,73.97041921680015,5999300
2020-09-29,74.15463256835938,74.82700324921632,73.04935501061658,73.40856828441986,6114600
2020-09-30,74.6704330444336,75.47175883796601,74.20990243307601,74.22832056558894,5878900
2020-10-01,76.09808349609375,76.19018821626048,75.28754509349116,75.58228441430855,6253800
2020-10-02,74.42173767089844,75.71121755418852,74.24673381796407,74.33883852003646,6145900
2020-10-05,77.86650085449219,77.94939297473552,75.11253032346777,75.11253032346777,10129100
2020-10-06,76.55858612060547,77.78359180230815,76.23620917723079,77.15727009627356,7795600
2020-10-07,80.05863189697266,80.1323184740368,78.08756163690883,78.08756163690883,11446400
2020-10-08,80.8691635131836,81.84548598368467,79.6901994589185,81.84548598368467,10920800
2020-10-09,81.77180480957031,81.79022996710044,80.7217956987896,81.36653566957122,7608800
2020-10-12,83.7336654663086,84.06524098741089,81.67969618288144,82.08496530342848,10022000
2020-10-13,82.56391906738281,83.49419277556454,82.37049707348856,83.3560322007433,8247000
2020-10-14,81.60600280761719,82.78495975768483,81.30205099254539,82.57311966388646,8159000
2020-10-15,81.19154357910156,82.4257621744551,80.30732569874252,80.39943041035801,10327900
2020-10-16,79.85598754882812,81.59679231283704,79.61651674339028,81.55995605595268,7457200
2020-10-19,80.64810180664062,82.54549231321198,80.39941841965333,81.3665282880906,7994500
2020-10-20,81.29286193847656,81.9560271142468,80.84153689949235,80.85996205834105,7357600
2020-10-21,80.7218017578125,81.85471010823822,80.65732775589488,81.05338434685714,7387600
2020-10-22,81.2468032836914,81.91918101583967,80.9428514173584,81.45865044035533,5656200
2020-10-23,81.33890533447266,81.46785332922198,80.52837407788567,81.28364391590543,4165400
2020-10-26,79.88365936279297,80.85076962920638,78.99943422329942,80.32576490539884,5568000
2020-10-27,79.8652114868164,80.33495464099514,79.19284078239993,80.09547677435553,5315800
2020-10-28,77.23097229003906,78.66783239306011,77.22175971138535,78.4283545380335,8727300
2020-10-29,78.18885803222656,78.59412707065633,77.38753253182323,77.61779775326978,5845600
2020-10-30,77.24939727783203,78.0599285191161,76.59544473762467,77.76518924709112,4963600
2020-11-02,78.94413757324219,79.17440282355282,77.85728531069047,77.92175929969194,6597100
2020-11-03,80.76786804199219,81.27444754319382,79.26653361825589,79.38627608521307,6274700
2020-11-04,82.388916015625,82.68365529881528,81.47706745624549,81.71654531981848,7620800
2020-11-05,83.29154968261719,83.77971090686309,82.68364602644363,83.28233710466782,6670100
2020-11-06,84.19420623779297,84.27709837136095,82.02050128046979,82.7205027210633,6403000
2020-11-09,82.0020751953125,85.1797404618353,81.91918306268084,84.9218374303234,8978000
2020-11-10,80.740234375,81.79024366158822,79.85600937110904,81.42181774782362,8350100
2020-11-11,83.70603942871094,83.98236059990495,82.3060294949382,82.43497750092493,7707300
2020-11-12,82.7297134399414,84.63630976765707,82.69287015013784,83.70603602474934,7474600
2020-11-13,85.86131286621094,86.40473551686732,84.00997817386266,84.31393000921531,9170900
2020-11-16,91.4337387084961,94.35350794060342,88.75345437389807,88.8087157950839,18436200
2020-11-17,88.15474700927734,90.34686964813204,88.13632888131353,90.24555940362451,10843700
2020-11-18,89.27845001220703,91.00083674704437,88.76265806044326,90.74293374402417,8526600
2020-11-19,88.98372650146484,89.21399181028198,88.07187784614807,89.13109264499525,5542800
2020-11-20,87.80477142333984,89.52715147865966,87.77714070993852,89.02978458315643,5329800
2020-11-23,90.38372802734375,91.12057975744614,89.20477088089106,89.49030461555364,8802400
2020-11-24,89.01136016845703,90.8074268259861,88.44029965386686,90.71532210483021,7022800
2020-11-25,89.79422760009766,90.25475806254353,88.55079675692123,88.60605816373084,5194900
2020-11-27,90.94558715820312,91.43374850334298,90.3100596650681,90.76137771642422,4367100
2020-11-30,89.3613510131836,90.21793817653844,88.60608114001022,89.8587248848547,13840500
2020-12-01,92.89822387695312,96.06667633585808,90.74293723100496,90.89952295992606,16157300
2020-12-02,91.68241119384766,93.9850636539288,91.66398603896994,93.948220371311,8676300
2020-12-03,91.64558410644531,93.20217969321912,91.58111010725497,93.08243724676645,7359000
2020-12-04,95.54166412353516,95.56008225226957,92.75084328845608,93.49690750425295,10824500
2020-12-07,97.99168395996094,99.11537955856754,96.68377896331376,97.65088884373395,11793000
2020-12-08,97.30089569091797,99.32722733440553,96.81273442398661,99.27196591615326,9876200
2020-12-09,96.17720794677734,98.18512162568493,95.3390459164778,97.64169889563148,8204100
2020-12-10,96.002197265625,96.81272846772555,94.13243741317353,94.86928907118364,7135000
2020-12-11,95.81800079345703,96.82196121091101,95.0719434290165,95.79958266038304,7492600
2020-12-14,95.38507080078125,96.61929614170504,95.32980939184677,95.57849275918937,5878000
2020-12-15,96.7943115234375,97.98248123353628,96.17720224810257,97.33774124843096,7399900
2020-12-16,96.8956069946289,97.32850675593453,95.75349340938703,97.31008862928071,5986900
2020-12-17,96.10203552246094,97.41545912659652,96.05578533010589,97.02698291525307,7779300
2020-12-18,96.45352172851562,96.93449836813839,95.41758507109284,96.19453756415993,7417000
2020-12-21,96.96224975585938,97.08249039244548,95.5655770313752,95.78756245922244,6116400
2020-12-22,96.1390151977539,97.3229464966328,95.1863207012119,97.18420300387322,5597100
2020-12-23,95.9725341796875,96.99922625103666,95.82453922388068,96.81423255627813,3320800
2020-12-24,98.01665496826172,98.3588809126191,96.81422079713765,96.89746971386447,3172100
2020-12-28,98.18315887451172,100.05154934536647,97.99816517748432,99.52432965821738,5157000
2020-12-29,97.63744354248047,99.10811355175129,97.32296481935413,98.96937003287087,4602400
2020-12-30,100.72676086425781,101.46671445904025,99.3393399351545,99.6168198869025,9571800
2020-12-31,100.85624694824219,101.43896116352049,100.30128002081703,101.42971677209434,4909500
2021-01-04,103.3166275024414,105.53650279724037,102.16044318814915,103.10389354041348,11262100
2021-01-05,104.30632019042969,106.32270590130823,103.60336521363826,103.97334560272209,10583600
2021-01-06,106.93315124511719,107.65460896501354,104.10281494189692,105.30524212279502,10609300
2021-01-07,112.31635284423828,113.7130252670513,108.76455148189824,110.38320928461125,13556100
2021-01-08,109.7820053100586,116.81160389191295,108.20034615840049,116.46012643269617,18976800
2021-01-11,113.39854431152344,114.32349166652247,109.8837485966001,110.75319431168315,12006800
2021-01-12,113.76852416992188,115.80340551935151,112.54759394890644,115.76641383528619,14163200
2021-01-13,110.281494140625,115.43345146188024,109.1438056043382,115.06347104847374,20650500
2021-01-14,116.95958709716797,124.54415238313634,112.53833998728972,114.18474510618617,37125400
2021-01-15,115.83116149902344,118.89272795891118,113.96276387193686,118.8279889824909,17343100
2021-01-19,121.4455795288086,123.98918452455693,118.8002297686873,120.7888607562968,20443800
2021-01-20,120.8351058959961,125.9130712835912,120.33564060039112,125.04361862682076,17360700
2021-01-21,124.09091186523438,125.23783728777025,122.40750129353732,123.24920657938584,15460100
2021-01-22,119.44770050048828,121.39933997820476,119.14246618062818,120.28014747205107,19163200
2021-01-25,120.72411346435547,122.25027071116995,117.79202545367347,121.93579204790474,20469300
2021-01-26,117.14459228515625,119.61420726247319,116.77461190538538,119.36446750699261,17084600
2021-01-27,112.60310363769531,115.7109277184343,112.3811182195823,115.57218418581772,16732700
2021-01-28,116.38612365722656,118.004781476795,114.30499217492431,115.15594202072543,14148100
2021-01-29,112.39958190917969,115.02643565639362,111.50238904274217,114.6934540960878,15169200
2021-02-01,117.15382385253906,117.32955903409406,114.11999089873515,115.19293311229768,10179900
2021-02-02,118.80023956298828,120.47439200367712,117.88453660813806,119.75293420176233,9302400
2021-02-03,117.93077087402344,119.44768375444829,116.59884461539195,119.31819170783548,9676600
2021-02-04,118.53199768066406,118.57824787104464,116.5156192249749,117.93078754644613,7445100
2021-02-05,118.18976593017578,119.20721361477649,117.19082114354306,119.12395763070853,6226800
2021-02-08,122.60176086425781,123.24922111682821,119.0407083047581,119.0407083047581,11160000
2021-02-09,122.72198486328125,124.32215364378665,121.86179076183085,123.92441901799133,7929100
2021-02-10,123.65621185302734,125.79283794524869,122.56476665532506,124.05393243377877,12196300
2021-02-11,128.71566772460938,128.78040669557893,123.99843091993446,125.23785689608573,12347900
2021-02-12,127.69822692871094,129.31688476644123,126.86577997188014,128.49368220208146,11114100
2021-02-16,129.53884887695312,131.52747956866494,128.95612766647068,130.98176414712566,11833600
2021-02-17,126.04261016845703,129.15967898410034,125.88537077412279,128.76195830082784,12311200
2021-02-18,124.52567291259766,125.68185716198722,123.3879774494227,124.72916246957641,11614600
2021-02-19,126.4032974243164,127.59647319376525,125.53384473152681,125.93156528348466,10771900
2021-02-22,123.54522705078125,125.12687915071504,123.18448402725664,123.56371583641572,10363800
2021-02-23,119.41070556640625,121.85256594525109,115.96989332394006,119.41070556640625,18444700
2021-02-24,122.37052154541016,122.44451901755625,118.09726279560275,119.78991086602359,12782900
2021-02-25,116.54335021972656,121.66755163052585,116.28436612610203,121.64906284782023,13581200
2021-02-26,116.48786163330078,117.82903235428857,113.61127505433303,116.01613654892545,17281000
2021-03-01,119.4384765625,120.52066345629406,117.69031927518489,119.9009503178092,9714900
2021-03-02,116.54335021972656,118.87422117592199,116.54335021972656,118.79096519944835,8274500
2021-03-03,113.66677856445312,118.17127467116111,113.50028776022522,117.20932858637634,10660300
2021-03-04,106.9146728515625,113.90728040444402,104.9722846089578,112.79733922524917,24454200
2021-03-05,111.73365020751953,112.19612391358247,106.72042987063793,111.82614353737438,17448700
2021-03-08,105.37925720214844,111.9186350154051,105.1665161958925,111.49316005968184,17246900
2021-03-09,107.6453628540039,109.51376032786025,106.67417243552313,108.28357874099683,17717100
2021-03-10,105.28675842285156,109.17153446566147,104.89828222992821,108.95880052720793,15240300
2021-03-11,111.53014373779297,111.7336332666942,108.2835768375682,109.36576345204725,15091600
2021-03-12,109.42125701904297,110.06871723890994,108.47780691948009,110.06871723890994,8171000
2021-03-15,110.1427230834961,110.17047037263056,107.95059550363378,109.74499547339755,8935000
2021-03-16,110.39247131347656,112.14987279334864,109.23628705787503,110.73470439357854,10793400
2021-03-17,110.26062774658203,110.9662312317652,107.13180818055002,109.32290909078061,9890400
2021-03-18,106.30550384521484,109.86140143803898,105.93412948934225,109.55501706319085,10283800
2021-03-19,105.49775695800781,106.66758360895948,105.10781710214931,106.19408116491635,11536000
2021-03-22,108.79370880126953,109.86140747682552,106.57475593426618,106.57475593426618,9376400
2021-03-23,106.6675796508789,108.3944641866032,106.41690606237898,107.79098181300049,8977400
2021-03-24,101.1619873046875,106.4819077499928,101.05985918022536,104.42078681394128,24196100
2021-03-25,102.54535675048828,104.68075412474299,100.16857204990207,100.270700181572,16772400
2021-03-26,108.21807861328125,108.3480585830146,103.2416803671619,103.9844291228186,12910900
2021-03-29,106.20338439941406,108.40377179399339,104.34651955168114,108.2088018349867,10863600
2021-03-30,106.834716796875,107.78171473538863,106.11054065270979,107.02968675235202,8206200
2021-03-31,109.8149642944336,109.88924057369829,107.28962746644056,107.50316999848262,9806500
2021-04-01,115.86836242675781,115.94263163287437,112.93451274216028,114.02077691333803,17904000
2021-04-05,115.5898208618164,118.28227593712032,113.90007436628795,117.97589157940398,14113900
2021-04-06,113.6772689819336,115.13490761351966,112.84167837836065,115.12562130587516,13042300
2021-04-07,111.30974578857422,113.83508273045777,111.26332134109612,113.6772509424341,11193200
2021-04-08,114.59640502929688,114.95849307844887,112.69311588200938,112.69311588200938,10226700
2021-04-09,114.011474609375,114.60567063828034,112.99019354402951,113.96505016699552,8315200
2021-04-12,112.24746704101562,113.69581916948798,110.70626601538369,113.4637110933417,9868400
2021-04-13,112.59099578857422,114.1043451575551,111.7368396672535,113.64012895030986,8384800
2021-04-14,112.19175720214844,113.6679682618485,111.87609361603259,113.2594557778149,9521900
2021-04-15,109.87995910644531,113.26873835082979,108.21806447244029,112.99020583301008,18709100
2021-04-16,110.33488464355469,111.96892737880748,109.41573870395194,110.65984159614611,9512100
2021-04-19,107.14110565185547,110.37204659624233,106.95541491268659,109.55502859403153,12630300
2021-04-20,106.72328186035156,108.42231453895657,106.35191463555604,107.74456297866655,9299200
2021-04-21,108.9979476928711,109.08150319544738,105.62773408810853,106.30549274807863,8472200
2021-04-22,107.06681823730469,109.09080104210173,106.22194848280259,109.09080104210173,7411800
2021-04-23,110.14922332763672,110.2234996223164,107.6331722832255,108.23665478158759,8380300
2021-04-26,112.82308959960938,112.84166221223761,110.85481766359442,111.41187562504439,8444000
2021-04-27,112.59099578857422,112.943804639442,111.30976160659316,112.804538360593,5491800
2021-04-28,111.09622955322266,111.80183311002223,110.23278709771242,111.41189318388919,6476500
2021-04-29,110.57628631591797,112.18247732326172,109.19292416222251,112.08034920285034,8831800
2021-04-30,108.38517761230469,109.7221223033274,108.30162211080369,109.56429052268606,7950700
2021-05-03,107.64244079589844,109.13721733317436,107.4474708671289,109.06294105077373,10229500
2021-05-04,107.10395050048828,107.53102850770883,105.5998876271997,106.76971430642416,9638300
2021-05-05,107.12251281738281,108.15307320428009,106.63044484737128,107.69814337509267,7059000
2021-05-06,108.6265869140625,109.22078306213594,106.26836785241865,107.04825472387556,8581700
2021-05-07,108.46874237060547,110.87337851810568,107.74456634291623,109.92638073190652,9614300
2021-05-10,104.27223205566406,107.12251900738909,104.1979628531003,106.75115174444076,12281200
2021-05-11,104.77357482910156,104.90355477350292,101.31980583014968,101.87687083001343,10007700
2021-05-12,100.4656753540039,102.21112582370463,100.326409068734,101.52408778865124,15058900
2021-05-13,100.96700286865234,103.45520147555507,100.17783690658398,101.53334708359712,10552000
2021-05-14,104.4114990234375,104.75502153569006,102.3503781166752,102.69390062892776,8425200
2021-05-17,101.94186401367188,102.15539946475434,100.14998948554612,101.26410535362002,10688600
2021-05-18,102.90744018554688,105.3585081517835,102.81459836549763,104.91285749881952,7476600
2021-05-19,104.35580444335938,104.43935996035259,100.27070041709845,100.73491662273317,7280500
2021-05-20,105.17282104492188,105.58133356723845,104.07727053056323,104.3465167763285,6442500
2021-05-21,103.84516906738281,105.84130026984933,103.69662355737793,105.84130026984933,5979400
2021-05-24,105.49775695800781,106.34263372907739,104.09582932146277,104.2258092734156,6653600
2021-05-25,106.10124969482422,106.71401845664583,105.46991540236111,106.63045586031706,5331700
2021-05-26,107.69815826416016,107.69815826416016,105.84129346650222,105.84129346650222,6605100
2021-05-27,107.48460388183594,108.19021441073608,106.7697141299989,107.6981464267815,6513700
2021-05-28,108.9608154296875,109.40645896754897,107.65172248504471,107.97667945714844,5386500
2021-06-01,110.02851867675781,111.44901902465054,109.02581004881826,111.14263465221734,7596100
2021-06-02,110.43702697753906,110.90124316001443,109.48074277498009,110.39060960931761,5383400
2021-06-03,108.45946502685547,109.7964098551408,108.12522881978414,109.60143991491195,4912200
2021-06-04,110.95694732666016,111.27261091196898,109.60143700436812,109.76855510346584,5352100
2021-06-07,109.75926208496094,110.25133004571958,109.15577970382498,109.68498580470938,6266000
2021-06-08,107.62387084960938,109.25791368602006,106.82541850246417,109.1372200366614,11564800
2021-06-09,108.74726867675781,109.23005742136971,107.67029093244277,107.6981427670596,6401600
2021-06-10,109.77782440185547,110.34416862629762,108.28304795155742,108.66370856417869,8566600
2021-06-11,109.78711700439453,109.94494879183243,108.77512922018853,109.82425514556395,6036600
2021-06-14,112.33102416992188,112.34031047644714,109.98209153875457,110.06565413072917,7610300
2021-06-15,110.9012451171875,113.26875052294407,110.73412700521202,111.73683567706493,8196900
2021-06-16,109.57357025146484,111.31902740245059,109.09078860157307,110.99407753392958,8059400
2021-06-17,111.01911163330078,112.0629402101714,109.59315504859904,109.6770381938398,7608100
2021-06-18,107.91557312011719,109.87275886235997,107.37501495866898,109.5186037447986,12532800
2021-06-21,106.3777847290039,107.55209905108866,105.33394898597865,107.53345519090915,11116200
2021-06-22,106.55485534667969,106.70397066067369,104.39262996465237,105.78129876809938,11792400
2021-06-23,108.15788269042969,109.43470963807863,107.93419906016626,108.29767607115888,8913700
2021-06-24,109.26696014404297,109.66771779555849,108.36292494570222,108.7823264566644,6772200
2021-06-25,108.60523986816406,109.91003265222515,108.60523986816406,109.46267248520043,6712800
2021-06-28,111.47579193115234,111.79266644688384,109.21104644975345,109.3135663485017,11026600
2021-06-29,112.05362701416016,112.10954437143134,110.36671326080679,111.28007038934695,7874900
2021-06-30,111.9883804321289,112.54757530006114,110.91658612077215,111.9883804321289,7936400
2021-07-01,110.36670684814453,112.03497664510965,110.00322982590309,111.93245675570324,8295600
2021-07-02,110.8233871459961,111.07502234556848,110.35739024189664,110.67426472362101,5144300
2021-07-06,111.8858642578125,112.73397496171297,110.18031381003236,111.6994612219479,7181500
2021-07-07,110.20825958251953,112.8178448946546,110.17097897971212,112.43572404878961,7391800
2021-07-08,109.85411071777344,110.23622447464285,107.53344105831812,107.99012313555615,7565400
2021-07-09,112.36116027832031,112.57552196193271,109.62110358472815,109.97525863749237,8374200
2021-07-12,114.29039764404297,114.38360271289747,111.39189634426911,112.94833140122903,10668700
2021-07-13,115.47403717041016,116.94658913103638,113.82440410638434,114.81232240316515,13460200
2021-07-14,115.93071746826172,117.22618838483928,115.63247971287443,116.63903480376243,10587700
2021-07-15,109.53723907470703,112.49165795418132,108.92212681422278,111.95110691028577,23734500
2021-07-16,107.86897277832031,110.8979529753148,107.33773653588479,110.67427642864436,12110000
2021-07-19,107.50548553466797,107.7571278475533,105.52966319033132,106.24729530188692,9230200
2021-07-20,108.48408508300781,108.9221233282611,106.64805606892853,107.99944430124084,7108000
2021-07-21,109.85411071777344,109.85411071777344,108.0460404876472,108.32564146919913,5564700
2021-07-22,108.63319396972656,110.0591433318244,108.3069975650879,110.0591433318244,5746500
2021-07-23,108.84757232666016,109.64908767816632,107.486862037267,109.64908767816632,5773900
2021-07-26,107.78508758544922,108.20448196365523,107.05813353759956,107.91556615247103,6440600
2021-07-27,105.81859588623047,107.55210523401855,104.42992686609475,107.47754401011268,11127500
2021-07-28,107.24454498291016,107.65462460179543,106.13546989213387,106.1913943650589,6819700
2021-07-29,108.25108337402344,109.14579658596499,107.74780585907845,108.11128287922507,7162000
2021-07-30,108.70775604248047,109.43471006731701,107.35636787944314,107.64528368148115,6482600
2021-08-02,108.91279602050781,110.32942346765402,108.72640010475513,109.50927148357447,6028800
2021-08-03,110.35739135742188,110.57174595356724,108.89415423763222,109.33219246960128,5874700
2021-08-04,110.66494750976562,111.4198673617451,110.23623119299333,110.37603169228943,4254000
2021-08-05,111.11229705810547,111.13093380463968,110.19894004587087,110.97249657218053,4452300
2021-08-06,110.1709976196289,110.53447467031317,109.46268026754326,110.32012005608867,4338100
2021-08-09,110.18031311035156,110.71154931573183,109.34151723065936,110.36670903448372,4280200
2021-08-10,108.44681549072266,110.95388146616598,106.32187044396674,110.44128195464614,5132800
2021-08-11,108.10196685791016,109.31356173164541,107.3656908482463,108.57728572198154,4490400
2021-08-12,107.8316879272461,108.06468639477302,106.65738077050557,107.69189453516908,6338400
2021-08-13,107.6452865600586,107.66392330787784,106.70397080784387,107.2445289317334,4593200
2021-08-16,106.83444213867188,107.62664252303374,106.34048658360733,107.2724803435172,5435900
2021-08-17,103.55384063720703,106.10750187897146,103.21832227136365,105.99566716405634,13398800
2021-08-18,102.93870544433594,105.31529231875714,102.87346616714446,104.14097821876273,9167300
2021-08-19,103.00395965576172,103.4233611646986,100.35710047103564,101.58733209826235,12146900
2021-08-20,100.76717376708984,102.24904051883968,100.40369674833805,101.71780432908332,13042000
2021-08-23,103.41403198242188,103.75887225084588,101.83896017304932,102.59387999197233,9533500
2021-08-24,104.48583221435547,105.3805454666974,104.19691639312857,104.21555314168724,6719800
2021-08-25,109.07123565673828,111.07502379257964,107.7478061383867,107.84100409831102,22106800
2021-08-26,110.06847381591797,110.40399217549592,108.43748455540528,109.95663910309123,9892100
2021-08-27,110.43194580078125,111.18686563056399,109.68635501070574,110.28283048698557,6827700
2021-08-30,110.89794921875,111.37326808605424,110.41331553228906,110.79542932363441,6434200
2021-08-31,110.91658782958984,112.58485764051603,110.62766490677726,111.84858166068501,8424900
2021-09-01,112.26798248291016,113.1067784011395,111.42918656468082,112.04430594156534,8603900
2021-09-02,112.57553100585938,113.13472585903372,112.26797134792157,112.71533149679004,6866400
2021-09-03,115.53927612304688,116.01459496680789,113.01357369963026,113.31181144049924,10361400
2021-09-07,116.21961975097656,116.76017784167182,115.46470707605438,116.14506565372919,9739900
2021-09-08,113.6007308959961,114.76572321965719,112.98561864658845,114.607285970171,7983300
2021-09-09,114.33699798583984,115.09191067735507,113.5914001125927,113.88032302151383,5101300
2021-09-10,114.60728454589844,115.88411156601207,114.532723331579,114.6538799719365,5163900
2021-09-13,115.21308898925781,115.6604420813362,113.88965224136538,114.57933285002244,6622800
2021-09-14,114.71912384033203,115.22240139127305,114.0760528951427,115.22240139127305,5110500
2021-09-15,113.23725128173828,114.16924511944806,112.65941254256069,114.08536908711754,5566500
2021-09-16,113.03791046142578,113.35608643053244,111.69032485167196,112.29861041939436,7301400
2021-09-17,110.19302368164062,112.73846027550076,110.13687665493183,112.47643129785413,10722700
2021-09-20,107.33876037597656,108.56469182066711,106.2625709899884,107.80667128805973,8991000
2021-09-21,107.58208465576172,108.43368601096152,107.1984013898316,108.22780405081411,8182200
2021-09-22,108.43367004394531,108.77991952615795,107.53528200993564,107.83474468793887,5345600
2021-09-23,108.733154296875,109.4630942731086,108.17165541692161,109.4630942731086,5484700
2021-09-24,108.21842956542969,109.07938388549037,108.11548859892748,108.55532597584536,4455900
2021-09-27,108.69570922851562,109.08875269169644,107.62887289145107,108.27458511246124,5198800
2021-09-28,104.71846008300781,107.65693994236264,104.67166613744814,106.99250732598661,9792300
2021-09-29,104.45642852783203,105.60748530656122,103.89492975408234,105.09278761696199,6522400
2021-09-30,104.48452758789062,106.07542212985594,104.48452758789062,105.2144676045513,6433400
2021-10-01,104.40027618408203,105.09278944649483,103.2211458740889,104.8120400547325,5315200
2021-10-04,102.02330017089844,104.27863437199325,101.55538922193315,103.87623067029293,8514500
2021-10-05,102.24790954589844,103.26795205718304,102.21047581065567,102.7532542620435,8039600
2021-10-06,102.32274627685547,102.4911944767195,100.67570514457745,101.4805124172886,7553600
2021-10-07,103.7171401977539,104.54066087806139,103.39895704734249,103.87622820308246,7821900
2021-10-08,102.97785186767578,103.9417473678198,102.48186735903896,103.85752681643096,5143400
2021-10-11,103.1837158203125,104.54065460272686,102.84681939410203,103.01526760720726,5318500
2021-10-12,102.1917495727539,103.9043053791928,101.59282412237438,103.38024739504935,9294600
2021-10-13,102.92167663574219,102.98718387101583,101.95777425992547,102.30403086908797,7845100
2021-10-14,105.33611297607422,107.37620504621073,104.0259680005546,106.81471332245167,16930500
2021-10-15,107.48849487304688,107.57271540980942,105.71043198615874,107.41362741386648,11558800
2021-10-18,107.93769836425781,107.94705858272253,106.14092196578774,106.14092196578774,6773800
2021-10-19,109.45372009277344,109.47244052758651,108.209075348599,108.36817048549446,5406100
2021-10-20,108.17163848876953,109.51922416616159,108.13421189973417,109.37884946814097,8205800
2021-10-21,108.82673645019531,108.8828834830041,107.25455527375506,107.62888548524178,4640300
2021-10-22,106.89891052246094,109.63150803462662,106.89891052246094,108.77990690364375,6283000
2021-10-25,106.3468017578125,107.19840312681114,105.85081728565048,107.05802841173114,6667700
2021-10-26,106.8521499633789,107.90027311206798,106.4216727254588,107.56337664069488,4852300
2021-10-27,106.4497299194336,107.67565419466368,106.41229619060357,106.71175888149007,5394500
2021-10-28,108.56468963623047,108.57404271366113,106.25320863468845,106.3655098216402,5714300
2021-10-29,106.4029312133789,106.86148901621726,105.95374076702117,106.74918783475113,7118900
2021-11-01,106.7959976196289,107.00187243989069,106.07541075957202,106.29065293770387,4955700
2021-11-02,106.78663635253906,107.43235574083718,106.25321816126153,106.30000497187098,4479700
2021-11-03,106.69306182861328,106.77728237648627,105.49521088272095,106.15964360615327,6073000
2021-11-04,110.23045349121094,110.28660051592229,105.19573464906551,106.09412274321672,14682800
2021-11-05,110.23982238769531,111.85879027220024,108.78929559058571,110.58607192034722,8668100
2021-11-08,113.15022277832031,114.4042206243395,109.53794988313221,110.7919477291514,15776300
2021-11-09,113.96436309814453,115.3587354028268,112.4576896215019,113.46837874988692,10874100
2021-11-10,110.6141357421875,113.04727817442232,110.12751153959285,111.9242877119092,9046100
2021-11-11,110.60478973388672,112.73846246735391,110.23981977367545,111.60611885493506,6994000
2021-11-12,111.07270812988281,111.19436241153733,109.74383555142276,110.7919586925204,6947200
2021-11-15,110.53927612304688,111.96172215019855,109.96842424076625,111.66225945291642,5157000
2021-11-16,110.50184631347656,110.78258858602635,109.64089192071724,110.13687636133393,5555100
2021-11-17,111.4189453125,111.87750315195235,109.96842575311626,110.42697645281463,6391400
2021-11-18,115.47106170654297,115.63014971329703,112.11146456974609,112.27055257650014,13229700
2021-11-19,116.28522491455078,116.79056956960171,114.18897883291271,114.19833905053054,9071800
2021-11-22,116.7437744140625,119.86941592920878,115.30260792524668,115.5739971153244,16076100
2021-11-23,113.57135009765625,115.29325902331554,111.84943403224224,114.84406849477604,10984000
2021-11-24,112.96306610107422,113.11280103932592,110.80131969328792,112.2986333770307,6992600
2021-11-26,109.57537078857422,111.40022757665847,109.04195264985039,109.95906115244324,6766900
2021-11-29,111.62483215332031,112.18632385059924,110.33340053560335,110.763877741509,7634000
2021-11-30,109.63153076171875,112.45770959707697,108.33073896607075,110.52055866012424,10561800
2021-12-01,112.88818359375,115.58335500520937,111.56867854001791,111.56867854001791,12924400
2021-12-02,113.88951110839844,115.48041246488266,112.31733018632494,112.62615309631792,8425500
2021-12-03,111.67163848876953,114.02990673480411,110.40828024483119,113.23445948045442,7809000
2021-12-06,111.49381256103516,111.83070899194014,109.09811095438097,111.25985710289302,5681200
2021-12-07,114.46974182128906,114.71305752993474,112.54195086908969,112.8039798754366,7459200
2021-12-08,113.98309326171875,114.37613668750834,112.40155220207293,113.82399813625338,5795700
2021-12-09,111.8307113647461,114.25448653544397,111.8213511470907,113.40289236240969,6103900
2021-12-10,111.48445892333984,113.03792668417047,110.65157801437792,112.2986265360377,5973900
2021-12-13,108.94837188720703,111.390867348423,108.92029837565917,111.23177935648263,5854300
2021-12-14,108.82673645019531,109.47245588651603,107.85348075623183,108.03128921313288,6267300
2021-12-15,112.67294311523438,112.7758840816439,109.00452347151482,109.2946259369852,6700700
2021-12-16,109.54000091552734,113.46791751889498,109.13593268231173,113.08263998916685,9116100
2021-12-17,109.30509185791016,110.40453097126706,108.93861215345785,109.27690221438132,11725600
2021-12-20,108.0083236694336,109.58700831248181,107.04044095523119,108.9292188624597,6980800
2021-12-21,110.3575439453125,110.41392322895928,108.13986797755373,109.07016200416722,6122900
2021-12-22,113.98475646972656,114.11631290776043,109.78432788157706,109.8688968049039,9300100
2021-12-23,113.40215301513672,114.44521283236962,112.61280715674673,113.6652659115038,6512500
2021-12-27,115.30032348632812,115.82655641978376,113.89078404434716,113.90958191837504,6309900
2021-12-28,114.69894409179688,116.20245887374314,114.52040726764035,115.93933876839968,6321000
2021-12-29,114.088134765625,115.7231986383361,113.67466753625182,114.45461447555527,5847700
2021-12-30,113.1578369140625,114.2196946634871,112.94171152439688,113.7028606111752,4187800
2021-12-31,113.05445098876953,114.407611064734,112.96988206866571,114.03173246926744,3888200
2022-01-03,121.03245544433594,121.77480656964431,116.52192639364097,116.64408389681955,18592000
2022-01-04,125.35506439208984,127.32842580419198,122.44202413920098,122.97764179537842,25554900
2022-01-05,119.39739990234375,122.9870343339775,119.22825486194891,122.82728823174048,17891200
2022-01-06,120.72237396240234,121.22041015938171,117.28309376778422,119.3410239553603,16249000
2022-01-07,116.05207061767578,119.47255212549584,115.87352667639959,118.91813676785168,21248100
2022-01-10,117.47103118896484,118.27916779239474,115.82656833745108,117.56499906090782,11857700
2022-01-11,121.380126953125,121.73721483399855,117.93145582221982,118.90873727261489,12113100
2022-01-12,124.25559997558594,124.90399043245485,122.3668222287489,122.62993511869902,16389200
2022-01-13,130.7958526611328,136.25546593296437,130.54213157183585,132.26177124182576,52020000
2022-01-14,132.17723083496094,135.20304367128168,127.88282661710123,127.88282661710123,28255300
2022-01-18,125.75910186767578,128.90706446301058,125.25165967473629,128.50300340064734,15191400
2022-01-19,123.10916137695312,127.70425907357978,123.04339033016753,126.50145331150077,11155100
2022-01-20,120.5907974243164,124.74423852306148,120.46863275304918,123.9642916576177,11421900
2022-01-21,117.01995849609375,120.26190338040945,116.77563632883421,119.41617831627109,15573700
2022-01-24,118.36373138427734,118.46709818953612,112.88531938271782,116.30580138594762,17083400
2022-01-25,115.09359741210938,118.2321684713446,114.36063087781582,117.9220680725229,11370500
2022-01-26,115.65742492675781,119.03091961118962,114.53918787782989,117.81871468899723,13592100
2022-01-27,109.36145782470703,116.65347678302577,109.03256674144846,116.52192034972234,18599800
2022-01-28,110.51728057861328,112.38726740898238,107.30353263835177,111.55094131638721,14005900
2022-01-31,115.23455047607422,115.3661069230643,111.64492348829786,112.31210466068715,10189100
2022-02-01,115.62922668457031,115.80776347971167,112.85712802899695,115.48827130050918,6956300
2022-02-02,116.66287994384766,118.84296727804413,115.15937267358943,118.61744297982743,8562900
2022-02-03,112.61280059814453,116.409161007184,112.05838519441588,114.12570683343192,9926800
2022-02-04,113.72164916992188,114.48280541161226,112.1899520872666,113.17663265239278,5743200
2022-02-07,114.93385314941406,116.6159045472483,114.52978485642271,115.16877640884417,6562900
2022-02-08,116.24942016601562,116.3903755498689,114.27606629993565,114.64254599638099,7036200
2022-02-09,117.95025634765625,117.97845315845834,115.35670895834946,117.34885343106728,10979700
2022-02-10,117.1891098022461,120.90090134716061,116.86021869555454,117.27368589784588,10474900
2022-02-11,113.71224975585938,118.9463393786731,113.18601681083875,117.93146923751387,9845700
2022-02-14,112.54702758789062,114.21968715206046,110.8837741304213,112.71617261486112,8081800
2022-02-15,117.01055908203125,117.09513517274401,114.13510104498157,114.66132678528137,9248700
2022-02-16,116.14606475830078,116.79445528607036,114.23848892828285,115.7138067962175,5749500
2022-02-17,112.53763580322266,115.34731586871351,112.43426899957318,115.10299368106124,7976700
2022-02-18,112.1147689819336,113.41154990387167,111.30663243238303,113.25179664600157,8389000
2022-02-22,109.85948944091797,112.16173394895512,108.7412527070951,110.41390475545347,9793500
2022-02-23,108.9104232788086,112.22753851750906,108.7788668285528,111.40061123457421,8114700
2022-02-24,105.13285827636719,105.22683331896452,98.08516023891782,101.48685173927082,27539100
2022-02-25,104.52205657958984,106.18531005157438,102.76482807124374,105.51812887528177,14258900
2022-02-28,100.5565414428711,103.15008874189296,98.66775666502568,102.77421730907567,26390800
2022-03-01,101.53382873535156,104.40928694238211,100.59413576110228,103.36622716742231,20377900
2022-03-02,102.999755859375,103.33804593116554,101.35529302067228,101.86272812835809,13342400
2022-03-03,102.22920989990234,103.36623765377921,101.11097285292983,103.28166871877583,10841700
2022-03-04,98.72415161132812,101.59961727980887,97.5495352741696,100.54715846077072,22372100
2022-03-07,93.3021240234375,97.81264637291645,93.08599146692073,97.0608962326478,29422900
2022-03-08,93.96929168701172,96.89173723202082,92.67251804267464,94.16662633923988,25650000
2022-03-09,98.62077331542969,99.34434090965965,96.56285060749585,98.20731328801517,14348400
2022-03-10,97.69048309326172,99.16580081156054,96.33732288361081,97.90661563702653,11811000
2022-03-11,95.29428100585938,99.00606589457958,95.19091419099776,99.00606589457958,18116400
2022-03-14,93.31151580810547,95.7171275434135,93.0953832681574,95.39762820209313,17959400
2022-03-15,95.93325805664062,95.9802455758881,91.73283623188854,92.11810664642017,13415600
2022-03-16,99.7951431274414,99.88956418720979,97.07577050137546,97.24573129050458,20347100
2022-03-17,100.55050659179688,100.58827645188792,98.90755729908969,99.85178218977312,8042000
2022-03-18,100.76768493652344,101.06983662373288,99.0397515984829,99.81401574719865,10218200
2022-03-21,100.95652770996094,101.2397980702915,99.26636422208146,100.76768560565023,10366100
2022-03-22,101.06983947753906,101.93852470231137,100.30501957354004,100.45609181947822,10401200
2022-03-23,99.47410583496094,102.15570867601679,99.47410583496094,100.55996606422089,12905300
2022-03-24,101.90074157714844,101.95739996538256,99.92731514703326,100.82432585092856,10834000
2022-03-25,100.77713012695312,101.95741129154196,99.93676331021051,101.6835851968936,7432100
2022-03-28,100.39944458007812,100.76769174863819,98.77537645008759,99.72904570388249,8151200
2022-03-29,103.15657806396484,103.63813481617397,100.8337855001691,101.9007571238238,14076200
2022-03-30,100.77713012695312,103.24155057105924,100.56939948936717,101.77800624928781,15456300
2022-03-31,98.44488525390625,101.17369450451467,98.37878980230849,100.99428947709333,13021600
2022-04-01,97.05686950683594,100.04061617341462,96.50921738572484,99.87065541872026,12085100
2022-04-04,98.94534301757812,99.68183739773406,97.51956118704794,98.2182857010593,9077200
2022-04-05,96.78307342529297,98.76594470835506,96.41482621003283,98.65264230603863,12291000
2022-04-06,95.53668975830078,96.44314493150586,94.15812206547649,94.81907671139727,14902600
2022-04-07,94.91348266601562,95.58388867655977,94.09201162311554,94.819061617895,12431000
2022-04-08,93.7520980834961,95.08345154444415,93.59158156761313,95.00791902182351,11796200
2022-04-11,92.12804412841797,92.89286416588277,91.50485929889338,92.74179189358156,12480500
2022-04-12,92.00528717041016,94.56413608000852,92.00528717041016,94.42250088790365,13291500
2022-04-13,95.83883666992188,96.51867981665202,93.9503866862781,94.23365706537065,15776800
2022-04-14,92.87397766113281,98.67151896466108,92.84565206189542,98.19940643372968,17828500
2022-04-18,93.26109313964844,94.27141352630404,92.03360505331923,92.4868289854251,10277400
2022-04-19,93.90316009521484,93.90316009521484,92.26021084452842,92.94949816679807,10103000
2022-04-20,93.48770904541016,95.36671457288298,93.38384373045729,94.80018107559911,8596900
2022-04-21,92.2130126953125,95.03624329772657,91.9769564562242,94.18643939623571,13038500
2022-04-22,90.34344482421875,92.33576007413888,90.04129312395841,91.61814708457129,11650100
2022-04-25,90.87220764160156,90.90997750426097,89.1820441078834,89.7485848439096,10654400
2022-04-26,87.59574127197266,89.72024730833962,87.59574127197266,89.64471479087236,14176000
2022-04-27,85.22573852539062,87.52020524070218,85.18796866624123,86.71760834053957,15846300
2022-04-28,89.90910339355469,90.83443983614018,86.66096716993081,87.01977727138896,15176200
2022-04-29,87.74683380126953,90.25846867728563,87.59575433607422,87.98289006273815,10629300
2022-05-02,88.53052520751953,89.01207470106085,86.15107451764,87.34079986257977,8251900
2022-05-03,88.40777587890625,88.80435581671153,87.35024858839715,87.60518614482649,9511900
2022-05-04,90.63614654541016,90.71168626668054,86.79315147311736,88.67216421943044,9082500
2022-05-05,87.01033020019531,89.11594779526075,86.13220071240684,88.7949147715292,11517200
2022-05-06,86.51931762695312,87.69959865145853,85.23517129598216,86.30214995260779,7944900
2022-05-09,82.43083190917969,85.15964113687816,82.15700583946959,84.92358492545883,11428600
2022-05-10,83.86605834960938,85.25407015520578,83.17677097808992,84.99912538886198,11690400
2022-05-11,82.9312744140625,85.51844861418728,82.90294881977707,83.91326917118863,11531300
2022-05-12,82.79908752441406,83.29008132488096,80.62736727482046,81.41107570613042,11592900
2022-05-13,85.88670349121094,86.26439492475293,83.24287786414675,83.91327673684798,11180600
2022-05-16,85.36738586425781,86.27384100145474,84.50813765482836,84.85750349885986,6729100
2022-05-17,88.11507415771484,88.27559067413445,87.2180633152619,88.09619282796277,7668800
2022-05-18,85.48069763183594,88.03010973851453,85.32962536099528,86.93480515848984,9610900
2022-05-19,85.17853546142578,86.96312011575544,84.56478777731138,84.82916962182468,7739000
2022-05-20,85.71674346923828,87.8506939644588,83.87550761964724,87.8506939644588,10469900
2022-05-23,86.3965835571289,86.78371924731645,85.59399378452962,85.94335240811233,6920500
2022-05-24,83.77163696289062,84.79140161646976,83.58278765452532,84.52701258475832,8788600
2022-05-25,85.36738586425781,85.84893542835724,84.0737950184964,84.34762113346189,9113500
2022-05-26,85.92446899414062,86.27383481311243,84.07378898796134,84.42315480693314,9762700
2022-05-27,88.53998565673828,88.58719979392421,87.36914853395953,87.45413254012102,6279000
2022-05-31,89.9846420288086,90.9194227268974,89.23870344213772,90.21125400328305,9621700
2022-06-01,89.46530151367188,90.98550404709982,88.59661640995981,90.26789116827246,6152400
2022-06-02,90.96663665771484,90.9949694600876,88.3983506068821,88.74770926029412,6335000
2022-06-03,88.53998565673828,89.30481289672804,87.71851441908404,89.09708221929542,9137100
2022-06-06,87.91678619384766,90.21125312415259,87.69017422158159,89.7013707836554,9440200
2022-06-07,88.6060791015625,88.62496763755158,86.65153345090644,87.50133747377119,7360200
2022-06-08,88.2567138671875,89.63528153341021,87.94511788132385,88.7571519757087,6446300
2022-06-09,85.7828369140625,88.28503452038652,85.73562998797476,87.81292203632029,8086700
2022-06-10,83.7338638305664,85.66008347746718,83.68664970435313,85.49012270850935,10460400
2022-06-13,80.77845001220703,81.98705683536008,80.27800472099266,81.25999956577073,14603700
2022-06-14,82.32698059082031,82.97849094643053,81.47717664451885,81.90207501573704,10449600
2022-06-15,84.15876007080078,84.80083327056367,82.49692948636134,82.62912039185393,11742500
2022-06-16,80.22622680664062,81.56459971349592,79.72315293106207,80.89066987622962,10505200
2022-06-17,80.68185424804688,81.25137177084791,79.6851931517889,80.68185424804688,9735500
2022-06-21,82.53279876708984,83.29216039102512,81.6310631752497,81.6310631752497,9604000
2022-06-22,80.59642791748047,81.80190652404919,80.25471596375226,80.3401403312803,7868700
2022-06-23,79.84657287597656,79.95098528044709,78.55566245871292,79.85605964597632,10370300
2022-06-24,81.55513000488281,82.1531296698788,79.8750519158488,79.8750519158488,10670100
2022-06-27,81.49817657470703,82.58026218957046,81.23240217692432,82.50432457825848,7358000
2022-06-28,80.05538940429688,82.39991060584265,80.05538940429688,81.77344342895779,8289200
2022-06-29,79.40045166015625,80.31168130163908,79.09670844632863,80.14082529124796,7981300
2022-06-30,77.59697723388672,78.043101686765,76.04978628875189,77.32170880037012,14201600
2022-07-01,73.08826446533203,75.1954857163984,72.30992219836055,75.02462974356037,19531700
2022-07-05,72.24349212646484,72.28146093217732,69.9938892702127,70.76274491272426,22253100
2022-07-06,71.72142791748047,72.42383993907099,70.03185594464463,70.5159491504848,11530500
2022-07-07,76.55284118652344,76.84709033001072,74.36018827951304,74.60698185504225,15847800
2022-07-08,77.3691635131836,77.98614392075973,75.70806631529885,75.85993429336474,10004200
2022-07-11,75.0910873413086,76.19215373918654,74.8158189313868,75.71755453073018,9519600
2022-07-12,75.08158874511719,77.34068547419186,74.92022676212865,77.03694228899805,10363700
2022-07-13,77.16033935546875,77.56849496005285,74.8917557426297,75.25244853015157,14706500
2022-07-14,79.41943359375,79.77063963181327,76.41997021895746,78.73600954228068,23377000
2022-07-15,81.27984619140625,81.66902096266706,79.70418081075576,81.23239062244323,14061000
2022-07-18,79.33399200439453,81.7069876452883,79.1346612395764,81.68799962474867,11352500
2022-07-19,81.77344512939453,82.07718833337196,80.26421587958129,80.6818655007287,10673100
2022-07-20,82.16259765625,82.34294763992924,80.78626309962563,80.85270668701148,11664800
2022-07-21,83.33010864257812,83.33960265203308,82.01072375882612,82.27649808910604,7135000
2022-07-22,81.93480682373047,83.2731800638153,81.44122683474457,82.96943686094494,8612100
2022-07-25,81.91581726074219,82.29549079227353,81.27984888762953,81.91581726074219,5960900
2022-07-26,80.13131713867188,80.87169063911347,79.59027440821009,80.45404831993072,6977700
2022-07-27,83.17826843261719,83.43455610301116,80.97612803060831,80.97612803060831,9399500
2022-07-28,84.10846710205078,84.11796111333953,82.05819517220709,82.70365034547544,10668200
2022-07-29,83.98506927490234,84.67797998265208,83.33012012658934,83.35859491707106,10366200
2022-08-01,81.92530059814453,82.47583733433632,80.01741728414764,80.96661555683357,20102600
2022-08-02,81.67850494384766,83.06433339486334,79.89400776000797,80.22622566918857,15541600
2022-08-03,82.11515045166016,82.36193680604977,80.26420934288628,81.59308846774246,20779400
2022-08-04,83.92810821533203,83.92810821533203,82.21955569640349,82.58024842731099,13472500
2022-08-05,85.20954132080078,86.35807781338487,83.53895726975189,83.55793805227792,13293500
2022-08-08,83.47250366210938,84.57356996186685,82.49483053850318,84.45967079674523,12120300
2022-08-09,80.88118743896484,82.71314047402393,80.1503079238332,82.52330370801292,13075000
2022-08-10,84.16542053222656,84.16542053222656,81.92531172509548,82.39991092589769,10704600
2022-08-11,84.97223663330078,86.3770534360188,84.77290584054244,85.38988624201865,11158800
2022-08-12,86.24415588378906,86.70926101103741,85.08613282909027,85.12410162912396,12098800
2022-08-15,86.91810607910156,87.26931213003697,85.42786472850995,85.43735874118653,15949500
2022-08-16,85.38038635253906,86.70926545458579,84.07049527238632,86.50993467555006,10566100
2022-08-17,84.66850280761719,85.20954565977746,83.98508597473825,84.47866600545245,9093100
2022-08-18,84.73493194580078,85.11461272711733,83.92811481163346,84.20338319704274,10947700
2022-08-19,82.77008056640625,84.08946549180648,82.5992245998605,84.0040411294374,9602800
2022-08-22,80.90965270996094,81.65952015855031,80.62489759444834,81.07102190807306,8054000
2022-08-23,81.65951538085938,82.20055803466661,80.67234843952902,80.83371762819985,8462500
2022-08-24,81.21341705322266,81.75445987997433,80.87170503192586,81.44122989529349,7085800
2022-08-25,83.12130737304688,83.14028815551283,81.64056011918183,81.9443033313031,6602100
2022-08-26,80.43505859375,83.33011618595872,80.3496342263445,83.05484782130542,9381500
2022-08-29,78.64108276367188,80.03640551308777,78.57463916807154,79.64723795080258,9639700
2022-08-30,78.58413696289062,79.71368538428827,77.57798896912682,79.5238413578551,8392300
2022-08-31,79.11566925048828,80.55845458319212,78.84040090093548,79.8370619168402,8887100
2022-09-01,77.49254608154297,77.67289606998438,76.04976789943596,77.31219609310156,11566000
2022-09-02,76.79014587402344,78.76448012633901,76.514877490996,77.40712623309811,8850100
2022-09-06,75.9643325805664,76.9135308029737,75.48023945943252,76.9135308029737,12704400
2022-09-07,75.88839721679688,76.10671600076722,74.25578230935577,74.4076502636677,9843500
2022-09-08,76.1636734008789,76.63827257478584,74.76835067090312,74.9961634884807,8181700
2022-09-09,77.38814544677734,77.51154587521498,76.63827783155249,76.72370945445617,7084700
2022-09-12,77.97664642333984,78.3088643997041,77.60645964370413,77.80579042952269,7903000
2022-09-13,74.80631256103516,77.01794624510009,74.53104419658945,76.33452233913943,12835100
2022-09-14,75.6131362915039,76.08773541788752,74.96768118994989,75.68906664795124,8849600
2022-09-15,74.43712615966797,75.64942285462423,74.14120548391715,75.00986481305492,10533100
2022-09-16,74.35120391845703,74.45620684406356,73.42527300143567,73.60664301525902,10604500
2022-09-19,74.67576599121094,74.67576599121094,73.07209343246049,73.07209343246049,10378600
2022-09-20,74.59939575195312,74.87622099371194,73.98847359178424,74.01710943010987,8202800
2022-09-21,73.63526916503906,75.70667700172842,73.63526916503906,74.05528081220757,10869000
2022-09-22,72.19387817382812,73.26299551849975,71.93614836469479,72.97662259033729,10817900
2022-09-23,70.51383972167969,71.01021116586097,69.76927163125961,70.92430366471564,12685500
2022-09-26,69.69290924072266,70.81929811575915,69.60699446001077,70.13200900112466,13441500
2022-09-27,69.71199798583984,70.67611229589721,69.06289240324159,70.17019316057723,12430600
2022-09-28,68.8529052734375,69.00563946739447,67.48787436670764,67.879250276647,12943600
2022-09-29,66.13237762451172,67.46877241688553,65.36872865941649,67.31603825420706,16120300
2022-09-30,65.4450912475586,66.48557274755008,64.66234683738155,64.72916621571011,10472400
2022-10-03,66.1037368774414,66.40919789733341,64.57643177798136,64.98689570622048,11945100
2022-10-04,69.50199890136719,69.6165495268413,67.50695799969652,67.58332508334593,14900700
2022-10-05,71.09613800048828,71.50660201309742,69.28245963587192,69.60700885000782,14037100
2022-10-06,70.97201538085938,71.51611797586118,70.50427985109815,70.6092827451129,11796800
2022-10-07,66.58101654052734,68.75742709876029,66.58101654052734,68.54742129353346,14758600
2022-10-10,64.3759765625,66.70511421291988,63.965512615795454,66.67647837894883,16042200
2022-10-11,60.567264556884766,61.96093486081789,59.774972360198916,61.28318601985845,28699300
2022-10-12,61.19727325439453,61.311823883063106,60.49089227647061,60.71044218601077,16468700
2022-10-13,63.593231201171875,67.01057418494577,59.48859179915371,60.19497270410509,36639300
2022-10-14,61.015899658203125,64.38551883031067,60.88226090733174,64.2041561157085,19440900
2022-10-17,61.94183349609375,62.380933310653255,61.13045324565193,62.02774828740217,11280100
2022-10-18,60.81544876098633,63.10641049259543,59.92770136309155,62.90595234246004,16656100
2022-10-19,60.76771545410156,61.19727119368652,59.34540948111647,59.88951584551272,12385200
2022-10-20,60.691349029541016,62.31410941273633,60.50043497228781,60.85362361130744,11300900
2022-10-21,60.8536262512207,60.882262086566975,59.202226320898625,59.202226320898625,13699000
2022-10-24,58.50539016723633,58.820395264528045,56.968537296114185,57.82764872760568,25010800
2022-10-25,58.362205505371094,58.5722113375969,56.806260816771335,57.23581654569555,21700600
2022-10-26,58.07583999633789,59.16404548586942,57.68446778271018,58.094931767903034,14006000
2022-10-27,58.18083572387695,59.612685641734224,58.142652185468926,59.03994348976173,12937600
2022-10-28,59.19267654418945,59.21176831421341,57.340818548459104,58.00901593376644,11972300
2022-10-31,58.753578186035156,59.44086735807385,58.29538661847032,58.79176172701128,10802800
2022-11-01,58.782222747802734,60.548169794820204,58.782222747802734,60.38589155232417,11561900
2022-11-02,57.7703742980957,60.032696246963205,57.7703742980957,59.66041583477545,16547200
2022-11-03,57.5412712097168,58.123557395336086,56.729891088321615,57.273993737517436,11040900
2022-11-04,59.641326904296875,59.66041867523891,58.2476603979752,58.71539604121461,14662800
2022-11-07,59.908599853515625,60.0708780734762,59.15449498632623,59.7749611084791,8507100
2022-11-08,62.0659294128418,62.762766373189585,61.3022803513451,61.445466826240306,14102800
2022-11-09,62.04682922363281,63.57413433258458,61.9990979803547,63.50731496165435,15086800
2022-11-10,67.62149810791016,67.65014122498307,64.26142669848167,64.66234294431538,21367900
2022-11-11,70.47566223144531,71.21067539669312,69.09153612670247,69.43518072630992,15524700
2022-11-14,69.49246215820312,70.3324782745348,68.9578998271136,69.9124665749858,11575300
2022-11-15,76.80442810058594,79.16220877822036,76.37487604179876,78.19809446879674,48742400
2022-11-16,75.84031677246094,76.90943403299579,75.31530948916793,76.89988632740413,24006600
2022-11-17,77.77810668945312,79.17177335464915,75.1148644222559,75.69715075752663,24278400
2022-11-18,78.5322036743164,79.0763064329739,77.31990710073444,79.01903475819933,18578400
2022-11-21,76.29850769042969,77.34852948095575,75.8594079337648,77.13852366629752,18659700
2022-11-22,78.7899169921875,79.41038665175543,77.53943725198006,77.65398056695224,16504700
2022-11-23,78.24584197998047,79.18131336824624,78.01674798651472,78.69448954247736,14683800
2022-11-25,77.70173645019531,78.6276673813327,77.70173645019531,78.4081138200538,5908300
2022-11-28,75.62078857421875,77.39628353427885,75.30577975938967,76.62307941762865,13214200
2022-11-29,75.72579956054688,76.56581587326646,75.37260715946522,76.27945015161498,11502300
2022-11-30,79.2099609375,79.63951310971355,76.8139960890936,76.9667229990575,21667300
2022-12-01,78.923583984375,79.8304195389559,77.45355022598098,79.26722861790954,15975100
2022-12-02,77.79718017578125,78.42719764593828,77.46308331256104,78.09309349995266,10519800
2022-12-05,77.9117431640625,78.4462982300936,77.27217788689921,78.21720424218978,11523300
2022-12-06,75.9453353881836,77.73992570665949,75.56351447875785,77.70174215916352,13992100
2022-12-07,75.6398696899414,76.08851724226993,75.01939982571614,75.41077570166794,14925300
2022-12-08,77.12898254394531,77.29125711461194,75.50621498898397,75.84031183528732,11197500
2022-12-09,77.02399444580078,78.45584459046522,77.02399444580078,77.17672134085977,13787900
2022-12-12,76.77580261230469,76.77580261230469,75.21986145959822,76.16488048591894,11516600
2022-12-13,76.85216522216797,78.3603750372738,76.01214188524415,78.3603750372738,16938000
2022-12-14,76.3844223022461,77.80673189481182,75.9071389636641,77.14807855708361,17910000
2022-12-15,74.50382232666016,76.0397842014362,74.29262619562022,76.0397842014362,17080200
2022-12-16,73.24626159667969,74.93581615631682,73.17906348719463,74.50382935591924,11929100
2022-12-19,73.05427551269531,74.03345651977283,72.7278867263668,73.84145665365665,12561300
2022-12-20,72.59347534179688,73.15025652729484,71.90229061602618,72.10388494036854,12080600
2022-12-21,74.0526351928711,74.32142761731728,72.7374638886374,72.82386563880611,10806100
2022-12-22,72.26708984375,73.37106520159759,71.05751639716638,73.22706714204433,13019700
2022-12-23,71.8927001953125,72.33428887924407,71.20151535992548,71.8927001953125,7452600
2022-12-27,71.34550476074219,71.74869342442672,71.19191221821488,71.35510658341413,8974800
2022-12-28,70.13594818115234,71.56631981474536,69.9247519762435,71.22072735653933,10275700
2022-12-29,72.95826721191406,72.99666717880571,71.182310856433,71.37430336684645,11142500
2022-12-30,71.50870513916016,71.58550507890435,70.70232774398224,71.31671261384504,7784100
2023-01-03,71.06710815429688,72.92946619288129,70.81751204136263,72.81426629674752,9276200
2023-01-04,73.26545715332031,73.54385141086685,71.4895008577044,71.98868576237935,12316400
2023-01-05,72.69908905029297,73.38067210033489,72.32469113994284,72.95827971617807,10039200
2023-01-06,74.94542694091797,75.58860996919418,73.10227229688219,73.43826288448577,13744100
2023-01-09,77.09576416015625,77.96934690018406,76.85576986771493,77.33575845259757,22247600
2023-01-10,78.01734924316406,78.31494717619582,77.23977000082125,77.28777179377501,10269000
2023-01-11,78.5069351196289,78.61253319873008,77.40295986250888,78.30534078426619,11771400
2023-01-12,83.51801300048828,85.27477296275198,81.0412701675307,81.55965871331563,36086800
2023-01-13,83.3260269165039,83.61401569253846,81.50206870543818,81.9916591459555,18719900
2023-01-17,85.42837524414062,86.13876369756571,82.71164513512021,82.76924142765102,21850000
2023-01-18,85.88916015625,87.56912023474229,85.78356207967833,86.85873916656949,19209800
2023-01-19,84.86199188232422,86.40755586838584,84.72759565084453,85.46677492398278,13651100
2023-01-20,87.38672637939453,87.38672637939453,85.62996628460546,86.39795100089813,14287200
2023-01-23,91.83142852783203,91.89862664330488,88.0491157665291,88.08751573594863,22875100
2023-01-24,90.77543640136719,94.07776012072775,87.88591047097107,91.95621151117625,11370500
2023-01-25,88.71149444580078,89.27787746471292,87.47312300853392,88.97068506102192,14147300
2023-01-26,89.70986938476562,90.50665224495418,88.93229017067887,90.13226171046463,15759400
2023-01-27,89.56587219238281,90.35305317268434,88.54829141976533,89.10507993179543,13646600
2023-01-30,89.40267181396484,90.4778488883391,88.87468876129786,89.13387937638244,14079800
2023-01-31,89.01868438720703,89.04748252987453,86.39794354379892,87.35792069428557,13342100
2023-02-01,90.9482421875,91.93701757851302,88.86509332254585,89.27788383107067,16788500
2023-02-02,92.78180694580078,93.59778618103144,92.00422035717665,92.73380515147436,14925300
2023-02-03,90.8714370727539,93.06977821734804,90.53543922381836,91.23622573920113,12242200
2023-02-06,88.15471649169922,88.36591266780943,87.10833743480198,88.12591834478337,12425200
2023-02-07,90.7658462524414,90.90983697171883,88.01070908023264,88.1067053344325,15258900
2023-02-08,90.50665283203125,92.10021856274513,90.45865836455552,91.21703393745973,12899700
2023-02-09,92.82019805908203,94.62495256323601,91.79302274530616,92.15781144562229,16997400
2023-02-10,91.55302429199219,92.63779584502402,90.47784723723848,92.10980547794753,11511400
2023-02-13,92.26341247558594,92.53220492905457,91.11144272527893,91.64902763221619,7803500
2023-02-14,94.03937530517578,95.02815075102534,91.40903955737518,91.98502447180695,15345100
2023-02-15,89.0474853515625,89.9306626002252,87.13712548824763,88.63469487081119,30208300
2023-02-16,87.18511962890625,88.11629858454774,86.28273881431858,87.33871947991862,15568400
2023-02-17,86.49394226074219,86.68594209074178,85.3803725429231,86.36914786427593,11235300
2023-02-21,84.13239288330078,85.84115095809018,83.97880035502739,84.84277389015888,14007600
2023-02-22,83.35481262207031,84.5643784841844,83.19161827426755,84.23798978857887,10106400
2023-02-23,86.4747543334961,88.3083071126883,85.87956578879194,86.68595050497323,15468300
2023-02-24,84.58358764648438,84.62198761153952,83.7484048856349,84.56438400193458,8817600
2023-02-27,83.80602264404297,85.29398308990602,83.74841902471292,85.14998502764942,10609400
2023-02-28,83.58521270751953,84.62198981891974,83.42201834481153,83.6524108171078,7520400
2023-03-01,84.88117980957031,86.43634546521633,84.73718176892899,85.4763682930003,8176700
2023-03-02,85.4667739868164,85.76436459268035,83.63322123513744,84.13240618601036,9761600
2023-03-03,86.19635772705078,86.25395401806944,84.36279767314186,85.12118057574985,10844000
2023-03-06,85.99475860595703,87.67471869173875,85.92756049548755,86.47474720189467,9960000
2023-03-07,85.2939682006836,86.62833585150776,84.76598516330358,86.349941599488,8761100
2023-03-08,87.1947250366211,87.20431953467094,84.61238419661393,84.81397851632555,8813000
2023-03-09,85.3227767944336,87.06034062683517,85.02518618556691,86.11955968325537,10354700
2023-03-10,83.75801086425781,85.60116533410167,83.71000907454575,84.50679190987908,11928800
2023-03-13,84.22840118408203,85.4379745600468,82.855633434706,82.92283154870152,11847600
2023-03-14,85.71636199951172,86.04275072029034,84.19959632001867,84.50678872006395,11100100
2023-03-15,83.23002624511719,83.74841484896638,82.02046016018107,83.71001487934288,12171500
2023-03-16,86.1722183227539,86.33626220660835,82.81410411458542,82.93954813832636,13184600
2023-03-17,86.3362808227539,86.87666425652118,85.88274157133974,85.94063769290848,13287700
2023-03-20,86.88632202148438,87.2047654362906,85.55465959889369,86.08539126139813,8217500
2023-03-21,89.26014709472656,89.74263437631967,87.61969328217863,87.81268524994721,12299700
2023-03-22,89.37594604492188,91.70153089701633,89.2987463135053,90.22512100398941,12812400
2023-03-23,91.27693939208984,92.4638613310848,90.15757273945827,91.18044340926892,11169700
2023-03-24,89.53998565673828,90.88129963652044,88.86449908250813,90.65935225988895,7653700
2023-03-27,87.48458862304688,88.95134657203926,87.37844084281122,88.81625073577038,9349800
2023-03-28,87.62934112548828,87.68724460780179,86.77051431991924,87.48460082513435,7521300
2023-03-29,89.51103973388672,89.9549271355635,88.24691808950162,88.54606520097944,9264000
2023-03-30,89.231201171875,90.2444200701729,88.80660999801388,90.0803761574254,10232800
2023-03-31,89.7619400024414,89.99353922255656,87.93813847652596,88.04428627853564,8701800
2023-04-03,89.58822631835938,90.32160897743714,88.49780781694226,89.75227757361439,6863600
2023-04-04,88.94170379638672,90.01282615139357,88.50746818745819,89.78123431744312,6338400
2023-04-05,87.04069519042969,88.95134790104758,85.93098042766547,88.39166093547384,9171800
2023-04-06,87.07930755615234,87.7258461461257,86.26873241004424,86.51962787238955,5874500
2023-04-10,85.90202331542969,85.91167512145164,83.4413428561348,85.3230401110174,12232900
2023-04-11,86.11431884765625,86.69330205188544,85.37129175196011,85.53533564342706,11079200
2023-04-12,83.82733917236328,86.36521950866069,83.81768736575881,85.79588807590952,11299100
2023-04-13,84.00103759765625,84.5607172419075,82.95886331580101,83.52819476696894,7910500
2023-04-14,84.14578247070312,85.27480835191963,83.50890306079542,84.86951342324531,7656400
2023-04-17,84.90811157226562,84.96601505357394,84.10718826291398,84.67651973354779,8163600
2023-04-18,85.05284881591797,85.3037442384022,84.43526574685748,85.11074492796398,8468200
2023-04-19,84.17473602294922,84.31947632050445,83.02641391453244,83.20976144099812,11191300
2023-04-20,86.1625747680664,88.66185521183793,85.01425274678152,85.22654831664978,19206300
2023-04-21,82.37989044189453,84.83092699351081,82.29303889303964,84.70547557429514,13175400
2023-04-24,81.67545318603516,82.94921942017554,81.04821819571607,82.40883597604697,10567600
2023-04-25,79.40776062011719,80.47888301377789,79.37881256010019,80.35343160414163,13423700
2023-04-26,79.3691635131836,79.4946075650109,78.36558901204863,79.3595117054516,11583500
2023-04-27,80.73942565917969,80.92277319507907,79.28231926622533,79.99639843220226,10013700
2023-04-28,81.34736633300781,81.55001012702648,80.78767926638157,81.52106206533415,8262600
2023-05-01,81.03857421875,81.72370533571049,80.96137447995021,81.34736581177688,4931100
2023-05-02,80.0542984008789,81.10612462819525,79.65866261124117,80.57538561044306,6875000
2023-05-03,79.80338287353516,80.82626078147395,79.55249482106002,79.7261905139424,7151600
2023-05-04,80.56572723388672,80.82627449851316,79.74550029691878,80.0928917416394,7290600
2023-05-05,81.993896484375,82.57287979696888,80.81662624353652,81.34736524134806,6865000
2023-05-08,82.54391479492188,82.54391479492188,81.45349632395717,81.54034049004544,6746600
2023-05-09,82.08073425292969,82.48602916602294,81.34735888331114,82.26408177642017,7287800
2023-05-10,81.92634582519531,82.1675894775886,81.22191112085123,81.55000631643554,7442300
2023-05-11,80.50784301757812,81.19297420092062,79.63936427736476,81.19297420092062,8730900
2023-05-12,80.50784301757812,80.99033038856633,80.04465190207333,80.4595913356101,5069800
2023-05-15,82.65972900390625,82.66937344928645,80.3148403964115,80.41133638541774,8707300
2023-05-16,82.87200164794922,83.71153205496256,82.59215817894477,82.68866151197233,11283200
2023-05-17,87.69689178466797,88.5846740401328,84.97566362067289,85.20726283279701,23215600
2023-05-18,89.4049072265625,90.12863824993644,87.88024543706662,88.05394117716327,14879000
2023-05-19,89.33734893798828,89.53999271758582,88.35307073746101,88.90310595698914,9295200
2023-05-22,88.5074691772461,89.20225204903892,88.00567827554161,88.84520880598656,9259800
2023-05-23,87.27230834960938,88.14077963141455,87.16616055078035,87.81269178934099,7656700
2023-05-24,86.97315216064453,86.99245577415421,86.05642929756375,86.15292527859782,9443900
2023-05-25,97.41419219970703,98.78446185741785,93.58324885719637,93.660441237295,60793200
2023-05-26,99.59503173828125,100.78195378516288,97.20189875324071,97.31769099828227,26135800
2023-05-30,98.40811157226562,101.55392342354433,97.9738685910303,100.15471321796475,25248000
2023-05-31,95.1368637084961,96.47818547780953,94.62542823324944,96.23694177347252,22206700
2023-06-01,95.37808227539062,97.06678776068158,95.14649044167308,95.22369017363614,14998500
2023-06-02,95.47459411621094,97.7519348765446,95.16580252305582,97.7036831992316,13085100
2023-06-05,94.61576843261719,95.34914387403245,90.9488617768513,94.577168562726,10568500
2023-06-06,96.32376098632812,97.07643997066313,94.00782055302467,94.19116807665507,13827600
2023-06-07,96.77730560302734,99.4116821949823,96.05357463743081,97.82912440585167,14367500
2023-06-08,96.43955993652344,97.17293530177224,95.1754382559359,95.52282968670497,9074200
2023-06-09,99.19938659667969,101.01353609868514,98.6686476497829,99.10288325202824,14902400
2023-06-12,103.31016540527344,103.62860875038601,100.65648558701066,100.68543364344434,20568100
2023-06-13,103.05928039550781,106.81303064251715,103.0013769187535,106.14719587612664,17858600
2023-06-14,103.64791870117188,103.927754838591,101.53462210622615,102.31624912641858,12862600
2023-06-15,101.92113494873047,103.35528232873557,101.81454256406082,102.97735916935643,11987900
2023-06-16,101.33003997802734,102.47347957300197,101.11685519698,102.16339463502621,11430800
2023-06-20,100.75830841064453,101.63041708213962,99.87650011403498,100.95210869475301,9295500
2023-06-21,98.49081420898438,100.51606208062975,98.47143713628776,99.95403086333032,9340400
2023-06-22,99.93465423583984,100.22536210014282,98.19042922904622,98.27763715253225,8575900
2023-06-23,98.7524642944336,99.02378770196361,97.88034806093827,98.37454109907864,8919000
2023-06-26,97.00823211669922,99.8474504562614,96.9888476486702,98.85904959101674,8560000
2023-06-27,98.91719055175781,99.6051912714932,96.92101184816521,98.01600505263805,9732000
2023-06-28,97.79312896728516,98.7233837827792,97.11482047463579,97.38614387169554,8160900
2023-06-29,97.52178955078125,98.37452114332456,96.92099684668969,98.20009793200809,7383900
2023-06-30,97.79312896728516,98.73307601639078,97.29893594821552,98.25826007153623,11704600
2023-07-03,99.95404052734375,100.4676180230454,98.90750106836214,99.08192431152574,5638400
2023-07-05,97.86095428466797,99.89588704059354,97.83188497848452,98.25825451719551,9010800
2023-07-06,96.32991027832031,96.4752568034019,95.54500207784284,96.02951020946782,9140800
2023-07-07,97.12450408935547,98.78152102550395,95.93261082317457,96.01013389917165,8036600
2023-07-10,96.67875671386719,97.62839597728939,96.32022540061216,97.1438878086676,8041600
2023-07-11,98.12259674072266,99.15944392967178,97.03729577752972,99.15944392967178,7677800
2023-07-12,100.68079376220703,101.19437121176385,99.57611578576207,99.6439466301751,10202000
2023-07-13,102.29905700683594,102.37658009009228,99.34355414650872,101.74671797639867,9265900
2023-07-14,101.88236999511719,103.97544868611348,101.61104662250821,102.71572457842043,9518300
2023-07-17,101.543212890625,101.77577471867279,99.41137272233073,101.43662051255993,10722600
2023-07-18,99.95404052734375,100.51607179898294,98.84936245164369,100.47731025683456,10343600
2023-07-19,99.86682891845703,101.54323056184944,99.39201294726841,100.6808065477889,11204800
2023-07-20,94.82792663574219,97.3376750639509,94.0430258736086,95.49655018452677,22810200
2023-07-21,94.2368392944336,94.95390931773717,93.34534603378503,94.84731692863703,15381200
2023-07-24,95.20584869384766,95.22522576635824,93.7813935915776,94.25620949466513,9054900
2023-07-25,97.21171569824219,97.76405469794213,96.0392068530198,96.43649969483526,9202200
2023-07-26,96.32991027832031,97.02759577773408,95.51593277282653,96.4074259606947,8993500
2023-07-27,96.27176666259766,98.60709946358442,95.84540452343991,98.35515315884969,8049800
2023-07-28,97.73497772216797,97.86094717080829,96.68843841759455,97.00821554838207,6758700
2023-07-31,96.07797241210938,96.68845005005271,95.37058722493006,96.10704171967696,8647900
2023-08-01,95.35120391845703,96.11672767073466,95.05080384287496,96.06827389928375,6428500
2023-08-02,92.73485565185547,94.47908792458938,92.26003974155863,94.47908792458938,9820900
2023-08-03,92.03717041015625,92.84144831158528,91.64956241583675,91.90150132808799,8571700
2023-08-04,93.18061065673828,94.55661202398773,92.18251766082425,92.32787158395796,7562600
2023-08-07,93.3647232055664,93.93644669252173,92.27942963251168,93.73295414757396,6601400
2023-08-08,91.56234741210938,91.95964764069463,90.76775434794646,91.94026317475956,7659000
2023-08-09,91.06816101074219,92.88021687729233,90.80652245275371,92.86083980296377,6426900
2023-08-10,91.86274719238281,92.99649447665973,91.35885458181023,92.49260186608716,7459600
2023-08-11,89.13980102539062,90.60301760433688,89.12042395369252,90.60301760433688,10658400
2023-08-14,90.18634796142578,90.39953273318176,88.4711923402206,88.8491081108761,7489700
2023-08-15,88.83942413330078,89.83750984562785,88.65530865094624,89.6533943632733,6069500
2023-08-16,88.93630981445312,89.84718745083535,88.49056322875745,88.6068478396809,7439500
2023-08-17,88.8006591796875,90.04099894515892,88.51964354641535,90.04099894515892,7712500
2023-08-18,88.27738189697266,88.50025889497152,86.78509593408855,87.2792963084286,9066200
2023-08-21,89.69215393066406,90.03131557868942,87.69598254998508,87.69598254998508,8618300
2023-08-22,89.3820571899414,90.59332750731977,88.96537990504297,90.45766582321397,7059000
2023-08-23,91.30071258544922,92.15344422702601,90.3510734041189,90.88403530073397,10362600
2023-08-24,89.66307830810547,93.78139764061054,89.60493969505612,93.53914356222788,12254400
2023-08-25,90.21542358398438,90.51582368931165,88.57779092749455,89.39176113881376,10356000
2023-08-28,91.08753967285156,91.23289360837798,90.36077738822775,90.91311642882152,5174800
2023-08-29,92.13407135009766,92.6573410379624,90.6127160585865,90.8646549729969,8910300
2023-08-30,91.8433609008789,92.9480388573966,91.69800698175659,92.49260002755015,6073400
2023-08-31,90.67085266113281,91.47513794463691,90.38014482109284,90.44797566470118,8661200
2023-09-01,90.30264282226562,91.64957505875216,90.20573526556183,91.37825164320216,7094600
2023-09-05,91.66893768310547,92.10499944050368,89.99254367572925,90.50612111605847,6396500
2023-09-06,89.40144348144531,91.0487681895294,88.75219695938179,90.942175807982,7933700
2023-09-07,87.25991821289062,87.49248004802749,85.69010919144999,87.27929528539893,14684400
2023-09-08,86.86260986328125,88.2483032976701,86.55252498111764,87.9382184155065,5820800
2023-09-11,86.82386779785156,87.5893916395706,86.39750560990042,87.30837599693892,7268600
2023-09-12,87.67658996582031,88.73281408646363,87.61844396595428,87.6572055015293,8242600
2023-09-13,88.39366912841797,89.04290828287827,87.6765991278649,87.79287635373376,5757800
2023-09-14,89.09596252441406,90.51806837310637,88.90114892305817,90.37196002993421,6506300
2023-09-15,86.9335708618164,88.77451647379166,86.5536936676868,88.16087041359268,19940500
2023-09-18,86.52446746826172,87.34266215826642,86.13484776433569,86.2419933686998,6647400
2023-09-19,85.88160705566406,86.53421588710717,85.51147236724385,86.15433866096095,7172100
2023-09-20,85.02442932128906,87.00174042132741,85.02442932128906,86.22250107870418,6935300
2023-09-21,83.14453125,83.90428561289238,83.1347887134204,83.80688254123044,10652500
2023-09-22,83.41726684570312,84.51793572817712,83.23219579865643,84.01143527228405,7967200
2023-09-25,84.0016860961914,84.0016860961914,82.81334933694934,83.17374886550928,8758000
2023-09-26,82.102294921875,83.01790005692492,81.83929847903512,82.74516107843759,8877600
2023-09-27,83.22245025634766,83.33933096076933,81.91722541641188,82.959453808644,7860700
2023-09-28,84.16728210449219,84.8685886794816,82.77439662833964,83.03738566503843,6647700
2023-09-29,84.64456939697266,85.74523831821361,84.44975580601499,85.47250672225151,7338300
2023-10-02,85.3750991821289,86.12511103184109,84.76144569189522,84.91729655651909,6305000
2023-10-03,83.1932373046875,85.05366051493904,82.85231540351234,84.74196622378484,8201700
2023-10-04,84.4205322265625,84.50820019680872,83.16401248314116,83.25168045338738,7658500
2023-10-05,84.77119445800781,85.65757959508912,84.28417161733776,84.5763882942913,6651700
2023-10-06,86.97254180908203,87.68359101148832,85.11211094722704,85.80368250535847,9777100
2023-10-09,86.6803207397461,87.0212352326499,85.75498034023882,86.4952571186718,4781300
2023-10-10,88.25826263427734,88.30696788143361,86.82641457186045,86.95303781053845,7182900
2023-10-11,89.61219024658203,89.62193278282939,88.2777451730489,88.89139862321052,8051700
2023-10-12,90.02129364013672,91.01482432553608,89.45634540188048,90.10896160949703,8897800
2023-10-13,88.1121597290039,90.5277959674096,87.85890580473591,90.34272493451633,7985100
2023-10-16,88.8524398803711,89.51479117861413,88.08294297275211,88.13164822478774,8791800
2023-10-17,88.63815307617188,89.31998205036027,86.22251662363011,87.47903638867314,7997100
2023-10-18,87.27449035644531,87.67385264734096,86.28096704500668,86.5731762865457,9982700
2023-10-19,90.49858093261719,92.30056381967356,89.96285287610232,90.67390200779126,22751600
2023-10-20,88.94009399414062,91.87197308818081,88.7258027908624,89.61218778053545,12197300
2023-10-23,88.74530029296875,89.86545428339579,86.84591423674186,87.6446313772294,8227900
2023-10-24,89.26153564453125,89.61219264504383,88.5017812872133,88.83295321470966,7374800
2023-10-25,85.3653564453125,88.492041953568,84.43027355389407,88.44334413202078,13027100
2023-10-26,85.18029022216797,85.8523841074059,84.29391253351523,84.85886080135643,9377300
2023-10-27,83.75818634033203,85.5017290075807,83.66078325814505,85.26796012405617,12480700
2023-10-30,83.82637023925781,86.00823794939919,83.76792987552544,85.04392735954161,9785500
2023-10-31,84.06986999511719,84.18675813773774,82.74516743759578,83.91402656966767,9004900
2023-11-01,85.5212173461914,85.58940024946192,84.09910405275645,84.22573475267248,9508800
2023-11-02,88.13165283203125,88.68685854992276,87.14786465423106,88.05372739725176,11032600
2023-11-03,89.40765380859375,90.05052009271459,88.48230595428782,89.27128800798089,9226700
2023-11-06,90.19661712646484,90.20635966282437,88.92061982434711,89.6121912783166,8402700
2023-11-07,90.01155853271484,90.63494712961264,89.36868486201372,89.85570766780127,6241300
2023-11-08,89.61219024658203,91.01481821109115,89.54400735560606,90.9076726065035,6537700
2023-11-09,89.24207305908203,90.94665309806506,89.22258798277844,90.22585390241633,8166000
2023-11-10,94.91100311279297,95.21295486270535,91.18040678067749,91.5992466747711,19281700
2023-11-13,93.91748046875,94.65775724889023,93.23565148136993,94.49217127072345,9526300
2023-11-14,96.34285736083984,97.10261176740262,95.40776701127811,95.45647226559764,13873200
2023-11-15,96.23570251464844,98.08638309920198,95.86556045263555,97.35584894275893,10422900
2023-11-16,95.98246002197266,96.52792321235971,95.36881393278722,95.69024335204895,8459000
2023-11-17,96.9954605102539,97.13182629676135,95.76816100030888,96.37207193439758,7243000
2023-11-20,97.36559295654297,97.97923898197158,96.95649560625723,97.30715260118153,6448900
2023-11-21,95.85584259033203,97.55068005736105,95.69024917057097,97.40457171351497,10112600
2023-11-22,96.089599609375,97.06364520616263,95.40776323279678,96.157782503895,7413500
2023-11-24,95.29088592529297,96.16752848003013,94.94022890339811,95.92401707212416,4297600
2023-11-27,94.68697357177734,95.01815294599638,93.91747664229773,94.89152225965749,6856100
2023-11-28,95.43698120117188,95.69997021592867,94.71618218177824,95.32983560183978,6358100
2023-11-29,96.3136215209961,97.14156618542326,96.0408899554154,96.43050966254974,7091100
2023-11-30,94.78437805175781,96.4110399047001,94.38502320703937,96.36233465055908,9681400
2023-12-01,95.99219512939453,96.21622145180125,94.50189914578918,95.16425043915443,7500400
2023-12-04,94.4921646118164,94.67722822027599,92.77784229544025,94.53112732711791,10619400
2023-12-05,94.18046569824219,94.5018950787917,93.3914837570228,93.95643195409897,8009600
2023-12-06,95.31035614013672,96.01167012926976,94.92073643157637,95.26165832117782,11262300
2023-12-07,96.7129898071289,97.05390428540534,95.34932446264489,95.41750735830017,11373700
2023-12-08,97.74549102783203,97.76497610470379,96.38182547060696,96.54741889849916,10572500
2023-12-11,98.32990264892578,98.58315659163925,96.7909162127522,96.98572236476049,9482800
2023-12-12,98.96302795410156,99.01173320492063,97.3558512849852,97.55066485688357,7378600
2023-12-13,99.46952819824219,100.01499129506287,98.29093404611044,98.76821425582854,8988800
2023-12-14,101.23989868164062,101.59220826494159,100.60379120783678,101.14203656770162,10074500
2023-12-15,100.34933471679688,102.52190779636568,100.20253782588546,101.28882436566987,16379200
2023-12-18,100.73100280761719,101.10288179612824,99.89916370891608,100.6429216859382,5660600
2023-12-19,101.65091705322266,101.75856760316951,100.88757475367235,101.03437163690893,8498500
2023-12-20,97.90274810791016,100.88758348209262,97.80488599941899,100.50591603249683,10814100
2023-12-21,100.35911560058594,100.52548191342221,98.99881228240793,99.13582071255539,9068200
2023-12-22,100.94630432128906,101.37689908169709,100.51570209448094,100.731003207885,5566400
2023-12-26,102.21851348876953,102.71761987234757,101.35731661230471,101.39646294301664,6407500
2023-12-27,102.41426086425781,103.11887999244233,101.85643863217844,102.80571676507147,5889700
2023-12-28,102.46318817138672,103.26566940806515,102.46318817138672,102.756781963557,5335100
2023-12-29,101.77813720703125,102.7274152582977,101.45518555664995,102.48275627462695,4409600
2024-01-02,99.36090850830078,100.42762559457331,98.44098831031896,100.06552759897623,9020900
2024-01-03,98.02996063232422,99.08688924285055,97.53086167713099,98.19632695072195,6650600
2024-01-04,97.01217651367188,98.29419465199642,97.00239553023397,97.40363237677556,7996700
2024-01-05,97.48193359375,98.48992748984307,96.68924081457006,96.88496503009095,7347300
2024-01-08,100.05574035644531,100.59399313120826,98.35291584435886,98.48013583366647,12455600
2024-01-09,99.71321105957031,99.79150372335374,98.06910245211502,98.89116048904235,7764000
2024-01-10,98.64651489257812,100.58421005240497,97.84403364596693,100.32976259380132,6975700
2024-01-11,99.05752563476562,99.97744575740336,97.85380020905029,99.52726667914285,7862700
2024-01-12,99.07711029052734,100.19275477534171,98.71501973535102,98.73458917087389,6519700
2024-01-16,99.49791717529297,100.16338993286227,98.05932110625346,98.3822727679562,11185500
2024-01-17,100.75056457519531,101.12245100180627,97.86359160928131,98.7150075441859,17649500
2024-01-18,110.61521911621094,110.96752865196315,107.14106600865392,108.82431355387044,58783700
2024-01-19,111.7602310180664,112.68993972123756,108.6481681613131,110.80117189518288,37812600
2024-01-22,110.61521911621094,112.64099521358634,110.116112696162,112.32783201140656,17755500
2024-01-23,111.69172668457031,112.17126371193828,110.74245601346303,111.0947581128676,11667900
2024-01-24,114.03065490722656,116.31087840864058,112.16146416953838,112.86608323146885,21859200
2024-01-25,114.06980895996094,116.30109782947726,113.99152375498149,115.49861661383717,15485300
2024-01-26,114.75485229492188,115.51818713269924,113.81536268947283,114.40254275957852,10196400
2024-01-29,114.48084259033203,115.3518280332111,113.28690547544608,114.66677835322072,10042200
2024-01-30,113.58049774169922,115.48884252186134,113.09117971597568,113.87409154369357,11030800
2024-01-31,110.54672241210938,112.28869330927338,110.46842973964353,111.07518675165355,12853900
2024-02-01,110.967529296875,111.59385570487458,110.20419445377547,111.3687736185246,8807600
2024-02-02,113.2771224975586,113.48263517156451,111.48621673870643,112.4061370126,10044000
2024-02-05,116.25216674804688,116.98614371908029,114.08938216936973,114.62762746828766,13267600
2024-02-06,116.8295669555664,118.40517156633118,115.75306881232599,117.55376299594303,11503800
2024-02-07,122.30992126464844,122.3294906979443,117.43631107002653,117.44609951987424,18172500
2024-02-08,130.8730010986328,131.87121409897094,123.41579881639352,124.28678434559784,33367000
2024-02-09,130.2662353515625,132.28222307270258,127.80006851106884,131.62653876077448,16984200
2024-02-12,127.67285919189453,130.6576870470912,127.47712004556007,130.42282396397033,14203800
2024-02-13,124.82501983642578,127.14438228595168,123.77787965660778,125.19689881377427,14494000
2024-02-14,126.5082778930664,127.99579383783825,125.2262596762643,126.86058744478606,13069700
2024-02-15,126.27339935302734,128.32854088493266,125.60793405411705,128.00558921947325,12554000
2024-02-16,123.98339080810547,125.89172792271198,123.12218639421145,124.41398554865272,13104400
2024-02-20,122.65245056152344,124.34548664501175,121.49765979332213,124.17912031845395,12038800
2024-02-21,122.6622314453125,122.70137778089409,120.28415315653096,121.77167657663136,11469700
2024-02-22,126.31256103515625,128.67106254607464,126.24404934451168,126.91931060234675,17014100
2024-02-23,126.7627182006836,128.2110952802504,125.00117790393477,127.71199630269159,10123300
2024-02-26,127.84901428222656,128.42640597375942,125.81344948547229,127.24226470351755,9526700
2024-02-27,125.8427963256836,129.15059069663852,125.8427963256836,127.97623051427816,8851800
2024-02-28,124.65864562988281,125.83301325920728,123.94424556179693,125.75472059063901,6519100
2024-02-29,125.92109680175781,126.42999172102179,124.43357331412551,125.29477033681785,9369900
2024-03-01,131.03933715820312,133.73058580354396,127.32053279451628,127.3498906760234,24393000
2024-03-04,135.3061981201172,138.95652088561803,134.738587489561,136.9503142453142,26544600
2024-03-05,132.0865020751953,134.4939382721085,130.87298805974945,134.19056350144712,13694700
2024-03-06,138.5454864501953,140.9235644322463,135.64871772199015,135.83466092541929,22292700
2024-03-07,146.0124969482422,148.3612324484291,141.07038186603347,141.80435890994167,34675700
2024-03-08,143.24293518066406,155.01592413230435,141.8336970631851,150.6120624815821,43856900
2024-03-11,136.04998779296875,141.31503958537243,135.96189919957828,140.55170466132876,29227100
2024-03-12,141.31503295898438,143.5658987540198,137.56687020573537,141.4324794337308,21218500
2024-03-13,139.1033172607422,140.17002689246945,138.3497633767954,139.9938795842429,12923100
2024-03-14,136.63714599609375,140.04280983964156,136.0499733881989,139.56327285031455,14961900
2024-03-15,134.0535430908203,134.75816214232728,131.75375765650634,132.54645035625194,22751200
2024-03-18,134.2638397216797,139.07862308009229,134.23436261897658,137.7422727816052,14732900
2024-03-19,132.5246124267578,133.90027549054983,130.7166135361689,132.9471425441486,17341100
2024-03-20,134.37191772460938,134.92217692657897,132.6621709241135,134.15574232477292,12750200
2024-03-21,137.0249786376953,140.12020952084902,136.62210488888653,140.0710760160166,17809400
2024-03-22,138.09600830078125,138.88209933076493,136.69088314169082,136.97583345592227,9944100
2024-03-25,137.79139709472656,139.21617860630542,136.83826418838342,137.72262219081912,9922200
2024-03-26,136.4255828857422,138.508726496338,136.2290638641419,138.1648069634573,10786400
2024-03-27,134.31297302246094,136.85792950827633,132.799745116586,136.44523507761218,13842800
2024-03-28,133.68411254882812,134.42107015384545,133.08471976367642,133.3205366014798,10019400
2024-04-01,139.0294952392578,140.4739331485158,134.66670441075928,134.90252121655564,14222700
2024-04-02,137.78158569335938,138.58731815696882,136.92671972739137,137.93880690353092,9869200
2024-04-03,139.5306396484375,140.44445988026933,135.98341644918676,136.17011477442747,9707500
2024-04-04,137.2313232421875,144.19802490134666,137.005312135311,141.49584726265022,15759500
2024-04-05,138.90176391601562,139.53063377837776,136.50419288030997,137.5654135843161,8263600
2024-04-08,140.306884765625,143.4610696754662,140.27740766311206,142.71429142273905,16307400
2024-04-09,142.87149047851562,145.59332442384647,140.4640989354845,143.7165356928974,18443400
2024-04-10,143.67724609375,145.84880595905923,142.73393382642377,144.08011982216226,18861300
2024-04-11,144.64016723632812,144.993907382836,141.62356278684513,144.64016723632812,11818800
2024-04-12,140.04159545898438,143.96220015683036,139.67801952694134,142.4784643054944,12024000
2024-04-15,137.70297241210938,142.9501065037314,137.44749919562545,142.4981142750722,13458800
2024-04-16,137.368896484375,138.09601837054316,134.67653938322584,135.49210757437805,14218200
2024-04-17,136.61227416992188,140.0907221462499,134.97131718421846,138.67576127407847,18823200
2024-04-18,129.9698486328125,132.78011425926138,128.03410543941374,130.57906212741523,39306100
2024-04-19,125.47930908203125,129.26236403407285,124.43774475580113,127.12026618003688,28284000
2024-04-22,127.49364471435547,128.3878233932436,123.5926819001136,124.54581477876344,18556800
2024-04-23,131.1096649169922,131.38480955253684,128.38784560093532,129.07566970619442,12573800
2024-04-24,130.6576690673828,133.91992687447464,129.25252879691908,133.72340784884463,15558000
2024-04-25,134.20489501953125,135.442978401052,126.61914352234872,127.73931848470775,18034300
2024-04-26,135.8949737548828,136.3273245785094,133.58583412571335,134.4308793736818,9453400
2024-04-29,136.0914764404297,136.23886193378428,133.54652029892182,135.60017147133067,9997100
2024-04-30,134.95166015625,137.27062046518398,134.8730495533357,135.54123218138758,10980600
2024-05-01,132.59339904785156,137.00530846015465,130.89348790436193,135.0302677093987,12561800
2024-05-02,133.86097717285156,134.36211794753675,130.90332600492656,133.24194297094792,9261900
2024-05-03,139.09828186035156,139.6387204082245,136.34697061126764,136.48453542404982,13264300
2024-05-06,140.34619140625,140.34619140625,137.378704938163,138.0272311518698,8601600
2024-05-07,138.65611267089844,139.81558539923998,138.0665406098649,139.40289095389264,8682900
2024-05-08,141.10281372070312,141.75132497957034,138.35150249342658,138.6561092197842,10202300
2024-05-09,140.306884765625,140.85715899722575,138.67576345063048,140.4542852716294,8012700
2024-05-10,146.66436767578125,147.88280951058297,144.37488450673695,144.65984981175436,23671400
2024-05-13,143.8639373779297,145.85863452947154,143.75584967542767,145.445940118129,8278700
2024-05-14,149.30758666992188,149.36654087103824,143.70671266228467,143.94254446018894,12316500
2024-05-15,152.87448120117188,153.2871756440777,150.0740364179905,150.6930855790694,14027100
2024-05-16,149.58273315429688,152.36352157051994,149.56309174733363,151.42022425930955,13394100
2024-05-17,149.0422821044922,151.32194457019264,148.21689327798927,151.32194457019264,7711200
2024-05-20,150.8797607421875,151.55776400628258,148.1972397782547,149.03244923925462,9261200
2024-05-21,150.9976806640625,151.31212306874986,149.30759022246573,149.65150972841263,7919400
2024-05-22,153.43455505371094,154.49577571898308,151.85255225549594,153.16926113247266,13455200
2024-05-23,154.35821533203125,157.98404896055317,153.15942982359203,156.4118668202735,20873000
2024-05-24,157.2176055908203,157.86613181230788,153.98482517297234,154.46629449429312,11908200
2024-05-28,156.6378631591797,157.5909960553735,154.85934146425268,156.90315706299052,13964400
2024-05-29,151.65603637695312,154.15187438023466,150.54569718042168,154.02413027174168,15780000
2024-05-30,150.30003356933594,151.37107488068915,149.2486336628862,150.9190676794493,9687800
2024-05-31,148.4134063720703,149.84802355535257,145.23958030083122,148.8457571668523,13782600
2024-06-03,152.25543212890625,154.4171713521008,149.80874257357726,152.4224740468389,12924400
2024-06-04,149.8185577392578,151.11559522785652,148.36429904190786,150.7323779024251,10066700
2024-06-05,160.08682250976562,160.8827342262725,155.20324951544873,155.8321193279242,23192600
2024-06-06,159.25161743164062,161.83587165837304,157.57134765502775,161.6590090468556,14819100
2024-06-07,161.53126525878906,163.2311764443796,159.1435300379977,160.72553281567934,14023300
2024-06-10,165.2357177734375,166.8864955421786,159.59553041002494,161.1480561649735,12418900
2024-06-11,162.82830810546875,165.48135208084753,160.9416837296844,165.25534098778093,11508600
2024-06-12,169.9718780517578,172.9983187302037,168.55691721576346,170.34527465943384,20309500
2024-06-13,170.43911743164062,171.58254462613507,168.07340443881682,170.47853921318767,15591800
2024-06-14,170.04483032226562,171.15868745912599,167.9255597932349,169.54212362618046,9192500
2024-06-17,174.70726013183594,176.11681832779283,171.00098060203402,175.29867715585766,18593700
2024-06-18,177.12222290039062,182.21834152487082,176.43222894518115,177.44750898800513,27155100
2024-06-20,172.8738250732422,180.55249937575746,171.02068545527186,179.97093408398712,28403200
2024-06-21,171.47413635253906,174.94382509014991,169.7491436701088,170.24199872223173,20175600
2024-06-24,165.41197204589844,168.97038530334842,164.73182982427878,167.99452711049335,19741700
2024-06-25,170.13356018066406,170.1729819646298,166.59484967988533,167.52141953086812,13346800
2024-06-26,169.6111297607422,171.20797517445413,167.7678418021611,169.66040322897481,11901500
2024-06-27,169.1774139404297,172.97238845697703,168.70426230598537,171.30653613246454,10864600
2024-06-28,171.3262481689453,174.29324481666444,170.34053819497683,170.34053819497683,11216100
2024-07-01,169.86741638183594,172.79497646221205,168.01427665668422,171.75012620551735,10717000
2024-07-02,173.18923950195312,174.1848162022172,168.58597572618078,168.68455273992157,10655500
2024-07-03,179.88221740722656,179.88221740722656,175.33809385482866,175.44652255289745,11808700
2024-07-05,181.36077880859375,182.4351990424999,179.6949265893913,181.50862928454774,11372900
2024-07-08,183.9630584716797,190.04488724640728,182.48449350094634,187.28489629289024,22582400
2024-07-09,181.88319396972656,185.74717495181275,179.89205577115388,185.40217047239426,19935200
2024-07-10,188.3199005126953,188.6846084035403,184.03205595075752,185.58947957222423,19293500
2024-07-11,181.8634796142578,190.70529876949473,180.39476642384494,190.3307241881468,21584200
2024-07-12,184.6727752685547,187.65947537746163,180.1385032337881,180.45393765462867,19220300
2024-07-15,182.57321166992188,187.3440445716365,181.44950284529088,185.98375992681008,15683100
2024-07-16,183.3814697265625,186.8807430046682,182.37605642199193,185.57961371138984,16663300
2024-07-17,168.7535400390625,174.05666437075584,168.07339776862716,172.71609824024654,45052600
2024-07-18,169.41397094726562,176.13652028985177,162.1591448286998,172.99210301933508,52903600
2024-07-19,163.40113830566406,168.0832604444571,162.85899483934006,166.75254603081999,22585300
2024-07-22,166.92999267578125,168.4381277558938,163.80527877438126,164.2291418908932,21037200
2024-07-23,167.3932647705078,169.08867198465634,165.56969541379704,166.99897178056892,11690700
2024-07-24,157.51646423339844,163.08571983113612,157.30945851123383,162.73086362224058,19536600
2024-07-25,157.98959350585938,161.06500381318955,149.93634481927396,155.89989317300584,25731800
2024-07-26,159.62586975097656,162.2379950701308,156.91516742173573,161.95214580606375,13089200
2024-07-29,157.72344970703125,160.89743707047967,156.36318015179677,160.3552935691315,12663100
2024-07-30,152.33163452148438,158.8471789818659,150.37008101913065,158.14733322318202,22018000
2024-07-31,163.43072509765625,164.26856959417694,159.7540309170622,161.429734950845,19860400
2024-08-01,155.9196014404297,165.27399480669123,154.5987536429223,161.1438674773927,21095600
2024-08-02,147.718505859375,151.66134598369757,144.79094586380617,149.08864220094745,31095300
2024-08-05,145.83578491210938,147.8564933290883,131.66128597933084,131.947135248508,31193100
2024-08-06,153.16946411132812,155.45631834892853,145.60907081776534,148.29020300769835,24528100
2024-08-07,152.824462890625,160.32571615582575,152.31190454977954,159.24144424335412,22379000
2024-08-08,162.1985626220703,162.3957015885368,153.31730703962273,156.99401569551168,18889600
2024-08-09,164.73184204101562,165.40213262824145,160.90729766248558,163.94328611355968,20519400
2024-08-12,165.2345733642578,167.1074163621433,163.17442801769445,163.62786123905406,14727300
2024-08-13,169.8772430419922,169.98567173420838,163.96298355545036,165.59926562317114,15243500
2024-08-14,167.54112243652344,170.0448191070162,164.8008499619073,169.42383206239532,11510300
2024-08-15,171.47413635253906,172.93298309541504,168.37900722683673,169.96598605555974,15393500
2024-08-16,172.0458221435547,172.4992553756111,169.78855279113722,170.91226162452583,10710000
2024-08-19,172.9428253173828,172.9428253173828,168.65499562301304,172.2626829761556,11511000
2024-08-20,169.58152770996094,172.89351363675735,167.42283562331465,172.89351363675735,13555500
2024-08-21,168.99012756347656,170.60669138822004,167.48199244213166,167.92555894121992,9434800
2024-08-22,164.06158447265625,170.80383766011676,163.68700983755005,169.54212998903907,13546100
2024-08-23,168.83241271972656,170.81368446517877,165.52042641759928,166.58499505479108,12189100
2024-08-26,166.6540069580078,168.60570866416165,165.42186938378967,167.94528472926976,9611300
2024-08-27,168.1128387451172,168.1424088410201,162.68156717292362,164.04185174742068,9186000
2024-08-28,166.78213500976562,170.0054110374769,163.82500490306504,168.87185051287162,10581400
2024-08-29,166.7328338623047,172.91323952827202,165.11627012813233,166.23997888187725,13213200
2024-08-30,169.24639892578125,169.76882400688416,166.33855752097017,167.62983517579966,9481400
2024-09-03,158.19659423828125,166.26954604088058,157.51645197078525,165.5992704988927,18464400
2024-09-04,158.57115173339844,161.5381482507803,156.67859047140615,157.02359496343564,11317400
2024-09-05,161.36073303222656,162.23801437974737,158.74860740217633,159.23159570316196,10260600
2024-09-06,154.57904052734375,163.04628533048478,153.78060283905174,162.53371194856325,14964400
2024-09-09,160.45387268066406,160.7693071003847,157.96002758261898,158.46273426821517,10339000
2024-09-10,160.10887145996094,160.56230468745787,155.436615587415,160.56230468745787,11910800
2024-09-11,167.7974090576172,167.94527458203447,159.11330636573882,161.45930097834287,15059500
2024-09-12,169.6039581298828,170.3162900560735,167.19984920118105,168.7828123918839,13399900
2024-09-13,170.6625518798828,172.9083763547606,169.62373332745005,170.40532680155601,8787800
2024-09-16,167.27899169921875,168.74322277528213,164.99359982410317,168.10015249827092,12194300
2024-09-17,165.56741333007812,168.4266287828318,164.5879532601194,167.546109563022,8629100
2024-09-18,165.4981689453125,169.77216049962752,165.22115265156125,166.66560769434062,9116000
2024-09-19,174.34292602539062,175.88630666932258,170.79116991579664,172.52252911697107,15855000
2024-09-20,172.22572326660156,174.1450610428869,171.80029572315735,173.00730164234184,18429800
2024-09-23,172.8984832763672,173.5316655105523,171.84977661627204,172.97763294267222,5794200
2024-09-24,180.0316925048828,180.83306212855825,175.16410119019213,177.5880012520978,14576100
2024-09-25,180.40765380859375,181.86199689850994,179.27979744256243,179.58649297511175,8280900
2024-09-26,184.8399200439453,187.31329046401163,181.84219630252537,186.492129672999,15103400
2024-09-27,176.0742950439453,183.9594011675016,175.51035934077453,183.8604603119876,17908400
2024-09-30,171.82009887695312,174.93655474284125,170.09862758637905,172.4137138312905,13540200
2024-10-01,170.23715209960938,174.1153952338677,168.960884467111,173.44263060750103,11850200
2024-10-02,173.9274139404297,175.08494950531696,168.97076987202823,171.1176687181604,11164400
2024-10-03,177.56820678710938,178.86425048508283,173.2546481265325,173.92741273772603,12555000
2024-10-04,179.23033142089844,179.2995779478923,175.65878365790684,177.7858763429927,9993800
2024-10-07,182.5446319580078,183.02941801334381,179.00276357084758,179.66564015322243,12054200
2024-10-08,184.0682373046875,184.5530082654965,180.0910532775346,182.98985137997306,10394200
2024-10-09,185.14662170410156,185.99746176068683,180.31859765312876,185.79959513976698,11925000
2024-10-10,183.80111694335938,185.0872726894724,182.43581152558104,183.8802666150247,6443800
2024-10-11,188.77752685546875,189.45029147877347,186.00734888753345,186.16564822198814,12163900
2024-10-14,190.16261291503906,192.18087648129367,188.47082095076678,188.57964985017907,11714400
2024-10-15,185.13673400878906,191.55759418294213,182.28740635410762,190.9046358422906,21812700
2024-10-16,185.48300170898438,187.9860515201548,184.6717440114192,187.75850565448184,18689200
2024-10-17,203.64743041992188,210.33543393175296,199.81865770628866,201.18396305681142,62274700
2024-10-18,198.6413116455078,203.7562395453384,198.62152045642367,203.7562395453384,21030800
2024-10-21,199.79885864257812,201.2729928411622,197.53325799002764,198.67100233979556,14820000
2024-10-22,196.36582946777344,198.03783036636705,195.0104272441528,196.94955638772288,11165100
2024-10-23,198.72047424316406,200.96629881842395,194.13978738035,194.58499103807642,16535700
2024-10-24,195.82167053222656,198.36430250378908,195.30722036760486,196.84071300720925,9935800
2024-10-25,201.27301025390625,203.0142577380299,197.86964986089782,198.11698692322395,13434900
2024-10-28,192.60630798339844,197.61242275518114,192.44802373826286,197.13752473100615,20135300
2024-10-29,194.8422393798828,196.6725245152049,191.5378199733235,192.31939841882487,13779100
2024-10-30,192.40843200683594,193.3681009600463,190.55835572000507,192.3095062454644,10007800
2024-10-31,188.51039123535156,190.80568620631652,185.66107880799606,190.80568620631652,13062700
2024-11-01,190.8947296142578,196.05912835679587,190.49899637805973,192.13141484769594,12691200
2024-11-04,189.51953125,192.28970911923597,188.56976546962218,191.63673571006692,10917300
2024-11-05,193.6748046875,196.22732494058707,191.42899506754563,191.518032785428,10339200
2024-11-06,191.16184997558594,192.19076540506185,186.49212551882016,189.99441131326716,19834900
2024-11-07,199.0469512939453,199.85820890480267,194.15956915062569,194.21892762260862,14865200
2024-11-08,199.0568389892578,204.40921594867112,197.88941545230858,201.71818785099492,13112100
2024-11-11,191.98301696777344,196.0888058681344,189.4502880473937,195.85137196700828,16610000
2024-11-12,189.727294921875,191.93353702255416,187.69912823821053,191.7653496521777,11819000
2024-11-13,184.67173767089844,190.42973631478208,184.51343833662364,190.39016902934108,13882200
2024-11-14,186.4921417236328,190.6078339916696,185.54236077860278,186.39320086193484,11453900
2024-11-15,184.0286407470703,186.7889304914787,182.84142600696381,186.17552438369103,9834800
2024-11-18,185.48300170898438,185.99746701491344,181.53551193766526,182.38635201828586,10681500
2024-11-19,187.649658203125,187.99593608749137,186.017239825408,187.11541685471445,9390100
2024-11-20,186.35362243652344,186.83840847585785,182.0994222741396,186.83840847585785,10624500
2024-11-21,189.2029571533203,190.2516638407315,184.75089020741981,187.39244811710344,18137300
2024-11-22,188.0552978515625,190.9441926332192,187.41221249737657,190.8947222065503,8838900
2024-11-25,183.10858154296875,186.24481378020005,181.75317922966002,186.08651443223877,14380000
2024-11-26,181.88177490234375,183.91982983987154,180.38786451033454,183.42515572508302,10186600
2024-11-27,179.25999450683594,180.5065677466983,176.15344190594467,180.06136409647993,9895200
2024-11-29,182.69302368164062,184.95862418720426,179.250081425986,179.57656811038018,8045300
2024-12-02,192.32928466796875,193.20980396498663,186.92745193227654,187.32318517506334,16646900
2024-12-03,196.77145385742188,196.88028275827412,190.5484606075652,191.43886790817106,11217700
2024-12-04,198.5522918701172,200.4419505475735,196.15807104735416,197.72124300858067,12761100
2024-12-05,202.12384033203125,203.43967524992553,198.61165120186303,199.1063253019922,12483700
2024-12-06,200.8574676513672,201.02565502700088,197.8003703640994,199.8483283013102,9672900
2024-12-09,197.04847717285156,200.96630264724806,196.86049860136777,198.78972455244147,9699700
2024-12-10,189.89549255371094,197.7805987754904,188.34220866107128,196.97922916311157,15307900
2024-12-11,192.52716064453125,193.91224204923807,191.20142261859178,192.59640716663904,9027600
2024-12-12,190.02212524414062,193.9523768155153,189.85338863218382,193.16831644836037,7944900
2024-12-13,199.4805450439453,201.01889223187743,195.788481504521,197.0191592548667,19477000
2024-12-16,200.70130920410156,203.9566748712903,199.36144177865634,201.6739450677363,15139300
2024-12-17,199.1530303955078,200.87995315893946,195.98698513695743,199.49047333270775,11169400
2024-12-18,194.09132385253906,203.6986340303831,192.50334908734263,201.47545118607513,14721100
2024-12-19,193.17823791503906,197.07873118555432,192.4934174454238,196.90999457183355,10553400
2024-12-20,195.7289276123047,196.59238892520912,190.5381948558284,191.1535488534299,16170100
2024-12-23,205.80270385742188,206.4875243034657,199.40114710629743,199.4904675616439,17847000
2024-12-24,204.7804412841797,205.64390264429062,203.01381048751938,204.37351679375277,7634500
2024-12-26,201.5349884033203,206.59669274335067,201.3662669445451,203.95666608304643,8044900
2024-12-27,200.11573791503906,202.96417900406416,197.5551122257041,202.96417900406416,10664400
2024-12-30,198.88504028320312,200.45317606230367,196.98938103655055,198.3391678372831,11235200
2024-12-31,196.0068359375,200.26461094797827,195.8778074042693,199.28204049439373,6427900
2025-01-02,200.0661163330078,202.23967164222526,195.21284131628428,195.5205107629417,10951400
2025-01-03,207.04331970214844,207.23189520718256,202.17019063365456,202.5671956821985,10261900
2025-01-06,218.35769653320312,220.53125182817723,214.07014805812858,217.12701875463802,24339900
2025-01-07,209.83221435546875,219.8166603984751,209.73297445126875,219.5784725130398,17010000
2025-01-08,205.5644989013672,208.72062459170655,204.37351407535363,208.39310111431894,13262700
2025-01-10,206.80511474609375,208.40302408413342,201.70371728734122,206.04090843013117,17265200
2025-01-13,199.84776306152344,202.06101125597405,198.54760374036996,199.01407519601653,16612400
2025-01-14,199.9370880126953,204.71096202501656,197.00924582648065,203.64900570335098,14182900
2025-01-15,205.24691772460938,207.47008544489046,197.85287087683562,200.96928860832472,18286500
2025-01-16,213.17689514160156,220.2831263330037,211.56906637852444,217.24610971643858,38539600
2025-01-17,209.91162109375,214.06022174969914,209.47492309960913,213.55405733514198,21606100
2025-01-21,217.05752563476562,218.49663287827372,210.45747423650798,212.84937839273886,19061300
2025-01-22,221.52374267578125,223.7369909126529,217.66295757011991,220.28313030064336,17294500
2025-01-23,222.93307495117188,223.01247595992643,217.76221108865627,218.44703153799455,8986800
2025-01-24,220.21365356445312,224.69969679893737,219.30056471643792,224.5210558945009,13183800
2025-01-27,190.86573791503906,205.44541755493117,186.2605851997688,195.56021109029174,68667500
2025-01-28,200.87994384765625,201.3166418139997,191.01460725030546,194.1806372179082,31738800
2025-01-29,200.81048583984375,204.89953943373948,198.2498600479536,202.95426768573236,15199500
2025-01-30,206.58676147460938,208.0457228027553,203.87726835556424,205.01864079861238,13539000
2025-01-31,207.74798583984375,213.38532100461322,206.6363868928379,208.353390119152,15746900
2025-02-03,198.2994842529297,203.4505092363262,196.4931453729666,198.13076278791016,17719800
2025-02-04,202.517578125,204.2048080178149,200.56237170425374,202.53743216445284,12692900
2025-02-05,207.00363159179688,208.89927584505193,202.29922388026637,204.4529252071353,10997800
2025-02-06,208.91912841796875,209.5940142951888,205.44541369367948,208.48243042955843,8491400
2025-02-07,204.57200622558594,211.57898225276918,204.1750163370733,211.41026079294164,11616200
2025-02-10,206.38827514648438,208.403028465826,204.97894128209037,206.43790267115764,9296500
2025-02-11,207.17234802246094,208.26407783039502,199.49047071323542,203.5894588630873,9224500
2025-02-12,204.83006286621094,205.5148832950666,201.48536172831234,203.3611669644766,7373700
2025-02-13,200.31423950195312,200.78071096920775,197.73375968923366,200.3638670260812,15580900
2025-02-14,202.36868286132812,204.70104016451654,195.97706067985956,198.47812430314093,23220300
2025-02-18,201.2174072265625,204.30405141287267,199.01407844306422,203.22222591524948,14988100
2025-02-19,199.4408416748047,201.07845909056223,198.51783334026368,200.49287854203405,13163100
2025-02-20,198.59722900390625,198.83541688037346,196.1259237762039,198.77586991125665,10639300
2025-02-21,196.75119018554688,201.16776691893932,194.5379269514413,199.81798013864704,13757300
2025-02-24,190.210693359375,197.29707101521825,190.0221329895034,195.40142671532774,15114300
2025-02-25,187.9477996826172,192.07656112912431,186.06207500889758,189.2181854901281,20581000
2025-02-26,193.1583709716797,194.60741282520812,189.65488299075338,189.65488299075338,14112300
2025-02-27,179.72998046875,193.30724927770748,179.72006102231595,193.22784827365592,24219200
2025-02-28,179.1741943359375,180.791957664007,174.20182555811894,177.9633554876219,27929400
2025-03-03,171.6709747314453,180.2063937062253,169.78525002836756,179.78953463222058,37403000
2025-03-04,178.64817810058594,182.22114772027513,172.87187973945402,173.7452756785322,29395200
2025-03-05,182.89602661132812,183.35257860144185,179.36276520191913,181.62564082691574,17334000
2025-03-06,174.5293426513672,180.18653165314578,174.46978054044914,177.23883564670982,17864300
2025-03-07,175.76995849609375,177.12966474447833,169.73561839067327,174.46978407144613,21012700
2025-03-10,169.36839294433594,173.5765555117953,166.64898034968465,171.1747318056009,18265100
2025-03-11,169.68600463867188,172.0282814805515,166.83756338411877,169.36840059168063,16561100
2025-03-12,175.8394317626953,176.7922287192873,173.4475274963351,174.2812305124258,14737600
2025-03-13,170.3013458251953,172.5840757248166,169.21953542103998,172.5840757248166,14381600
2025-03-14,172.78256225585938,173.0604582150363,170.63878044718535,171.35337438341003,11449400
2025-03-17,174.9164276123047,175.82951651440425,172.51460384161348,172.64361723217266,9678100
2025-03-18,172.499267578125,173.94398198064349,169.8090919007192,173.74471364981318,9986000
2025-03-19,173.126953125,175.08977724893518,171.11432332332706,172.36972742564566,10678500
2025-03-20,176.82345581054688,178.01908101982613,173.91409556012755,174.21300566324723,12209700
2025-03-21,176.0861358642578,176.5544247841121,173.15684439221576,174.2727743644975,9993200
2025-03-24,180.50001525878906,182.26355598255472,179.02539613638243,179.334279538551,11440000
2025-03-25,180.24095153808594,181.84508670545756,179.14496810400053,181.80523912010145,8718800
2025-03-26,172.867919921875,178.8958821298195,170.84531665720067,178.5770406283932,14612400
2025-03-27,167.6270751953125,170.98479278014446,166.93958656386891,170.76559306567844,17559100
2025-03-28,164.64796447753906,168.01565539360092,163.46229742942504,167.42779331546805,16332000
2025-03-31,165.39523315429688,165.52476440673044,159.14807159693476,159.77578126248366,19408300
2025-04-01,168.02561950683594,168.2547773267099,164.45866013968893,165.783816581915,9180000
2025-04-02,169.7692413330078,171.12428724332455,165.7439663894428,166.24214480936513,10072700
2025-04-03,156.806640625,161.2105359289622,156.6372617906013,159.47686959533064,28370500
2025-04-04,146.2651824951172,150.75874622727704,144.31231646149482,150.34027819218616,36085100
2025-04-07,145.63748168945312,153.1898685794106,133.76090963763167,134.01995695037033,46388300
2025-04-08,140.85496520996094,152.054021851273,138.4736729095566,151.4263121609876,30479700
2025-04-09,158.17164611816406,160.0348285176505,137.39760021601077,139.68922395631523,45612500
2025-04-10,150.5794219970703,155.43167519750708,146.37479469534333,154.93349675136122,24503500
2025-04-11,156.5077362060547,157.4343407812907,152.69168763681597,155.43166898103289,19632200
2025-04-14,155.27224731445312,158.01222864241038,153.4688438547458,157.72329184632423,17509400
2025-04-15,156.75682067871094,157.67346713085402,155.48148516240764,155.91988459673664,14306600
2025-04-16,151.11744689941406,152.98062940904242,147.9490393031562,150.0513529382982,23806100
2025-04-17,151.18719482421875,156.92620484244804,150.89824282214593,155.4814904416812,27239900
2025-04-21,147.32131958007812,149.7325012530034,145.30867455270143,149.44356446546047,15170500
2025-04-22,150.84841918945312,152.04405955759262,146.902854624829,147.46081202158805,12668600
2025-04-23,157.23507690429688,159.79572138512646,155.43167338281586,158.7893912056131,17667900
2025-04-24,163.5818634033203,163.9505257829096,156.81660695435053,157.20518552501008,18761100
2025-04-25,164.49851989746094,165.30556650305397,160.5728715265133,163.33276901916125,14654800
2025-04-28,162.80470275878906,164.71772128431732,159.91527398305396,164.39887979566296,11415600
2025-04-29,163.88076782226562,165.39523446705238,162.9043423817052,163.781141260771,9830100
2025-04-30,166.0827178955078,166.31187570326216,161.1607128570377,162.94418484468827,10073000
2025-05-01,172.09075927734375,174.14325199076657,170.32720336593124,172.17046965108435,22670600
2025-05-02,178.62684631347656,179.9918502677064,176.4946433645227,179.1449561076069,21691200
2025-05-05,175.75733947753906,179.4239405331823,175.60789203368353,178.3478733278261,14618900
2025-05-06,171.65235900878906,174.10340357928337,169.96851347910788,171.9712005022384,14565600
2025-05-07,173.90411376953125,175.33887003188647,170.74566445460698,173.46572953665483,9682500
2025-05-08,174.58164978027344,176.80352131551192,173.0273355151488,174.70120773814483,10343000
2025-05-09,175.8769073486328,179.80255559001293,175.82708646777908,179.14495645041967,11582800
2025-05-12,186.29879760742188,188.4808215186098,183.93743676264535,186.59770769993509,22064900
2025-05-13,193.28326416015625,193.5722009473159,187.0361026685191,187.0361026685191,19996000
2025-05-14,194.0504608154297,195.5051485521846,192.5260360026164,194.56857065083275,12359000
2025-05-15,193.51242065429688,193.78144124961415,190.93186016783366,192.3965058932746,10241800
2025-05-16,193.51242065429688,194.3692881181385,191.86843800077668,193.82128883256564,9146700
2025-05-19,192.7950439453125,192.7950439453125,188.12212804456553,188.3114382721657,10144400
2025-05-20,192.74522399902344,193.02420269267247,190.11484259947648,191.10124132550604,7054100
2025-05-21,191.06138610839844,194.55860841902182,189.83587142680176,192.39651585598415,7375700
2025-05-22,195.47525024414062,196.11291801156412,190.64291350438512,190.64291350438512,11825000
2025-05-23,191.28057861328125,192.09759850563657,189.33768584916606,191.3204413999905,9403100
2025-05-27,196.95980834960938,197.58751800954235,192.9943124735849,193.39286432243063,12228200
2025-05-28,195.42543029785156,197.3484069077494,194.76783113364615,195.37560941513317,17787600
2025-05-29,196.43174743652344,199.07210221820537,195.36565350975454,198.73334453704135,14609900
2025-05-30,192.61570739746094,195.196267907905,189.86575284910333,195.05677856148097,11998300
2025-06-02,194.13015747070312,194.44899894786386,191.49977609692075,192.33671216967005,7447400
2025-06-03,196.89007568359375,197.4480330812639,192.93453781408346,193.64195785961454,9548300
2025-06-04,201.66261291503906,203.28667938561594,199.64998309863165,200.64633991185457,13531100
2025-06-05,202.5991973876953,205.01037913028418,201.54306156359922,204.13359544410574,12214300
2025-06-06,204.4324951171875,205.53845185008564,202.48960226296086,202.83833324844738,8532000
2025-06-09,206.24586486816406,208.50759914076374,205.119976779464,205.6480446858174,11472300
2025-06-10,211.6859893798828,212.45317323105482,209.19509718028672,210.83907995074037,14514000
2025-06-11,213.32000732421875,216.6378622505834,212.17418782663668,214.21672240650125,13326400
2025-06-12,215.42999267578125,215.8800048828125,211.91000366210938,212.9199981689453,9796100
2025-06-13,211.10000610351562,213.25999450683594,209.39999389648438,210.11000061035156,10152500
2025-06-16,215.67999267578125,217.60000610351562,212.72999572753906,213.0,10932900
2025-06-17,213.89999389648438,215.94000244140625,213.5,213.88999938964844,8389700
2025-06-18,213.5,215.1699981689453,212.88999938964844,214.6999969482422,6932000
2025-06-20,209.50999450683594,215.5,208.14999389648438,215.1999969482422,16992000
2025-06-23,210.32000732421875,210.58999633789062,206.1999969482422,206.6300048828125,7535500
2025-06-24,220.08999633789062,220.3699951171875,213.8800048828125,214.38999938964844,14814700
2025-06-25,222.74000549316406,223.5,220.8000030517578,220.8000030517578,9168400
2025-06-26,224.00999450683594,225.22000122070312,222.6999969482422,224.97999572753906,7982200
2025-06-27,228.57000732421875,228.8800048828125,224.02999877929688,224.3000030517578,13133000
2025-06-30,226.49000549316406,228.14999389648438,224.8000030517578,227.44000244140625,9279800
2025-07-01,224.67999267578125,228.60000610351562,221.17999267578125,227.42999267578125,9990200
2025-07-02,233.60000610351562,233.82000732421875,224.0,224.47999572753906,12012500
2025-07-03,234.8000030517578,237.5800018310547,233.27000427246094,233.8699951171875,7779600
2025-07-07,229.1699981689453,232.5500030517578,227.44000244140625,231.6300048828125,13817500
2025-07-08,227.86000061035156,230.3300018310547,227.5399932861328,229.77999877929688,8854400
2025-07-09,231.83999633789062,233.27000427246094,230.24000549316406,230.4499969482422,9475300
2025-07-10,229.75999450683594,233.0500030517578,227.77000427246094,232.77999877929688,13124700
2025-07-11,230.39999389648438,232.27000427246094,229.39999389648438,231.0,8817800
2025-07-14,228.6699981689453,229.85000610351562,226.30999755859375,229.3300018310547,10673500
2025-07-15,236.9499969482422,237.7100067138672,233.85000610351562,234.4600067138672,14270100
2025-07-16,237.55999755859375,238.30999755859375,234.14999389648438,236.39999389648438,15092800
2025-07-17,245.60000610351562,248.27999877929688,241.38999938964844,245.7899932861328,27395700
2025-07-18,240.39999389648438,245.97000122070312,238.69000244140625,245.30999755859375,16252000
2025-07-21,238.85000610351562,242.33999633789062,238.7100067138672,240.1199951171875,11971800
2025-07-22,234.60000610351562,238.0,231.75999450683594,237.8300018310547,11919500
2025-07-23,240.3300018310547,240.5,236.3800048828125,238.52000427246094,9885400
2025-07-24,241.60000610351562,241.9499969482422,238.02999877929688,240.2100067138672,9081900
2025-07-25,245.60000610351562,246.24000549316406,240.94000244140625,241.32000732421875,11593400
2025-07-28,242.75,243.9499969482422,241.0500030517578,243.0,11892200
2025-07-29,241.3300018310547,243.97000122070312,239.82000732421875,241.5,9411500
2025-07-30,242.91000366210938,244.57000732421875,241.22000122070312,242.1199951171875,6823800
2025-07-31,241.6199951171875,247.41000366210938,239.8000030517578,245.97999572753906,13490700
2025-08-01,235.2100067138672,237.19000244140625,231.83999633789062,235.6199951171875,13549800
2025-08-04,239.0,239.0,236.38999938964844,237.91000366210938,6450700
2025-08-05,232.47000122070312,238.6300048828125,230.1699981689453,238.3300018310547,11868900
2025-08-06,231.3699951171875,232.1999969482422,228.82000732421875,231.02999877929688,9457200
2025-08-07,242.6199951171875,247.83999633789062,240.8000030517578,244.47000122070312,17691000
2025-08-08,241.8300018310547,243.16000366210938,238.97000122070312,243.16000366210938,10552500
2025-08-11,242.08999633789062,245.35000610351562,241.5399932861328,242.0399932861328,8272900
2025-08-12,244.2899932861328,244.77000427246094,241.6999969482422,243.72000122070312,7295800
2025-08-13,241.44000244140625,246.42999267578125,239.94000244140625,246.42999267578125,7971900
2025-08-14,241.0,241.3800048828125,236.82000732421875,237.97000122070312,11040500
2025-08-15,238.8800048828125,240.8000030517578,237.25999450683594,240.3300018310547,8155500
2025-08-18,241.41000366210938,242.86000061035156,239.99000549316406,239.99000549316406,6919800
2025-08-19,232.6999969482422,240.1699981689453,232.5800018310547,240.02000427246094,14594700
2025-08-20,228.60000610351562,229.02999877929688,223.6999969482422,228.13999938964844,17165200
2025-08-21,227.3300018310547,230.3300018310547,226.25999450683594,228.14999389648438,7449100
2025-08-22,232.99000549316406,234.4499969482422,226.1699981689453,228.0,10299500
2025-08-25,235.58999633789062,237.27999877929688,232.25,234.3000030517578,7655000
2025-08-26,238.72000122070312,238.8300018310547,235.72999572753906,236.3699951171875,9793100
2025-08-27,239.2899932861328,239.39999389648438,235.44000244140625,236.8699951171875,9516400
2025-08-28,238.27000427246094,240.66000366210938,236.0,236.3000030517578,8466200
2025-08-29,230.8699951171875,235.9499969482422,230.5800018310547,235.83999633789062,15526000
2025-09-02,228.38999938964844,229.33999633789062,225.6300048828125,226.14999389648438,13974900
2025-09-03,231.38999938964844,232.4499969482422,228.60000610351562,231.52000427246094,7198500
2025-09-04,235.2100067138672,235.30999755859375,230.3000030517578,231.35000610351562,6241900
2025-09-05,243.41000366210938,244.5500030517578,237.89999389648438,240.24000549316406,14056600
2025-09-08,247.19000244140625,247.8800048828125,241.6199951171875,241.99000549316406,12986600
2025-09-09,250.9199981689453,254.72999572753906,246.92999267578125,246.92999267578125,13443400
2025-09-10,260.44000244140625,264.5799865722656,257.75,258.8699951171875,18822400
2025-09-11,258.9100036621094,261.6400146484375,258.2300109863281,260.3500061035156,10005000
2025-09-12,259.3299865722656,260.95001220703125,258.3800048828125,260.8500061035156,8496600
2025-09-15,261.3800048828125,262.79998779296875,258.75,260.0,8147700
2025-09-16,262.05999755859375,266.44000244140625,260.6099853515625,265.9200134277344,10381900
2025-09-17,262.7900085449219,264.80999755859375,259.7300109863281,264.3399963378906,10422000
2025-09-18,268.6400146484375,270.5400085449219,257.9800109863281,258.0,16917300
2025-09-19,264.8699951171875,266.57000732421875,262.80999755859375,266.3699951171875,17640200
2025-09-22,272.6300048828125,276.3599853515625,265.45001220703125,266.5400085449219,15630300
2025-09-23,282.7099914550781,286.0,280.0,282.3999938964844,17830300
2025-09-24,280.7099914550781,281.2099914550781,276.7200012207031,280.30999755859375,10231000
2025-09-25,276.6600036621094,277.1400146484375,270.19000244140625,273.1199951171875,11854400
